Stim	HueR	HueG	HueB	HueC	HueCT	HueLux	Yellow	Red	Green	Trig
1	298	375	191	897	3832	355.0	2400	0	0	1
1	300	377	192	903	3829	357.0	2400	0	0	1
1	1702	896	402	3085	2290	567.0	2400	0	0	1
1	1703	898	403	3089	2292	569.0	2400	0	0	1
1	1702	898	403	3089	2293	569.0	2400	0	0	1
1	1700	896	401	3083	2289	568.0	2400	0	0	1
1	1702	898	403	3089	2293	569.0	2400	0	0	1
1	1700	896	401	3082	2289	568.0	2400	0	0	1
1	1702	898	403	3089	2293	569.0	2400	0	0	1
1	1709	899	403	3095	2289	569.0	2400	0	0	1
1	1758	919	411	3175	2281	578.0	2400	0	0	1
1	1752	915	409	3163	2280	576.0	2400	0	0	1
1	1757	919	411	3174	2282	579.0	2400	0	0	1
1	1753	915	409	3165	2279	575.0	2400	0	0	1
1	1755	918	411	3171	2283	578.0	2400	0	0	1
1	1755	916	410	3168	2281	575.0	2400	0	0	1
1	1754	917	410	3168	2281	577.0	2400	0	0	1
1	1750	915	409	3161	2281	576.0	2400	0	0	1
1	1754	917	410	3168	2281	577.0	2400	0	0	1
1	1755	916	410	3169	2281	575.0	2400	0	0	1
1	1755	917	410	3170	2281	577.0	2400	0	0	1
1	1701	896	402	3084	2291	567.0	2400	0	0	1
1	1702	897	402	3087	2290	568.0	2400	0	0	1
1	1702	897	402	3086	2290	568.0	2400	0	0	1
1	1708	899	403	3095	2289	569.0	2400	0	0	1
1	1702	897	402	3086	2290	568.0	2400	0	0	1
1	1701	897	402	3085	2291	569.0	2400	0	0	1
1	1701	897	402	3086	2291	569.0	2400	0	0	1
1	1702	897	402	3086	2290	568.0	2400	0	0	1
1	1701	897	402	3085	2291	569.0	2400	0	0	1
1	1702	897	402	3086	2290	568.0	2400	0	0	1
1	1701	896	402	3085	2291	567.0	2400	0	0	1
1	1757	918	410	3172	2280	578.0	2400	0	0	1
1	1754	916	410	3167	2281	576.0	2400	0	0	1
1	1755	917	410	3170	2281	577.0	2400	0	0	1
1	1756	916	410	3169	2280	575.0	2400	0	0	1
1	1754	917	410	3168	2281	577.0	2400	0	0	1
1	1756	917	410	3170	2280	577.0	2400	0	0	1
1	1753	917	410	3168	2282	578.0	2400	0	0	1
1	1756	916	410	3169	2280	575.0	2400	0	0	1
1	1754	917	410	3169	2281	577.0	2400	0	0	1
1	1755	918	411	3171	2283	578.0	2400	0	0	1
1	1744	912	408	3151	2282	574.0	2400	0	0	1
1	1703	898	403	3089	2292	569.0	2400	0	0	1
1	1707	898	402	3092	2288	568.0	2400	0	0	1
1	1702	898	403	3089	2293	569.0	2400	0	0	0
1	2188	1076	475	3842	2218	640.0	2400	0	0	0
1	3154	1435	621	5349	2141	786.0	2400	0	0	0
1	3148	1431	619	5337	2140	783.0	2400	0	0	0
1	3152	1435	620	5346	2140	787.0	2400	0	0	0
2	3149	1432	619	5338	2139	784.0	2400	0	222	1
2	3151	1434	620	5344	2140	786.0	2400	0	222	1
2	1764	991	437	3281	2334	671.0	2400	0	222	1
2	1766	1008	443	3306	2346	693.0	2400	0	222	1
2	1717	985	434	3224	2354	679.0	2400	0	222	1
2	1714	985	434	3221	2355	680.0	2400	0	222	1
2	1712	983	433	3215	2354	678.0	2400	0	222	1
2	1713	985	434	3221	2356	680.0	2400	0	222	1
2	1712	983	433	3216	2354	678.0	2400	0	222	1
2	1712	983	433	3216	2354	678.0	2400	0	222	1
2	1720	988	435	3230	2354	682.0	2400	0	222	1
2	1712	984	433	3217	2354	680.0	2400	0	222	1
2	1713	985	434	3220	2356	680.0	2400	0	222	1
2	1712	984	433	3217	2354	680.0	2400	0	222	1
2	1720	987	435	3230	2354	681.0	2400	0	222	1
2	1765	1007	442	3304	2345	692.0	2400	0	222	1
2	1770	1008	443	3311	2344	692.0	2400	0	222	1
2	1765	1007	443	3304	2347	692.0	2400	0	222	1
2	1762	1005	442	3298	2346	690.0	2400	0	222	1
2	1766	1007	443	3306	2346	691.0	2400	0	222	1
2	1768	1007	443	3307	2345	691.0	2400	0	222	1
2	1767	1008	443	3307	2346	693.0	2400	0	222	1
2	1766	1007	442	3305	2344	692.0	2400	0	222	1
2	1768	1008	443	3309	2345	692.0	2400	0	222	1
2	1766	1006	442	3304	2344	690.0	2400	0	222	1
2	1769	1009	443	3310	2345	694.0	2400	0	222	1
2	1756	1002	441	3288	2347	688.0	2400	0	222	1
2	1712	983	433	3216	2354	678.0	2400	0	222	1
2	1714	985	434	3221	2355	680.0	2400	0	222	1
2	1712	983	433	3216	2354	678.0	2400	0	222	1
2	1714	985	434	3222	2355	680.0	2400	0	222	1
2	1712	983	433	3216	2354	678.0	2400	0	222	1
2	1714	986	434	3221	2355	682.0	2400	0	222	1
2	1712	983	433	3215	2354	678.0	2400	0	222	1
2	1720	988	435	3232	2354	682.0	2400	0	222	1
2	1712	983	433	3215	2354	678.0	2400	0	222	1
2	1714	986	434	3222	2355	682.0	2400	0	222	1
2	1766	1006	442	3304	2344	690.0	2400	0	222	1
2	1762	1006	442	3300	2346	692.0	2400	0	222	1
2	1766	1006	442	3305	2344	690.0	2400	0	222	1
2	1767	1008	443	3308	2346	693.0	2400	0	222	1
2	1767	1007	442	3306	2344	692.0	2400	0	222	1
2	1760	1005	442	3297	2347	691.0	2400	0	222	1
2	1768	1007	442	3308	2343	691.0	2400	0	222	1
2	1766	1008	443	3306	2346	693.0	2400	0	222	1
2	1768	1007	443	3307	2345	691.0	2400	0	222	0
2	500	461	225	1227	3105	400.0	2400	0	222	0
2	300	377	192	902	3829	357.0	2400	0	222	0
2	299	375	191	898	3824	355.0	2400	0	222	0
2	300	377	192	901	3829	357.0	2400	0	222	0
3	299	376	191	899	3824	356.0	2400	355	0	1
3	812	549	266	1671	2639	408.0	2400	355	0	1
3	1925	920	428	3339	2238	513.0	2400	355	0	1
3	1930	922	429	3348	2237	514.0	2400	355	0	1
3	1925	920	428	3340	2238	513.0	2400	355	0	1
3	1929	922	428	3346	2236	515.0	2400	355	0	1
3	1925	920	428	3340	2238	513.0	2400	355	0	1
3	1927	921	428	3343	2237	514.0	2400	355	0	1
3	1920	918	427	3331	2238	513.0	2400	355	0	1
3	1909	914	425	3314	2239	511.0	2400	355	0	1
3	1867	901	420	3254	2248	508.0	2400	355	0	1
3	1866	900	419	3251	2246	508.0	2400	355	0	1
3	1875	904	421	3265	2246	509.0	2400	355	0	1
3	1866	900	419	3250	2246	508.0	2400	355	0	1
3	1866	900	419	3250	2246	508.0	2400	355	0	1
3	1868	902	420	3255	2247	509.0	2400	355	0	1
3	1866	900	419	3250	2246	508.0	2400	355	0	1
3	1868	902	420	3255	2247	509.0	2400	355	0	1
3	1866	899	419	3249	2246	506.0	2400	355	0	1
3	1868	902	420	3255	2247	509.0	2400	355	0	1
3	1925	919	427	3337	2236	513.0	2400	355	0	1
3	1929	923	429	3348	2238	516.0	2400	355	0	1
3	1925	919	427	3338	2236	513.0	2400	355	0	1
3	1928	922	429	3346	2238	515.0	2400	355	0	1
3	1926	919	427	3339	2235	512.0	2400	355	0	1
3	1927	922	429	3345	2239	515.0	2400	355	0	1
3	1926	920	427	3340	2235	514.0	2400	355	0	1
3	1927	922	429	3344	2239	515.0	2400	355	0	1
3	1920	918	427	3330	2238	513.0	2400	355	0	1
3	1927	922	429	3344	2239	515.0	2400	355	0	1
3	1928	921	428	3344	2236	514.0	2400	355	0	1
3	1925	921	428	3341	2238	515.0	2400	355	0	1
3	1868	902	420	3255	2247	509.0	2400	355	0	1
3	1867	900	419	3251	2246	507.0	2400	355	0	1
3	1868	902	420	3255	2247	509.0	2400	355	0	1
3	1874	903	420	3262	2244	509.0	2400	355	0	1
3	1867	901	420	3254	2248	508.0	2400	355	0	1
3	1867	900	419	3252	2246	507.0	2400	355	0	1
3	1867	901	420	3254	2248	508.0	2400	355	0	1
3	1867	901	419	3252	2246	509.0	2400	355	0	1
3	1867	901	419	3253	2246	509.0	2400	355	0	1
3	1867	901	419	3253	2246	509.0	2400	355	0	1
3	1895	910	423	3294	2241	511.0	2400	355	0	1
3	1926	921	428	3341	2237	515.0	2400	355	0	1
3	1928	921	428	3344	2236	514.0	2400	355	0	1
3	1925	921	428	3340	2238	515.0	2400	355	0	0
3	1929	921	428	3345	2236	514.0	2400	355	0	0
3	3488	1443	655	5684	2106	665.0	2400	355	0	0
3	3491	1442	655	5687	2105	663.0	2400	355	0	0
3	3488	1442	655	5683	2106	664.0	2400	355	0	0
4	3487	1442	655	5685	2106	664.0	2400	0	444	1
4	2122	984	456	3631	2209	530.0	2400	0	444	1
4	1735	1158	503	3488	2495	896.0	2400	0	444	1
4	1790	1185	514	3584	2485	913.0	2400	0	444	1
4	1789	1188	515	3588	2487	917.0	2400	0	444	1
4	1782	1182	513	3571	2487	911.0	2400	0	444	1
4	1790	1189	516	3589	2489	917.0	2400	0	444	1
4	1789	1185	514	3582	2485	913.0	2400	0	444	1
4	1790	1189	516	3589	2489	917.0	2400	0	444	1
4	1782	1181	513	3570	2487	910.0	2400	0	444	1
4	1790	1189	516	3589	2489	917.0	2400	0	444	1
4	1788	1185	514	3581	2486	913.0	2400	0	444	1
4	1791	1189	516	3589	2488	917.0	2400	0	444	1
4	1788	1185	514	3581	2486	913.0	2400	0	444	1
4	1791	1189	516	3590	2488	917.0	2400	0	444	1
4	1733	1156	502	3484	2494	894.0	2400	0	444	1
4	1735	1158	503	3489	2495	896.0	2400	0	444	1
4	1734	1156	502	3485	2494	894.0	2400	0	444	1
4	1735	1158	503	3489	2495	896.0	2400	0	444	1
4	1735	1158	503	3489	2495	896.0	2400	0	444	1
4	1734	1157	503	3485	2496	895.0	2400	0	444	1
4	1742	1161	505	3500	2495	897.0	2400	0	444	1
4	1734	1157	503	3485	2496	895.0	2400	0	444	1
4	1735	1157	503	3487	2495	894.0	2400	0	444	1
4	1734	1157	503	3486	2496	895.0	2400	0	444	1
4	1769	1176	511	3550	2491	907.0	2400	0	444	1
4	1791	1188	515	3589	2486	916.0	2400	0	444	1
4	1787	1186	515	3583	2489	914.0	2400	0	444	1
4	1792	1187	515	3589	2485	914.0	2400	0	444	1
4	1780	1183	513	3570	2489	913.0	2400	0	444	1
4	1792	1187	515	3589	2485	914.0	2400	0	444	1
4	1787	1186	514	3581	2486	915.0	2400	0	444	1
4	1791	1187	515	3588	2486	915.0	2400	0	444	1
4	1787	1186	514	3582	2486	915.0	2400	0	444	1
4	1791	1187	515	3588	2486	915.0	2400	0	444	1
4	1788	1186	514	3583	2486	915.0	2400	0	444	1
4	1790	1187	515	3587	2487	915.0	2400	0	444	1
4	1735	1158	503	3489	2495	896.0	2400	0	444	1
4	1733	1156	502	3484	2494	894.0	2400	0	444	1
4	1735	1158	503	3490	2495	896.0	2400	0	444	1
4	1733	1156	502	3484	2494	894.0	2400	0	444	1
4	1735	1158	503	3489	2495	896.0	2400	0	444	1
4	1733	1156	502	3483	2494	894.0	2400	0	444	1
4	1736	1158	504	3490	2497	895.0	2400	0	444	1
4	1733	1156	502	3483	2494	894.0	2400	0	444	1
4	1742	1162	505	3501	2495	898.0	2400	0	444	0
4	1733	1156	502	3483	2494	894.0	2400	0	444	0
4	301	378	192	903	3821	358.0	2400	0	444	0
4	299	375	191	897	3824	355.0	2400	0	444	0
4	301	377	192	903	3821	356.0	2400	0	444	0
5	299	375	191	897	3824	355.0	2400	355	222	1
5	300	377	192	903	3829	357.0	2400	355	222	1
5	1880	992	452	3392	2307	624.0	2400	355	222	1
5	1887	997	454	3406	2307	628.0	2400	355	222	1
5	1878	992	452	3390	2307	625.0	2400	355	222	1
5	1879	992	452	3391	2307	624.0	2400	355	222	1
5	1880	993	453	3394	2309	625.0	2400	355	222	1
5	1879	992	452	3391	2307	624.0	2400	355	222	1
5	1916	1008	459	3452	2303	633.0	2400	355	222	1
5	1942	1017	463	3491	2299	635.0	2400	355	222	1
5	1938	1016	463	3486	2301	635.0	2400	355	222	1
5	1941	1016	463	3489	2299	634.0	2400	355	222	1
5	1939	1016	462	3486	2298	635.0	2400	355	222	1
5	1940	1016	463	3488	2300	634.0	2400	355	222	1
5	1940	1016	463	3488	2300	634.0	2400	355	222	1
5	1939	1016	462	3486	2298	635.0	2400	355	222	1
5	1941	1017	463	3489	2299	636.0	2400	355	222	1
5	1938	1016	463	3485	2301	635.0	2400	355	222	1
5	1942	1016	462	3489	2297	634.0	2400	355	222	1
5	1931	1013	461	3475	2300	634.0	2400	355	222	1
5	1879	992	452	3391	2307	624.0	2400	355	222	1
5	1880	994	453	3395	2309	626.0	2400	355	222	1
5	1879	992	452	3390	2307	624.0	2400	355	222	1
5	1887	991	452	3406	2303	620.0	2400	355	222	1
5	1880	994	453	3395	2309	626.0	2400	355	222	1
5	1878	991	452	3389	2307	623.0	2400	355	222	1
5	1880	994	453	3395	2309	626.0	2400	355	222	1
5	1878	991	452	3389	2307	623.0	2400	355	222	1
5	1880	994	453	3396	2309	626.0	2400	355	222	1
5	1878	991	452	3390	2307	623.0	2400	355	222	1
5	1881	994	453	3396	2308	626.0	2400	355	222	1
5	1938	1015	462	3483	2299	634.0	2400	355	222	1
5	1942	1018	463	3492	2299	637.0	2400	355	222	1
5	1938	1015	462	3484	2299	634.0	2400	355	222	1
5	1941	1017	463	3490	2299	636.0	2400	355	222	1
5	1939	1015	462	3486	2298	634.0	2400	355	222	1
5	1940	1017	463	3489	2300	636.0	2400	355	222	1
5	1940	1016	462	3487	2298	635.0	2400	355	222	1
5	1939	1017	463	3487	2300	636.0	2400	355	222	1
5	1934	1013	461	3477	2299	633.0	2400	355	222	1
5	1938	1017	463	3487	2301	637.0	2400	355	222	1
5	1941	1016	462	3488	2297	635.0	2400	355	222	1
5	1879	992	452	3391	2307	624.0	2400	355	222	1
5	1880	993	453	3394	2309	625.0	2400	355	222	1
5	1879	992	452	3391	2307	624.0	2400	355	222	1
5	1880	993	453	3394	2309	625.0	2400	355	222	0
5	2600	1274	572	4529	2229	748.0	2400	355	222	0
5	3517	1631	724	5975	2175	902.0	2400	355	222	0
5	3511	1629	723	5966	2175	902.0	2400	355	222	0
5	3516	1630	723	5973	2174	902.0	2400	355	222	0
6	3512	1629	723	5967	2175	901.0	2400	711	0	1
6	3515	1630	723	5971	2174	902.0	2400	711	0	1
6	2207	936	460	3637	2185	424.0	2400	711	0	1
6	2156	910	450	3548	2186	406.0	2400	711	0	1
6	2157	911	450	3550	2185	408.0	2400	711	0	1
6	2156	910	450	3548	2186	406.0	2400	711	0	1
6	2157	911	450	3551	2185	408.0	2400	711	0	1
6	2156	910	450	3547	2186	406.0	2400	711	0	1
6	2157	911	450	3551	2185	408.0	2400	711	0	1
6	2156	910	450	3547	2186	406.0	2400	711	0	1
6	2156	909	450	3547	2186	405.0	2400	711	0	1
6	2157	912	451	3551	2187	409.0	2400	711	0	1
6	2164	912	451	3558	2185	406.0	2400	711	0	1
6	2158	912	451	3552	2187	408.0	2400	711	0	1
6	2230	931	460	3652	2176	408.0	2400	711	0	1
6	2226	931	460	3649	2178	410.0	2400	711	0	1
6	2220	928	458	3638	2177	408.0	2400	711	0	1
6	2228	932	461	3652	2179	410.0	2400	711	0	1
6	2226	930	459	3647	2176	409.0	2400	711	0	1
6	2230	932	461	3655	2178	409.0	2400	711	0	1
6	2216	927	458	3632	2178	408.0	2400	711	0	1
6	2231	933	461	3656	2178	410.0	2400	711	0	1
6	2223	929	459	3642	2177	408.0	2400	711	0	1
6	2231	933	461	3657	2178	410.0	2400	711	0	1
6	2225	929	459	3645	2176	407.0	2400	711	0	1
6	2183	919	454	3588	2183	409.0	2400	711	0	1
6	2156	909	450	3547	2186	405.0	2400	711	0	1
6	2158	912	451	3552	2187	408.0	2400	711	0	1
6	2158	912	451	3552	2187	408.0	2400	711	0	1
6	2156	910	450	3547	2186	406.0	2400	711	0	1
6	2158	912	451	3552	2187	408.0	2400	711	0	1
6	2156	910	450	3547	2186	406.0	2400	711	0	1
6	2166	914	452	3563	2186	408.0	2400	711	0	1
6	2156	910	450	3548	2186	406.0	2400	711	0	1
6	2157	911	450	3551	2185	408.0	2400	711	0	1
6	2156	910	450	3548	2186	406.0	2400	711	0	1
6	2230	932	460	3654	2176	410.0	2400	711	0	1
6	2225	930	460	3646	2178	408.0	2400	711	0	1
6	2231	932	460	3655	2176	410.0	2400	711	0	1
6	2224	930	459	3646	2177	409.0	2400	711	0	1
6	2221	929	459	3641	2178	409.0	2400	711	0	1
6	2226	930	460	3648	2178	408.0	2400	711	0	1
6	2227	931	460	3650	2177	409.0	2400	711	0	1
6	2228	931	460	3650	2177	409.0	2400	711	0	1
6	2227	931	460	3648	2177	409.0	2400	711	0	1
6	2229	931	460	3652	2177	409.0	2400	711	0	0
6	2226	397	202	3647	1736	0.0	2400	711	0	0
6	299	375	191	898	3824	355.0	2400	711	0	0
6	300	377	192	902	3829	357.0	2400	711	0	0
6	299	375	191	898	3824	355.0	2400	711	0	0
7	300	377	192	902	3829	357.0	2400	0	666	1
7	927	792	358	2138	2862	687.0	2400	0	666	1
7	1817	1381	594	3891	2636	1155.0	2400	0	666	1
7	1810	1378	593	3881	2639	1153.0	2400	0	666	1
7	1816	1380	594	3890	2637	1153.0	2400	0	666	1
7	1811	1379	593	3882	2638	1154.0	2400	0	666	1
7	1808	1376	592	3875	2638	1151.0	2400	0	666	1
7	1812	1379	593	3884	2637	1154.0	2400	0	666	1
7	1771	1351	582	3802	2643	1131.0	2400	0	666	1
7	1756	1341	578	3773	2645	1123.0	2400	0	666	1
7	1765	1348	581	3792	2645	1129.0	2400	0	666	1
7	1756	1341	578	3773	2645	1123.0	2400	0	666	1
7	1759	1344	579	3780	2645	1126.0	2400	0	666	1
7	1756	1341	578	3773	2645	1123.0	2400	0	666	1
7	1765	1348	581	3792	2645	1129.0	2400	0	666	1
7	1758	1344	579	3779	2645	1126.0	2400	0	666	1
7	1756	1342	578	3773	2645	1125.0	2400	0	666	1
7	1758	1344	579	3779	2645	1126.0	2400	0	666	1
7	1757	1342	578	3774	2644	1124.0	2400	0	666	1
7	1816	1381	594	3891	2637	1155.0	2400	0	666	1
7	1810	1379	593	3882	2639	1154.0	2400	0	666	1
7	1815	1380	594	3889	2637	1154.0	2400	0	666	1
7	1811	1379	593	3883	2638	1154.0	2400	0	666	1
7	1814	1379	594	3886	2638	1152.0	2400	0	666	1
7	1813	1380	594	3886	2639	1154.0	2400	0	666	1
7	1812	1380	594	3886	2639	1155.0	2400	0	666	1
7	1814	1377	593	3883	2636	1150.0	2400	0	666	1
7	1811	1380	594	3884	2640	1155.0	2400	0	666	1
7	1815	1379	593	3887	2635	1153.0	2400	0	666	1
7	1811	1380	594	3884	2640	1155.0	2400	0	666	1
7	1807	1374	591	3872	2637	1149.0	2400	0	666	1
7	1757	1343	579	3776	2646	1125.0	2400	0	666	1
7	1757	1343	579	3776	2646	1125.0	2400	0	666	1
7	1764	1347	581	3789	2645	1128.0	2400	0	666	1
7	1757	1342	578	3774	2644	1124.0	2400	0	666	1
7	1757	1343	579	3776	2646	1125.0	2400	0	666	1
7	1756	1342	578	3773	2645	1125.0	2400	0	666	1
7	1758	1343	579	3776	2645	1125.0	2400	0	666	1
7	1756	1341	578	3773	2645	1123.0	2400	0	666	1
7	1757	1343	579	3777	2646	1125.0	2400	0	666	1
7	1756	1341	578	3772	2645	1123.0	2400	0	666	1
7	1797	1369	589	3854	2639	1146.0	2400	0	666	1
7	1809	1378	593	3879	2639	1153.0	2400	0	666	1
7	1815	1379	594	3888	2637	1152.0	2400	0	666	1
7	1810	1378	593	3881	2639	1153.0	2400	0	666	1
7	1812	1379	593	3884	2637	1154.0	2400	0	666	0
7	1813	1378	593	3883	2637	1152.0	2400	0	666	0
7	3264	2344	981	6753	2536	1922.0	2400	0	666	0
7	3266	2341	979	6750	2533	1918.0	2400	0	666	0
7	3265	2345	981	6754	2535	1923.0	2400	0	666	0
8	3263	2340	979	6745	2534	1917.0	2400	355	444	1
8	1851	1405	604	3961	2634	1174.0	2400	355	444	1
8	1965	1198	536	3773	2430	860.0	2400	355	444	1
8	1960	1194	534	3762	2429	857.0	2400	355	444	1
8	1963	1197	535	3770	2429	860.0	2400	355	444	1
8	1961	1195	534	3765	2428	858.0	2400	355	444	1
8	1961	1197	535	3767	2430	861.0	2400	355	444	1
8	1956	1191	533	3754	2429	854.0	2400	355	444	1
8	1961	1197	535	3767	2430	861.0	2400	355	444	1
8	1962	1195	534	3765	2427	858.0	2400	355	444	1
8	1962	1197	535	3769	2429	860.0	2400	355	444	1
8	1960	1194	534	3762	2429	857.0	2400	355	444	1
8	1963	1197	536	3770	2431	859.0	2400	355	444	1
8	1959	1194	534	3760	2429	857.0	2400	355	444	1
8	1901	1166	522	3662	2437	841.0	2400	355	444	1
8	1899	1164	521	3657	2436	839.0	2400	355	444	1
8	1901	1166	522	3662	2437	841.0	2400	355	444	1
8	1900	1164	521	3658	2435	839.0	2400	355	444	1
8	1901	1166	522	3661	2437	841.0	2400	355	444	1
8	1900	1166	522	3658	2437	841.0	2400	355	444	1
8	1900	1165	522	3659	2437	839.0	2400	355	444	1
8	1901	1166	522	3661	2437	841.0	2400	355	444	1
8	1900	1165	522	3659	2437	839.0	2400	355	444	1
8	1907	1169	523	3672	2435	843.0	2400	355	444	1
8	1940	1185	530	3729	2431	852.0	2400	355	444	1
8	1961	1196	535	3765	2430	859.0	2400	355	444	1
8	1960	1194	534	3763	2429	857.0	2400	355	444	1
8	1956	1193	533	3755	2429	857.0	2400	355	444	1
8	1959	1195	534	3763	2429	859.0	2400	355	444	1
8	1964	1196	535	3768	2428	858.0	2400	355	444	1
8	1960	1196	535	3765	2430	859.0	2400	355	444	1
8	1955	1193	533	3756	2429	858.0	2400	355	444	1
8	1962	1197	535	3770	2429	860.0	2400	355	444	1
8	1961	1195	534	3764	2428	858.0	2400	355	444	1
8	1964	1198	536	3773	2430	860.0	2400	355	444	1
8	1959	1196	534	3764	2429	860.0	2400	355	444	1
8	1902	1168	523	3665	2438	843.0	2400	355	444	1
8	1901	1166	522	3661	2437	841.0	2400	355	444	1
8	1901	1166	522	3661	2437	841.0	2400	355	444	1
8	1902	1168	523	3666	2438	843.0	2400	355	444	1
8	1901	1165	522	3660	2437	839.0	2400	355	444	1
8	1903	1168	523	3667	2438	842.0	2400	355	444	1
8	1901	1165	522	3660	2437	839.0	2400	355	444	1
8	1910	1171	524	3678	2436	844.0	2400	355	444	1
8	1900	1165	522	3660	2437	839.0	2400	355	444	1
8	1902	1168	523	3666	2438	843.0	2400	355	444	0
8	1900	1165	522	3660	2437	839.0	2400	355	444	0
8	301	379	193	905	3833	359.0	2400	355	444	0
8	299	376	191	899	3824	356.0	2400	355	444	0
8	301	379	193	905	3833	359.0	2400	355	444	0
9	299	376	191	899	3824	356.0	2400	711	222	1
9	302	379	193	905	3825	358.0	2400	711	222	1
9	2170	1003	483	3690	2239	525.0	2400	711	222	1
9	2171	1005	484	3695	2240	527.0	2400	711	222	1
9	2169	1003	483	3689	2239	525.0	2400	711	222	1
9	2171	1005	484	3695	2240	527.0	2400	711	222	1
9	2171	1005	484	3694	2240	527.0	2400	711	222	1
9	2214	1018	490	3757	2234	529.0	2400	711	222	1
9	2234	1026	494	3787	2233	532.0	2400	711	222	1
9	2238	1025	494	3791	2231	529.0	2400	711	222	1
9	2243	1029	496	3802	2233	532.0	2400	711	222	1
9	2237	1025	494	3791	2232	530.0	2400	711	222	1
9	2245	1029	495	3803	2231	532.0	2400	711	222	1
9	2238	1026	494	3792	2231	531.0	2400	711	222	1
9	2241	1028	495	3798	2232	532.0	2400	711	222	1
9	2239	1026	494	3793	2231	530.0	2400	711	222	1
9	2239	1027	495	3795	2233	531.0	2400	711	222	1
9	2232	1024	493	3783	2232	530.0	2400	711	222	1
9	2237	1026	494	3792	2232	531.0	2400	711	222	1
9	2168	1002	483	3687	2239	524.0	2400	711	222	1
9	2168	1003	483	3688	2239	525.0	2400	711	222	1
9	2176	1005	484	3700	2238	525.0	2400	711	222	1
9	2168	1002	483	3688	2239	524.0	2400	711	222	1
9	2168	1002	483	3688	2239	524.0	2400	711	222	1
9	2177	1005	485	3701	2239	524.0	2400	711	222	1
9	2168	1002	483	3687	2239	524.0	2400	711	222	1
9	2169	1003	483	3689	2239	525.0	2400	711	222	1
9	2168	1002	483	3687	2239	524.0	2400	711	222	1
9	2169	1003	484	3689	2241	524.0	2400	711	222	1
9	2168	1002	483	3686	2239	524.0	2400	711	222	1
9	2240	1027	495	3795	2232	531.0	2400	711	222	1
9	2238	1026	494	3792	2231	531.0	2400	711	222	1
9	2241	1027	495	3797	2232	531.0	2400	711	222	1
9	2237	1025	494	3789	2232	530.0	2400	711	222	1
9	2242	1028	495	3800	2232	532.0	2400	711	222	1
9	2236	1024	493	3787	2231	529.0	2400	711	222	1
9	2244	1028	495	3801	2231	531.0	2400	711	222	1
9	2236	1024	493	3787	2231	529.0	2400	711	222	1
9	2243	1028	495	3801	2231	532.0	2400	711	222	1
9	2237	1024	494	3789	2232	528.0	2400	711	222	1
9	2240	1028	495	3798	2232	533.0	2400	711	222	1
9	2189	1008	486	3716	2236	524.0	2400	711	222	1
9	2169	1001	483	3691	2239	522.0	2400	711	222	1
9	2169	1004	484	3691	2241	526.0	2400	711	222	1
9	2175	1004	484	3697	2238	524.0	2400	711	222	1
9	2169	1004	484	3692	2241	526.0	2400	711	222	0
9	3175	1339	640	5188	2159	614.0	2400	711	222	0
9	4102	1650	786	6573	2121	697.0	2400	711	222	0
9	4102	1648	785	6570	2120	694.0	2400	711	222	0
9	4103	1650	786	6574	2120	696.0	2400	711	222	0
10	4100	1648	785	6567	2120	695.0	2400	1066	0	1
10	4104	1651	786	6575	2120	698.0	2400	1066	0	1
10	2448	921	481	3848	2138	306.0	2400	1066	0	1
10	2441	921	481	3841	2140	309.0	2400	1066	0	1
10	2439	919	480	3836	2139	307.0	2400	1066	0	1
10	2441	921	481	3841	2140	309.0	2400	1066	0	1
10	2439	919	480	3836	2139	307.0	2400	1066	0	1
10	2441	921	481	3841	2140	309.0	2400	1066	0	1
10	2440	919	480	3836	2139	307.0	2400	1066	0	1
10	2441	920	481	3840	2140	307.0	2400	1066	0	1
10	2440	919	480	3836	2139	307.0	2400	1066	0	1
10	2440	919	480	3837	2139	307.0	2400	1066	0	1
10	2441	921	481	3841	2140	309.0	2400	1066	0	1
10	2521	941	491	3950	2131	307.0	2400	1066	0	1
10	2524	940	491	3952	2130	304.0	2400	1066	0	1
10	2519	939	491	3946	2132	304.0	2400	1066	0	1
10	2525	941	492	3954	2130	305.0	2400	1066	0	1
10	2518	939	491	3944	2131	305.0	2400	1066	0	1
10	2516	939	490	3942	2131	306.0	2400	1066	0	1
10	2519	939	491	3946	2132	304.0	2400	1066	0	1
10	2523	941	491	3952	2131	306.0	2400	1066	0	1
10	2522	940	491	3950	2131	305.0	2400	1066	0	1
10	2521	940	491	3949	2131	305.0	2400	1066	0	1
10	2524	941	491	3953	2130	306.0	2400	1066	0	1
10	2468	926	484	3876	2136	306.0	2400	1066	0	1
10	2441	920	480	3839	2138	308.0	2400	1066	0	1
10	2440	919	480	3836	2139	307.0	2400	1066	0	1
10	2441	920	480	3840	2140	308.0	2400	1066	0	1
10	2440	919	480	3836	2139	307.0	2400	1066	0	1
10	2439	919	480	3836	2139	307.0	2400	1066	0	1
10	2441	920	481	3840	2140	307.0	2400	1066	0	1
10	2439	918	480	3836	2140	305.0	2400	1066	0	1
10	2441	921	481	3840	2140	309.0	2400	1066	0	1
10	2439	918	480	3835	2139	305.0	2400	1066	0	1
10	2450	923	482	3854	2140	308.0	2400	1066	0	1
10	2523	939	491	3950	2131	303.0	2400	1066	0	1
10	2521	941	491	3951	2131	307.0	2400	1066	0	1
10	2523	939	491	3950	2131	303.0	2400	1066	0	1
10	2510	939	490	3936	2133	308.0	2400	1066	0	1
10	2524	940	491	3951	2129	304.0	2400	1066	0	1
10	2519	941	491	3948	2132	308.0	2400	1066	0	1
10	2525	940	491	3952	2129	304.0	2400	1066	0	1
10	2511	938	490	3936	2133	306.0	2400	1066	0	1
10	2523	940	491	3950	2130	305.0	2400	1066	0	1
10	2522	941	492	3952	2133	306.0	2400	1066	0	1
10	2521	939	490	3947	2130	304.0	2400	1066	0	0
10	2524	942	492	3955	2132	307.0	2400	1066	0	0
10	301	378	192	903	3821	358.0	2400	1066	0	0
10	298	375	191	897	3832	355.0	2400	1066	0	0
10	300	377	192	902	3829	357.0	2400	1066	0	0
11	299	375	191	897	3824	355.0	2400	0	888	1
11	1063	969	430	2531	2932	869.0	2400	0	888	1
11	1834	1571	672	4182	2787	1392.0	2400	0	888	1
11	1840	1572	672	4189	2782	1391.0	2400	0	888	1
11	1828	1566	670	4168	2787	1387.0	2400	0	888	1
11	1838	1572	672	4187	2783	1392.0	2400	0	888	1
11	1835	1572	672	4184	2786	1393.0	2400	0	888	1
11	1794	1536	658	4091	2788	1360.0	2400	0	888	1
11	1780	1527	654	4063	2790	1353.0	2400	0	888	1
11	1781	1529	655	4066	2792	1355.0	2400	0	888	1
11	1780	1527	654	4063	2790	1353.0	2400	0	888	1
11	1781	1528	655	4066	2792	1354.0	2400	0	888	1
11	1786	1532	656	4077	2790	1358.0	2400	0	888	1
11	1780	1528	655	4066	2792	1354.0	2400	0	888	1
11	1780	1527	654	4064	2790	1353.0	2400	0	888	1
11	1781	1529	655	4068	2792	1355.0	2400	0	888	1
11	1780	1527	654	4063	2790	1353.0	2400	0	888	1
11	1780	1527	654	4063	2790	1353.0	2400	0	888	1
11	1836	1572	672	4185	2785	1393.0	2400	0	888	1
11	1830	1568	670	4173	2785	1390.0	2400	0	888	1
11	1836	1572	672	4186	2785	1393.0	2400	0	888	1
11	1836	1571	672	4184	2785	1391.0	2400	0	888	1
11	1837	1571	672	4185	2784	1391.0	2400	0	888	1
11	1834	1572	672	4184	2787	1393.0	2400	0	888	1
11	1838	1570	671	4185	2781	1390.0	2400	0	888	1
11	1835	1572	672	4184	2786	1393.0	2400	0	888	1
11	1838	1570	671	4184	2781	1390.0	2400	0	888	1
11	1835	1573	673	4186	2788	1394.0	2400	0	888	1
11	1830	1564	669	4168	2783	1384.0	2400	0	888	1
11	1836	1570	672	4183	2785	1390.0	2400	0	888	1
11	1779	1527	654	4062	2791	1353.0	2400	0	888	1
11	1781	1528	655	4067	2792	1354.0	2400	0	888	1
11	1786	1532	656	4076	2790	1358.0	2400	0	888	1
11	1781	1529	655	4067	2792	1355.0	2400	0	888	1
11	1781	1529	655	4067	2792	1355.0	2400	0	888	1
11	1786	1532	656	4076	2790	1358.0	2400	0	888	1
11	1781	1529	655	4067	2792	1355.0	2400	0	888	1
11	1779	1526	654	4061	2791	1352.0	2400	0	888	1
11	1781	1529	655	4067	2792	1355.0	2400	0	888	1
11	1779	1526	654	4061	2791	1352.0	2400	0	888	1
11	1827	1564	669	4165	2786	1385.0	2400	0	888	1
11	1834	1571	672	4183	2787	1392.0	2400	0	888	1
11	1838	1572	672	4188	2783	1392.0	2400	0	888	1
11	1835	1571	672	4183	2786	1392.0	2400	0	888	1
11	1838	1572	672	4187	2783	1392.0	2400	0	888	1
11	1836	1571	672	4184	2785	1391.0	2400	0	888	0
11	1837	1573	673	4187	2786	1393.0	2400	0	888	0
11	3312	2719	1134	7338	2695	2386.0	2400	0	888	0
11	3311	2721	1135	7340	2697	2389.0	2400	0	888	0
11	3312	2718	1133	7336	2694	2385.0	2400	0	888	0
12	3310	2721	1135	7339	2697	2389.0	2400	355	666	1
12	3312	2717	1133	7336	2694	2383.0	2400	355	666	1
12	1987	1388	613	4066	2566	1097.0	2400	355	666	1
12	1985	1390	614	4068	2569	1100.0	2400	355	666	1
12	1986	1387	613	4065	2566	1095.0	2400	355	666	1
12	1978	1386	612	4055	2569	1097.0	2400	355	666	1
12	1986	1387	613	4065	2566	1095.0	2400	355	666	1
12	1986	1390	614	4069	2568	1099.0	2400	355	666	1
12	1985	1388	613	4065	2567	1097.0	2400	355	666	1
12	1986	1391	614	4070	2568	1101.0	2400	355	666	1
12	1985	1388	613	4065	2567	1097.0	2400	355	666	1
12	1986	1390	614	4070	2568	1099.0	2400	355	666	1
12	1974	1380	610	4042	2568	1090.0	2400	355	666	1
12	1931	1357	600	3965	2574	1075.0	2400	355	666	1
12	1923	1352	598	3950	2575	1071.0	2400	355	666	1
12	1924	1352	598	3952	2575	1071.0	2400	355	666	1
12	1924	1352	598	3951	2575	1071.0	2400	355	666	1
12	1924	1352	598	3951	2575	1071.0	2400	355	666	1
12	1924	1352	598	3951	2575	1071.0	2400	355	666	1
12	1923	1352	598	3950	2575	1071.0	2400	355	666	1
12	1923	1351	598	3950	2575	1070.0	2400	355	666	1
12	1931	1356	600	3965	2574	1074.0	2400	355	666	1
12	1923	1351	598	3949	2575	1070.0	2400	355	666	1
12	1984	1390	614	4067	2570	1100.0	2400	355	666	1
12	1988	1388	613	4069	2565	1096.0	2400	355	666	1
12	1985	1388	613	4065	2567	1097.0	2400	355	666	1
12	1988	1388	613	4068	2565	1096.0	2400	355	666	1
12	1985	1390	614	4068	2569	1100.0	2400	355	666	1
12	1987	1388	613	4068	2566	1097.0	2400	355	666	1
12	1978	1386	613	4055	2571	1096.0	2400	355	666	1
12	1986	1388	613	4066	2566	1097.0	2400	355	666	1
12	1985	1390	614	4069	2569	1100.0	2400	355	666	1
12	1986	1387	613	4065	2566	1095.0	2400	355	666	1
12	1986	1391	614	4070	2568	1101.0	2400	355	666	1
12	1985	1387	613	4064	2567	1096.0	2400	355	666	1
12	1925	1353	599	3954	2576	1072.0	2400	355	666	1
12	1922	1350	597	3947	2574	1069.0	2400	355	666	1
12	1924	1353	599	3954	2577	1072.0	2400	355	666	1
12	1923	1351	599	3948	2577	1069.0	2400	355	666	1
12	1923	1351	598	3948	2575	1070.0	2400	355	666	1
12	1925	1353	599	3954	2576	1072.0	2400	355	666	1
12	1923	1351	597	3948	2573	1071.0	2400	355	666	1
12	1925	1353	599	3954	2576	1072.0	2400	355	666	1
12	1923	1350	597	3948	2573	1069.0	2400	355	666	1
12	1925	1353	599	3954	2576	1072.0	2400	355	666	1
12	1945	1366	604	3993	2574	1082.0	2400	355	666	0
12	1830	1294	574	3773	2586	1028.0	2400	355	666	0
12	299	375	191	898	3824	355.0	2400	355	666	0
12	301	377	192	902	3821	356.0	2400	355	666	0
12	299	375	191	898	3824	355.0	2400	355	666	0
13	300	377	192	902	3829	357.0	2400	711	444	1
13	299	376	191	898	3824	356.0	2400	711	444	1
13	2192	1177	553	3961	2352	741.0	2400	711	444	1
13	2198	1177	554	3968	2351	738.0	2400	711	444	1
13	2190	1176	553	3958	2353	740.0	2400	711	444	1
13	2190	1175	552	3955	2351	739.0	2400	711	444	1
13	2190	1176	553	3957	2353	740.0	2400	711	444	1
13	2261	1206	566	4072	2344	755.0	2400	711	444	1
13	2263	1206	566	4074	2343	754.0	2400	711	444	1
13	2262	1206	566	4072	2344	754.0	2400	711	444	1
13	2262	1206	566	4072	2344	754.0	2400	711	444	1
13	2262	1206	566	4073	2344	754.0	2400	711	444	1
13	2260	1205	566	4071	2345	753.0	2400	711	444	1
13	2263	1206	567	4074	2345	753.0	2400	711	444	1
13	2259	1206	566	4070	2345	755.0	2400	711	444	1
13	2255	1202	565	4061	2345	751.0	2400	711	444	1
13	2259	1206	566	4070	2345	755.0	2400	711	444	1
13	2264	1205	566	4073	2343	752.0	2400	711	444	1
13	2190	1176	553	3957	2353	740.0	2400	711	444	1
13	2188	1174	552	3953	2352	738.0	2400	711	444	1
13	2190	1176	553	3958	2353	740.0	2400	711	444	1
13	2188	1174	552	3952	2352	738.0	2400	711	444	1
13	2190	1176	553	3958	2353	740.0	2400	711	444	1
13	2197	1177	554	3966	2351	738.0	2400	711	444	1
13	2190	1176	553	3958	2353	740.0	2400	711	444	1
13	2190	1176	553	3958	2353	740.0	2400	711	444	1
13	2188	1174	552	3952	2352	738.0	2400	711	444	1
13	2190	1176	553	3959	2353	740.0	2400	711	444	1
13	2214	1186	557	3995	2349	745.0	2400	711	444	1
13	2266	1207	567	4079	2344	754.0	2400	711	444	1
13	2251	1202	565	4056	2347	752.0	2400	711	444	1
13	2263	1207	567	4076	2345	755.0	2400	711	444	1
13	2261	1205	566	4069	2344	753.0	2400	711	444	1
13	2262	1206	567	4073	2346	754.0	2400	711	444	1
13	2262	1205	566	4071	2344	753.0	2400	711	444	1
13	2260	1206	567	4072	2346	754.0	2400	711	444	1
13	2263	1205	566	4073	2343	752.0	2400	711	444	1
13	2259	1207	567	4072	2347	756.0	2400	711	444	1
13	2264	1205	566	4073	2343	752.0	2400	711	444	1
13	2251	1203	565	4058	2347	754.0	2400	711	444	1
13	2189	1174	552	3953	2351	738.0	2400	711	444	1
13	2190	1176	553	3958	2353	740.0	2400	711	444	1
13	2189	1174	552	3954	2351	738.0	2400	711	444	1
13	2189	1175	552	3971	2351	739.0	2400	711	444	1
13	2190	1176	553	3958	2353	740.0	2400	711	444	1
13	2189	1175	552	3955	2351	739.0	2400	711	444	0
13	3414	1693	787	5936	2269	987.0	2400	711	444	0
13	4146	2001	927	7118	2242	1133.0	2400	711	444	0
13	4150	2003	928	7124	2242	1134.0	2400	711	444	0
13	4145	2001	927	7117	2243	1134.0	2400	711	444	0
14	4151	2002	927	7124	2241	1133.0	2400	1066	222	1
14	4009	1943	901	6896	2247	1105.0	2400	1066	222	1
14	2453	1011	513	3978	2187	423.0	2400	1066	222	1
14	2454	1012	514	3980	2189	424.0	2400	1066	222	1
14	2454	1011	513	3978	2187	423.0	2400	1066	222	1
14	2454	1012	514	3981	2189	424.0	2400	1066	222	1
14	2453	1011	513	3978	2187	423.0	2400	1066	222	1
14	2455	1012	514	3981	2188	424.0	2400	1066	222	1
14	2453	1011	513	3977	2187	423.0	2400	1066	222	1
14	2461	1015	515	3992	2188	426.0	2400	1066	222	1
14	2453	1011	513	3977	2187	423.0	2400	1066	222	1
14	2455	1013	514	3982	2188	425.0	2400	1066	222	1
14	2541	1038	527	4105	2181	427.0	2400	1066	222	1
14	2532	1034	525	4089	2179	425.0	2400	1066	222	1
14	2537	1037	526	4100	2180	428.0	2400	1066	222	1
14	2535	1034	525	4093	2180	424.0	2400	1066	222	1
14	2526	1034	525	4084	2182	427.0	2400	1066	222	1
14	2538	1035	526	4098	2180	424.0	2400	1066	222	1
14	2533	1036	526	4095	2182	427.0	2400	1066	222	1
14	2539	1035	526	4098	2179	424.0	2400	1066	222	1
14	2536	1037	526	4098	2181	428.0	2400	1066	222	1
14	2535	1035	525	4094	2180	426.0	2400	1066	222	1
14	2539	1038	527	4102	2180	428.0	2400	1066	222	1
14	2453	1010	513	3977	2187	422.0	2400	1066	222	1
14	2465	1016	516	3997	2188	425.0	2400	1066	222	1
14	2453	1011	513	3978	2187	423.0	2400	1066	222	1
14	2455	1013	514	3984	2188	425.0	2400	1066	222	1
14	2454	1011	513	3978	2187	423.0	2400	1066	222	1
14	2456	1013	514	3984	2188	425.0	2400	1066	222	1
14	2454	1011	513	3978	2187	423.0	2400	1066	222	1
14	2454	1011	513	3979	2187	423.0	2400	1066	222	1
14	2455	1013	514	3983	2188	425.0	2400	1066	222	1
14	2464	1014	515	3993	2187	423.0	2400	1066	222	1
14	2455	1013	514	3982	2188	425.0	2400	1066	222	1
14	2540	1036	526	4101	2180	425.0	2400	1066	222	1
14	2533	1036	526	4095	2182	427.0	2400	1066	222	1
14	2534	1034	525	4091	2179	425.0	2400	1066	222	1
14	2534	1036	526	4095	2181	427.0	2400	1066	222	1
14	2537	1036	526	4098	2180	426.0	2400	1066	222	1
14	2538	1036	526	4099	2180	426.0	2400	1066	222	1
14	2525	1033	524	4082	2181	427.0	2400	1066	222	1
14	2539	1036	526	4100	2180	425.0	2400	1066	222	1
14	2534	1036	526	4094	2180	427.0	2400	1066	222	1
14	2540	1037	526	4102	2180	427.0	2400	1066	222	1
14	2533	1036	526	4094	2182	427.0	2400	1066	222	1
14	2502	1025	520	4047	2182	424.0	2400	1066	222	0
14	2455	1012	514	3982	2188	424.0	2400	1066	222	0
14	299	376	191	898	3824	356.0	2400	1066	222	0
14	299	375	191	898	3824	355.0	2400	1066	222	0
14	300	377	192	902	3829	357.0	2400	1066	222	0
15	299	375	191	898	3824	355.0	2400	1422	0	1
15	1810	722	390	2913	2205	266.0	2400	1422	0	1
15	2817	948	522	4250	2077	199.0	2400	1422	0	1
15	2825	952	524	4263	2076	201.0	2400	1422	0	1
15	2820	949	522	4252	2075	200.0	2400	1422	0	1
15	2822	952	524	4259	2077	202.0	2400	1422	0	1
15	2728	928	510	4131	2083	205.0	2400	1422	0	1
15	2730	931	511	4137	2084	209.0	2400	1422	0	1
15	2728	928	510	4131	2083	205.0	2400	1422	0	1
15	2730	931	512	4137	2085	208.0	2400	1422	0	1
15	2738	931	512	4145	2082	205.0	2400	1422	0	1
15	2728	931	511	4135	2085	209.0	2400	1422	0	1
15	2726	928	510	4128	2083	206.0	2400	1422	0	1
15	2728	930	511	4135	2085	208.0	2400	1422	0	1
15	2732	928	511	4134	2083	203.0	2400	1422	0	1
15	2728	931	511	4135	2085	209.0	2400	1422	0	1
15	2730	931	511	4130	2080	209.0	2400	1422	0	1
15	2807	946	521	4236	2077	200.0	2400	1422	0	1
15	2825	952	524	4263	2076	201.0	2400	1422	0	1
15	2821	949	523	4254	2076	199.0	2400	1422	0	1
15	2821	952	523	4258	2076	203.0	2400	1422	0	1
15	2824	950	523	4258	2075	199.0	2400	1422	0	1
15	2819	951	523	4255	2076	203.0	2400	1422	0	1
15	2825	951	523	4260	2075	201.0	2400	1422	0	1
15	2818	950	523	4253	2077	201.0	2400	1422	0	1
15	2823	951	523	4258	2075	201.0	2400	1422	0	1
15	2809	948	522	4241	2077	202.0	2400	1422	0	1
15	2820	950	523	4255	2076	201.0	2400	1422	0	1
15	2781	941	518	4203	2080	203.0	2400	1422	0	1
15	2729	929	511	4133	2083	206.0	2400	1422	0	1
15	2729	930	511	4134	2083	207.0	2400	1422	0	1
15	2729	929	511	4134	2085	206.0	2400	1422	0	1
15	2729	929	511	4133	2083	206.0	2400	1422	0	1
15	2729	930	511	4134	2083	207.0	2400	1422	0	1
15	2739	931	512	4147	2083	205.0	2400	1422	0	1
15	2727	929	510	4130	2082	207.0	2400	1422	0	1
15	2728	930	511	4133	2084	208.0	2400	1422	0	1
15	2727	929	510	4130	2082	207.0	2400	1422	0	1
15	2728	930	511	4133	2084	208.0	2400	1422	0	1
15	2817	949	522	4250	2075	201.0	2400	1422	0	1
15	2821	952	523	4258	2076	203.0	2400	1422	0	1
15	2817	949	522	4250	2075	201.0	2400	1422	0	1
15	2819	951	523	4256	2077	203.0	2400	1422	0	1
15	2824	950	523	4258	2075	199.0	2400	1422	0	1
15	2818	951	523	4254	2077	203.0	2400	1422	0	1
15	2825	950	523	4260	2075	199.0	2400	1422	0	0
15	2819	951	523	4255	2076	203.0	2400	1422	0	0
15	5247	1499	841	7480	1969	46.0	2400	1422	0	0
15	5246	1501	842	7481	1969	49.0	2400	1422	0	0
15	5242	1498	841	7473	1968	46.0	2400	1422	0	0
16	5250	1502	843	7487	1969	49.0	2400	0	1111	1
16	5241	1498	840	7471	1968	48.0	2400	0	1111	1
16	2678	1077	559	4298	2177	421.0	2400	0	1111	1
16	1856	1759	749	4474	2928	1625.0	2400	0	1111	1
16	1859	1765	751	4486	2930	1632.0	2400	0	1111	1
16	1861	1766	752	4489	2930	1632.0	2400	0	1111	1
16	1861	1764	751	4486	2928	1630.0	2400	0	1111	1
16	1854	1761	750	4475	2932	1628.0	2400	0	1111	1
16	1862	1763	750	4486	2925	1629.0	2400	0	1111	1
16	1860	1767	752	4489	2931	1634.0	2400	0	1111	1
16	1862	1763	750	4486	2925	1629.0	2400	0	1111	1
16	1839	1746	743	4438	2930	1614.0	2400	0	1111	1
16	1803	1713	730	4354	2933	1584.0	2400	0	1111	1
16	1804	1715	731	4357	2934	1586.0	2400	0	1111	1
16	1803	1714	730	4354	2933	1585.0	2400	0	1111	1
16	1804	1715	731	4357	2934	1586.0	2400	0	1111	1
16	1803	1714	730	4354	2933	1585.0	2400	0	1111	1
16	1804	1715	731	4357	2934	1586.0	2400	0	1111	1
16	1803	1714	731	4355	2935	1584.0	2400	0	1111	1
16	1804	1714	731	4357	2934	1584.0	2400	0	1111	1
16	1810	1720	733	4371	2933	1590.0	2400	0	1111	1
16	1804	1714	731	4356	2934	1584.0	2400	0	1111	1
16	1863	1764	751	4487	2926	1629.0	2400	0	1111	1
16	1860	1767	752	4489	2931	1634.0	2400	0	1111	1
16	1861	1763	750	4485	2926	1629.0	2400	0	1111	1
16	1861	1767	752	4490	2930	1634.0	2400	0	1111	1
16	1861	1764	751	4485	2928	1630.0	2400	0	1111	1
16	1855	1761	750	4476	2931	1628.0	2400	0	1111	1
16	1860	1764	751	4485	2929	1630.0	2400	0	1111	1
16	1863	1766	752	4490	2928	1632.0	2400	0	1111	1
16	1858	1765	751	4484	2930	1632.0	2400	0	1111	1
16	1863	1765	751	4490	2926	1631.0	2400	0	1111	1
16	1858	1765	751	4484	2930	1632.0	2400	0	1111	1
16	1863	1765	751	4490	2926	1631.0	2400	0	1111	1
16	1803	1713	730	4353	2933	1584.0	2400	0	1111	1
16	1811	1721	734	4374	2935	1591.0	2400	0	1111	1
16	1803	1713	730	4352	2933	1584.0	2400	0	1111	1
16	1805	1716	731	4359	2933	1587.0	2400	0	1111	1
16	1802	1713	730	4352	2934	1584.0	2400	0	1111	1
16	1802	1713	730	4359	2934	1584.0	2400	0	1111	1
16	1805	1715	731	4359	2933	1585.0	2400	0	1111	1
16	1803	1713	730	4353	2933	1584.0	2400	0	1111	1
16	1804	1716	731	4359	2934	1587.0	2400	0	1111	1
16	1809	1719	732	4368	2932	1590.0	2400	0	1111	1
16	1832	1742	742	4425	2934	1611.0	2400	0	1111	1
16	1860	1764	751	4484	2929	1630.0	2400	0	1111	0
16	1573	1508	648	3824	2960	1395.0	2400	0	1111	0
16	299	375	191	898	3824	355.0	2400	0	1111	0
16	301	378	192	903	3821	358.0	2400	0	1111	0
16	299	376	191	898	3824	356.0	2400	0	1111	0
17	301	377	192	903	3821	356.0	2400	355	888	1
17	299	376	191	899	3824	356.0	2400	355	888	1
17	1949	1539	675	4246	2710	1302.0	2400	355	888	1
17	1947	1537	674	4241	2709	1300.0	2400	355	888	1
17	1948	1538	674	4243	2709	1301.0	2400	355	888	1
17	1947	1537	674	4241	2709	1300.0	2400	355	888	1
17	2008	1583	693	4368	2705	1339.0	2400	355	888	1
17	2013	1581	692	4370	2700	1335.0	2400	355	888	1
17	2011	1581	692	4368	2702	1336.0	2400	355	888	1
17	2010	1583	693	4370	2704	1338.0	2400	355	888	1
17	2010	1581	692	4367	2702	1336.0	2400	355	888	1
17	2011	1582	692	4369	2702	1337.0	2400	355	888	1
17	2009	1582	693	4368	2705	1337.0	2400	355	888	1
17	2012	1580	692	4369	2701	1334.0	2400	355	888	1
17	2009	1583	693	4369	2705	1339.0	2400	355	888	1
17	2011	1580	692	4366	2702	1334.0	2400	355	888	1
17	2010	1583	693	4371	2704	1338.0	2400	355	888	1
17	1947	1536	674	4239	2709	1298.0	2400	355	888	1
17	1948	1538	674	4243	2709	1301.0	2400	355	888	1
17	1946	1536	673	4239	2708	1300.0	2400	355	888	1
17	1948	1538	675	4243	2711	1301.0	2400	355	888	1
17	1954	1541	676	4253	2709	1303.0	2400	355	888	1
17	1948	1538	674	4243	2709	1301.0	2400	355	888	1
17	1946	1536	673	4238	2708	1300.0	2400	355	888	1
17	1948	1538	675	4244	2711	1301.0	2400	355	888	1
17	1947	1536	673	4238	2707	1299.0	2400	355	888	1
17	1946	1536	673	4237	2708	1300.0	2400	355	888	1
17	1979	1562	684	4309	2707	1322.0	2400	355	888	1
17	2004	1574	689	4352	2700	1329.0	2400	355	888	1
17	2010	1584	693	4371	2704	1340.0	2400	355	888	1
17	2009	1579	691	4364	2701	1334.0	2400	355	888	1
17	2011	1584	694	4373	2705	1339.0	2400	355	888	1
17	2008	1580	691	4363	2702	1336.0	2400	355	888	1
17	2013	1582	693	4373	2702	1336.0	2400	355	888	1
17	2007	1581	692	4363	2704	1337.0	2400	355	888	1
17	2012	1582	692	4371	2701	1337.0	2400	355	888	1
17	2008	1581	692	4366	2704	1337.0	2400	355	888	1
17	2004	1576	690	4355	2702	1331.0	2400	355	888	1
17	2010	1582	693	4369	2704	1337.0	2400	355	888	1
17	1948	1539	675	4244	2711	1302.0	2400	355	888	1
17	1947	1537	674	4240	2709	1300.0	2400	355	888	1
17	1948	1538	675	4244	2711	1301.0	2400	355	888	1
17	1947	1537	674	4240	2709	1300.0	2400	355	888	1
17	1948	1538	674	4243	2709	1301.0	2400	355	888	1
17	1955	1543	676	4257	2708	1305.0	2400	355	888	1
17	1947	1537	674	4240	2709	1300.0	2400	355	888	0
17	3153	2389	1028	6689	2633	1994.0	2400	355	888	0
17	3651	2739	1174	7697	2616	2278.0	2400	355	888	0
17	3654	2739	1174	7700	2615	2277.0	2400	355	888	0
17	3649	2739	1174	7696	2616	2279.0	2400	355	888	0
18	3654	2738	1174	7698	2615	2276.0	2400	711	666	1
18	3386	2550	1096	7156	2624	2123.0	2400	711	666	1
18	2216	1361	629	4250	2472	968.0	2400	711	666	1
18	2214	1362	629	4249	2473	970.0	2400	711	666	1
18	2214	1361	629	4247	2473	968.0	2400	711	666	1
18	2215	1362	629	4251	2472	970.0	2400	711	666	1
18	2214	1361	629	4247	2473	968.0	2400	711	666	1
18	2215	1363	629	4251	2472	971.0	2400	711	666	1
18	2214	1361	629	4247	2473	968.0	2400	711	666	1
18	2216	1363	630	4252	2474	970.0	2400	711	666	1
18	2214	1361	629	4247	2473	968.0	2400	711	666	1
18	2254	1384	639	4322	2471	984.0	2400	711	666	1
18	2288	1400	646	4377	2466	994.0	2400	711	666	1
18	2289	1399	646	4378	2466	992.0	2400	711	666	1
18	2278	1396	644	4363	2468	992.0	2400	711	666	1
18	2289	1398	645	4377	2464	991.0	2400	711	666	1
18	2286	1401	646	4378	2467	996.0	2400	711	666	1
18	2289	1398	645	4377	2464	991.0	2400	711	666	1
18	2279	1397	645	4365	2469	993.0	2400	711	666	1
18	2287	1398	645	4373	2465	991.0	2400	711	666	1
18	2289	1401	647	4382	2467	994.0	2400	711	666	1
18	2286	1397	645	4371	2466	990.0	2400	711	666	1
18	2224	1368	632	4268	2473	974.0	2400	711	666	1
18	2214	1361	629	4247	2473	968.0	2400	711	666	1
18	2216	1363	630	4253	2474	970.0	2400	711	666	1
18	2214	1361	629	4248	2473	968.0	2400	711	666	1
18	2216	1363	630	4253	2474	970.0	2400	711	666	1
18	2214	1361	629	4248	2473	968.0	2400	711	666	1
18	2216	1363	630	4252	2474	970.0	2400	711	666	1
18	2214	1361	629	4248	2473	968.0	2400	711	666	1
18	2216	1363	630	4252	2474	970.0	2400	711	666	1
18	2215	1363	630	4251	2474	971.0	2400	711	666	1
18	2215	1362	629	4249	2472	970.0	2400	711	666	1
18	2286	1400	646	4376	2467	994.0	2400	711	666	1
18	2291	1399	646	4380	2465	991.0	2400	711	666	1
18	2285	1400	646	4375	2468	995.0	2400	711	666	1
18	2290	1399	646	4379	2465	991.0	2400	711	666	1
18	2287	1400	646	4377	2467	994.0	2400	711	666	1
18	2279	1394	644	4361	2467	988.0	2400	711	666	1
18	2288	1400	646	4378	2466	994.0	2400	711	666	1
18	2287	1399	646	4375	2467	992.0	2400	711	666	1
18	2289	1400	646	4379	2466	993.0	2400	711	666	1
18	2286	1400	646	4376	2467	994.0	2400	711	666	1
18	2290	1399	646	4379	2465	991.0	2400	711	666	1
18	2251	1381	637	4312	2469	982.0	2400	711	666	1
18	2214	1361	629	4248	2473	968.0	2400	711	666	0
18	2224	1367	632	4267	2473	973.0	2400	711	666	0
18	299	375	191	898	3824	355.0	2400	711	666	0
18	301	377	192	903	3821	356.0	2400	711	666	0
18	301	378	192	903	3821	358.0	2400	711	666	0
19	299	375	191	898	3824	355.0	2400	1066	444	1
19	1839	950	469	3273	2362	559.0	2400	1066	444	1
19	2557	1215	597	4373	2280	650.0	2400	1066	444	1
19	2566	1218	599	4387	2280	650.0	2400	1066	444	1
19	2547	1211	596	4358	2282	648.0	2400	1066	444	1
19	2479	1187	584	4255	2288	641.0	2400	1066	444	1
19	2477	1184	583	4249	2287	637.0	2400	1066	444	1
19	2478	1187	584	4253	2288	641.0	2400	1066	444	1
19	2482	1187	584	4259	2287	640.0	2400	1066	444	1
19	2477	1187	584	4253	2289	641.0	2400	1066	444	1
19	2475	1184	583	4247	2288	638.0	2400	1066	444	1
19	2477	1187	584	4253	2289	641.0	2400	1066	444	1
19	2486	1188	584	4263	2286	640.0	2400	1066	444	1
19	2479	1187	584	4255	2288	641.0	2400	1066	444	1
19	2477	1184	583	4249	2287	637.0	2400	1066	444	1
19	2479	1186	584	4255	2288	639.0	2400	1066	444	1
19	2477	1185	583	4250	2287	639.0	2400	1066	444	1
19	2560	1215	598	4377	2280	648.0	2400	1066	444	1
19	2563	1218	599	4384	2281	651.0	2400	1066	444	1
19	2558	1215	597	4374	2280	650.0	2400	1066	444	1
19	2564	1218	599	4386	2281	651.0	2400	1066	444	1
19	2557	1215	598	4374	2282	649.0	2400	1066	444	1
19	2565	1217	599	4385	2280	649.0	2400	1066	444	1
19	2558	1216	598	4375	2281	651.0	2400	1066	444	1
19	2564	1217	599	4384	2281	650.0	2400	1066	444	1
19	2559	1216	598	4377	2281	650.0	2400	1066	444	1
19	2562	1216	598	4380	2280	649.0	2400	1066	444	1
19	2513	1197	589	4304	2283	642.0	2400	1066	444	1
19	2478	1185	583	4251	2287	639.0	2400	1066	444	1
19	2478	1186	584	4252	2288	640.0	2400	1066	444	1
19	2477	1185	583	4251	2287	639.0	2400	1066	444	1
19	2478	1186	584	4252	2288	640.0	2400	1066	444	1
19	2487	1189	585	4266	2287	641.0	2400	1066	444	1
19	2478	1186	584	4253	2288	640.0	2400	1066	444	1
19	2477	1185	583	4250	2287	639.0	2400	1066	444	1
19	2479	1185	583	4254	2287	638.0	2400	1066	444	1
19	2478	1186	584	4253	2288	640.0	2400	1066	444	1
19	2477	1184	583	4250	2287	637.0	2400	1066	444	1
19	2559	1217	598	4379	2281	652.0	2400	1066	444	1
19	2554	1212	597	4367	2281	646.0	2400	1066	444	1
19	2558	1217	599	4379	2283	651.0	2400	1066	444	1
19	2564	1215	598	4382	2279	647.0	2400	1066	444	1
19	2559	1217	599	4379	2282	651.0	2400	1066	444	1
19	2562	1215	598	4378	2280	648.0	2400	1066	444	1
19	2562	1218	599	4383	2281	652.0	2400	1066	444	1
19	2559	1215	597	4375	2279	649.0	2400	1066	444	0
19	2564	1218	599	4385	2281	651.0	2400	1066	444	0
19	4731	2020	989	7715	2179	928.0	2400	1066	444	0
19	4738	2025	991	7728	2179	932.0	2400	1066	444	0
19	4729	2021	989	7714	2180	930.0	2400	1066	444	0
20	4738	2024	991	7728	2180	931.0	2400	1422	222	1
20	4729	2021	989	7714	2180	930.0	2400	1422	222	1
20	2630	1176	589	4390	2242	571.0	2400	1422	222	1
20	2832	1045	557	4398	2120	322.0	2400	1422	222	1
20	2834	1045	557	4401	2121	321.0	2400	1422	222	1
20	2824	1045	557	4390	2122	324.0	2400	1422	222	1
20	2836	1046	557	4403	2119	322.0	2400	1422	222	1
20	2832	1047	558	4402	2123	324.0	2400	1422	222	1
20	2836	1046	558	4404	2121	321.0	2400	1422	222	1
20	2831	1047	558	4400	2122	325.0	2400	1422	222	1
20	2783	1032	550	4331	2125	322.0	2400	1422	222	1
20	2742	1023	545	4276	2129	325.0	2400	1422	222	1
20	2741	1021	544	4272	2128	323.0	2400	1422	222	1
20	2748	1023	545	4282	2127	323.0	2400	1422	222	1
20	2740	1021	544	4272	2129	323.0	2400	1422	222	1
20	2741	1022	544	4275	2129	325.0	2400	1422	222	1
20	2740	1021	544	4272	2129	323.0	2400	1422	222	1
20	2741	1022	544	4275	2129	325.0	2400	1422	222	1
20	2740	1022	544	4272	2128	325.0	2400	1422	222	1
20	2740	1022	544	4273	2129	325.0	2400	1422	222	1
20	2740	1022	544	4272	2128	325.0	2400	1422	222	1
20	2740	1022	544	4273	2129	325.0	2400	1422	222	1
20	2835	1047	558	4404	2121	323.0	2400	1422	222	1
20	2832	1046	557	4400	2121	323.0	2400	1422	222	1
20	2832	1046	557	4400	2121	323.0	2400	1422	222	1
20	2823	1044	556	4388	2122	324.0	2400	1422	222	1
20	2828	1045	557	4394	2121	323.0	2400	1422	222	1
20	2834	1047	558	4404	2122	324.0	2400	1422	222	1
20	2828	1045	557	4394	2121	323.0	2400	1422	222	1
20	2828	1045	557	4394	2121	323.0	2400	1422	222	1
20	2830	1045	557	4395	2121	322.0	2400	1422	222	1
20	2838	1048	558	4408	2120	324.0	2400	1422	222	1
20	2833	1045	557	4399	2120	321.0	2400	1422	222	1
20	2753	1026	546	4292	2128	325.0	2400	1422	222	1
20	2741	1021	544	4272	2128	323.0	2400	1422	222	1
20	2743	1023	545	4277	2128	325.0	2400	1422	222	1
20	2743	1021	544	4273	2127	322.0	2400	1422	222	1
20	2744	1023	545	4279	2129	324.0	2400	1422	222	1
20	2743	1021	544	4273	2127	322.0	2400	1422	222	1
20	2745	1023	545	4280	2129	324.0	2400	1422	222	1
20	2745	1023	545	4280	2129	324.0	2400	1422	222	1
20	2749	1023	545	4283	2127	323.0	2400	1422	222	1
20	2745	1023	545	4280	2129	324.0	2400	1422	222	1
20	2803	1037	553	4357	2122	322.0	2400	1422	222	1
20	2839	1048	559	4410	2121	323.0	2400	1422	222	1
20	2833	1045	557	4399	2120	321.0	2400	1422	222	0
20	2153	866	460	3461	2192	331.0	2400	1422	222	0
20	299	375	191	898	3824	355.0	2400	1422	222	0
20	301	378	192	904	3821	358.0	2400	1422	222	0
20	299	375	191	898	3824	355.0	2400	1422	222	0
21	301	378	192	904	3821	358.0	2400	1777	0	1
21	299	375	191	898	3824	355.0	2400	1777	0	1
21	3021	941	542	4435	2038	107.0	2400	1777	0	1
21	3018	938	541	4427	2037	104.0	2400	1777	0	1
21	3019	940	542	4432	2039	106.0	2400	1777	0	1
21	3125	960	555	4566	2030	94.0	2400	1777	0	1
21	3118	961	555	4561	2032	98.0	2400	1777	0	1
21	3114	958	554	4552	2031	95.0	2400	1777	0	1
21	3118	960	555	4560	2032	96.0	2400	1777	0	1
21	3120	961	555	4562	2031	97.0	2400	1777	0	1
21	3121	960	555	4562	2030	95.0	2400	1777	0	1
21	3123	961	555	4566	2031	96.0	2400	1777	0	1
21	3118	960	554	4559	2031	97.0	2400	1777	0	1
21	3125	962	556	4569	2031	96.0	2400	1777	0	1
21	3116	959	554	4556	2031	96.0	2400	1777	0	1
21	3114	959	554	4555	2032	97.0	2400	1777	0	1
21	3015	939	541	4426	2038	107.0	2400	1777	0	1
21	3015	939	541	4427	2038	107.0	2400	1777	0	1
21	3015	939	541	4426	2038	107.0	2400	1777	0	1
21	3028	942	543	4442	2037	106.0	2400	1777	0	1
21	3017	939	542	4428	2038	105.0	2400	1777	0	1
21	3018	939	541	4428	2037	106.0	2400	1777	0	1
21	3018	939	542	4430	2039	105.0	2400	1777	0	1
21	3030	941	543	4444	2037	104.0	2400	1777	0	1
21	3018	939	542	4430	2039	105.0	2400	1777	0	1
21	3017	938	541	4427	2038	105.0	2400	1777	0	1
21	3018	940	542	4430	2038	107.0	2400	1777	0	1
21	3122	961	555	4565	2031	97.0	2400	1777	0	1
21	3123	960	555	4564	2030	95.0	2400	1777	0	1
21	3118	961	555	4561	2032	98.0	2400	1777	0	1
21	3125	960	555	4567	2031	94.0	2400	1777	0	1
21	3117	961	555	4559	2031	98.0	2400	1777	0	1
21	3125	960	555	4566	2030	94.0	2400	1777	0	1
21	3120	961	555	4562	2031	97.0	2400	1777	0	1
21	3122	960	555	4562	2030	95.0	2400	1777	0	1
21	3123	962	556	4566	2031	97.0	2400	1777	0	1
21	3119	959	554	4559	2031	95.0	2400	1777	0	1
21	3125	962	556	4570	2032	96.0	2400	1777	0	1
21	3017	938	541	4426	2037	105.0	2400	1777	0	1
21	3019	940	542	4432	2039	106.0	2400	1777	0	1
21	3017	938	541	4426	2037	105.0	2400	1777	0	1
21	3019	940	542	4432	2039	106.0	2400	1777	0	1
21	3017	938	541	4426	2037	105.0	2400	1777	0	1
21	3031	943	544	4447	2038	106.0	2400	1777	0	1
21	3017	938	541	4425	2037	105.0	2400	1777	0	1
21	3017	938	541	4425	2037	105.0	2400	1777	0	0
21	5262	1404	831	7342	1945	0.0	2400	1777	0	0
21	5835	1519	904	8080	1931	0.0	2400	1777	0	0
21	5832	1521	905	8081	1932	0.0	2400	1777	0	0
21	5829	1518	903	8074	1931	0.0	2400	1777	0	0
22	5835	1521	905	8083	1932	0.0	2400	0	1333	1
22	5144	1376	815	7185	1947	0.0	2400	0	1333	1
22	1828	1901	807	4649	3072	1816.0	2400	0	1333	1
22	1826	1899	806	4643	3072	1814.0	2400	0	1333	1
22	1828	1901	807	4649	3072	1816.0	2400	0	1333	1
22	1826	1899	806	4644	3072	1814.0	2400	0	1333	1
22	1828	1901	807	4649	3072	1816.0	2400	0	1333	1
22	1826	1899	806	4644	3072	1814.0	2400	0	1333	1
22	1828	1901	807	4648	3072	1816.0	2400	0	1333	1
22	1833	1906	809	4661	3072	1821.0	2400	0	1333	1
22	1865	1940	823	4743	3072	1854.0	2400	0	1333	1
22	1886	1957	829	4787	3065	1869.0	2400	0	1333	1
22	1885	1960	831	4791	3070	1873.0	2400	0	1333	1
22	1884	1960	831	4790	3071	1873.0	2400	0	1333	1
22	1887	1956	829	4788	3064	1867.0	2400	0	1333	1
22	1884	1960	831	4790	3071	1873.0	2400	0	1333	1
22	1880	1949	826	4770	3064	1861.0	2400	0	1333	1
22	1884	1960	831	4790	3071	1873.0	2400	0	1333	1
22	1886	1957	829	4788	3065	1869.0	2400	0	1333	1
22	1885	1959	830	4790	3068	1872.0	2400	0	1333	1
22	1885	1958	830	4788	3068	1870.0	2400	0	1333	1
22	1827	1900	806	4646	3071	1815.0	2400	0	1333	1
22	1827	1900	806	4646	3071	1815.0	2400	0	1333	1
22	1827	1900	806	4645	3071	1815.0	2400	0	1333	1
22	1827	1900	807	4647	3073	1815.0	2400	0	1333	1
22	1827	1899	806	4645	3071	1814.0	2400	0	1333	1
22	1827	1900	807	4647	3073	1815.0	2400	0	1333	1
22	1826	1899	806	4644	3072	1814.0	2400	0	1333	1
22	1827	1900	807	4647	3073	1815.0	2400	0	1333	1
22	1826	1899	806	4644	3072	1814.0	2400	0	1333	1
22	1827	1901	807	4647	3073	1816.0	2400	0	1333	1
22	1826	1905	809	4643	3079	1821.0	2400	0	1333	1
22	1885	1956	829	4786	3066	1868.0	2400	0	1333	1
22	1886	1960	831	4791	3069	1873.0	2400	0	1333	1
22	1884	1957	829	4786	3067	1870.0	2400	0	1333	1
22	1887	1959	830	4791	3066	1871.0	2400	0	1333	1
22	1876	1951	827	4769	3070	1865.0	2400	0	1333	1
22	1887	1958	830	4791	3066	1870.0	2400	0	1333	1
22	1882	1958	830	4785	3071	1871.0	2400	0	1333	1
22	1888	1958	830	4791	3065	1870.0	2400	0	1333	1
22	1875	1951	827	4768	3071	1865.0	2400	0	1333	1
22	1888	1957	830	4790	3065	1868.0	2400	0	1333	1
22	1882	1958	830	4785	3071	1871.0	2400	0	1333	1
22	1841	1911	811	4676	3069	1824.0	2400	0	1333	1
22	1833	1905	808	4659	3070	1820.0	2400	0	1333	1
22	1828	1901	807	4648	3072	1816.0	2400	0	1333	0
22	1825	1898	806	4642	3073	1813.0	2400	0	1333	0
22	300	378	192	903	3829	358.0	2400	0	1333	0
22	298	375	191	896	3832	355.0	2400	0	1333	0
22	300	377	192	903	3829	357.0	2400	0	1333	0
23	300	377	192	902	3829	357.0	2400	355	1111	1
23	1639	1457	639	3813	2876	1299.0	2400	355	1111	1
23	2028	1771	770	4658	2837	1573.0	2400	355	1111	1
23	2031	1774	771	4665	2837	1576.0	2400	355	1111	1
23	1971	1725	751	4534	2842	1533.0	2400	355	1111	1
23	1969	1722	750	4528	2842	1529.0	2400	355	1111	1
23	1971	1725	751	4534	2842	1533.0	2400	355	1111	1
23	1969	1723	750	4529	2842	1531.0	2400	355	1111	1
23	1971	1725	751	4535	2842	1533.0	2400	355	1111	1
23	1970	1723	750	4529	2841	1531.0	2400	355	1111	1
23	1979	1731	753	4550	2840	1538.0	2400	355	1111	1
23	1969	1723	750	4529	2842	1531.0	2400	355	1111	1
23	1971	1725	751	4534	2842	1533.0	2400	355	1111	1
23	1969	1722	750	4529	2842	1529.0	2400	355	1111	1
23	1971	1725	751	4534	2842	1533.0	2400	355	1111	1
23	1970	1723	750	4530	2841	1531.0	2400	355	1111	1
23	2033	1777	772	4672	2837	1579.0	2400	355	1111	1
23	2034	1773	770	4667	2833	1574.0	2400	355	1111	1
23	2033	1774	771	4667	2835	1575.0	2400	355	1111	1
23	2035	1776	772	4673	2836	1577.0	2400	355	1111	1
23	2032	1775	771	4668	2836	1577.0	2400	355	1111	1
23	2036	1775	771	4672	2833	1576.0	2400	355	1111	1
23	2032	1776	772	4669	2838	1578.0	2400	355	1111	1
23	2036	1774	771	4672	2833	1574.0	2400	355	1111	1
23	2033	1776	772	4670	2837	1578.0	2400	355	1111	1
23	2035	1774	771	4669	2834	1575.0	2400	355	1111	1
23	1982	1731	753	4554	2838	1537.0	2400	355	1111	1
23	1971	1724	750	4533	2840	1532.0	2400	355	1111	1
23	1971	1724	750	4533	2840	1532.0	2400	355	1111	1
23	1971	1724	750	4532	2840	1532.0	2400	355	1111	1
23	1978	1730	753	4549	2841	1537.0	2400	355	1111	1
23	1970	1724	750	4532	2841	1532.0	2400	355	1111	1
23	1971	1724	750	4534	2840	1532.0	2400	355	1111	1
23	1970	1723	750	4530	2841	1531.0	2400	355	1111	1
23	1978	1730	753	4549	2841	1537.0	2400	355	1111	1
23	1970	1723	750	4530	2841	1531.0	2400	355	1111	1
23	1970	1723	750	4530	2841	1531.0	2400	355	1111	1
23	2027	1770	769	4656	2836	1572.0	2400	355	1111	1
23	2035	1774	771	4670	2834	1575.0	2400	355	1111	1
23	2033	1777	772	4671	2837	1579.0	2400	355	1111	1
23	2035	1773	770	4668	2832	1574.0	2400	355	1111	1
23	2033	1777	772	4672	2837	1579.0	2400	355	1111	1
23	2034	1772	770	4667	2833	1572.0	2400	355	1111	1
23	2034	1777	772	4673	2837	1579.0	2400	355	1111	1
23	2033	1772	770	4665	2834	1573.0	2400	355	1111	1
23	2035	1777	773	4675	2838	1578.0	2400	355	1111	0
23	2032	1773	770	4665	2834	1575.0	2400	355	1111	0
23	3702	3120	1330	8295	2759	2749.0	2400	355	1111	0
23	3696	3117	1328	8285	2759	2747.0	2400	355	1111	0
23	3702	3118	1329	8292	2758	2746.0	2400	355	1111	0
24	3695	3117	1328	8284	2760	2748.0	2400	711	888	1
24	3701	3118	1329	8292	2759	2747.0	2400	711	888	1
24	2122	1712	755	4664	2746	1460.0	2400	711	888	1
24	2312	1592	724	4677	2584	1232.0	2400	711	888	1
24	2302	1592	725	4659	2590	1234.0	2400	711	888	1
24	2312	1591	724	4676	2584	1230.0	2400	711	888	1
24	2310	1593	725	4678	2586	1233.0	2400	711	888	1
24	2313	1590	723	4675	2581	1229.0	2400	711	888	1
24	2310	1593	725	4677	2586	1233.0	2400	711	888	1
24	2254	1554	708	4563	2587	1202.0	2400	711	888	1
24	2239	1548	705	4541	2590	1200.0	2400	711	888	1
24	2245	1551	707	4552	2590	1201.0	2400	711	888	1
24	2239	1548	705	4541	2590	1200.0	2400	711	888	1
24	2237	1546	704	4536	2590	1198.0	2400	711	888	1
24	2239	1548	705	4541	2590	1200.0	2400	711	888	1
24	2237	1546	704	4536	2590	1198.0	2400	711	888	1
24	2239	1548	705	4541	2590	1200.0	2400	711	888	1
24	2237	1546	704	4537	2590	1198.0	2400	711	888	1
24	2238	1548	705	4541	2591	1200.0	2400	711	888	1
24	2237	1546	704	4537	2590	1198.0	2400	711	888	1
24	2247	1553	708	4557	2591	1203.0	2400	711	888	1
24	2311	1593	725	4678	2586	1233.0	2400	711	888	1
24	2311	1591	724	4677	2584	1230.0	2400	711	888	1
24	2310	1592	725	4676	2586	1232.0	2400	711	888	1
24	2314	1591	724	4678	2583	1230.0	2400	711	888	1
24	2309	1593	725	4676	2587	1234.0	2400	711	888	1
24	2313	1591	724	4677	2583	1230.0	2400	711	888	1
24	2303	1588	723	4663	2587	1229.0	2400	711	888	1
24	2311	1590	724	4674	2584	1229.0	2400	711	888	1
24	2313	1593	725	4680	2585	1232.0	2400	711	888	1
24	2309	1591	724	4674	2585	1231.0	2400	711	888	1
24	2314	1591	724	4678	2583	1230.0	2400	711	888	1
24	2238	1547	705	4539	2591	1199.0	2400	711	888	1
24	2238	1547	705	4538	2591	1199.0	2400	711	888	1
24	2238	1548	705	4539	2591	1200.0	2400	711	888	1
24	2237	1547	705	4538	2591	1199.0	2400	711	888	1
24	2238	1548	705	4540	2591	1200.0	2400	711	888	1
24	2237	1547	705	4537	2591	1199.0	2400	711	888	1
24	2238	1548	705	4539	2591	1200.0	2400	711	888	1
24	2237	1546	704	4537	2590	1198.0	2400	711	888	1
24	2238	1548	705	4540	2591	1200.0	2400	711	888	1
24	2238	1548	705	4540	2591	1200.0	2400	711	888	1
24	2298	1585	721	4654	2586	1227.0	2400	711	888	1
24	2311	1591	724	4676	2584	1230.0	2400	711	888	1
24	2312	1592	724	4678	2584	1232.0	2400	711	888	1
24	2310	1592	725	4676	2586	1232.0	2400	711	888	0
24	1585	1150	531	3309	2667	911.0	2400	711	888	0
24	300	377	192	902	3829	357.0	2400	711	888	0
24	299	375	191	897	3824	355.0	2400	711	888	0
24	300	377	192	902	3829	357.0	2400	711	888	0
25	299	375	191	897	3824	355.0	2400	1066	666	1
25	300	377	192	903	3829	357.0	2400	1066	666	1
25	2501	1370	659	4541	2394	868.0	2400	1066	666	1
25	2502	1373	660	4545	2396	871.0	2400	1066	666	1
25	2580	1408	676	4674	2389	889.0	2400	1066	666	1
25	2579	1406	676	4671	2389	887.0	2400	1066	666	1
25	2582	1408	677	4676	2389	888.0	2400	1066	666	1
25	2586	1410	678	4683	2389	889.0	2400	1066	666	1
25	2585	1409	677	4680	2388	889.0	2400	1066	666	1
25	2586	1409	677	4681	2388	888.0	2400	1066	666	1
25	2583	1410	678	4680	2391	890.0	2400	1066	666	1
25	2587	1408	677	4681	2388	886.0	2400	1066	666	1
25	2582	1411	678	4680	2391	892.0	2400	1066	666	1
25	2578	1403	675	4665	2388	883.0	2400	1066	666	1
25	2583	1409	677	4678	2389	889.0	2400	1066	666	1
25	2500	1370	659	4539	2395	868.0	2400	1066	666	1
25	2502	1373	660	4545	2396	871.0	2400	1066	666	1
25	2500	1370	659	4540	2395	868.0	2400	1066	666	1
25	2502	1372	660	4544	2396	870.0	2400	1066	666	1
25	2500	1370	659	4539	2395	868.0	2400	1066	666	1
25	2502	1373	660	4544	2396	871.0	2400	1066	666	1
25	2510	1375	661	4556	2394	871.0	2400	1066	666	1
25	2501	1372	660	4544	2396	870.0	2400	1066	666	1
25	2500	1371	659	4540	2395	869.0	2400	1066	666	1
25	2501	1372	660	4543	2396	870.0	2400	1066	666	1
25	2500	1371	659	4540	2395	869.0	2400	1066	666	1
25	2567	1402	674	4653	2391	886.0	2400	1066	666	1
25	2584	1409	677	4680	2389	889.0	2400	1066	666	1
25	2575	1405	675	4665	2389	887.0	2400	1066	666	1
25	2583	1408	677	4678	2389	888.0	2400	1066	666	1
25	2585	1410	678	4682	2390	890.0	2400	1066	666	1
25	2582	1408	677	4676	2389	888.0	2400	1066	666	1
25	2587	1410	678	4684	2389	889.0	2400	1066	666	1
25	2581	1409	677	4677	2390	890.0	2400	1066	666	1
25	2588	1409	677	4684	2387	888.0	2400	1066	666	1
25	2581	1409	677	4676	2390	890.0	2400	1066	666	1
25	2588	1409	677	4684	2387	888.0	2400	1066	666	1
25	2500	1371	659	4540	2395	869.0	2400	1066	666	1
25	2501	1372	660	4543	2396	870.0	2400	1066	666	1
25	2501	1371	659	4541	2394	869.0	2400	1066	666	1
25	2501	1372	660	4543	2396	870.0	2400	1066	666	1
25	2510	1375	661	4557	2394	871.0	2400	1066	666	1
25	2501	1372	660	4544	2396	870.0	2400	1066	666	1
25	2500	1370	659	4540	2395	868.0	2400	1066	666	1
25	2501	1372	660	4544	2396	870.0	2400	1066	666	1
25	2510	1375	661	4555	2394	871.0	2400	1066	666	0
25	4519	2283	1089	7880	2305	1339.0	2400	1066	666	0
25	4781	2402	1145	8315	2299	1401.0	2400	1066	666	0
25	4777	2399	1143	8306	2298	1399.0	2400	1066	666	0
25	4779	2403	1145	8313	2299	1403.0	2400	1066	666	0
26	4773	2398	1143	8301	2299	1398.0	2400	1422	444	1
26	4015	2055	982	7046	2320	1221.0	2400	1422	444	1
26	2763	1193	613	4540	2221	537.0	2400	1422	444	1
26	2765	1196	614	4547	2221	540.0	2400	1422	444	1
26	2763	1193	613	4541	2221	537.0	2400	1422	444	1
26	2765	1196	615	4548	2223	539.0	2400	1422	444	1
26	2763	1193	613	4541	2221	537.0	2400	1422	444	1
26	2766	1197	615	4549	2223	541.0	2400	1422	444	1
26	2763	1193	613	4541	2221	537.0	2400	1422	444	1
26	2851	1225	629	4674	2215	547.0	2400	1422	444	1
26	2857	1225	629	4680	2214	545.0	2400	1422	444	1
26	2860	1227	630	4686	2214	547.0	2400	1422	444	1
26	2859	1225	630	4683	2214	544.0	2400	1422	444	1
26	2857	1226	630	4683	2215	546.0	2400	1422	444	1
26	2845	1223	628	4666	2216	547.0	2400	1422	444	1
26	2862	1225	630	4686	2214	543.0	2400	1422	444	1
26	2855	1226	630	4681	2216	547.0	2400	1422	444	1
26	2862	1225	630	4686	2214	543.0	2400	1422	444	1
26	2857	1226	630	4683	2215	546.0	2400	1422	444	1
26	2860	1225	629	4683	2213	544.0	2400	1422	444	1
26	2765	1196	614	4547	2221	540.0	2400	1422	444	1
26	2764	1194	613	4543	2220	538.0	2400	1422	444	1
26	2776	1199	616	4563	2221	540.0	2400	1422	444	1
26	2764	1194	614	4543	2222	537.0	2400	1422	444	1
26	2765	1195	614	4546	2221	539.0	2400	1422	444	1
26	2764	1194	614	4544	2222	537.0	2400	1422	444	1
26	2765	1195	614	4546	2221	539.0	2400	1422	444	1
26	2764	1195	614	4544	2222	539.0	2400	1422	444	1
26	2764	1195	614	4545	2222	539.0	2400	1422	444	1
26	2763	1195	614	4543	2222	539.0	2400	1422	444	1
26	2764	1195	614	4544	2222	539.0	2400	1422	444	1
26	2787	1203	618	4579	2220	541.0	2400	1422	444	1
26	2858	1226	630	4683	2215	546.0	2400	1422	444	1
26	2858	1225	629	4682	2213	545.0	2400	1422	444	1
26	2861	1226	630	4685	2213	545.0	2400	1422	444	1
26	2855	1224	629	4678	2214	544.0	2400	1422	444	1
26	2862	1228	631	4690	2215	547.0	2400	1422	444	1
26	2854	1225	629	4677	2215	546.0	2400	1422	444	1
26	2853	1223	629	4674	2215	543.0	2400	1422	444	1
26	2854	1225	629	4677	2215	546.0	2400	1422	444	1
26	2862	1227	631	4689	2215	545.0	2400	1422	444	1
26	2856	1225	629	4680	2214	545.0	2400	1422	444	1
26	2776	1199	616	4564	2222	540.0	2400	1422	444	1
26	2764	1193	613	4542	2220	536.0	2400	1422	444	1
26	2765	1196	614	4547	2221	540.0	2400	1422	444	1
26	2763	1193	613	4541	2221	537.0	2400	1422	444	0
26	2765	1196	614	4547	2221	540.0	2400	1422	444	0
26	298	375	191	896	3832	355.0	2400	1422	444	0
26	300	377	192	902	3829	357.0	2400	1422	444	0
26	298	375	191	896	3832	355.0	2400	1422	444	0
27	300	377	191	902	3816	357.0	2400	1777	222	1
27	2740	963	535	4181	2103	238.0	2400	1777	222	1
27	3132	1054	589	4704	2072	215.0	2400	1777	222	1
27	3030	1032	575	4571	2080	224.0	2400	1777	222	1
27	3026	1029	574	4562	2079	221.0	2400	1777	222	1
27	3028	1032	575	4567	2079	224.0	2400	1777	222	1
27	3026	1029	574	4561	2078	221.0	2400	1777	222	1
27	3030	1032	575	4570	2080	224.0	2400	1777	222	1
27	3041	1032	576	4581	2077	220.0	2400	1777	222	1
27	3030	1032	575	4571	2080	224.0	2400	1777	222	1
27	3029	1030	574	4566	2078	222.0	2400	1777	222	1
27	3030	1032	575	4571	2080	224.0	2400	1777	222	1
27	3039	1033	576	4580	2078	222.0	2400	1777	222	1
27	3031	1032	575	4571	2079	223.0	2400	1777	222	1
27	3053	1036	578	4599	2077	220.0	2400	1777	222	1
27	3130	1056	589	4705	2072	219.0	2400	1777	222	1
27	3125	1053	588	4695	2072	217.0	2400	1777	222	1
27	3132	1056	590	4708	2073	218.0	2400	1777	222	1
27	3135	1056	589	4709	2071	217.0	2400	1777	222	1
27	3132	1055	589	4706	2072	217.0	2400	1777	222	1
27	3137	1057	590	4713	2072	218.0	2400	1777	222	1
27	3129	1055	589	4702	2073	218.0	2400	1777	222	1
27	3136	1057	590	4712	2072	218.0	2400	1777	222	1
27	3127	1055	589	4701	2073	218.0	2400	1777	222	1
27	3125	1054	588	4697	2072	218.0	2400	1777	222	1
27	3034	1032	575	4574	2079	223.0	2400	1777	222	1
27	3029	1031	575	4568	2080	223.0	2400	1777	222	1
27	3030	1032	575	4570	2080	224.0	2400	1777	222	1
27	3028	1031	575	4567	2080	223.0	2400	1777	222	1
27	3028	1032	575	4568	2080	224.0	2400	1777	222	1
27	3029	1031	575	4568	2080	223.0	2400	1777	222	1
27	3030	1032	575	4570	2080	224.0	2400	1777	222	1
27	3041	1033	576	4583	2078	221.0	2400	1777	222	1
27	3029	1032	575	4570	2080	224.0	2400	1777	222	1
27	3026	1030	574	4564	2079	223.0	2400	1777	222	1
27	3028	1032	575	4569	2080	224.0	2400	1777	222	1
27	3026	1030	574	4563	2079	223.0	2400	1777	222	1
27	3130	1055	589	4703	2072	217.0	2400	1777	222	1
27	3131	1057	590	4707	2073	219.0	2400	1777	222	1
27	3121	1053	587	4691	2072	219.0	2400	1777	222	1
27	3128	1056	589	4704	2074	220.0	2400	1777	222	1
27	3134	1055	589	4708	2072	216.0	2400	1777	222	1
27	3127	1056	589	4703	2074	220.0	2400	1777	222	1
27	3134	1055	589	4708	2072	216.0	2400	1777	222	1
27	3128	1057	589	4704	2073	221.0	2400	1777	222	1
27	3132	1055	589	4705	2072	217.0	2400	1777	222	0
27	3131	1057	590	4707	2073	219.0	2400	1777	222	0
27	5852	1707	971	8358	1975	83.0	2400	1777	222	0
27	5854	1709	972	8365	1976	85.0	2400	1777	222	0
27	5848	1706	971	8354	1976	83.0	2400	1777	222	0
28	5857	1709	973	8368	1977	83.0	2400	2133	0	1
28	5846	1706	970	8352	1976	84.0	2400	2133	0	1
28	3244	1019	587	4764	2038	125.0	2400	2133	0	1
28	3411	969	585	4858	1994	0.0	2400	2133	0	1
28	3424	973	588	4877	1994	0.0	2400	2133	0	1
28	3409	970	586	4858	1996	0.0	2400	2133	0	1
28	3414	970	586	4862	1994	0.0	2400	2133	0	1
28	3420	972	587	4872	1995	0.0	2400	2133	0	1
28	3303	949	572	4720	2000	6.0	2400	2133	0	1
28	3317	953	574	4740	2000	7.0	2400	2133	0	1
28	3302	949	572	4720	2001	7.0	2400	2133	0	1
28	3303	950	572	4723	2001	8.0	2400	2133	0	1
28	3303	949	572	4721	2001	6.0	2400	2133	0	1
28	3303	950	572	4722	2001	8.0	2400	2133	0	1
28	3303	949	572	4721	2001	6.0	2400	2133	0	1
28	3303	950	572	4722	2001	8.0	2400	2133	0	1
28	3304	949	572	4722	2001	6.0	2400	2133	0	1
28	3303	949	572	4722	2001	6.0	2400	2133	0	1
28	3304	950	572	4723	2001	8.0	2400	2133	0	1
28	3304	949	572	4722	2001	6.0	2400	2133	0	1
28	3422	972	587	4874	1994	0.0	2400	2133	0	1
28	3416	970	586	4864	1993	0.0	2400	2133	0	1
28	3421	972	587	4872	1994	0.0	2400	2133	0	1
28	3417	970	586	4865	1993	0.0	2400	2133	0	1
28	3418	970	586	4867	1994	0.0	2400	2133	0	1
28	3403	969	585	4851	1996	0.0	2400	2133	0	1
28	3420	971	587	4869	1994	0.0	2400	2133	0	1
28	3415	972	587	4866	1995	0.0	2400	2133	0	1
28	3421	971	587	4870	1994	0.0	2400	2133	0	1
28	3413	971	587	4864	1996	0.0	2400	2133	0	1
28	3381	963	582	4820	1996	0.0	2400	2133	0	1
28	3304	951	573	4724	2001	8.0	2400	2133	0	1
28	3301	948	571	4718	2000	6.0	2400	2133	0	1
28	3317	953	574	4741	2001	7.0	2400	2133	0	1
28	3302	948	571	4719	2000	6.0	2400	2133	0	1
28	3305	951	573	4726	2002	8.0	2400	2133	0	1
28	3303	948	572	4719	2000	5.0	2400	2133	0	1
28	3304	951	573	4725	2002	8.0	2400	2133	0	1
28	3303	948	572	4720	2001	5.0	2400	2133	0	1
28	3305	951	573	4726	2002	8.0	2400	2133	0	1
28	3303	948	572	4720	2001	5.0	2400	2133	0	1
28	3304	951	573	4725	2002	8.0	2400	2133	0	1
28	3425	974	588	4878	1994	0.0	2400	2133	0	1
28	3412	969	586	4859	1994	0.0	2400	2133	0	1
28	3421	973	588	4874	1995	0.0	2400	2133	0	1
28	3415	970	586	4863	1994	0.0	2400	2133	0	0
28	2003	702	408	3068	2133	159.0	2400	2133	0	0
28	299	376	191	899	3824	356.0	2400	2133	0	0
28	301	378	192	903	3821	358.0	2400	2133	0	0
28	299	376	191	899	3824	356.0	2400	2133	0	0
29	300	377	192	902	3829	357.0	2400	0	1555	1
29	299	376	191	899	3824	356.0	2400	0	1555	1
29	1857	2089	884	4948	3204	2047.0	2400	0	1555	1
29	1909	2144	906	5079	3199	2101.0	2400	0	1555	1
29	1912	2155	911	5099	3206	2113.0	2400	0	1555	1
29	1914	2151	909	5095	3200	2108.0	2400	0	1555	1
29	1912	2155	910	5098	3204	2114.0	2400	0	1555	1
29	1914	2152	909	5096	3200	2109.0	2400	0	1555	1
29	1913	2153	910	5097	3203	2111.0	2400	0	1555	1
29	1913	2154	910	5097	3203	2112.0	2400	0	1555	1
29	1912	2155	910	5098	3204	2114.0	2400	0	1555	1
29	1914	2151	908	5095	3198	2109.0	2400	0	1555	1
29	1911	2155	910	5098	3205	2114.0	2400	0	1555	1
29	1887	2120	896	5023	3200	2077.0	2400	0	1555	1
29	1854	2088	883	4944	3205	2047.0	2400	0	1555	1
29	1853	2087	883	4941	3206	2046.0	2400	0	1555	1
29	1854	2089	883	4944	3205	2049.0	2400	0	1555	1
29	1853	2087	883	4940	3206	2046.0	2400	0	1555	1
29	1854	2089	884	4945	3207	2048.0	2400	0	1555	1
29	1860	2094	886	4958	3205	2052.0	2400	0	1555	1
29	1854	2089	884	4945	3207	2048.0	2400	0	1555	1
29	1853	2086	882	4939	3204	2045.0	2400	0	1555	1
29	1855	2089	884	4945	3206	2047.0	2400	0	1555	1
29	1859	2089	883	4949	3200	2047.0	2400	0	1555	1
29	1855	2089	884	4945	3206	2047.0	2400	0	1555	1
29	1911	2153	909	5094	3203	2112.0	2400	0	1555	1
29	1915	2154	910	5099	3201	2112.0	2400	0	1555	1
29	1905	2144	906	5075	3203	2102.0	2400	0	1555	1
29	1913	2150	908	5100	3199	2107.0	2400	0	1555	1
29	1912	2156	911	5100	3206	2115.0	2400	0	1555	1
29	1914	2149	908	5092	3198	2105.0	2400	0	1555	1
29	1912	2156	911	5099	3206	2115.0	2400	0	1555	1
29	1913	2150	908	5091	3199	2107.0	2400	0	1555	1
29	1913	2155	910	5099	3203	2114.0	2400	0	1555	1
29	1912	2151	909	5093	3202	2109.0	2400	0	1555	1
29	1907	2146	907	5080	3203	2104.0	2400	0	1555	1
29	1853	2086	882	4939	3204	2045.0	2400	0	1555	1
29	1855	2089	884	4945	3206	2047.0	2400	0	1555	1
29	1853	2087	882	4940	3204	2046.0	2400	0	1555	1
29	1855	2089	884	4944	3206	2047.0	2400	0	1555	1
29	1853	2087	882	4939	3204	2046.0	2400	0	1555	1
29	1854	2088	883	4944	3205	2047.0	2400	0	1555	1
29	1853	2087	883	4940	3206	2046.0	2400	0	1555	1
29	1861	2096	886	4962	3204	2055.0	2400	0	1555	1
29	1853	2087	883	4940	3206	2046.0	2400	0	1555	1
29	1854	2088	883	4943	3205	2047.0	2400	0	1555	0
29	1853	2087	883	4940	3206	2046.0	2400	0	1555	0
29	3462	3857	1598	9122	3149	3794.0	2400	0	1555	0
29	3458	3861	1600	9124	3153	3800.0	2400	0	1555	0
29	3462	3857	1598	9122	3149	3794.0	2400	0	1555	0
30	3459	3860	1600	9123	3153	3798.0	2400	355	1333	1
30	2771	3096	1291	7324	3166	3042.0	2400	355	1333	1
30	1993	1909	826	4820	2970	1761.0	2400	355	1333	1
30	1994	1910	826	4823	2969	1762.0	2400	355	1333	1
30	1994	1909	826	4821	2969	1761.0	2400	355	1333	1
30	1994	1910	826	4823	2969	1762.0	2400	355	1333	1
30	1994	1909	826	4821	2969	1761.0	2400	355	1333	1
30	1995	1910	826	4823	2968	1762.0	2400	355	1333	1
30	2061	1966	849	4971	2960	1812.0	2400	355	1333	1
30	2058	1970	851	4974	2966	1818.0	2400	355	1333	1
30	2059	1965	849	4968	2962	1811.0	2400	355	1333	1
30	2059	1971	851	4976	2965	1819.0	2400	355	1333	1
30	2058	1966	849	4969	2962	1813.0	2400	355	1333	1
30	2052	1963	848	4958	2965	1811.0	2400	355	1333	1
30	2057	1967	850	4968	2965	1814.0	2400	355	1333	1
30	2055	1968	850	4968	2966	1816.0	2400	355	1333	1
30	2054	1961	847	4957	2962	1808.0	2400	355	1333	1
30	2056	1968	850	4969	2966	1816.0	2400	355	1333	1
30	2060	1967	850	4973	2963	1813.0	2400	355	1333	1
30	1993	1908	825	4819	2968	1760.0	2400	355	1333	1
30	2002	1918	829	4843	2968	1770.0	2400	355	1333	1
30	1993	1908	825	4819	2968	1760.0	2400	355	1333	1
30	1995	1911	827	4825	2970	1763.0	2400	355	1333	1
30	1993	1908	825	4819	2968	1760.0	2400	355	1333	1
30	1995	1911	827	4825	2970	1763.0	2400	355	1333	1
30	1993	1908	825	4819	2968	1760.0	2400	355	1333	1
30	1995	1911	827	4825	2970	1763.0	2400	355	1333	1
30	1993	1908	825	4819	2968	1760.0	2400	355	1333	1
30	1995	1911	827	4825	2970	1763.0	2400	355	1333	1
30	1993	1913	827	4827	2971	1767.0	2400	355	1333	1
30	2025	1942	839	4901	2969	1793.0	2400	355	1333	1
30	2057	1967	849	4968	2963	1815.0	2400	355	1333	1
30	2060	1969	851	4975	2964	1816.0	2400	355	1333	1
30	2061	1968	850	4974	2962	1814.0	2400	355	1333	1
30	2056	1969	850	4970	2966	1818.0	2400	355	1333	1
30	2062	1967	850	4974	2961	1813.0	2400	355	1333	1
30	2049	1961	848	4952	2967	1809.0	2400	355	1333	1
30	2060	1967	850	4971	2963	1813.0	2400	355	1333	1
30	2058	1969	850	4971	2964	1817.0	2400	355	1333	1
30	2059	1967	850	4971	2963	1814.0	2400	355	1333	1
30	2058	1968	850	4972	2964	1815.0	2400	355	1333	1
30	1994	1909	826	4822	2969	1761.0	2400	355	1333	1
30	1993	1909	826	4821	2970	1761.0	2400	355	1333	1
30	1993	1909	826	4821	2970	1761.0	2400	355	1333	1
30	2001	1916	829	4839	2969	1767.0	2400	355	1333	1
30	1993	1909	826	4821	2970	1761.0	2400	355	1333	0
30	1993	1909	826	4821	2970	1761.0	2400	355	1333	0
30	299	376	191	899	3824	356.0	2400	355	1333	0
30	300	377	192	901	3829	357.0	2400	355	1333	0
30	299	376	191	899	3824	356.0	2400	355	1333	0
31	300	377	192	901	3829	357.0	2400	711	1111	1
31	2248	1727	778	898	44714	1426.0	2400	711	1111	1
31	2260	1733	781	4827	2707	1429.0	2400	711	1111	1
31	2260	1734	781	4830	2707	1431.0	2400	711	1111	1
31	2259	1732	780	4825	2706	1429.0	2400	711	1111	1
31	2261	1734	781	4830	2707	1431.0	2400	711	1111	1
31	2259	1736	782	4831	2709	1434.0	2400	711	1111	1
31	2261	1734	781	4830	2707	1431.0	2400	711	1111	1
31	2259	1732	780	4825	2706	1429.0	2400	711	1111	1
31	2261	1735	781	4831	2707	1432.0	2400	711	1111	1
31	2267	1738	783	4843	2706	1434.0	2400	711	1111	1
31	2261	1735	782	4832	2708	1432.0	2400	711	1111	1
31	2259	1732	780	4825	2706	1429.0	2400	711	1111	1
31	2305	1767	795	4922	2705	1458.0	2400	711	1111	1
31	2323	1779	800	4956	2703	1468.0	2400	711	1111	1
31	2338	1786	804	4984	2701	1471.0	2400	711	1111	1
31	2331	1785	803	4973	2703	1472.0	2400	711	1111	1
31	2339	1786	804	4984	2700	1471.0	2400	711	1111	1
31	2332	1785	803	4975	2702	1472.0	2400	711	1111	1
31	2337	1785	803	4981	2700	1470.0	2400	711	1111	1
31	2335	1785	803	4979	2701	1471.0	2400	711	1111	1
31	2334	1786	803	4978	2701	1473.0	2400	711	1111	1
31	2334	1786	803	4979	2701	1473.0	2400	711	1111	1
31	2335	1785	803	4978	2701	1471.0	2400	711	1111	1
31	2261	1735	781	4831	2707	1432.0	2400	711	1111	1
31	2259	1733	780	4826	2706	1431.0	2400	711	1111	1
31	2261	1735	781	4831	2707	1432.0	2400	711	1111	1
31	2259	1733	780	4826	2706	1431.0	2400	711	1111	1
31	2260	1735	781	4831	2707	1433.0	2400	711	1111	1
31	2259	1733	781	4827	2708	1430.0	2400	711	1111	1
31	2269	1741	784	4848	2707	1437.0	2400	711	1111	1
31	2259	1733	781	4827	2708	1430.0	2400	711	1111	1
31	2260	1734	781	4830	2707	1431.0	2400	711	1111	1
31	2259	1733	781	4828	2708	1430.0	2400	711	1111	1
31	2269	1737	782	4842	2704	1432.0	2400	711	1111	1
31	2260	1734	781	4828	2707	1431.0	2400	711	1111	1
31	2336	1788	804	4983	2702	1475.0	2400	711	1111	1
31	2334	1785	803	4977	2701	1471.0	2400	711	1111	1
31	2333	1786	804	4977	2704	1473.0	2400	711	1111	1
31	2337	1785	803	4980	2700	1470.0	2400	711	1111	1
31	2332	1787	804	4978	2704	1474.0	2400	711	1111	1
31	2338	1784	803	4980	2699	1469.0	2400	711	1111	1
31	2333	1787	804	4979	2704	1474.0	2400	711	1111	1
31	2337	1784	803	4978	2700	1469.0	2400	711	1111	1
31	2335	1787	804	4981	2702	1474.0	2400	711	1111	1
31	2334	1783	802	4975	2700	1469.0	2400	711	1111	0
31	2327	1782	802	4965	2704	1470.0	2400	711	1111	0
31	4288	3138	1391	8892	2626	2542.0	2400	711	1111	0
31	4291	3140	1392	8899	2626	2544.0	2400	711	1111	0
31	4286	3138	1391	8891	2627	2543.0	2400	711	1111	0
32	4292	3139	1392	8898	2626	2542.0	2400	1066	888	1
32	4285	3138	1391	8889	2627	2543.0	2400	1066	888	1
32	2479	1689	779	4981	2588	1290.0	2400	1066	888	1
32	2603	1601	755	4974	2496	1129.0	2400	1066	888	1
32	2601	1597	754	4967	2495	1124.0	2400	1066	888	1
32	2604	1601	755	4975	2495	1128.0	2400	1066	888	1
32	2604	1601	755	4976	2495	1128.0	2400	1066	888	1
32	2533	1563	738	4850	2501	1104.0	2400	1066	888	1
32	2521	1555	734	4827	2500	1098.0	2400	1066	888	1
32	2523	1558	736	4833	2502	1101.0	2400	1066	888	1
32	2521	1555	734	4826	2500	1098.0	2400	1066	888	1
32	2533	1561	737	4846	2499	1102.0	2400	1066	888	1
32	2521	1555	734	4826	2500	1098.0	2400	1066	888	1
32	2523	1558	736	4833	2502	1101.0	2400	1066	888	1
32	2521	1555	734	4826	2500	1098.0	2400	1066	888	1
32	2523	1558	736	4833	2502	1101.0	2400	1066	888	1
32	2522	1555	735	4827	2501	1097.0	2400	1066	888	1
32	2523	1558	736	4832	2502	1101.0	2400	1066	888	1
32	2521	1555	734	4826	2500	1098.0	2400	1066	888	1
32	2605	1603	757	4980	2498	1130.0	2400	1066	888	1
32	2609	1600	755	4979	2493	1125.0	2400	1066	888	1
32	2606	1603	756	4980	2496	1130.0	2400	1066	888	1
32	2608	1599	755	4977	2493	1124.0	2400	1066	888	1
32	2608	1603	757	4982	2496	1129.0	2400	1066	888	1
32	2596	1604	757	4957	2502	1134.0	2400	1066	888	1
32	2606	1600	755	4976	2494	1126.0	2400	1066	888	1
32	2610	1604	757	4985	2496	1130.0	2400	1066	888	1
32	2594	1595	753	4957	2496	1124.0	2400	1066	888	1
32	2609	1603	757	4983	2496	1129.0	2400	1066	888	1
32	2542	1566	739	4862	2498	1105.0	2400	1066	888	1
32	2523	1557	735	4831	2500	1100.0	2400	1066	888	1
32	2533	1562	738	4847	2501	1102.0	2400	1066	888	1
32	2523	1557	735	4831	2500	1100.0	2400	1066	888	1
32	2522	1557	735	4830	2501	1100.0	2400	1066	888	1
32	2174	1544	697	4471	2612	1221.0	2400	1066	888	1
32	1780	1529	655	4066	2792	1356.0	2400	1066	888	1
32	1780	1528	654	4064	2790	1355.0	2400	1066	888	1
32	1780	1529	655	4066	2792	1356.0	2400	1066	888	1
32	1779	1527	654	4063	2791	1353.0	2400	1066	888	1
32	1780	1528	655	4065	2792	1354.0	2400	1066	888	1
32	1779	1530	655	4066	2793	1357.0	2400	1066	888	1
32	1836	1573	673	4187	2787	1394.0	2400	1066	888	1
32	1836	1569	671	4181	2783	1389.0	2400	1066	888	1
32	1835	1570	671	4181	2784	1391.0	2400	1066	888	1
32	1837	1574	673	4189	2786	1395.0	2400	1066	888	1
32	1834	1570	671	4180	2784	1391.0	2400	1066	888	0
32	985	908	405	2363	2957	816.0	2400	1066	888	0
32	299	375	191	897	3824	355.0	2400	1066	888	0
32	301	378	192	903	3821	358.0	2400	1066	888	0
32	299	375	191	897	3824	355.0	2400	1066	888	0
33	301	378	192	903	3821	358.0	2400	1422	666	1
33	299	377	191	900	3824	358.0	2400	1422	666	1
33	1817	1381	594	3892	2636	1155.0	2400	1422	666	1
33	1809	1378	593	3879	2639	1153.0	2400	1422	666	1
33	1815	1380	594	3889	2637	1154.0	2400	1422	666	1
33	1803	1374	591	3866	2639	1150.0	2400	1422	666	1
33	1815	1380	594	3889	2637	1154.0	2400	1422	666	1
33	1810	1378	593	3880	2639	1153.0	2400	1422	666	1
33	1815	1380	594	3888	2637	1154.0	2400	1422	666	1
33	1810	1378	593	3880	2639	1153.0	2400	1422	666	1
33	1814	1380	594	3887	2638	1154.0	2400	1422	666	1
33	1814	1379	594	3886	2638	1152.0	2400	1422	666	1
33	1759	1342	579	3777	2645	1123.0	2400	1422	666	1
33	1757	1343	579	3777	2646	1125.0	2400	1422	666	1
33	1756	1341	578	3773	2645	1123.0	2400	1422	666	1
33	1757	1343	579	3776	2646	1125.0	2400	1422	666	1
33	1756	1342	578	3773	2645	1125.0	2400	1422	666	1
33	1758	1345	580	3779	2647	1127.0	2400	1422	666	1
33	1757	1342	578	3774	2644	1124.0	2400	1422	666	1
33	1757	1343	579	3776	2646	1125.0	2400	1422	666	1
33	1757	1342	579	3775	2646	1123.0	2400	1422	666	1
33	1764	1347	581	3789	2645	1128.0	2400	1422	666	1
33	1757	1342	579	3775	2646	1123.0	2400	1422	666	1
33	1757	1342	579	3775	2646	1123.0	2400	1422	666	1
33	1815	1379	594	3888	2637	1152.0	2400	1422	666	1
33	1804	1375	592	3870	2641	1151.0	2400	1422	666	1
33	1815	1379	593	3887	2635	1153.0	2400	1422	666	1
33	1810	1379	593	3882	2639	1154.0	2400	1422	666	1
33	1814	1379	593	3886	2636	1153.0	2400	1422	666	1
33	2870	1418	707	4971	2317	788.0	2400	1422	666	1
33	2871	1419	708	4973	2318	789.0	2400	1422	666	1
33	2869	1418	708	4971	2319	788.0	2400	1422	666	1
33	2872	1419	708	4974	2318	789.0	2400	1422	666	1
33	2868	1419	708	4971	2319	790.0	2400	1422	666	1
33	2850	1408	702	4936	2317	783.0	2400	1422	666	1
33	2776	1381	689	4825	2326	774.0	2400	1422	666	1
33	2775	1379	688	4819	2324	772.0	2400	1422	666	1
33	2777	1382	689	4825	2324	775.0	2400	1422	666	1
33	2775	1379	688	4819	2324	772.0	2400	1422	666	1
33	2777	1382	689	4825	2324	775.0	2400	1422	666	1
33	2775	1379	688	4819	2324	772.0	2400	1422	666	1
33	2788	1386	691	4842	2323	776.0	2400	1422	666	1
33	2774	1379	688	4819	2324	772.0	2400	1422	666	1
33	2777	1382	689	4825	2324	775.0	2400	1422	666	1
33	2775	1379	688	4819	2324	772.0	2400	1422	666	1
33	2787	1384	691	4840	2324	773.0	2400	1422	666	0
33	2870	1417	707	4969	2317	787.0	2400	1422	666	0
33	5344	2423	1203	8893	2227	1208.0	2400	1422	666	0
33	5342	2421	1205	8889	2228	1204.0	2400	1422	666	0
33	5336	2417	1203	8875	2227	1202.0	2400	1422	666	0
34	5343	2421	1205	8889	2228	1204.0	2400	1777	444	1
34	3963	1860	927	6701	2264	970.0	2400	1777	444	1
34	3035	1204	643	4822	2168	444.0	2400	1777	444	1
34	3034	1202	642	4818	2167	442.0	2400	1777	444	1
34	3035	1204	643	4822	2168	444.0	2400	1777	444	1
34	3034	1203	642	4819	2167	443.0	2400	1777	444	1
34	3035	1204	643	4822	2168	444.0	2400	1777	444	1
34	3135	1234	659	4965	2161	447.0	2400	1777	444	1
34	3142	1235	660	4974	2161	446.0	2400	1777	444	1
34	3137	1235	660	4967	2161	447.0	2400	1777	444	1
34	3140	1235	660	4970	2160	446.0	2400	1777	444	1
34	3140	1235	660	4971	2160	446.0	2400	1777	444	1
34	3137	1234	659	4967	2161	446.0	2400	1777	444	1
34	3142	1236	660	4974	2160	447.0	2400	1777	444	1
34	3135	1234	659	4964	2160	447.0	2400	1777	444	1
34	3131	1232	658	4958	2161	446.0	2400	1777	444	1
34	3144	1236	660	4976	2159	447.0	2400	1777	444	1
34	3097	1221	652	4908	2162	444.0	2400	1777	444	1
34	3047	1208	645	4839	2167	445.0	2400	1777	444	1
34	3034	1202	642	4818	2167	442.0	2400	1777	444	1
34	3035	1204	643	4822	2168	444.0	2400	1777	444	1
34	3033	1202	642	4817	2167	442.0	2400	1777	444	1
34	3042	1205	644	4829	2166	442.0	2400	1777	444	1
34	3033	1202	642	4817	2167	442.0	2400	1777	444	1
34	3035	1204	643	4822	2168	444.0	2400	1777	444	1
34	3033	1202	642	4817	2167	442.0	2400	1777	444	1
34	1735	1158	503	3489	2495	896.0	2400	1777	444	1
34	1732	1155	502	3481	2495	893.0	2400	1777	444	1
34	1735	1158	503	3488	2495	896.0	2400	1777	444	1
34	1789	1185	514	3582	2485	913.0	2400	1777	444	1
34	1789	1188	515	3587	2487	917.0	2400	1777	444	1
34	1787	1185	514	3580	2486	913.0	2400	1777	444	1
34	1790	1189	515	3588	2487	918.0	2400	1777	444	1
34	1787	1184	514	3579	2486	912.0	2400	1777	444	1
34	1779	1181	512	3567	2487	911.0	2400	1777	444	1
34	1792	1188	515	3589	2485	916.0	2400	1777	444	1
34	1785	1185	514	3578	2488	914.0	2400	1777	444	1
34	1791	1188	515	3588	2486	916.0	2400	1777	444	1
34	1780	1182	513	3569	2489	912.0	2400	1777	444	1
34	1789	1187	515	3585	2487	915.0	2400	1777	444	1
34	1733	1156	502	3483	2494	894.0	2400	1777	444	1
34	1734	1158	503	3488	2496	896.0	2400	1777	444	1
34	1739	1159	504	3495	2495	895.0	2400	1777	444	1
34	1734	1158	503	3487	2496	896.0	2400	1777	444	1
34	1733	1156	502	3483	2494	894.0	2400	1777	444	1
34	1734	1157	503	3487	2496	895.0	2400	1777	444	0
34	1733	1156	503	3484	2496	893.0	2400	1777	444	0
34	300	377	192	901	3829	357.0	2400	1777	444	0
34	300	376	191	900	3816	356.0	2400	1777	444	0
34	300	377	192	901	3829	357.0	2400	1777	444	0
35	300	376	191	900	3816	356.0	2400	2133	222	1
35	300	376	191	900	3816	356.0	2400	2133	222	1
35	1712	984	433	3219	2354	680.0	2400	2133	222	1
35	1712	984	433	3217	2354	680.0	2400	2133	222	1
35	1712	983	433	3215	2354	678.0	2400	2133	222	1
35	1713	984	434	3218	2356	679.0	2400	2133	222	1
35	1712	983	433	3215	2354	678.0	2400	2133	222	1
35	1712	985	434	3218	2356	681.0	2400	2133	222	1
35	1718	986	434	3225	2353	680.0	2400	2133	222	1
35	1713	985	434	3219	2356	680.0	2400	2133	222	1
35	1711	983	433	3214	2355	679.0	2400	2133	222	1
35	1713	985	434	3219	2356	680.0	2400	2133	222	1
35	1760	1004	441	3294	2345	690.0	2400	2133	222	1
35	1767	1008	443	3308	2346	693.0	2400	2133	222	1
35	1765	1006	442	3303	2345	691.0	2400	2133	222	1
35	1767	1009	443	3309	2346	694.0	2400	2133	222	1
35	1758	1003	441	3291	2346	689.0	2400	2133	222	1
35	1768	1009	444	3310	2347	693.0	2400	2133	222	1
35	1764	1005	442	3300	2345	690.0	2400	2133	222	1
35	1768	1009	444	3311	2347	693.0	2400	2133	222	1
35	1763	1005	442	3299	2346	690.0	2400	2133	222	1
35	1763	1005	442	3299	2346	690.0	2400	2133	222	1
35	1769	1009	444	3311	2347	693.0	2400	2133	222	1
35	1711	983	433	3213	2355	679.0	2400	2133	222	1
35	1713	985	434	3219	2356	680.0	2400	2133	222	1
35	1711	983	433	3214	2355	679.0	2400	2133	222	1
35	1713	985	434	3220	2356	680.0	2400	2133	222	1
35	1711	983	433	3214	2355	679.0	2400	2133	222	1
35	1719	988	435	3229	2355	682.0	2400	2133	222	1
35	1711	983	433	3214	2355	679.0	2400	2133	222	1
35	1712	985	434	3219	2356	681.0	2400	2133	222	1
35	1711	983	433	3215	2355	679.0	2400	2133	222	1
35	1719	987	435	3229	2355	681.0	2400	2133	222	1
35	1711	984	433	3215	2355	680.0	2400	2133	222	1
35	1738	996	438	3260	2351	687.0	2400	2133	222	1
35	1767	1007	443	3307	2346	691.0	2400	2133	222	1
35	1759	1005	442	3294	2348	691.0	2400	2133	222	1
35	1765	1007	442	3304	2345	692.0	2400	2133	222	1
35	1766	1007	443	3305	2346	691.0	2400	2133	222	1
35	1767	1007	443	3306	2346	691.0	2400	2133	222	1
35	1764	1007	442	3302	2345	693.0	2400	2133	222	1
35	1767	1008	443	3307	2346	693.0	2400	2133	222	1
35	1764	1007	443	3303	2347	692.0	2400	2133	222	1
35	1767	1007	443	3307	2346	691.0	2400	2133	222	1
35	1764	1007	443	3303	2347	692.0	2400	2133	222	1
35	1711	983	433	3215	2355	679.0	2400	2133	222	0
35	1901	1066	466	3529	2324	724.0	2400	2133	222	0
35	3171	1610	683	5608	2211	1011.0	2400	2133	222	0
35	3172	1612	684	5612	2212	1013.0	2400	2133	222	0
35	3170	1610	683	5605	2211	1012.0	2400	2133	222	0
36	3173	1613	684	5613	2212	1015.0	2400	2488	0	1
36	3168	1609	683	5603	2212	1011.0	2400	2488	0	1
36	1754	949	422	3212	2307	619.0	2400	2488	0	1
36	1750	914	409	3159	2281	575.0	2400	2488	0	1
36	1757	918	411	3173	2282	577.0	2400	2488	0	1
36	1750	914	409	3160	2281	575.0	2400	2488	0	1
36	1756	918	411	3172	2282	578.0	2400	2488	0	1
36	1701	897	402	3086	2291	569.0	2400	2488	0	1
36	1698	895	401	3079	2290	567.0	2400	2488	0	1
36	1708	900	403	3096	2289	571.0	2400	2488	0	1
36	1699	895	401	3079	2290	567.0	2400	2488	0	1
36	1701	897	402	3086	2291	569.0	2400	2488	0	1
36	1699	895	401	3080	2290	567.0	2400	2488	0	1
36	1701	897	402	3086	2291	569.0	2400	2488	0	1
36	1699	895	401	3080	2290	567.0	2400	2488	0	1
36	1701	897	402	3085	2291	569.0	2400	2488	0	1
36	1699	895	401	3080	2290	567.0	2400	2488	0	1
36	1732	909	407	3134	2286	574.0	2400	2488	0	1
36	1752	915	409	3163	2280	576.0	2400	2488	0	1
36	1757	918	411	3173	2282	577.0	2400	2488	0	1
36	1751	915	409	3162	2280	576.0	2400	2488	0	1
36	1757	918	411	3173	2282	577.0	2400	2488	0	1
36	1752	915	410	3164	2282	575.0	2400	2488	0	1
36	1756	918	411	3171	2282	578.0	2400	2488	0	1
36	1753	916	410	3167	2282	576.0	2400	2488	0	1
36	1749	914	409	3169	2281	575.0	2400	2488	0	1
36	1753	916	410	3166	2282	576.0	2400	2488	0	1
36	1756	918	410	3171	2280	578.0	2400	2488	0	1
36	1701	897	402	3085	2291	569.0	2400	2488	0	1
36	1707	900	403	3095	2290	571.0	2400	2488	0	1
36	1701	897	402	3084	2291	569.0	2400	2488	0	1
36	1701	897	402	3086	2291	569.0	2400	2488	0	1
36	1700	896	402	3084	2291	568.0	2400	2488	0	1
36	1701	898	402	3086	2291	570.0	2400	2488	0	1
36	1700	896	402	3083	2291	568.0	2400	2488	0	1
36	1702	898	403	3087	2293	569.0	2400	2488	0	1
36	1700	896	402	3082	2291	568.0	2400	2488	0	1
36	1701	898	402	3087	2291	570.0	2400	2488	0	1
36	1699	896	401	3082	2290	569.0	2400	2488	0	1
36	1702	898	403	3087	2293	569.0	2400	2488	0	1
36	1755	916	410	3168	2281	575.0	2400	2488	0	1
36	1755	918	411	3171	2283	578.0	2400	2488	0	1
36	1753	916	409	3165	2279	577.0	2400	2488	0	1
36	1755	918	411	3171	2283	578.0	2400	2488	0	1
36	1756	918	411	3173	2282	578.0	2400	2488	0	1
36	1745	912	408	3152	2281	574.0	2400	2488	0	0
36	807	566	268	1692	2656	435.0	2400	2488	0	0
36	299	376	191	899	3824	356.0	2400	2488	0	0
36	301	379	192	905	3821	359.0	2400	2488	0	0
36	299	376	191	899	3824	356.0	2400	2488	0	0
37	301	378	192	905	3821	358.0	2400	0	1777	1
37	469	581	274	1367	3616	564.0	2400	0	1777	1
37	1929	2337	984	5377	3334	2342.0	2400	0	1777	1
37	1920	2324	979	5348	3333	2328.0	2400	0	1777	1
37	1927	2338	985	5376	3338	2343.0	2400	0	1777	1
37	1928	2331	982	5367	3331	2334.0	2400	0	1777	1
37	1926	2338	984	5374	3337	2344.0	2400	0	1777	1
37	1928	2332	982	5368	3331	2336.0	2400	0	1777	1
37	1926	2336	984	5372	3337	2341.0	2400	0	1777	1
37	1927	2333	982	5369	3332	2337.0	2400	0	1777	1
37	1928	2335	983	5372	3333	2340.0	2400	0	1777	1
37	1926	2335	983	5369	3335	2340.0	2400	0	1777	1
37	1867	2262	954	5205	3337	2265.0	2400	0	1777	1
37	1867	2263	954	5207	3337	2267.0	2400	0	1777	1
37	1867	2262	954	5206	3337	2265.0	2400	0	1777	1
37	1867	2262	954	5207	3337	2265.0	2400	0	1777	1
37	1867	2262	954	5206	3337	2265.0	2400	0	1777	1
37	1867	2262	954	5206	3337	2265.0	2400	0	1777	1
37	1868	2262	954	5206	3336	2265.0	2400	0	1777	1
37	1874	2270	957	5225	3336	2274.0	2400	0	1777	1
37	1868	2263	954	5207	3336	2267.0	2400	0	1777	1
37	1867	2262	954	5205	3337	2265.0	2400	0	1777	1
37	1868	2263	954	5207	3336	2267.0	2400	0	1777	1
37	1919	2325	979	5349	3334	2330.0	2400	0	1777	1
37	1927	2336	984	5373	3336	2341.0	2400	0	1777	1
37	1927	2332	982	5366	3332	2336.0	2400	0	1777	1
37	1926	2337	984	5373	3337	2343.0	2400	0	1777	1
37	1921	2322	978	5347	3330	2325.0	2400	0	1777	1
37	1926	2336	984	5372	3337	2341.0	2400	0	1777	1
37	1927	2332	982	5367	3332	2336.0	2400	0	1777	1
37	1926	2334	983	5368	3335	2339.0	2400	0	1777	1
37	1929	2334	983	5371	3332	2338.0	2400	0	1777	1
37	1924	2335	983	5368	3337	2341.0	2400	0	1777	1
37	1895	2291	966	5275	3333	2293.0	2400	0	1777	1
37	1866	2261	953	5203	3336	2265.0	2400	0	1777	1
37	1868	2264	955	5209	3338	2267.0	2400	0	1777	1
37	1866	2261	953	5203	3336	2265.0	2400	0	1777	1
37	1868	2263	955	5209	3338	2266.0	2400	0	1777	1
37	1866	2261	953	5203	3336	2265.0	2400	0	1777	1
37	1875	2272	958	5229	3337	2276.0	2400	0	1777	1
37	1867	2261	953	5203	3335	2265.0	2400	0	1777	1
37	1868	2264	955	5209	3338	2267.0	2400	0	1777	1
37	1866	2261	953	5203	3336	2265.0	2400	0	1777	1
37	1875	2272	958	5228	3337	2276.0	2400	0	1777	1
37	1867	2261	953	5203	3335	2265.0	2400	0	1777	1
37	1930	2333	983	5372	3331	2336.0	2400	0	1777	0
37	1924	2335	983	5368	3337	2341.0	2400	0	1777	0
37	3492	4216	1744	9667	3293	4244.0	2400	0	1777	0
37	3488	4215	1744	9658	3296	4243.0	2400	0	1777	0
37	3487	4212	1742	9656	3294	4241.0	2400	0	1777	0
38	3486	4216	1744	9660	3297	4246.0	2400	355	1555	1
38	2476	2992	1249	6874	3312	3004.0	2400	355	1555	1
38	1853	2087	883	4941	3206	2046.0	2400	355	1555	1
38	1853	2087	883	4941	3206	2046.0	2400	355	1555	1
38	1853	2088	883	4942	3206	2047.0	2400	355	1555	1
38	1944	2093	894	5038	3143	2018.0	2400	355	1555	1
38	2086	2161	929	5277	3087	2053.0	2400	355	1555	1
38	2082	2164	930	5278	3092	2058.0	2400	355	1555	1
38	2086	2160	928	5275	3085	2052.0	2400	355	1555	1
38	2083	2164	930	5279	3092	2058.0	2400	355	1555	1
38	2084	2161	929	5275	3089	2054.0	2400	355	1555	1
38	2085	2163	930	5279	3090	2056.0	2400	355	1555	1
38	2083	2162	929	5276	3090	2056.0	2400	355	1555	1
38	2079	2154	926	5260	3087	2047.0	2400	355	1555	1
38	2081	2163	929	5274	3091	2058.0	2400	355	1555	1
38	2087	2161	929	5278	3086	2053.0	2400	355	1555	1
38	2082	2163	929	5275	3091	2058.0	2400	355	1555	1
38	2018	2095	902	5114	3093	1991.0	2400	355	1555	1
38	2020	2098	903	5119	3094	1994.0	2400	355	1555	1
38	2018	2096	902	5114	3093	1992.0	2400	355	1555	1
38	2028	2106	906	5139	3093	2002.0	2400	355	1555	1
38	2018	2096	902	5114	3093	1992.0	2400	355	1555	1
38	2021	2098	903	5120	3093	1994.0	2400	355	1555	1
38	2019	2096	902	5114	3093	1992.0	2400	355	1555	1
38	2021	2098	903	5121	3093	1994.0	2400	355	1555	1
38	2018	2096	902	5114	3093	1992.0	2400	355	1555	1
38	2020	2098	903	5121	3094	1994.0	2400	355	1555	1
38	2018	2096	902	5115	3093	1992.0	2400	355	1555	1
38	2089	2162	929	5281	3085	2054.0	2400	355	1555	1
38	2082	2163	930	5276	3092	2057.0	2400	355	1555	1
38	2087	2162	929	5279	3086	2054.0	2400	355	1555	1
38	2084	2163	929	5277	3089	2057.0	2400	355	1555	1
38	2086	2163	930	5280	3089	2056.0	2400	355	1555	1
38	2085	2161	929	5277	3088	2053.0	2400	355	1555	1
38	2085	2165	931	5282	3092	2058.0	2400	355	1555	1
38	2084	2165	930	5280	3091	2059.0	2400	355	1555	1
38	2079	2152	925	5258	3086	2044.0	2400	355	1555	1
38	2084	2165	930	5280	3091	2059.0	2400	355	1555	1
38	2086	2160	928	5276	3085	2052.0	2400	355	1555	1
38	2000	2096	900	5097	3105	2000.0	2400	355	1555	1
38	1860	2095	886	4960	3205	2054.0	2400	355	1555	1
38	1853	2088	883	4942	3206	2047.0	2400	355	1555	1
38	1854	2088	883	4943	3205	2047.0	2400	355	1555	1
38	1853	2087	883	4942	3206	2046.0	2400	355	1555	1
38	1854	2088	883	4943	3205	2047.0	2400	355	1555	1
38	1853	2087	883	4941	3206	2046.0	2400	355	1555	0
38	1854	2088	883	4944	3205	2047.0	2400	355	1555	0
38	300	376	191	900	3816	356.0	2400	355	1555	0
38	301	378	192	904	3821	358.0	2400	355	1555	0
38	300	376	191	900	3816	356.0	2400	355	1555	0
39	301	378	192	904	3821	358.0	2400	711	1333	1
39	299	376	191	899	3824	356.0	2400	711	1333	1
39	1830	1902	807	4652	3071	1817.0	2400	711	1333	1
39	1828	1902	807	4650	3072	1817.0	2400	711	1333	1
39	1826	1899	806	4644	3072	1814.0	2400	711	1333	1
39	1828	1902	807	4650	3072	1817.0	2400	711	1333	1
39	1833	1906	809	4660	3072	1821.0	2400	711	1333	1
39	1828	1902	807	4650	3072	1817.0	2400	711	1333	1
39	1826	1899	806	4643	3072	1814.0	2400	711	1333	1
39	1828	1902	807	4650	3072	1817.0	2400	711	1333	1
39	1833	1906	809	4660	3072	1821.0	2400	711	1333	1
39	1887	1961	831	4795	3068	1874.0	2400	711	1333	1
39	1885	1957	829	4788	3066	1870.0	2400	711	1333	1
39	1886	1961	831	4795	3069	1874.0	2400	711	1333	1
39	1878	1950	827	4771	3068	1862.0	2400	711	1333	1
39	1886	1961	831	4794	3069	1874.0	2400	711	1333	1
39	1885	1957	830	4787	3068	1869.0	2400	711	1333	1
39	1886	1960	831	4793	3069	1873.0	2400	711	1333	1
39	1884	1959	830	4788	3069	1872.0	2400	711	1333	1
39	1887	1959	830	4792	3066	1871.0	2400	711	1333	1
39	1883	1959	830	4788	3070	1873.0	2400	711	1333	1
39	1887	1960	830	4790	3066	1873.0	2400	711	1333	1
39	1827	1901	807	4647	3073	1816.0	2400	711	1333	1
39	1827	1901	807	4647	3073	1816.0	2400	711	1333	1
39	1827	1900	806	4646	3071	1815.0	2400	711	1333	1
39	1827	1901	807	4647	3073	1816.0	2400	711	1333	1
39	1827	1900	806	4646	3071	1815.0	2400	711	1333	1
39	1827	1901	807	4648	3073	1816.0	2400	711	1333	1
39	1826	1900	806	4645	3072	1816.0	2400	711	1333	1
39	1828	1901	807	4648	3072	1816.0	2400	711	1333	1
39	1833	1906	809	4661	3072	1821.0	2400	711	1333	1
39	1827	1901	807	4649	3073	1816.0	2400	711	1333	1
39	1826	1899	806	4644	3072	1814.0	2400	711	1333	1
39	1869	1944	824	4753	3070	1858.0	2400	711	1333	1
39	1877	1951	827	4771	3069	1864.0	2400	711	1333	1
39	1888	1959	830	4793	3065	1871.0	2400	711	1333	1
39	1883	1959	830	4787	3070	1873.0	2400	711	1333	1
39	1888	1958	830	4793	3065	1870.0	2400	711	1333	1
39	1875	1952	827	4769	3071	1866.0	2400	711	1333	1
39	1888	1958	830	4793	3065	1870.0	2400	711	1333	1
39	1888	1958	830	4792	3065	1870.0	2400	711	1333	1
39	1883	1959	830	4788	3070	1873.0	2400	711	1333	1
39	1887	1959	830	4792	3066	1871.0	2400	711	1333	1
39	1884	1958	830	4788	3069	1871.0	2400	711	1333	1
39	1828	1901	807	4649	3072	1816.0	2400	711	1333	1
39	1826	1899	806	4644	3072	1814.0	2400	711	1333	0
39	2171	2246	946	5495	3051	2147.0	2400	711	1333	0
39	3406	3476	1443	8520	3005	3324.0	2400	711	1333	0
39	3404	3479	1444	8522	3007	3329.0	2400	711	1333	0
39	3407	3475	1442	8518	3003	3323.0	2400	711	1333	0
40	3404	3479	1444	8520	3007	3329.0	2400	1066	1111	1
40	3406	3474	1442	8517	3004	3322.0	2400	1066	1111	1
40	1866	1821	774	4573	2971	1701.0	2400	1066	1111	1
40	1860	1764	751	4485	2929	1630.0	2400	1066	1111	1
40	1854	1759	749	4472	2930	1626.0	2400	1066	1111	1
40	1859	1766	751	4486	2930	1634.0	2400	1066	1111	1
40	1803	1714	730	4354	2933	1585.0	2400	1066	1111	1
40	1803	1715	731	4356	2935	1586.0	2400	1066	1111	1
40	1804	1715	731	4357	2934	1586.0	2400	1066	1111	1
40	1802	1714	730	4353	2934	1585.0	2400	1066	1111	1
40	1804	1715	731	4357	2934	1586.0	2400	1066	1111	1
40	1802	1713	730	4353	2934	1584.0	2400	1066	1111	1
40	1804	1715	731	4358	2934	1586.0	2400	1066	1111	1
40	1802	1713	730	4352	2934	1584.0	2400	1066	1111	1
40	1804	1716	731	4358	2934	1587.0	2400	1066	1111	1
40	1802	1713	730	4352	2934	1584.0	2400	1066	1111	1
40	1842	1750	745	4448	2931	1618.0	2400	1066	1111	1
40	1859	1765	751	4485	2930	1632.0	2400	1066	1111	1
40	1861	1766	752	4489	2930	1632.0	2400	1066	1111	1
40	1860	1764	750	4484	2927	1631.0	2400	1066	1111	1
40	1860	1767	752	4490	2931	1634.0	2400	1066	1111	1
40	1862	1763	750	4485	2925	1629.0	2400	1066	1111	1
40	1859	1768	752	4489	2932	1636.0	2400	1066	1111	1
40	1860	1763	750	4483	2927	1629.0	2400	1066	1111	1
40	1855	1762	750	4476	2931	1629.0	2400	1066	1111	1
40	1859	1764	750	4483	2928	1631.0	2400	1066	1111	1
40	1858	1765	751	4484	2930	1632.0	2400	1066	1111	1
40	1810	1721	733	4373	2933	1592.0	2400	1066	1111	1
40	1802	1714	730	4353	2934	1585.0	2400	1066	1111	1
40	1804	1715	731	4357	2934	1586.0	2400	1066	1111	1
40	1803	1714	730	4354	2933	1585.0	2400	1066	1111	1
40	1810	1721	733	4372	2933	1592.0	2400	1066	1111	1
40	1803	1714	731	4355	2935	1584.0	2400	1066	1111	1
40	1803	1715	731	4356	2935	1586.0	2400	1066	1111	1
40	1803	1715	731	4356	2935	1586.0	2400	1066	1111	1
40	1803	1714	731	4355	2935	1584.0	2400	1066	1111	1
40	1803	1715	731	4356	2935	1586.0	2400	1066	1111	1
40	1803	1714	730	4354	2933	1585.0	2400	1066	1111	1
40	1804	1717	732	4360	2936	1588.0	2400	1066	1111	1
40	1859	1765	751	4486	2930	1632.0	2400	1066	1111	1
40	1862	1766	752	4490	2929	1632.0	2400	1066	1111	1
40	1858	1765	751	4485	2930	1632.0	2400	1066	1111	1
40	1863	1766	751	4491	2926	1632.0	2400	1066	1111	1
40	1858	1765	751	4484	2930	1632.0	2400	1066	1111	1
40	1864	1765	751	4491	2926	1630.0	2400	1066	1111	1
40	1864	1766	751	4492	2926	1632.0	2400	1066	1111	0
40	696	728	333	1810	3213	679.0	2400	1066	1111	0
40	302	379	193	906	3825	358.0	2400	1066	1111	0
40	299	376	191	899	3824	356.0	2400	1066	1111	0
40	302	379	193	906	3825	358.0	2400	1066	1111	0
41	299	376	191	899	3824	356.0	2400	1422	888	1
41	598	609	285	1540	3206	558.0	2400	1422	888	1
41	1836	1573	672	4186	2785	1394.0	2400	1422	888	1
41	1837	1573	673	4189	2786	1393.0	2400	1422	888	1
41	1836	1572	672	4185	2785	1393.0	2400	1422	888	1
41	1836	1572	672	4186	2785	1393.0	2400	1422	888	1
41	1836	1572	672	4185	2785	1393.0	2400	1422	888	1
41	1835	1573	673	4186	2788	1394.0	2400	1422	888	1
41	1837	1571	672	4185	2784	1391.0	2400	1422	888	1
41	1835	1573	673	4186	2788	1394.0	2400	1422	888	1
41	1838	1571	672	4186	2783	1391.0	2400	1422	888	1
41	1780	1528	655	4065	2792	1354.0	2400	1422	888	1
41	1780	1528	655	4065	2792	1354.0	2400	1422	888	1
41	1780	1528	655	4065	2792	1354.0	2400	1422	888	1
41	1779	1528	654	4064	2791	1355.0	2400	1422	888	1
41	1780	1529	655	4066	2792	1356.0	2400	1422	888	1
41	1995	1535	677	4284	2683	1279.0	2400	1422	888	1
41	2821	1573	769	5144	2420	1004.0	2400	1422	888	1
41	2808	1566	765	5122	2421	1000.0	2400	1422	888	1
41	2810	1568	766	5127	2421	1001.0	2400	1422	888	1
41	2809	1566	765	5122	2419	999.0	2400	1422	888	1
41	2824	1576	770	5152	2420	1007.0	2400	1422	888	1
41	2909	1610	787	5287	2413	1020.0	2400	1422	888	1
41	2904	1614	789	5286	2416	1027.0	2400	1422	888	1
41	2909	1610	787	5285	2412	1020.0	2400	1422	888	1
41	2894	1609	786	5269	2416	1024.0	2400	1422	888	1
41	2908	1610	787	5284	2412	1021.0	2400	1422	888	1
41	2906	1614	789	5288	2415	1026.0	2400	1422	888	1
41	2906	1610	787	5282	2413	1021.0	2400	1422	888	1
41	2907	1615	789	5290	2415	1027.0	2400	1422	888	1
41	2906	1610	787	5282	2413	1021.0	2400	1422	888	1
41	2906	1610	787	5282	2413	1021.0	2400	1422	888	1
41	2822	1569	768	5140	2419	998.0	2400	1422	888	1
41	2809	1566	765	5123	2420	999.0	2400	1422	888	1
41	2810	1568	766	5126	2420	1001.0	2400	1422	888	1
41	2809	1566	766	5123	2421	999.0	2400	1422	888	1
41	2810	1567	766	5125	2420	1000.0	2400	1422	888	1
41	2809	1567	766	5124	2421	1000.0	2400	1422	888	1
41	2810	1567	766	5125	2420	1000.0	2400	1422	888	1
41	2810	1567	766	5124	2420	1000.0	2400	1422	888	1
41	2809	1567	766	5123	2421	1000.0	2400	1422	888	1
41	2821	1572	769	5143	2420	1002.0	2400	1422	888	1
41	2809	1566	766	5123	2421	999.0	2400	1422	888	1
41	2810	1567	766	5125	2420	1000.0	2400	1422	888	1
41	2906	1613	788	5286	2414	1025.0	2400	1422	888	1
41	2894	1607	785	5266	2414	1022.0	2400	1422	888	0
41	2906	1612	788	5286	2414	1024.0	2400	1422	888	0
41	5409	2800	1361	9499	2331	1667.0	2400	1422	888	0
41	5410	2799	1361	9497	2330	1665.0	2400	1422	888	0
41	5409	2798	1361	9495	2330	1664.0	2400	1422	888	0
42	5406	2800	1361	9495	2331	1668.0	2400	1777	666	1
42	3519	1900	927	6312	2381	1177.0	2400	1777	666	1
42	3072	1392	721	5129	2258	672.0	2400	1777	666	1
42	3071	1390	720	5124	2257	669.0	2400	1777	666	1
42	3099	1403	727	5172	2258	676.0	2400	1777	666	1
42	3182	1429	740	5291	2249	680.0	2400	1777	666	1
42	3175	1431	741	5287	2252	685.0	2400	1777	666	1
42	3183	1429	741	5291	2249	679.0	2400	1777	666	1
42	3175	1431	741	5287	2252	685.0	2400	1777	666	1
42	3183	1429	741	5292	2250	679.0	2400	1777	666	1
42	3176	1431	741	5288	2252	685.0	2400	1777	666	1
42	3171	1424	738	5273	2249	677.0	2400	1777	666	1
42	3175	1430	741	5285	2252	683.0	2400	1777	666	1
42	3182	1428	740	5291	2250	679.0	2400	1777	666	1
42	3174	1429	740	5282	2251	683.0	2400	1777	666	1
42	3169	1424	738	5271	2250	678.0	2400	1777	666	1
42	3071	1390	720	5124	2257	669.0	2400	1777	666	1
42	3072	1390	720	5126	2257	669.0	2400	1777	666	1
42	3085	1395	723	5146	2257	671.0	2400	1777	666	1
42	3071	1389	720	5123	2257	668.0	2400	1777	666	1
42	3074	1391	721	5128	2256	669.0	2400	1777	666	1
42	3076	1389	720	5127	2255	666.0	2400	1777	666	1
42	3077	1391	721	5132	2256	668.0	2400	1777	666	1
42	3076	1389	720	5127	2255	666.0	2400	1777	666	1
42	3078	1392	721	5133	2255	670.0	2400	1777	666	1
42	3076	1389	720	5127	2255	666.0	2400	1777	666	1
42	3078	1392	721	5134	2256	670.0	2400	1777	666	1
42	3183	1429	741	5291	2249	679.0	2400	1777	666	1
42	3184	1430	741	5295	2249	681.0	2400	1777	666	1
42	3184	1429	741	5293	2249	679.0	2400	1777	666	1
42	3183	1430	741	5294	2250	681.0	2400	1777	666	1
42	3184	1429	741	5294	2249	679.0	2400	1777	666	1
42	3182	1430	741	5293	2250	681.0	2400	1777	666	1
42	3185	1430	741	5294	2248	680.0	2400	1777	666	1
42	3181	1430	741	5292	2250	681.0	2400	1777	666	1
42	3171	1425	739	5275	2251	678.0	2400	1777	666	1
42	3184	1430	741	5294	2249	681.0	2400	1777	666	1
42	3125	1409	730	5205	2253	675.0	2400	1777	666	1
42	3087	1395	723	5147	2255	670.0	2400	1777	666	1
42	3075	1391	721	5130	2257	669.0	2400	1777	666	1
42	3075	1391	721	5130	2257	669.0	2400	1777	666	1
42	3074	1391	721	5129	2257	669.0	2400	1777	666	1
42	3087	1396	723	5149	2256	672.0	2400	1777	666	1
42	3074	1391	721	5128	2256	669.0	2400	1777	666	1
42	3075	1392	721	5131	2257	671.0	2400	1777	666	1
42	3073	1390	720	5126	2256	669.0	2400	1777	666	0
42	3075	1392	721	5131	2257	671.0	2400	1777	666	0
42	299	376	191	899	3824	356.0	2400	1777	666	0
42	301	378	192	904	3821	358.0	2400	1777	666	0
42	299	376	191	898	3824	356.0	2400	1777	666	0
43	301	378	192	905	3821	358.0	2400	2133	444	1
43	299	376	191	898	3824	356.0	2400	2133	444	1
43	3345	1217	676	5142	2116	340.0	2400	2133	444	1
43	3340	1214	675	5133	2116	337.0	2400	2133	444	1
43	3339	1214	675	5132	2116	338.0	2400	2133	444	1
43	3343	1217	676	5140	2117	340.0	2400	2133	444	1
43	3341	1214	675	5134	2116	337.0	2400	2133	444	1
43	3343	1216	676	5140	2118	339.0	2400	2133	444	1
43	3354	1218	677	5153	2115	338.0	2400	2133	444	1
43	3342	1216	676	5139	2118	339.0	2400	2133	444	1
43	3461	1248	694	5302	2110	338.0	2400	2133	444	1
43	3456	1248	694	5298	2111	339.0	2400	2133	444	1
43	3447	1244	692	5283	2111	337.0	2400	2133	444	1
43	3455	1247	694	5296	2111	338.0	2400	2133	444	1
43	3462	1248	695	5303	2110	337.0	2400	2133	444	1
43	3453	1247	694	5294	2112	339.0	2400	2133	444	1
43	3461	1248	695	5303	2111	337.0	2400	2133	444	1
43	3453	1247	693	5292	2110	339.0	2400	2133	444	1
43	3463	1248	695	5305	2111	336.0	2400	2133	444	1
43	3452	1246	693	5291	2111	338.0	2400	2133	444	1
43	3464	1248	695	5306	2110	336.0	2400	2133	444	1
43	3383	1226	682	5194	2115	337.0	2400	2133	444	1
43	3341	1214	675	5138	2118	337.0	2400	2133	444	1
43	3341	1216	676	5138	2118	339.0	2400	2133	444	1
43	3340	1214	675	5133	2116	337.0	2400	2133	444	1
43	3342	1216	676	5139	2118	339.0	2400	2133	444	1
43	3340	1214	675	5133	2116	337.0	2400	2133	444	1
43	3342	1216	676	5139	2118	339.0	2400	2133	444	1
43	3353	1217	677	5151	2116	336.0	2400	2133	444	1
43	3342	1217	676	5140	2118	341.0	2400	2133	444	1
43	3341	1214	675	5133	2116	337.0	2400	2133	444	1
43	3345	1217	676	5142	2116	340.0	2400	2133	444	1
43	3460	1247	694	5300	2110	336.0	2400	2133	444	1
43	3462	1248	695	5304	2111	337.0	2400	2133	444	1
43	3461	1247	694	5302	2110	336.0	2400	2133	444	1
43	3461	1248	695	5302	2110	337.0	2400	2133	444	1
43	3449	1244	692	5284	2110	337.0	2400	2133	444	1
43	3460	1247	694	5301	2110	336.0	2400	2133	444	1
43	3463	1248	695	5305	2111	336.0	2400	2133	444	1
43	3459	1247	694	5299	2110	337.0	2400	2133	444	1
43	3463	1248	695	5305	2111	336.0	2400	2133	444	1
43	3464	1248	695	5306	2110	336.0	2400	2133	444	1
43	3451	1244	693	5288	2111	335.0	2400	2133	444	1
43	3343	1216	676	5139	2117	339.0	2400	2133	444	1
43	3341	1214	675	5135	2117	337.0	2400	2133	444	1
43	3342	1216	676	5138	2117	339.0	2400	2133	444	0
43	4389	1504	842	6595	2072	332.0	2400	2133	444	0
43	6499	2084	1178	9531	2025	317.0	2400	2133	444	0
43	6485	2081	1176	9512	2025	318.0	2400	2133	444	0
43	6496	2084	1178	9528	2025	318.0	2400	2133	444	0
44	6483	2080	1176	9510	2026	317.0	2400	2488	222	1
44	6494	2084	1178	9526	2025	318.0	2400	2488	222	1
44	3686	1105	660	5318	2016	64.0	2400	2488	222	1
44	3765	1086	659	5368	1997	9.0	2400	2488	222	1
44	3647	1059	642	5212	2002	17.0	2400	2488	222	1
44	3633	1059	641	5198	2004	22.0	2400	2488	222	1
44	3647	1059	642	5211	2002	17.0	2400	2488	222	1
44	3633	1059	641	5198	2004	22.0	2400	2488	222	1
44	3631	1056	640	5192	2003	19.0	2400	2488	222	1
44	3645	1060	642	5211	2002	19.0	2400	2488	222	1
44	3632	1058	641	5197	2004	21.0	2400	2488	222	1
44	3632	1057	640	5193	2002	20.0	2400	2488	222	1
44	3633	1058	641	5197	2004	21.0	2400	2488	222	1
44	3633	1057	640	5194	2002	20.0	2400	2488	222	1
44	3633	1058	640	5196	2003	22.0	2400	2488	222	1
44	3763	1084	658	5363	1996	7.0	2400	2488	222	1
44	3761	1084	657	5361	1996	9.0	2400	2488	222	1
44	3761	1084	658	5361	1997	8.0	2400	2488	222	1
44	3761	1083	657	5359	1996	7.0	2400	2488	222	1
44	3763	1085	658	5364	1996	9.0	2400	2488	222	1
44	3760	1083	657	5358	1996	7.0	2400	2488	222	1
44	3764	1085	658	5366	1997	8.0	2400	2488	222	1
44	3745	1079	655	5338	1997	7.0	2400	2488	222	1
44	3765	1085	658	5367	1997	8.0	2400	2488	222	1
44	3759	1082	657	5355	1996	6.0	2400	2488	222	1
44	3766	1086	659	5368	1997	9.0	2400	2488	222	1
44	3724	1075	652	5310	1997	10.0	2400	2488	222	1
44	3634	1056	640	5195	2003	18.0	2400	2488	222	1
44	3636	1059	641	5201	2003	21.0	2400	2488	222	1
44	3648	1059	642	5213	2001	17.0	2400	2488	222	1
44	3636	1059	641	5201	2003	21.0	2400	2488	222	1
44	3634	1056	640	5195	2003	18.0	2400	2488	222	1
44	3636	1059	641	5201	2003	21.0	2400	2488	222	1
44	3635	1057	640	5196	2001	19.0	2400	2488	222	1
44	3636	1059	641	5201	2003	21.0	2400	2488	222	1
44	3633	1057	640	5195	2003	20.0	2400	2488	222	1
44	3636	1059	641	5200	2002	21.0	2400	2488	222	1
44	3743	1080	655	5337	1997	10.0	2400	2488	222	1
44	3766	1085	658	5368	1997	8.0	2400	2488	222	1
44	3760	1083	657	5358	1996	7.0	2400	2488	222	1
44	3766	1084	658	5366	1996	6.0	2400	2488	222	1
44	3761	1084	657	5360	1996	9.0	2400	2488	222	1
44	3766	1084	658	5366	1996	6.0	2400	2488	222	1
44	3761	1084	658	5360	1997	8.0	2400	2488	222	1
44	3764	1084	658	5363	1996	7.0	2400	2488	222	1
44	3762	1084	658	5362	1996	7.0	2400	2488	222	0
44	770	474	255	1509	2652	311.0	2400	2488	222	0
44	300	377	192	901	3829	357.0	2400	2488	222	0
44	301	379	192	905	3821	359.0	2400	2488	222	0
44	300	377	191	900	3816	357.0	2400	2488	222	0
45	302	379	193	906	3825	358.0	2400	2844	0	1
45	1503	576	340	2384	2219	172.0	2400	2844	0	1
45	4107	1009	663	5596	1933	0.0	2400	2844	0	1
45	4084	1003	659	5564	1932	0.0	2400	2844	0	1
45	4108	1009	663	5597	1933	0.0	2400	2844	0	1
45	4099	1005	661	5582	1932	0.0	2400	2844	0	1
45	4109	1010	663	5598	1932	0.0	2400	2844	0	1
45	4098	1005	661	5582	1932	0.0	2400	2844	0	1
45	4110	1010	663	5599	1932	0.0	2400	2844	0	1
45	4048	997	654	5519	1933	0.0	2400	2844	0	1
45	3966	985	645	5421	1939	0.0	2400	2844	0	1
45	3964	983	644	5416	1938	0.0	2400	2844	0	1
45	3965	985	645	5421	1939	0.0	2400	2844	0	1
45	3964	983	644	5416	1938	0.0	2400	2844	0	1
45	3964	984	644	5417	1938	0.0	2400	2844	0	1
45	3965	985	645	5419	1938	0.0	2400	2844	0	1
45	3963	984	644	5416	1938	0.0	2400	2844	0	1
45	3964	984	644	5416	1937	0.0	2400	2844	0	1
45	3964	984	645	5418	1939	0.0	2400	2844	0	1
45	3981	987	647	5438	1938	0.0	2400	2844	0	1
45	4109	1009	663	5598	1933	0.0	2400	2844	0	1
45	4100	1006	661	5584	1932	0.0	2400	2844	0	1
45	4110	1009	663	5598	1932	0.0	2400	2844	0	1
45	4082	1003	659	5561	1933	0.0	2400	2844	0	1
45	4108	1009	663	5596	1932	0.0	2400	2844	0	1
45	4098	1006	661	5582	1932	0.0	2400	2844	0	1
45	4106	1009	663	5594	1932	0.0	2400	2844	0	1
45	4099	1006	661	5582	1932	0.0	2400	2844	0	1
45	4105	1009	663	5593	1933	0.0	2400	2844	0	1
45	4100	1006	661	5584	1932	0.0	2400	2844	0	1
45	4105	1008	662	5593	1932	0.0	2400	2844	0	1
45	4103	1006	661	5587	1932	0.0	2400	2844	0	1
45	3962	983	644	5414	1938	0.0	2400	2844	0	1
45	3964	985	645	5420	1939	0.0	2400	2844	0	1
45	3962	983	644	5413	1937	0.0	2400	2844	0	1
45	3964	985	645	5420	1939	0.0	2400	2844	0	1
45	3962	983	644	5413	1937	0.0	2400	2844	0	1
45	3963	985	645	5419	1939	0.0	2400	2844	0	1
45	3962	983	644	5414	1938	0.0	2400	2844	0	1
45	3980	988	647	5439	1938	0.0	2400	2844	0	1
45	3964	983	644	5416	1938	0.0	2400	2844	0	1
45	3964	985	645	5419	1939	0.0	2400	2844	0	1
45	4045	997	654	5516	1934	0.0	2400	2844	0	1
45	4100	1007	661	5585	1932	0.0	2400	2844	0	1
45	4109	1008	662	5596	1932	0.0	2400	2844	0	1
45	4100	1006	661	5584	1932	0.0	2400	2844	0	0
45	4106	1008	662	5593	1932	0.0	2400	2844	0	0
45	7758	1610	1113	10090	1853	0.0	2400	2844	0	0
45	7759	1611	1114	10092	1853	0.0	2400	2844	0	0
45	7754	1609	1113	10085	1853	0.0	2400	2844	0	0
46	7751	1609	1112	10087	1854	0.0	2400	0	2000	1
46	4546	1080	717	6134	1916	0.0	2400	0	2000	1
46	1888	2434	1023	5472	3455	2480.0	2400	0	2000	1
46	1949	2518	1057	5655	3457	2567.0	2400	0	2000	1
46	1950	2511	1054	5645	3450	2558.0	2400	0	2000	1
46	1948	2518	1057	5654	3458	2568.0	2400	0	2000	1
46	1949	2511	1054	5646	3451	2559.0	2400	0	2000	1
46	1948	2517	1057	5652	3458	2566.0	2400	0	2000	1
46	1948	2513	1055	5646	3454	2561.0	2400	0	2000	1
46	1949	2516	1056	5652	3455	2565.0	2400	0	2000	1
46	1948	2513	1055	5647	3454	2561.0	2400	0	2000	1
46	1949	2515	1056	5652	3455	2563.0	2400	0	2000	1
46	1947	2514	1055	5648	3455	2563.0	2400	0	2000	1
46	1943	2505	1052	5630	3453	2553.0	2400	0	2000	1
46	1947	2516	1056	5649	3457	2566.0	2400	0	2000	1
46	1889	2437	1024	5477	3456	2483.0	2400	0	2000	1
46	1887	2435	1023	5473	3456	2481.0	2400	0	2000	1
46	1896	2446	1028	5497	3456	2492.0	2400	0	2000	1
46	1888	2436	1024	5475	3457	2482.0	2400	0	2000	1
46	1888	2436	1024	5474	3457	2482.0	2400	0	2000	1
46	1895	2439	1025	5486	3451	2484.0	2400	0	2000	1
46	1888	2436	1024	5475	3457	2482.0	2400	0	2000	1
46	1888	2436	1024	5475	3457	2482.0	2400	0	2000	1
46	1888	2436	1024	5476	3457	2482.0	2400	0	2000	1
46	1888	2436	1024	5474	3457	2482.0	2400	0	2000	1
46	1924	2483	1043	5580	3456	2531.0	2400	0	2000	1
46	1947	2517	1056	5650	3457	2567.0	2400	0	2000	1
46	1951	2513	1055	5650	3451	2560.0	2400	0	2000	1
46	1946	2515	1056	5647	3458	2564.0	2400	0	2000	1
46	1951	2513	1055	5650	3451	2560.0	2400	0	2000	1
46	1945	2514	1055	5645	3457	2564.0	2400	0	2000	1
46	1951	2515	1056	5652	3453	2563.0	2400	0	2000	1
46	1946	2513	1055	5644	3456	2562.0	2400	0	2000	1
46	1943	2506	1052	5632	3453	2554.0	2400	0	2000	1
46	1947	2512	1054	5644	3453	2561.0	2400	0	2000	1
46	1949	2516	1056	5653	3455	2565.0	2400	0	2000	1
46	1948	2511	1054	5643	3452	2559.0	2400	0	2000	1
46	1887	2434	1023	5470	3456	2480.0	2400	0	2000	1
46	1889	2437	1024	5477	3456	2483.0	2400	0	2000	1
46	1887	2434	1023	5470	3456	2480.0	2400	0	2000	1
46	1896	2446	1028	5497	3456	2492.0	2400	0	2000	1
46	1887	2434	1023	5471	3456	2480.0	2400	0	2000	1
46	1889	2436	1024	5476	3456	2482.0	2400	0	2000	1
46	1887	2434	1023	5471	3456	2480.0	2400	0	2000	1
46	1888	2437	1024	5476	3457	2484.0	2400	0	2000	1
46	1887	2435	1023	5472	3456	2481.0	2400	0	2000	0
46	1888	2436	1024	5475	3457	2482.0	2400	0	2000	0
46	300	376	191	900	3816	356.0	2400	0	2000	0
46	300	377	192	901	3829	357.0	2400	0	2000	0
46	300	376	191	899	3816	356.0	2400	0	2000	0
47	300	376	191	900	3816	356.0	2400	355	1777	1
47	300	376	192	900	3829	355.0	2400	355	1777	1
47	2036	2272	974	5384	3213	2212.0	2400	355	1777	1
47	2036	2272	974	5384	3213	2212.0	2400	355	1777	1
47	2035	2271	973	5381	3212	2211.0	2400	355	1777	1
47	2034	2270	973	5380	3213	2210.0	2400	355	1777	1
47	2043	2281	977	5404	3213	2221.0	2400	355	1777	1
47	2034	2270	973	5379	3213	2210.0	2400	355	1777	1
47	2082	2326	996	5509	3213	2266.0	2400	355	1777	1
47	2099	2343	1003	5550	3211	2282.0	2400	355	1777	1
47	2095	2335	1000	5535	3209	2273.0	2400	355	1777	1
47	2098	2344	1003	5551	3212	2284.0	2400	355	1777	1
47	2104	2343	1003	5555	3207	2280.0	2400	355	1777	1
47	2098	2344	1003	5550	3212	2284.0	2400	355	1777	1
47	2097	2334	1000	5536	3207	2271.0	2400	355	1777	1
47	2099	2344	1003	5551	3211	2284.0	2400	355	1777	1
47	2103	2344	1003	5556	3208	2282.0	2400	355	1777	1
47	2099	2344	1003	5551	3211	2284.0	2400	355	1777	1
47	2102	2344	1004	5556	3210	2282.0	2400	355	1777	1
47	2100	2343	1003	5551	3210	2282.0	2400	355	1777	1
47	2036	2273	974	5385	3213	2213.0	2400	355	1777	1
47	2034	2270	973	5379	3213	2210.0	2400	355	1777	1
47	2035	2272	974	5385	3214	2212.0	2400	355	1777	1
47	2034	2272	974	5380	3215	2212.0	2400	355	1777	1
47	2034	2271	973	5380	3213	2211.0	2400	355	1777	1
47	2035	2272	974	5383	3214	2212.0	2400	355	1777	1
47	2035	2277	976	5391	3218	2218.0	2400	355	1777	1
47	2035	2272	974	5384	3214	2212.0	2400	355	1777	1
47	2035	2271	973	5382	3212	2211.0	2400	355	1777	1
47	2035	2271	973	5383	3212	2211.0	2400	355	1777	1
47	2043	2280	977	5404	3213	2220.0	2400	355	1777	1
47	2100	2345	1004	5555	3212	2284.0	2400	355	1777	1
47	2102	2344	1003	5555	3208	2283.0	2400	355	1777	1
47	2100	2344	1003	5553	3210	2283.0	2400	355	1777	1
47	2094	2336	1000	5536	3210	2275.0	2400	355	1777	1
47	2101	2343	1003	5551	3209	2281.0	2400	355	1777	1
47	2101	2346	1004	5556	3211	2285.0	2400	355	1777	1
47	2101	2341	1002	5550	3208	2279.0	2400	355	1777	1
47	2100	2346	1004	5556	3212	2286.0	2400	355	1777	1
47	2102	2340	1002	5550	3207	2277.0	2400	355	1777	1
47	2100	2347	1005	5557	3214	2287.0	2400	355	1777	1
47	2102	2340	1002	5550	3207	2277.0	2400	355	1777	1
47	2034	2270	973	5379	3213	2210.0	2400	355	1777	1
47	2036	2273	974	5386	3213	2213.0	2400	355	1777	1
47	2034	2270	973	5379	3213	2210.0	2400	355	1777	1
47	2036	2273	974	5386	3213	2213.0	2400	355	1777	0
47	2830	3141	1332	7437	3184	3063.0	2400	355	1777	0
47	3830	4237	1785	10027	3166	4137.0	2400	355	1777	0
47	3831	4231	1782	10019	3163	4130.0	2400	355	1777	0
47	3829	4237	1785	10025	3167	4137.0	2400	355	1777	0
48	3831	4231	1782	10019	3163	4130.0	2400	711	1555	1
48	3830	4236	1785	10025	3166	4136.0	2400	711	1555	1
48	2372	2180	963	5583	2937	1965.0	2400	711	1555	1
48	2313	2108	934	5419	2929	1892.0	2400	711	1555	1
48	2312	2112	935	5424	2931	1898.0	2400	711	1555	1
48	2313	2108	934	5419	2929	1892.0	2400	711	1555	1
48	2312	2107	933	5417	2928	1892.0	2400	711	1555	1
48	2312	2107	934	5418	2930	1891.0	2400	711	1555	1
48	2321	2115	937	5437	2929	1898.0	2400	711	1555	1
48	2312	2107	934	5417	2930	1891.0	2400	711	1555	1
48	2312	2107	933	5417	2928	1892.0	2400	711	1555	1
48	2313	2108	934	5419	2929	1892.0	2400	711	1555	1
48	2312	2107	933	5416	2928	1892.0	2400	711	1555	1
48	2328	2123	940	5456	2929	1907.0	2400	711	1555	1
48	2389	2174	962	5591	2925	1951.0	2400	711	1555	1
48	2391	2173	962	5592	2923	1949.0	2400	711	1555	1
48	2389	2174	962	5590	2925	1951.0	2400	711	1555	1
48	2391	2174	962	5592	2923	1951.0	2400	711	1555	1
48	2389	2174	962	5590	2925	1951.0	2400	711	1555	1
48	2390	2174	962	5592	2924	1951.0	2400	711	1555	1
48	2389	2173	962	5588	2925	1950.0	2400	711	1555	1
48	2390	2175	962	5593	2924	1952.0	2400	711	1555	1
48	2389	2172	961	5588	2923	1949.0	2400	711	1555	1
48	2389	2175	963	5593	2926	1952.0	2400	711	1555	1
48	2381	2164	958	5568	2923	1941.0	2400	711	1555	1
48	2314	2109	934	5421	2928	1893.0	2400	711	1555	1
48	2312	2106	933	5414	2928	1890.0	2400	711	1555	1
48	2314	2109	934	5421	2928	1893.0	2400	711	1555	1
48	2314	2108	934	5435	2928	1892.0	2400	711	1555	1
48	2312	2106	933	5415	2928	1890.0	2400	711	1555	1
48	2314	2108	934	5420	2928	1892.0	2400	711	1555	1
48	2320	2109	934	5427	2924	1891.0	2400	711	1555	1
48	2313	2108	934	5419	2929	1892.0	2400	711	1555	1
48	2312	2107	933	5416	2928	1892.0	2400	711	1555	1
48	2313	2108	934	5419	2929	1892.0	2400	711	1555	1
48	2312	2107	933	5416	2928	1892.0	2400	711	1555	1
48	2387	2175	962	5590	2926	1953.0	2400	711	1555	1
48	2393	2171	961	5590	2921	1946.0	2400	711	1555	1
48	2388	2175	963	5590	2927	1952.0	2400	711	1555	1
48	2392	2171	961	5590	2921	1946.0	2400	711	1555	1
48	2388	2174	962	5590	2925	1951.0	2400	711	1555	1
48	2391	2172	961	5590	2922	1948.0	2400	711	1555	1
48	2388	2174	962	5590	2925	1951.0	2400	711	1555	1
48	2390	2173	962	5590	2924	1949.0	2400	711	1555	1
48	2380	2165	958	5569	2924	1943.0	2400	711	1555	1
48	2389	2174	962	5590	2925	1951.0	2400	711	1555	0
48	2390	2172	961	5588	2922	1948.0	2400	711	1555	0
48	299	376	191	898	3824	356.0	2400	711	1555	0
48	301	378	192	904	3821	358.0	2400	711	1555	0
48	299	375	191	898	3824	355.0	2400	711	1555	0
49	301	378	192	904	3821	358.0	2400	1066	1333	1
49	1305	1063	499	2896	2847	888.0	2400	1066	1333	1
49	2659	1992	915	5591	2702	1611.0	2400	1066	1333	1
49	2662	1986	913	5585	2697	1602.0	2400	1066	1333	1
49	2659	1991	915	5591	2702	1609.0	2400	1066	1333	1
49	2660	1986	913	5583	2698	1602.0	2400	1066	1333	1
49	2660	1992	916	5592	2703	1610.0	2400	1066	1333	1
49	2659	1986	913	5583	2699	1603.0	2400	1066	1333	1
49	2574	1931	888	5418	2705	1562.0	2400	1066	1333	1
49	2581	1931	888	5426	2701	1559.0	2400	1066	1333	1
49	2574	1931	888	5418	2705	1562.0	2400	1066	1333	1
49	2572	1929	887	5413	2704	1560.0	2400	1066	1333	1
49	2574	1931	888	5418	2705	1562.0	2400	1066	1333	1
49	2572	1929	887	5414	2704	1560.0	2400	1066	1333	1
49	2573	1930	888	5417	2705	1560.0	2400	1066	1333	1
49	2573	1930	888	5416	2705	1560.0	2400	1066	1333	1
49	2572	1929	887	5414	2704	1560.0	2400	1066	1333	1
49	2583	1936	891	5435	2705	1564.0	2400	1066	1333	1
49	2572	1929	888	5415	2706	1559.0	2400	1066	1333	1
49	2663	1987	914	5588	2698	1602.0	2400	1066	1333	1
49	2656	1990	915	5587	2703	1608.0	2400	1066	1333	1
49	2652	1980	910	5567	2698	1598.0	2400	1066	1333	1
49	2656	1990	915	5586	2703	1608.0	2400	1066	1333	1
49	2662	1986	913	5586	2697	1602.0	2400	1066	1333	1
49	2657	1990	915	5588	2703	1608.0	2400	1066	1333	1
49	2652	1979	910	5565	2698	1596.0	2400	1066	1333	1
49	2657	1991	915	5588	2703	1610.0	2400	1066	1333	1
49	2661	1986	913	5584	2698	1602.0	2400	1066	1333	1
49	2658	1991	915	5590	2702	1609.0	2400	1066	1333	1
49	2659	1985	913	5583	2699	1601.0	2400	1066	1333	1
49	2619	1959	901	5504	2701	1582.0	2400	1066	1333	1
49	2572	1928	887	5412	2704	1558.0	2400	1066	1333	1
49	2574	1931	888	5418	2705	1562.0	2400	1066	1333	1
49	2574	1931	888	5418	2705	1562.0	2400	1066	1333	1
49	2572	1928	887	5412	2704	1558.0	2400	1066	1333	1
49	2574	1931	888	5418	2705	1562.0	2400	1066	1333	1
49	2572	1928	887	5412	2704	1558.0	2400	1066	1333	1
49	2575	1935	890	5425	2707	1566.0	2400	1066	1333	1
49	2572	1928	887	5412	2704	1558.0	2400	1066	1333	1
49	2574	1930	888	5417	2705	1560.0	2400	1066	1333	1
49	2572	1928	887	5413	2704	1558.0	2400	1066	1333	1
49	2664	1988	914	5591	2698	1603.0	2400	1066	1333	1
49	2658	1989	914	5586	2701	1607.0	2400	1066	1333	1
49	2662	1987	914	5588	2699	1603.0	2400	1066	1333	1
49	2659	1990	915	5588	2702	1607.0	2400	1066	1333	1
49	2649	1981	911	5565	2701	1599.0	2400	1066	1333	0
49	2661	1988	914	5589	2699	1604.0	2400	1066	1333	0
49	4926	3539	1609	10091	2635	2808.0	2400	1066	1333	0
49	4930	3537	1609	10092	2634	2804.0	2400	1066	1333	0
49	4923	3538	1609	10087	2636	2808.0	2400	1066	1333	0
50	4930	3536	1608	10091	2633	2803.0	2400	1422	1111	1
50	4923	1993	917	10087	2100	876.0	2400	1422	1111	1
50	2921	1800	864	5570	2511	1260.0	2400	1422	1111	1
50	2934	1805	867	5591	2510	1261.0	2400	1422	1111	1
50	2935	1806	867	5593	2510	1263.0	2400	1422	1111	1
50	2932	1806	867	5591	2511	1264.0	2400	1422	1111	1
50	2936	1804	867	5591	2508	1259.0	2400	1422	1111	1
50	2931	1808	868	5592	2512	1266.0	2400	1422	1111	1
50	2937	1804	866	5592	2507	1260.0	2400	1422	1111	1
50	2931	1808	868	5593	2512	1266.0	2400	1422	1111	1
50	2937	1804	866	5591	2507	1260.0	2400	1422	1111	1
50	2922	1802	865	5575	2512	1262.0	2400	1422	1111	1
50	2934	1803	866	5588	2509	1259.0	2400	1422	1111	1
50	2879	1775	853	5492	2513	1242.0	2400	1422	1111	1
50	2837	1752	842	5418	2516	1227.0	2400	1422	1111	1
50	2839	1759	845	5429	2518	1236.0	2400	1422	1111	1
50	2837	1753	842	5418	2515	1229.0	2400	1422	1111	1
50	2839	1755	843	5423	2515	1231.0	2400	1422	1111	1
50	2837	1753	842	5418	2515	1229.0	2400	1422	1111	1
50	2850	1761	846	5443	2515	1235.0	2400	1422	1111	1
50	2838	1755	843	5423	2517	1231.0	2400	1422	1111	1
50	2837	1753	842	5419	2516	1229.0	2400	1422	1111	1
50	2838	1754	843	5422	2517	1230.0	2400	1422	1111	1
50	2837	1753	842	5419	2516	1229.0	2400	1422	1111	1
50	2931	1807	868	5591	2512	1265.0	2400	1422	1111	1
50	2938	1805	867	5595	2508	1260.0	2400	1422	1111	1
50	2931	1807	867	5590	2511	1265.0	2400	1422	1111	1
50	2937	1805	867	5594	2509	1260.0	2400	1422	1111	1
50	2933	1807	868	5593	2512	1264.0	2400	1422	1111	1
50	2934	1805	867	5592	2510	1261.0	2400	1422	1111	1
50	2936	1807	868	5595	2510	1263.0	2400	1422	1111	1
50	2931	1807	868	5592	2512	1265.0	2400	1422	1111	1
50	2938	1805	867	5594	2507	1260.0	2400	1422	1111	1
50	2931	1808	868	5593	2512	1266.0	2400	1422	1111	1
50	2936	1804	867	5591	2508	1259.0	2400	1422	1111	1
50	2924	1802	866	5577	2512	1261.0	2400	1422	1111	1
50	2837	1753	842	5418	2515	1229.0	2400	1422	1111	1
50	2839	1755	843	5424	2516	1231.0	2400	1422	1111	1
50	2850	1761	846	5444	2516	1235.0	2400	1422	1111	1
50	2837	1753	842	5418	2515	1229.0	2400	1422	1111	1
50	2839	1755	843	5424	2516	1231.0	2400	1422	1111	1
50	2837	1753	842	5418	2515	1229.0	2400	1422	1111	1
50	2850	1758	845	5439	2514	1231.0	2400	1422	1111	1
50	2837	1753	842	5418	2515	1229.0	2400	1422	1111	1
50	2839	1755	843	5425	2516	1231.0	2400	1422	1111	1
50	2837	1753	842	5418	2515	1229.0	2400	1422	1111	0
50	2839	1755	843	5424	2516	1231.0	2400	1422	1111	0
50	300	377	191	901	3816	357.0	2400	1422	1111	0
50	302	379	192	905	3813	359.0	2400	1422	1111	0
50	300	376	191	900	3816	356.0	2400	1422	1111	0
51	301	378	192	904	3821	358.0	2400	1777	888	1
51	300	376	191	900	3816	356.0	2400	1777	888	1
51	3104	1578	797	5427	2345	899.0	2400	1777	888	1
51	3102	1576	797	5422	2345	897.0	2400	1777	888	1
51	3102	1577	797	5424	2345	898.0	2400	1777	888	1
51	3114	1582	800	5443	2345	900.0	2400	1777	888	1
51	3102	1577	797	5423	2345	898.0	2400	1777	888	1
51	3204	1622	820	5590	2341	919.0	2400	1777	888	1
51	3214	1622	820	5600	2338	916.0	2400	1777	888	1
51	3204	1622	820	5590	2341	919.0	2400	1777	888	1
51	3211	1622	820	5597	2339	917.0	2400	1777	888	1
51	3207	1622	820	5594	2341	918.0	2400	1777	888	1
51	3194	1617	817	5574	2341	917.0	2400	1777	888	1
51	3211	1621	820	5596	2339	915.0	2400	1777	888	1
51	3204	1624	820	5593	2342	922.0	2400	1777	888	1
51	3212	1620	819	5596	2338	914.0	2400	1777	888	1
51	3205	1624	821	5594	2342	921.0	2400	1777	888	1
51	3209	1620	819	5592	2338	915.0	2400	1777	888	1
51	3209	1625	821	5599	2340	922.0	2400	1777	888	1
51	3100	1575	796	5419	2345	896.0	2400	1777	888	1
51	3115	1580	799	5441	2344	897.0	2400	1777	888	1
51	3100	1575	796	5419	2345	896.0	2400	1777	888	1
51	3102	1578	798	5426	2347	899.0	2400	1777	888	1
51	3100	1575	796	5419	2345	896.0	2400	1777	888	1
51	3100	1575	796	5425	2348	896.0	2400	1777	888	1
51	3102	1578	797	5425	2345	900.0	2400	1777	888	1
51	3100	1576	796	5420	2345	898.0	2400	1777	888	1
51	3102	1577	797	5424	2345	898.0	2400	1777	888	1
51	3113	1581	799	5440	2345	899.0	2400	1777	888	1
51	3152	1601	809	5508	2344	911.0	2400	1777	888	1
51	3210	1621	819	5594	2338	916.0	2400	1777	888	1
51	3208	1624	820	5596	2339	921.0	2400	1777	888	1
51	3194	1615	816	5570	2340	914.0	2400	1777	888	1
51	3211	1623	820	5598	2339	919.0	2400	1777	888	1
51	3203	1623	820	5590	2341	921.0	2400	1777	888	1
51	3213	1622	820	5598	2338	916.0	2400	1777	888	1
51	3191	1617	817	5571	2342	918.0	2400	1777	888	1
51	3211	1621	819	5595	2337	916.0	2400	1777	888	1
51	3207	1624	820	5595	2340	921.0	2400	1777	888	1
51	3207	1620	819	5591	2339	916.0	2400	1777	888	1
51	3210	1624	821	5599	2340	920.0	2400	1777	888	1
51	3100	1575	796	5420	2346	896.0	2400	1777	888	1
51	3102	1577	797	5425	2346	898.0	2400	1777	888	1
51	3102	1578	797	5425	2345	900.0	2400	1777	888	1
51	3100	1575	796	5419	2345	896.0	2400	1777	888	1
51	3102	1578	797	5425	2345	900.0	2400	1777	888	0
51	4673	2252	1137	7962	2286	1205.0	2400	1777	888	0
51	6000	2819	1424	10103	2260	1459.0	2400	1777	888	0
51	6003	2817	1424	10102	2260	1455.0	2400	1777	888	0
51	5998	2820	1425	10102	2261	1460.0	2400	1777	888	0
52	6004	2816	1423	10102	2259	1453.0	2400	2133	666	1
52	5997	2820	1424	10100	2261	1461.0	2400	2133	666	1
52	3366	1400	751	5426	2200	567.0	2400	2133	666	1
52	3369	1403	753	5433	2201	569.0	2400	2133	666	1
52	3367	1400	751	5428	2200	566.0	2400	2133	666	1
52	3369	1403	753	5433	2201	569.0	2400	2133	666	1
52	3381	1405	754	5449	2200	568.0	2400	2133	666	1
52	3369	1403	753	5433	2201	569.0	2400	2133	666	1
52	3368	1401	752	5430	2201	567.0	2400	2133	666	1
52	3369	1402	752	5433	2201	568.0	2400	2133	666	1
52	3368	1401	752	5430	2201	567.0	2400	2133	666	1
52	3369	1402	752	5431	2200	568.0	2400	2133	666	1
52	3430	1423	764	5523	2198	573.0	2400	2133	666	1
52	3474	1438	772	5587	2196	576.0	2400	2133	666	1
52	3482	1440	773	5599	2195	576.0	2400	2133	666	1
52	3490	1442	774	5609	2194	576.0	2400	2133	666	1
52	3479	1440	773	5596	2196	577.0	2400	2133	666	1
52	3491	1441	774	5610	2194	574.0	2400	2133	666	1
52	3480	1440	773	5596	2195	577.0	2400	2133	666	1
52	3488	1441	774	5607	2195	575.0	2400	2133	666	1
52	3483	1440	773	5600	2195	576.0	2400	2133	666	1
52	3486	1441	774	5604	2195	576.0	2400	2133	666	1
52	3472	1436	771	5583	2195	575.0	2400	2133	666	1
52	3483	1441	774	5603	2197	577.0	2400	2133	666	1
52	3367	1400	751	5428	2200	566.0	2400	2133	666	1
52	3369	1403	753	5434	2202	569.0	2400	2133	666	1
52	3368	1402	752	5431	2201	569.0	2400	2133	666	1
52	3369	1403	753	5434	2202	569.0	2400	2133	666	1
52	3368	1400	751	5428	2200	566.0	2400	2133	666	1
52	3381	1405	754	5448	2199	568.0	2400	2133	666	1
52	3370	1403	753	5434	2201	569.0	2400	2133	666	1
52	3368	1401	752	5429	2200	567.0	2400	2133	666	1
52	3369	1403	753	5433	2201	569.0	2400	2133	666	1
52	3368	1401	752	5429	2200	567.0	2400	2133	666	1
52	3369	1403	753	5433	2201	569.0	2400	2133	666	1
52	3488	1441	774	5606	2195	575.0	2400	2133	666	1
52	3480	1441	773	5599	2196	578.0	2400	2133	666	1
52	3490	1440	773	5607	2193	574.0	2400	2133	666	1
52	3482	1441	774	5602	2197	577.0	2400	2133	666	1
52	3486	1440	773	5602	2194	575.0	2400	2133	666	1
52	3487	1442	774	5607	2195	577.0	2400	2133	666	1
52	3481	1440	773	5599	2196	576.0	2400	2133	666	1
52	3490	1440	774	5608	2194	573.0	2400	2133	666	1
52	3480	1441	773	5599	2196	578.0	2400	2133	666	1
52	3487	1440	773	5605	2195	574.0	2400	2133	666	1
52	3484	1442	774	5605	2196	578.0	2400	2133	666	0
52	3422	1418	761	5507	2197	570.0	2400	2133	666	0
52	300	376	191	904	3816	356.0	2400	2133	666	0
52	301	378	192	904	3821	358.0	2400	2133	666	0
52	300	376	191	900	3816	356.0	2400	2133	666	0
53	301	378	192	905	3821	358.0	2400	2488	444	1
53	2087	830	467	3330	2204	290.0	2400	2488	444	1
53	3785	1264	730	5643	2069	231.0	2400	2488	444	1
53	3777	1260	728	5628	2068	229.0	2400	2488	444	1
53	3787	1265	731	5646	2070	232.0	2400	2488	444	1
53	3787	1261	729	5640	2068	227.0	2400	2488	444	1
53	3792	1266	731	5651	2068	232.0	2400	2488	444	1
53	3675	1233	712	5488	2072	231.0	2400	2488	444	1
53	3662	1232	711	5474	2075	235.0	2400	2488	444	1
53	3660	1230	710	5468	2073	233.0	2400	2488	444	1
53	3662	1232	711	5474	2075	235.0	2400	2488	444	1
53	3660	1230	710	5468	2073	233.0	2400	2488	444	1
53	3662	1232	711	5474	2075	235.0	2400	2488	444	1
53	3659	1230	710	5468	2074	233.0	2400	2488	444	1
53	3661	1232	711	5473	2075	235.0	2400	2488	444	1
53	3659	1230	710	5468	2074	233.0	2400	2488	444	1
53	3660	1230	710	5469	2074	233.0	2400	2488	444	1
53	3661	1232	711	5472	2074	235.0	2400	2488	444	1
53	3783	1262	729	5637	2068	230.0	2400	2488	444	1
53	3794	1264	731	5652	2068	228.0	2400	2488	444	1
53	3787	1263	730	5642	2068	229.0	2400	2488	444	1
53	3790	1263	730	5646	2068	228.0	2400	2488	444	1
53	3791	1264	731	5648	2068	229.0	2400	2488	444	1
53	3771	1259	727	5620	2069	230.0	2400	2488	444	1
53	3795	1264	731	5651	2067	227.0	2400	2488	444	1
53	3784	1263	730	5639	2068	230.0	2400	2488	444	1
53	3793	1264	731	5649	2068	228.0	2400	2488	444	1
53	3788	1263	730	5643	2068	229.0	2400	2488	444	1
53	3789	1263	730	5645	2068	229.0	2400	2488	444	1
53	3746	1251	723	5584	2069	229.0	2400	2488	444	1
53	3662	1232	711	5473	2074	235.0	2400	2488	444	1
53	3676	1232	712	5487	2072	229.0	2400	2488	444	1
53	3663	1232	711	5474	2074	234.0	2400	2488	444	1
53	3661	1230	710	5469	2073	233.0	2400	2488	444	1
53	3661	1230	710	5470	2074	233.0	2400	2488	444	1
53	3663	1232	711	5476	2075	234.0	2400	2488	444	1
53	3661	1230	710	5469	2073	233.0	2400	2488	444	1
53	3663	1232	711	5475	2075	234.0	2400	2488	444	1
53	3661	1230	710	5469	2073	233.0	2400	2488	444	1
53	3678	1236	713	5496	2074	234.0	2400	2488	444	1
53	3790	1263	730	5645	2067	228.0	2400	2488	444	1
53	3788	1264	730	5645	2069	230.0	2400	2488	444	1
53	3794	1262	730	5648	2067	225.0	2400	2488	444	1
53	3771	1260	728	5622	2070	231.0	2400	2488	444	1
53	3792	1262	730	5646	2067	226.0	2400	2488	444	1
53	3790	1265	731	5648	2068	231.0	2400	2488	444	0
53	3788	1262	729	5641	2067	228.0	2400	2488	444	0
53	7150	2116	1249	10213	1988	104.0	2400	2488	444	0
53	7138	2113	1247	10196	1988	104.0	2400	2488	444	0
53	7149	2115	1249	10209	1988	103.0	2400	2488	444	0
54	7140	2113	1248	10199	1989	103.0	2400	2844	222	1
54	7143	2114	1248	10203	1988	104.0	2400	2844	222	1
54	4116	1102	696	5733	1964	0.0	2400	2844	222	1
54	4123	1103	697	5742	1964	0.0	2400	2844	222	1
54	4115	1102	696	5732	1964	0.0	2400	2844	222	1
54	4122	1103	697	5741	1964	0.0	2400	2844	222	1
54	4118	1102	696	5736	1964	0.0	2400	2844	222	1
54	4118	1102	696	5736	1964	0.0	2400	2844	222	1
54	4123	1103	697	5741	1963	0.0	2400	2844	222	1
54	4116	1102	696	5733	1964	0.0	2400	2844	222	1
54	4123	1102	697	5741	1964	0.0	2400	2844	222	1
54	4117	1103	697	5737	1965	0.0	2400	2844	222	1
54	4077	1093	691	5682	1966	0.0	2400	2844	222	1
54	3981	1077	679	5563	1970	0.0	2400	2844	222	1
54	3979	1075	678	5558	1969	0.0	2400	2844	222	1
54	3981	1077	679	5564	1971	0.0	2400	2844	222	1
54	3979	1075	678	5558	1969	0.0	2400	2844	222	1
54	3997	1080	681	5585	1970	0.0	2400	2844	222	1
54	3978	1074	677	5557	1969	0.0	2400	2844	222	1
54	3980	1077	679	5563	1971	0.0	2400	2844	222	1
54	3980	1077	679	5563	1971	0.0	2400	2844	222	1
54	3979	1075	678	5558	1969	0.0	2400	2844	222	1
54	3983	1077	679	5566	1970	0.0	2400	2844	222	1
54	4120	1101	696	5738	1964	0.0	2400	2844	222	1
54	4104	1101	695	5722	1966	0.0	2400	2844	222	1
54	4116	1100	696	5732	1964	0.0	2400	2844	222	1
54	4125	1104	698	5746	1965	0.0	2400	2844	222	1
54	4114	1101	696	5730	1964	0.0	2400	2844	222	1
54	4124	1104	698	5745	1965	0.0	2400	2844	222	1
54	4116	1102	696	5733	1964	0.0	2400	2844	222	1
54	4121	1103	697	5740	1964	0.0	2400	2844	222	1
54	4120	1102	696	5738	1963	0.0	2400	2844	222	1
54	4117	1102	696	5734	1964	0.0	2400	2844	222	1
54	4107	1100	695	5721	1964	0.0	2400	2844	222	1
54	4115	1102	696	5733	1964	0.0	2400	2844	222	1
54	3979	1076	678	5560	1970	0.0	2400	2844	222	1
54	3980	1076	678	5560	1969	0.0	2400	2844	222	1
54	3986	1079	679	5571	1970	0.0	2400	2844	222	1
54	3979	1075	678	5560	1970	0.0	2400	2844	222	1
54	3979	1075	678	5559	1970	0.0	2400	2844	222	1
54	3997	1080	681	5583	1969	0.0	2400	2844	222	1
54	3979	1075	678	5558	1969	0.0	2400	2844	222	1
54	3980	1077	678	5562	1970	0.0	2400	2844	222	1
54	3979	1075	678	5558	1969	0.0	2400	2844	222	1
54	3980	1077	679	5563	1971	0.0	2400	2844	222	1
54	3997	1078	680	5581	1968	0.0	2400	2844	222	0
54	3783	1039	652	5312	1978	0.0	2400	2844	222	0
54	299	376	191	898	3824	356.0	2400	2844	222	0
54	301	378	192	904	3821	358.0	2400	2844	222	0
54	299	376	191	898	3824	356.0	2400	2844	222	0
55	301	378	192	904	3821	358.0	2400	3200	0	1
55	299	375	191	898	3824	355.0	2400	3200	0	1
55	4332	1006	685	5810	1913	0.0	2400	3200	0	1
55	4328	1003	684	5801	1911	0.0	2400	3200	0	1
55	4330	1005	685	5807	1913	0.0	2400	3200	0	1
55	4328	1003	684	5800	1911	0.0	2400	3200	0	1
55	4330	1006	685	5806	1912	0.0	2400	3200	0	1
55	4483	1029	704	5992	1907	0.0	2400	3200	0	1
55	4479	1026	702	5984	1906	0.0	2400	3200	0	1
55	4486	1030	704	5996	1906	0.0	2400	3200	0	1
55	4459	1023	700	5960	1907	0.0	2400	3200	0	1
55	4486	1029	704	5996	1907	0.0	2400	3200	0	1
55	4478	1027	703	5984	1906	0.0	2400	3200	0	1
55	4484	1029	704	5993	1906	0.0	2400	3200	0	1
55	4468	1027	702	5974	1907	0.0	2400	3200	0	1
55	4481	1028	703	5988	1906	0.0	2400	3200	0	1
55	4482	1028	703	5990	1907	0.0	2400	3200	0	1
55	4478	1027	703	5985	1907	0.0	2400	3200	0	1
55	4346	1007	687	5824	1911	0.0	2400	3200	0	1
55	4328	1004	684	5801	1911	0.0	2400	3200	0	1
55	4328	1004	685	5803	1912	0.0	2400	3200	0	1
55	4327	1003	684	5800	1911	0.0	2400	3200	0	1
55	4328	1005	685	5804	1912	0.0	2400	3200	0	1
55	4327	1003	684	5800	1911	0.0	2400	3200	0	1
55	4328	1005	685	5804	1912	0.0	2400	3200	0	1
55	4328	1005	685	5804	1912	0.0	2400	3200	0	1
55	4345	1005	686	5821	1911	0.0	2400	3200	0	1
55	4329	1005	685	5804	1912	0.0	2400	3200	0	1
55	4360	1008	688	5839	1910	0.0	2400	3200	0	1
55	4480	1029	703	5988	1906	0.0	2400	3200	0	1
55	4483	1027	703	5989	1906	0.0	2400	3200	0	1
55	4481	1029	704	5990	1907	0.0	2400	3200	0	1
55	4482	1027	703	5987	1906	0.0	2400	3200	0	1
55	4482	1029	704	5991	1907	0.0	2400	3200	0	1
55	4460	1023	700	5961	1907	0.0	2400	3200	0	1
55	4485	1030	704	5996	1907	0.0	2400	3200	0	1
55	4477	1026	702	5981	1905	0.0	2400	3200	0	1
55	4486	1030	704	5996	1906	0.0	2400	3200	0	1
55	4477	1026	702	5981	1905	0.0	2400	3200	0	1
55	4486	1030	704	5996	1906	0.0	2400	3200	0	1
55	4333	1004	685	5807	1912	0.0	2400	3200	0	1
55	4329	1005	685	5804	1912	0.0	2400	3200	0	1
55	4341	1004	685	5815	1911	0.0	2400	3200	0	1
55	4327	1003	684	5800	1911	0.0	2400	3200	0	1
55	4328	1005	685	5803	1912	0.0	2400	3200	0	1
55	4327	1004	684	5801	1911	0.0	2400	3200	0	0
55	6885	1402	997	8912	1852	0.0	2400	3200	0	0
55	8503	1653	1195	10880	1833	0.0	2400	3200	0	0
55	8494	1651	1194	10868	1833	0.0	2400	3200	0	0
55	8500	1652	1195	10876	1833	0.0	2400	3200	0	0
56	8493	1651	1194	10867	1833	0.0	2400	355	2000	1
56	8233	1611	1163	10553	1836	0.0	2400	355	2000	1
56	2057	2444	1043	5651	3322	2426.0	2400	355	2000	1
56	2057	2446	1044	5653	3324	2428.0	2400	355	2000	1
56	2064	2453	1047	5671	3323	2435.0	2400	355	2000	1
56	2057	2446	1044	5654	3324	2428.0	2400	355	2000	1
56	2056	2444	1043	5650	3323	2426.0	2400	355	2000	1
56	2057	2446	1044	5654	3324	2428.0	2400	355	2000	1
56	2063	2453	1047	5670	3324	2435.0	2400	355	2000	1
56	2057	2446	1044	5655	3324	2428.0	2400	355	2000	1
56	2055	2443	1043	5649	3324	2425.0	2400	355	2000	1
56	2058	2446	1050	5655	3334	2424.0	2400	355	2000	1
56	2125	2525	1076	5836	3320	2507.0	2400	355	2000	1
56	2122	2524	1076	5831	3322	2507.0	2400	355	2000	1
56	2125	2524	1076	5835	3320	2506.0	2400	355	2000	1
56	2121	2524	1076	5832	3323	2507.0	2400	355	2000	1
56	2126	2523	1076	5835	3319	2504.0	2400	355	2000	1
56	2120	2525	1076	5831	3324	2509.0	2400	355	2000	1
56	2127	2523	1075	5835	3316	2504.0	2400	355	2000	1
56	2121	2524	1076	5831	3323	2507.0	2400	355	2000	1
56	2118	2514	1072	5815	3319	2495.0	2400	355	2000	1
56	2122	2523	1076	5831	3322	2505.0	2400	355	2000	1
56	2124	2525	1076	5836	3321	2508.0	2400	355	2000	1
56	2056	2444	1043	5650	3323	2426.0	2400	355	2000	1
56	2057	2446	1044	5654	3324	2428.0	2400	355	2000	1
56	2056	2444	1043	5651	3323	2426.0	2400	355	2000	1
56	2057	2445	1043	5653	3322	2427.0	2400	355	2000	1
56	2056	2445	1043	5651	3323	2428.0	2400	355	2000	1
56	2064	2454	1047	5673	3323	2436.0	2400	355	2000	1
56	2056	2445	1043	5652	3323	2428.0	2400	355	2000	1
56	2057	2445	1043	5652	3322	2427.0	2400	355	2000	1
56	2056	2444	1043	5650	3323	2426.0	2400	355	2000	1
56	2057	2445	1044	5653	3324	2427.0	2400	355	2000	1
56	2056	2444	1043	5650	3323	2426.0	2400	355	2000	1
56	2122	2527	1077	5837	3324	2511.0	2400	355	2000	1
56	2117	2512	1071	5809	3318	2493.0	2400	355	2000	1
56	2122	2526	1077	5836	3324	2509.0	2400	355	2000	1
56	2123	2522	1075	5830	3320	2504.0	2400	355	2000	1
56	2124	2525	1076	5835	3321	2508.0	2400	355	2000	1
56	2122	2523	1075	5830	3321	2506.0	2400	355	2000	1
56	2125	2524	1076	5834	3320	2506.0	2400	355	2000	1
56	2121	2524	1076	5831	3323	2507.0	2400	355	2000	1
56	2126	2523	1075	5834	3317	2505.0	2400	355	2000	1
56	2120	2525	1076	5831	3324	2509.0	2400	355	2000	1
56	2119	2514	1072	5815	3318	2495.0	2400	355	2000	1
56	2104	2499	1066	5779	3321	2481.0	2400	355	2000	0
56	2057	2446	1044	5655	3324	2428.0	2400	355	2000	0
56	299	376	191	898	3824	356.0	2400	355	2000	0
56	299	376	191	898	3824	356.0	2400	355	2000	0
56	301	378	192	904	3821	358.0	2400	355	2000	0
57	299	376	191	899	3824	356.0	2400	711	1777	1
57	1537	1542	689	3823	3098	1430.0	2400	711	1777	1
57	2408	2352	1035	5865	3028	2173.0	2400	711	1777	1
57	2403	2357	1037	5867	3035	2181.0	2400	711	1777	1
57	2407	2352	1035	5864	3029	2173.0	2400	711	1777	1
57	2404	2357	1037	5868	3034	2180.0	2400	711	1777	1
57	2328	2282	1005	5683	3035	2110.0	2400	711	1777	1
57	2328	2282	1005	5683	3035	2110.0	2400	711	1777	1
57	2328	2282	1005	5683	3035	2110.0	2400	711	1777	1
57	2327	2281	1004	5682	3034	2109.0	2400	711	1777	1
57	2328	2282	1005	5684	3035	2110.0	2400	711	1777	1
57	2327	2281	1004	5681	3034	2109.0	2400	711	1777	1
57	2328	2283	1005	5684	3035	2112.0	2400	711	1777	1
57	2327	2281	1004	5681	3034	2109.0	2400	711	1777	1
57	2328	2283	1005	5685	3035	2112.0	2400	711	1777	1
57	2327	2281	1004	5680	3034	2109.0	2400	711	1777	1
57	2327	2281	1004	5685	3034	2109.0	2400	711	1777	1
57	2405	2357	1037	5870	3033	2180.0	2400	711	1777	1
57	2404	2352	1035	5862	3031	2174.0	2400	711	1777	1
57	2406	2357	1037	5870	3033	2180.0	2400	711	1777	1
57	2403	2353	1035	5861	3032	2176.0	2400	711	1777	1
57	2398	2347	1032	5847	3030	2170.0	2400	711	1777	1
57	2402	2354	1035	5862	3032	2178.0	2400	711	1777	1
57	2408	2354	1036	5868	3030	2175.0	2400	711	1777	1
57	2401	2355	1036	5863	3034	2179.0	2400	711	1777	1
57	2407	2354	1035	5866	3029	2176.0	2400	711	1777	1
57	2403	2355	1036	5864	3033	2178.0	2400	711	1777	1
57	2406	2355	1036	5867	3031	2177.0	2400	711	1777	1
57	2377	2325	1023	5795	3030	2149.0	2400	711	1777	1
57	2338	2292	1009	5708	3035	2120.0	2400	711	1777	1
57	2327	2281	1004	5682	3034	2109.0	2400	711	1777	1
57	2328	2283	1005	5686	3035	2112.0	2400	711	1777	1
57	2328	2282	1005	5683	3035	2110.0	2400	711	1777	1
57	2328	2283	1005	5685	3035	2112.0	2400	711	1777	1
57	2328	2282	1005	5683	3035	2110.0	2400	711	1777	1
57	2328	2282	1005	5683	3035	2110.0	2400	711	1777	1
57	2328	2282	1005	5683	3035	2110.0	2400	711	1777	1
57	2337	2291	1008	5705	3034	2119.0	2400	711	1777	1
57	2327	2281	1004	5682	3034	2109.0	2400	711	1777	1
57	2405	2355	1036	5867	3032	2177.0	2400	711	1777	1
57	2406	2354	1035	5865	3029	2176.0	2400	711	1777	1
57	2404	2357	1036	5868	3032	2181.0	2400	711	1777	1
57	2406	2352	1035	5863	3029	2173.0	2400	711	1777	1
57	2403	2357	1037	5868	3035	2181.0	2400	711	1777	1
57	2407	2351	1034	5862	3027	2172.0	2400	711	1777	1
57	2395	2349	1033	5847	3034	2173.0	2400	711	1777	0
57	2407	2351	1034	5862	3027	2172.0	2400	711	1777	0
57	4427	4259	1849	10640	2982	3931.0	2400	711	1777	0
57	4426	4252	1846	10629	2980	3923.0	2400	711	1777	0
57	4427	4256	1848	10636	2981	3927.0	2400	711	1777	0
58	4423	4253	1846	10628	2981	3925.0	2400	1066	1555	1
58	4428	4254	1847	10634	2980	3924.0	2400	1066	1555	1
58	2441	2326	1028	5859	2995	2126.0	2400	1066	1555	1
58	2684	2183	993	5891	2800	1847.0	2400	1066	1555	1
58	2690	2182	993	5896	2797	1843.0	2400	1066	1555	1
58	2687	2183	994	5895	2800	1845.0	2400	1066	1555	1
58	2688	2184	994	5897	2799	1846.0	2400	1066	1555	1
58	2689	2182	993	5895	2797	1844.0	2400	1066	1555	1
58	2686	2185	994	5896	2800	1849.0	2400	1066	1555	1
58	2690	2181	993	5894	2797	1842.0	2400	1066	1555	1
58	2686	2186	995	5896	2802	1850.0	2400	1066	1555	1
58	2650	2150	979	5809	2798	1816.0	2400	1066	1555	1
58	2601	2117	964	5713	2803	1791.0	2400	1066	1555	1
58	2601	2117	964	5712	2803	1791.0	2400	1066	1555	1
58	2600	2117	964	5711	2803	1791.0	2400	1066	1555	1
58	2611	2125	968	5734	2803	1797.0	2400	1066	1555	1
58	2600	2116	964	5710	2803	1790.0	2400	1066	1555	1
58	2600	2117	964	5712	2803	1791.0	2400	1066	1555	1
58	2599	2116	964	5709	2804	1790.0	2400	1066	1555	1
58	2611	2125	968	5734	2803	1797.0	2400	1066	1555	1
58	2599	2116	964	5709	2804	1790.0	2400	1066	1555	1
58	2599	2115	964	5708	2804	1788.0	2400	1066	1555	1
58	2676	2178	991	5875	2801	1843.0	2400	1066	1555	1
58	2689	2180	992	5891	2796	1841.0	2400	1066	1555	1
58	2688	2185	995	5898	2801	1847.0	2400	1066	1555	1
58	2687	2180	992	5889	2797	1842.0	2400	1066	1555	1
58	2690	2185	995	5899	2800	1847.0	2400	1066	1555	1
58	2685	2182	993	5890	2800	1845.0	2400	1066	1555	1
58	2691	2184	994	5899	2798	1845.0	2400	1066	1555	1
58	2684	2183	993	5890	2800	1847.0	2400	1066	1555	1
58	2692	2183	994	5899	2797	1844.0	2400	1066	1555	1
58	2677	2176	991	5874	2801	1840.0	2400	1066	1555	1
58	2693	2183	994	5900	2797	1843.0	2400	1066	1555	1
58	2685	2184	994	5893	2801	1847.0	2400	1066	1555	1
58	2602	2118	965	5716	2804	1791.0	2400	1066	1555	1
58	2600	2116	964	5711	2803	1790.0	2400	1066	1555	1
58	2601	2118	965	5715	2804	1792.0	2400	1066	1555	1
58	2600	2116	964	5711	2803	1790.0	2400	1066	1555	1
58	2601	2118	965	5714	2804	1792.0	2400	1066	1555	1
58	2601	2117	965	5733	2804	1790.0	2400	1066	1555	1
58	2601	2117	964	5712	2803	1791.0	2400	1066	1555	1
58	2601	2117	964	5712	2803	1791.0	2400	1066	1555	1
58	2601	2117	964	5713	2803	1791.0	2400	1066	1555	1
58	2600	2117	964	5711	2803	1791.0	2400	1066	1555	1
58	2639	2148	978	5795	2802	1817.0	2400	1066	1555	1
58	2688	2184	994	5896	2799	1846.0	2400	1066	1555	0
58	2251	1850	846	4978	2822	1569.0	2400	1066	1555	0
58	300	376	191	900	3816	356.0	2400	1066	1555	0
58	301	378	192	905	3821	358.0	2400	1066	1555	0
58	300	376	191	900	3816	356.0	2400	1066	1555	0
59	301	378	192	904	3821	358.0	2400	1422	1333	1
59	299	376	191	899	3824	356.0	2400	1422	1333	1
59	2864	1941	919	5717	2610	1461.0	2400	1422	1333	1
59	2861	1938	918	5708	2609	1458.0	2400	1422	1333	1
59	2863	1941	919	5715	2610	1461.0	2400	1422	1333	1
59	2872	1945	921	5730	2609	1463.0	2400	1422	1333	1
59	2959	2002	947	5898	2605	1506.0	2400	1422	1333	1
59	2960	1996	945	5891	2602	1497.0	2400	1422	1333	1
59	2953	1990	943	5875	2603	1492.0	2400	1422	1333	1
59	2962	2001	947	5900	2604	1503.0	2400	1422	1333	1
59	2957	1998	945	5890	2604	1501.0	2400	1422	1333	1
59	2963	2000	947	5900	2604	1501.0	2400	1422	1333	1
59	2944	1992	943	5869	2606	1498.0	2400	1422	1333	1
59	2963	1999	947	5899	2604	1500.0	2400	1422	1333	1
59	2955	1999	946	5891	2607	1503.0	2400	1422	1333	1
59	2964	1998	946	5898	2602	1498.0	2400	1422	1333	1
59	2955	1999	946	5891	2607	1503.0	2400	1422	1333	1
59	2862	1940	919	5712	2610	1460.0	2400	1422	1333	1
59	2862	1939	918	5711	2609	1459.0	2400	1422	1333	1
59	2862	1939	918	5711	2609	1459.0	2400	1422	1333	1
59	2862	1939	918	5711	2609	1459.0	2400	1422	1333	1
59	2861	1939	918	5710	2609	1459.0	2400	1422	1333	1
59	2862	1940	919	5712	2610	1460.0	2400	1422	1333	1
59	2861	1939	918	5709	2609	1459.0	2400	1422	1333	1
59	2862	1940	919	5712	2610	1460.0	2400	1422	1333	1
59	2861	1938	918	5709	2609	1458.0	2400	1422	1333	1
59	2861	1938	918	5709	2609	1458.0	2400	1422	1333	1
59	2920	1975	935	5821	2607	1484.0	2400	1422	1333	1
59	2955	1999	946	5891	2607	1503.0	2400	1422	1333	1
59	2964	1999	946	5899	2602	1500.0	2400	1422	1333	1
59	2957	1999	946	5892	2605	1502.0	2400	1422	1333	1
59	2961	1999	946	5897	2604	1501.0	2400	1422	1333	1
59	2948	1992	943	5872	2605	1496.0	2400	1422	1333	1
59	2959	1999	946	5896	2605	1502.0	2400	1422	1333	1
59	2960	1997	946	5893	2604	1498.0	2400	1422	1333	1
59	2957	2000	946	5894	2606	1504.0	2400	1422	1333	1
59	2957	1996	945	5888	2604	1498.0	2400	1422	1333	1
59	2956	2001	947	5894	2607	1505.0	2400	1422	1333	1
59	2962	1995	945	5892	2602	1495.0	2400	1422	1333	1
59	2862	1939	919	5712	2610	1458.0	2400	1422	1333	1
59	2872	1944	921	5728	2609	1461.0	2400	1422	1333	1
59	2862	1939	918	5711	2609	1459.0	2400	1422	1333	1
59	2860	1937	918	5707	2610	1456.0	2400	1422	1333	1
59	2861	1939	918	5710	2609	1459.0	2400	1422	1333	1
59	2861	1939	918	5710	2609	1459.0	2400	1422	1333	1
59	2861	1939	918	5709	2609	1459.0	2400	1422	1333	0
59	4746	3089	1453	9249	2546	2271.0	2400	1422	1333	0
59	5510	3558	1672	10688	2534	2603.0	2400	1422	1333	0
59	5517	3555	1671	10690	2532	2596.0	2400	1422	1333	0
59	5510	3558	1672	10688	2534	2603.0	2400	1422	1333	0
60	5515	3554	1670	10686	2532	2596.0	2400	1777	1111	1
60	5089	3296	1550	9891	2539	2415.0	2400	1777	1111	1
60	3123	1761	872	5709	2434	1127.0	2400	1777	1111	1
60	3125	1763	873	5714	2435	1129.0	2400	1777	1111	1
60	3124	1761	872	5710	2434	1127.0	2400	1777	1111	1
60	3125	1764	873	5715	2435	1130.0	2400	1777	1111	1
60	3136	1767	875	5731	2433	1130.0	2400	1777	1111	1
60	3126	1764	873	5715	2433	1130.0	2400	1777	1111	1
60	3124	1761	872	5710	2434	1127.0	2400	1777	1111	1
60	3126	1764	874	5716	2435	1129.0	2400	1777	1111	1
60	3124	1761	872	5709	2433	1127.0	2400	1777	1111	1
60	3188	1794	888	5822	2431	1146.0	2400	1777	1111	1
60	3228	1815	899	5890	2429	1158.0	2400	1777	1111	1
60	3225	1815	898	5888	2430	1160.0	2400	1777	1111	1
60	3235	1815	899	5899	2428	1156.0	2400	1777	1111	1
60	3232	1816	899	5896	2429	1159.0	2400	1777	1111	1
60	3232	1816	899	5898	2430	1159.0	2400	1777	1111	1
60	3236	1816	899	5900	2428	1157.0	2400	1777	1111	1
60	3230	1817	899	5896	2429	1161.0	2400	1777	1111	1
60	3236	1814	898	5897	2426	1155.0	2400	1777	1111	1
60	3228	1817	899	5895	2431	1161.0	2400	1777	1111	1
60	3237	1814	898	5899	2426	1154.0	2400	1777	1111	1
60	3126	1763	873	5714	2433	1128.0	2400	1777	1111	1
60	3125	1762	873	5712	2434	1127.0	2400	1777	1111	1
60	3125	1763	873	5714	2435	1129.0	2400	1777	1111	1
60	3125	1762	873	5713	2435	1127.0	2400	1777	1111	1
60	3138	1769	876	5734	2433	1132.0	2400	1777	1111	1
60	3125	1763	873	5714	2435	1129.0	2400	1777	1111	1
60	3125	1762	873	5712	2434	1127.0	2400	1777	1111	1
60	3125	1763	873	5714	2435	1129.0	2400	1777	1111	1
60	3137	1768	876	5733	2433	1130.0	2400	1777	1111	1
60	3124	1761	872	5711	2434	1127.0	2400	1777	1111	1
60	3126	1763	873	5716	2434	1128.0	2400	1777	1111	1
60	3225	1807	895	5877	2426	1150.0	2400	1777	1111	1
60	3230	1818	900	5897	2431	1162.0	2400	1777	1111	1
60	3235	1813	898	5896	2427	1154.0	2400	1777	1111	1
60	3232	1818	900	5900	2430	1161.0	2400	1777	1111	1
60	3232	1813	898	5892	2428	1155.0	2400	1777	1111	1
60	3235	1818	900	5903	2429	1160.0	2400	1777	1111	1
60	3230	1814	898	5892	2428	1157.0	2400	1777	1111	1
60	3237	1817	900	5903	2428	1158.0	2400	1777	1111	1
60	3228	1815	898	5891	2429	1159.0	2400	1777	1111	1
60	3232	1811	897	5889	2426	1152.0	2400	1777	1111	1
60	3226	1815	898	5890	2430	1160.0	2400	1777	1111	1
60	3163	1778	881	5774	2431	1134.0	2400	1777	1111	1
60	3124	1761	872	5710	2434	1127.0	2400	1777	1111	0
60	3126	1763	873	5716	2434	1128.0	2400	1777	1111	0
60	299	376	191	899	3824	356.0	2400	1777	1111	0
60	301	378	192	903	3821	358.0	2400	1777	1111	0
60	301	378	192	903	3821	358.0	2400	1777	1111	0
61	300	376	192	900	3829	355.0	2400	2133	888	1
61	2502	1240	645	4337	2344	672.0	2400	2133	888	1
61	3515	1633	852	5909	2277	812.0	2400	2133	888	1
61	3506	1633	852	5901	2279	815.0	2400	2133	888	1
61	3517	1632	852	5910	2276	810.0	2400	2133	888	1
61	3393	1586	828	5721	2283	795.0	2400	2133	888	1
61	3393	1587	828	5722	2283	797.0	2400	2133	888	1
61	3406	1591	831	5741	2283	797.0	2400	2133	888	1
61	3393	1587	828	5723	2284	797.0	2400	2133	888	1
61	3392	1586	828	5719	2284	796.0	2400	2133	888	1
61	3393	1588	828	5723	2283	798.0	2400	2133	888	1
61	3392	1586	827	5719	2282	796.0	2400	2133	888	1
61	3393	1588	828	5723	2283	798.0	2400	2133	888	1
61	3392	1586	827	5718	2282	796.0	2400	2133	888	1
61	3394	1588	829	5724	2284	797.0	2400	2133	888	1
61	3392	1585	827	5718	2282	795.0	2400	2133	888	1
61	3408	1593	831	5746	2283	799.0	2400	2133	888	1
61	3507	1635	853	5904	2280	817.0	2400	2133	888	1
61	3513	1631	851	5904	2276	810.0	2400	2133	888	1
61	3504	1630	851	5894	2278	812.0	2400	2133	888	1
61	3510	1630	851	5901	2277	810.0	2400	2133	888	1
61	3512	1635	853	5910	2278	816.0	2400	2133	888	1
61	3508	1631	851	5899	2277	812.0	2400	2133	888	1
61	3500	1629	850	5889	2278	812.0	2400	2133	888	1
61	3505	1632	852	5898	2279	814.0	2400	2133	888	1
61	3516	1633	853	5911	2277	811.0	2400	2133	888	1
61	3504	1632	852	5898	2279	814.0	2400	2133	888	1
61	3434	1601	836	5782	2281	800.0	2400	2133	888	1
61	3392	1586	828	5719	2284	796.0	2400	2133	888	1
61	3393	1587	828	5722	2283	797.0	2400	2133	888	1
61	3392	1586	828	5720	2284	796.0	2400	2133	888	1
61	3392	1587	828	5721	2284	797.0	2400	2133	888	1
61	3392	1586	828	5720	2284	796.0	2400	2133	888	1
61	3392	1586	828	5720	2284	796.0	2400	2133	888	1
61	3392	1587	828	5721	2284	797.0	2400	2133	888	1
61	3392	1587	828	5719	2283	797.0	2400	2133	888	1
61	3391	1586	827	5718	2283	797.0	2400	2133	888	1
61	3393	1587	828	5723	2284	797.0	2400	2133	888	1
61	3506	1633	852	5900	2279	815.0	2400	2133	888	1
61	3514	1633	852	5908	2277	813.0	2400	2133	888	1
61	3508	1633	852	5901	2278	814.0	2400	2133	888	1
61	3511	1633	852	5905	2278	814.0	2400	2133	888	1
61	3510	1633	852	5904	2278	814.0	2400	2133	888	1
61	3496	1628	850	5884	2279	812.0	2400	2133	888	1
61	3512	1632	852	5905	2277	812.0	2400	2133	888	1
61	3508	1634	853	5905	2279	815.0	2400	2133	888	0
61	3513	1631	852	5905	2277	810.0	2400	2133	888	0
61	6593	2842	1488	10713	2203	1256.0	2400	2133	888	0
61	6600	2837	1487	10713	2201	1246.0	2400	2133	888	0
61	6591	2841	1488	10710	2203	1255.0	2400	2133	888	0
62	6597	2837	1487	10710	2202	1247.0	2400	2488	666	1
62	6593	2841	1488	10711	2203	1254.0	2400	2488	666	1
62	3584	1585	840	5907	2241	723.0	2400	2488	666	1
62	3812	1458	810	5947	2147	470.0	2400	2488	666	1
62	3814	1458	810	5949	2147	470.0	2400	2488	666	1
62	3812	1455	808	5943	2145	467.0	2400	2488	666	1
62	3815	1458	810	5951	2147	469.0	2400	2488	666	1
62	3811	1455	809	5943	2146	467.0	2400	2488	666	1
62	3816	1457	809	5950	2145	468.0	2400	2488	666	1
62	3795	1451	806	5920	2147	468.0	2400	2488	666	1
62	3711	1423	790	5797	2150	462.0	2400	2488	666	1
62	3685	1416	786	5761	2151	463.0	2400	2488	666	1
62	3684	1416	786	5759	2151	463.0	2400	2488	666	1
62	3685	1417	787	5761	2151	464.0	2400	2488	666	1
62	3684	1415	786	5758	2151	462.0	2400	2488	666	1
62	3685	1417	787	5762	2152	464.0	2400	2488	666	1
62	3683	1415	786	5757	2151	462.0	2400	2488	666	1
62	3700	1422	789	5784	2151	465.0	2400	2488	666	1
62	3684	1415	786	5757	2150	462.0	2400	2488	666	1
62	3685	1417	787	5763	2152	464.0	2400	2488	666	1
62	3684	1415	786	5757	2150	462.0	2400	2488	666	1
62	3685	1417	787	5764	2153	464.0	2400	2488	666	1
62	3812	1458	810	5947	2147	470.0	2400	2488	666	1
62	3819	1455	809	5950	2145	464.0	2400	2488	666	1
62	3811	1457	810	5946	2147	469.0	2400	2488	666	1
62	3819	1455	809	5950	2145	464.0	2400	2488	666	1
62	3811	1457	810	5946	2147	469.0	2400	2488	666	1
62	3819	1455	809	5950	2145	464.0	2400	2488	666	1
62	3811	1457	810	5946	2147	469.0	2400	2488	666	1
62	3819	1455	809	5950	2145	464.0	2400	2488	666	1
62	3810	1457	809	5944	2147	470.0	2400	2488	666	1
62	3819	1455	809	5951	2145	464.0	2400	2488	666	1
62	3778	1445	803	5895	2148	466.0	2400	2488	666	1
62	3684	1416	786	5759	2151	463.0	2400	2488	666	1
62	3685	1416	786	5761	2151	463.0	2400	2488	666	1
62	3685	1416	786	5760	2151	463.0	2400	2488	666	1
62	3684	1416	786	5760	2151	463.0	2400	2488	666	1
62	3700	1421	789	5782	2150	464.0	2400	2488	666	1
62	3684	1416	786	5760	2151	463.0	2400	2488	666	1
62	3685	1416	786	5761	2151	463.0	2400	2488	666	1
62	3700	1421	789	5784	2151	464.0	2400	2488	666	1
62	3684	1415	786	5758	2151	462.0	2400	2488	666	1
62	3685	1417	787	5762	2152	464.0	2400	2488	666	1
62	3812	1455	809	5944	2146	466.0	2400	2488	666	1
62	3801	1452	807	5927	2146	467.0	2400	2488	666	1
62	3812	1455	809	5943	2146	466.0	2400	2488	666	0
62	2808	1146	632	4500	2202	434.0	2400	2488	666	0
62	298	375	191	896	3832	355.0	2400	2488	666	0
62	301	378	192	903	3821	358.0	2400	2488	666	0
62	298	375	191	896	3832	355.0	2400	2488	666	0
63	301	378	192	903	3821	358.0	2400	2844	444	1
63	299	375	191	897	3824	355.0	2400	2844	444	1
63	4005	1250	748	5835	2036	125.0	2400	2844	444	1
63	4018	1251	749	5849	2035	121.0	2400	2844	444	1
63	4003	1250	748	5832	2036	125.0	2400	2844	444	1
63	4147	1281	769	6020	2030	112.0	2400	2844	444	1
63	4140	1282	769	6016	2032	116.0	2400	2844	444	1
63	4147	1281	768	6020	2029	113.0	2400	2844	444	1
63	4139	1282	769	6015	2032	116.0	2400	2844	444	1
63	4140	1282	769	6015	2031	116.0	2400	2844	444	1
63	4128	1277	766	5996	2031	114.0	2400	2844	444	1
63	4141	1282	769	6016	2031	116.0	2400	2844	444	1
63	4143	1281	768	6016	2029	114.0	2400	2844	444	1
63	4142	1282	769	6017	2031	115.0	2400	2844	444	1
63	4141	1281	768	6014	2030	115.0	2400	2844	444	1
63	4094	1269	761	5950	2031	116.0	2400	2844	444	1
63	4001	1249	748	5829	2036	124.0	2400	2844	444	1
63	4001	1248	747	5827	2035	124.0	2400	2844	444	1
63	4018	1253	750	5852	2036	124.0	2400	2844	444	1
63	4000	1247	747	5826	2036	122.0	2400	2844	444	1
63	4002	1249	748	5830	2036	124.0	2400	2844	444	1
63	4000	1247	747	5825	2036	122.0	2400	2844	444	1
63	4002	1249	748	5831	2036	124.0	2400	2844	444	1
63	4000	1247	747	5825	2036	122.0	2400	2844	444	1
63	4002	1250	748	5831	2036	126.0	2400	2844	444	1
63	3999	1247	747	5824	2036	123.0	2400	2844	444	1
63	4001	1250	748	5830	2036	126.0	2400	2844	444	1
63	4140	1283	769	6015	2031	118.0	2400	2844	444	1
63	4143	1280	768	6014	2029	113.0	2400	2844	444	1
63	4140	1283	769	6016	2031	118.0	2400	2844	444	1
63	4126	1276	765	5991	2029	114.0	2400	2844	444	1
63	4141	1284	769	6018	2031	119.0	2400	2844	444	1
63	4140	1280	768	6012	2030	114.0	2400	2844	444	1
63	4142	1284	769	6019	2031	119.0	2400	2844	444	1
63	4124	1277	766	5991	2031	116.0	2400	2844	444	1
63	4143	1284	769	6020	2030	118.0	2400	2844	444	1
63	4138	1281	768	6010	2030	116.0	2400	2844	444	1
63	4145	1283	769	6020	2030	116.0	2400	2844	444	1
63	4016	1252	750	5848	2035	123.0	2400	2844	444	1
63	4000	1249	747	5828	2036	126.0	2400	2844	444	1
63	3999	1249	747	5827	2036	126.0	2400	2844	444	1
63	3999	1249	747	5827	2036	126.0	2400	2844	444	1
63	3999	1249	747	5827	2036	126.0	2400	2844	444	1
63	3999	1249	747	5827	2036	126.0	2400	2844	444	1
63	4000	1249	747	5828	2036	126.0	2400	2844	444	1
63	4000	1250	748	5829	2037	126.0	2400	2844	444	0
63	7123	1985	1217	9985	1964	0.0	2400	2844	444	0
63	7837	2153	1324	10936	1956	0.0	2400	2844	444	0
63	7824	2150	1322	10918	1956	0.0	2400	2844	444	0
63	7833	2152	1324	10931	1956	0.0	2400	2844	444	0
64	7824	2150	1322	10918	1956	0.0	2400	3200	222	1
64	6814	1912	1170	9573	1968	0.0	2400	3200	222	1
64	4335	1095	717	5935	1941	0.0	2400	3200	222	1
64	4338	1098	718	5942	1941	0.0	2400	3200	222	1
64	4354	1098	719	5958	1940	0.0	2400	3200	222	1
64	4338	1098	718	5942	1941	0.0	2400	3200	222	1
64	4336	1095	717	5935	1941	0.0	2400	3200	222	1
64	4338	1098	718	5942	1941	0.0	2400	3200	222	1
64	4336	1095	717	5936	1941	0.0	2400	3200	222	1
64	4338	1098	718	5942	1941	0.0	2400	3200	222	1
64	4494	1123	737	6132	1935	0.0	2400	3200	222	1
64	4490	1125	738	6132	1937	0.0	2400	3200	222	1
64	4475	1120	735	6109	1936	0.0	2400	3200	222	1
64	4491	1122	737	6133	1937	0.0	2400	3200	222	1
64	4492	1125	738	6135	1937	0.0	2400	3200	222	1
64	4488	1122	737	6126	1936	0.0	2400	3200	222	1
64	4495	1125	738	6137	1936	0.0	2400	3200	222	1
64	4487	1122	737	6125	1936	0.0	2400	3200	222	1
64	4495	1124	738	6136	1936	0.0	2400	3200	222	1
64	4488	1123	737	6127	1936	0.0	2400	3200	222	1
64	4476	1120	735	6111	1936	0.0	2400	3200	222	1
64	4337	1096	717	5939	1941	0.0	2400	3200	222	1
64	4338	1096	717	5939	1941	0.0	2400	3200	222	1
64	4338	1096	718	5940	1941	0.0	2400	3200	222	1
64	4337	1096	717	5937	1941	0.0	2400	3200	222	1
64	4338	1097	718	5941	1941	0.0	2400	3200	222	1
64	4337	1095	717	5937	1941	0.0	2400	3200	222	1
64	4338	1097	718	5941	1941	0.0	2400	3200	222	1
64	4354	1098	719	5959	1940	0.0	2400	3200	222	1
64	4338	1097	718	5942	1942	0.0	2400	3200	222	1
64	4336	1095	717	5936	1941	0.0	2400	3200	222	1
64	4338	1097	718	5942	1942	0.0	2400	3200	222	1
64	4490	1124	738	6132	1937	0.0	2400	3200	222	1
64	4493	1123	737	6132	1936	0.0	2400	3200	222	1
64	4488	1124	738	6130	1937	0.0	2400	3200	222	1
64	4493	1123	737	6132	1936	0.0	2400	3200	222	1
64	4489	1125	738	6130	1936	0.0	2400	3200	222	1
64	4493	1122	737	6131	1936	0.0	2400	3200	222	1
64	4490	1125	738	6132	1937	0.0	2400	3200	222	1
64	4490	1122	737	6128	1936	0.0	2400	3200	222	1
64	4492	1125	738	6134	1937	0.0	2400	3200	222	1
64	4489	1122	737	6127	1936	0.0	2400	3200	222	1
64	4493	1125	738	6136	1936	0.0	2400	3200	222	1
64	4336	1095	717	5937	1942	0.0	2400	3200	222	1
64	4338	1097	718	5941	1941	0.0	2400	3200	222	1
64	4336	1095	717	5937	1942	0.0	2400	3200	222	0
64	4337	1097	718	5940	1942	0.0	2400	3200	222	0
64	300	376	191	900	3816	356.0	2400	3200	222	0
64	300	377	192	902	3829	357.0	2400	3200	222	0
64	300	377	192	901	3829	357.0	2400	3200	222	0
65	300	377	192	902	3829	357.0	2400	711	2000	1
65	1979	2084	916	5046	3154	1976.0	2400	711	2000	1
65	2428	2534	1108	6145	3129	2400.0	2400	711	2000	1
65	2423	2536	1108	6143	3133	2405.0	2400	711	2000	1
65	2348	2456	1075	5952	3135	2327.0	2400	711	2000	1
65	2356	2464	1078	5972	3134	2335.0	2400	711	2000	1
65	2348	2456	1075	5953	3135	2327.0	2400	711	2000	1
65	2347	2455	1074	5948	3134	2326.0	2400	711	2000	1
65	2349	2456	1075	5952	3134	2327.0	2400	711	2000	1
65	2347	2454	1074	5947	3134	2325.0	2400	711	2000	1
65	2349	2457	1075	5953	3134	2328.0	2400	711	2000	1
65	2346	2454	1074	5947	3135	2325.0	2400	711	2000	1
65	2349	2457	1075	5954	3134	2328.0	2400	711	2000	1
65	2347	2454	1074	5947	3134	2325.0	2400	711	2000	1
65	2358	2466	1079	5976	3134	2336.0	2400	711	2000	1
65	2392	2500	1093	6059	3131	2369.0	2400	711	2000	1
65	2425	2538	1109	6147	3133	2406.0	2400	711	2000	1
65	2426	2532	1107	6140	3129	2398.0	2400	711	2000	1
65	2424	2533	1107	6139	3130	2400.0	2400	711	2000	1
65	2428	2535	1108	6145	3129	2401.0	2400	711	2000	1
65	2423	2535	1108	6141	3133	2403.0	2400	711	2000	1
65	2420	2524	1104	6122	3129	2390.0	2400	711	2000	1
65	2422	2536	1108	6141	3133	2405.0	2400	711	2000	1
65	2429	2533	1108	6145	3128	2398.0	2400	711	2000	1
65	2424	2535	1108	6142	3132	2403.0	2400	711	2000	1
65	2427	2534	1108	6144	3130	2400.0	2400	711	2000	1
65	2348	2455	1074	5950	3133	2326.0	2400	711	2000	1
65	2348	2456	1074	5951	3133	2328.0	2400	711	2000	1
65	2348	2455	1074	5950	3133	2326.0	2400	711	2000	1
65	2357	2464	1078	5973	3133	2334.0	2400	711	2000	1
65	2348	2455	1074	5950	3133	2326.0	2400	711	2000	1
65	2348	2455	1074	5950	3133	2326.0	2400	711	2000	1
65	2348	2455	1074	5951	3133	2326.0	2400	711	2000	1
65	2347	2454	1074	5948	3134	2325.0	2400	711	2000	1
65	2349	2456	1075	5952	3134	2327.0	2400	711	2000	1
65	2347	2454	1074	5948	3134	2325.0	2400	711	2000	1
65	2348	2454	1074	5952	3133	2324.0	2400	711	2000	1
65	2426	2536	1109	6146	3132	2403.0	2400	711	2000	1
65	2426	2532	1107	6140	3129	2398.0	2400	711	2000	1
65	2425	2538	1109	6147	3133	2406.0	2400	711	2000	1
65	2427	2531	1106	6139	3127	2397.0	2400	711	2000	1
65	2415	2529	1105	6124	3134	2398.0	2400	711	2000	1
65	2428	2530	1106	6139	3126	2395.0	2400	711	2000	1
65	2425	2537	1109	6146	3133	2405.0	2400	711	2000	1
65	2426	2532	1107	6138	3129	2398.0	2400	711	2000	1
65	2417	2527	1105	6123	3132	2395.0	2400	711	2000	0
65	2424	2533	1107	6138	3130	2400.0	2400	711	2000	0
65	4470	4609	1990	11182	3087	4366.0	2400	711	2000	0
65	4465	4608	1989	11175	3088	4367.0	2400	711	2000	0
65	4470	4607	1989	11179	3086	4364.0	2400	711	2000	0
66	4464	4608	1989	11175	3088	4368.0	2400	1066	1777	1
66	4470	4606	1988	11178	3085	4363.0	2400	1066	1777	1
66	2518	2473	1093	6145	3044	2285.0	2400	1066	1777	1
66	2706	2362	1066	6169	2891	2069.0	2400	1066	1777	1
66	2699	2365	1067	6166	2897	2075.0	2400	1066	1777	1
66	2701	2364	1067	6167	2896	2073.0	2400	1066	1777	1
66	2702	2364	1067	6168	2895	2073.0	2400	1066	1777	1
66	2704	2364	1067	6169	2894	2072.0	2400	1066	1777	1
66	2700	2365	1067	6167	2896	2075.0	2400	1066	1777	1
66	2614	2291	1035	5976	2899	2009.0	2400	1066	1777	1
66	2614	2291	1035	5974	2899	2009.0	2400	1066	1777	1
66	2615	2292	1035	5977	2898	2011.0	2400	1066	1777	1
66	2614	2291	1035	5974	2899	2009.0	2400	1066	1777	1
66	2615	2292	1035	5977	2898	2011.0	2400	1066	1777	1
66	2614	2290	1035	5973	2899	2008.0	2400	1066	1777	1
66	2626	2301	1039	6000	2898	2018.0	2400	1066	1777	1
66	2614	2290	1034	5973	2898	2009.0	2400	1066	1777	1
66	2616	2292	1036	5978	2899	2010.0	2400	1066	1777	1
66	2614	2290	1034	5973	2898	2009.0	2400	1066	1777	1
66	2616	2293	1036	5979	2899	2011.0	2400	1066	1777	1
66	2614	2290	1034	5972	2898	2009.0	2400	1066	1777	1
66	2703	2367	1068	6173	2896	2076.0	2400	1066	1777	1
66	2702	2362	1066	6165	2894	2070.0	2400	1066	1777	1
66	2700	2363	1067	6165	2896	2072.0	2400	1066	1777	1
66	2706	2364	1068	6173	2894	2071.0	2400	1066	1777	1
66	2699	2365	1067	6166	2897	2075.0	2400	1066	1777	1
66	2707	2363	1067	6173	2892	2069.0	2400	1066	1777	1
66	2699	2365	1067	6166	2897	2075.0	2400	1066	1777	1
66	2705	2364	1067	6171	2893	2072.0	2400	1066	1777	1
66	2702	2364	1067	6167	2895	2073.0	2400	1066	1777	1
66	2702	2365	1067	6170	2895	2074.0	2400	1066	1777	1
66	2642	2309	1043	6028	2895	2023.0	2400	1066	1777	1
66	2615	2292	1035	5978	2898	2011.0	2400	1066	1777	1
66	2614	2291	1035	5975	2899	2009.0	2400	1066	1777	1
66	2615	2292	1035	5977	2898	2011.0	2400	1066	1777	1
66	2615	2297	1037	5985	2901	2017.0	2400	1066	1777	1
66	2615	2292	1035	5977	2898	2011.0	2400	1066	1777	1
66	2615	2291	1035	5976	2898	2009.0	2400	1066	1777	1
66	2615	2291	1035	5976	2898	2009.0	2400	1066	1777	1
66	2626	2300	1039	5999	2898	2017.0	2400	1066	1777	1
66	2614	2291	1035	5975	2899	2009.0	2400	1066	1777	1
66	2614	2290	1035	5974	2899	2008.0	2400	1066	1777	1
66	2692	2357	1064	6149	2896	2067.0	2400	1066	1777	1
66	2704	2363	1067	6168	2894	2070.0	2400	1066	1777	1
66	2702	2366	1068	6171	2896	2075.0	2400	1066	1777	1
66	2704	2362	1066	6167	2893	2070.0	2400	1066	1777	0
66	1778	1599	730	4141	2955	1412.0	2400	1066	1777	0
66	299	376	191	898	3824	356.0	2400	1066	1777	0
66	301	378	192	904	3821	358.0	2400	1066	1777	0
66	299	375	191	898	3824	355.0	2400	1066	1777	0
67	301	378	192	904	3821	358.0	2400	1422	1555	1
67	299	375	191	898	3824	355.0	2400	1422	1555	1
67	2891	2129	996	6013	2702	1692.0	2400	1422	1555	1
67	2888	2125	994	6004	2701	1688.0	2400	1422	1555	1
67	2990	2195	1026	6207	2696	1742.0	2400	1422	1555	1
67	2985	2192	1025	6197	2697	1740.0	2400	1422	1555	1
67	2991	2194	1026	6206	2696	1740.0	2400	1422	1555	1
67	2983	2193	1025	6196	2698	1742.0	2400	1422	1555	1
67	2992	2192	1025	6205	2694	1738.0	2400	1422	1555	1
67	2971	2192	1025	6174	2699	1745.0	2400	1422	1555	1
67	2984	2194	1026	6199	2699	1743.0	2400	1422	1555	1
67	2989	2192	1025	6202	2695	1739.0	2400	1422	1555	1
67	2976	2191	1024	6186	2700	1742.0	2400	1422	1555	1
67	2986	2193	1025	6200	2697	1741.0	2400	1422	1555	1
67	2920	2143	1003	6062	2697	1700.0	2400	1422	1555	1
67	2889	2126	995	6007	2702	1689.0	2400	1422	1555	1
67	2900	2134	998	6029	2701	1696.0	2400	1422	1555	1
67	2888	2126	995	6006	2702	1689.0	2400	1422	1555	1
67	2889	2127	995	6007	2701	1690.0	2400	1422	1555	1
67	2888	2126	994	6005	2701	1690.0	2400	1422	1555	1
67	2889	2127	995	6007	2701	1690.0	2400	1422	1555	1
67	2888	2125	994	6004	2701	1688.0	2400	1422	1555	1
67	2889	2127	995	6008	2702	1690.0	2400	1422	1555	1
67	2888	2125	994	6003	2700	1688.0	2400	1422	1555	1
67	2889	2127	995	6009	2702	1690.0	2400	1422	1555	1
67	2899	2133	998	6026	2700	1695.0	2400	1422	1555	1
67	2986	2195	1026	6202	2698	1744.0	2400	1422	1555	1
67	2989	2191	1025	6200	2695	1737.0	2400	1422	1555	1
67	2990	2190	1024	6199	2694	1736.0	2400	1422	1555	1
67	2985	2196	1026	6202	2698	1746.0	2400	1422	1555	1
67	2989	2190	1024	6198	2694	1736.0	2400	1422	1555	1
67	2986	2196	1027	6204	2699	1744.0	2400	1422	1555	1
67	2975	2182	1020	6174	2696	1731.0	2400	1422	1555	1
67	2989	2195	1026	6205	2697	1743.0	2400	1422	1555	1
67	2985	2192	1025	6196	2696	1740.0	2400	1422	1555	1
67	2991	2194	1026	6205	2695	1740.0	2400	1422	1555	1
67	2983	2193	1025	6197	2698	1742.0	2400	1422	1555	1
67	2890	2128	995	6009	2701	1692.0	2400	1422	1555	1
67	2888	2126	994	6005	2701	1690.0	2400	1422	1555	1
67	2889	2127	995	6009	2702	1690.0	2400	1422	1555	1
67	2899	2128	996	6020	2699	1688.0	2400	1422	1555	1
67	2889	2127	995	6008	2702	1690.0	2400	1422	1555	1
67	2888	2126	995	6005	2701	1689.0	2400	1422	1555	1
67	2889	2127	995	6007	2701	1690.0	2400	1422	1555	1
67	2889	2126	995	6006	2701	1689.0	2400	1422	1555	1
67	2889	2126	995	6006	2701	1689.0	2400	1422	1555	0
67	5326	3778	1753	10819	2635	2950.0	2400	1422	1555	0
67	5574	3937	1827	11296	2630	3067.0	2400	1422	1555	0
67	5565	3939	1827	11289	2632	3073.0	2400	1422	1555	0
67	5572	3937	1827	11294	2630	3067.0	2400	1422	1555	0
68	5566	3939	1827	11289	2631	3072.0	2400	1777	1333	1
68	4604	3283	1526	9386	2646	2570.0	2400	1777	1333	1
68	3160	1954	951	6023	2519	1362.0	2400	1777	1333	1
68	3150	1949	949	6006	2520	1358.0	2400	1777	1333	1
68	3148	1947	948	6001	2520	1357.0	2400	1777	1333	1
68	3150	1950	949	6007	2520	1360.0	2400	1777	1333	1
68	3161	1954	951	6023	2519	1361.0	2400	1777	1333	1
68	3150	1949	949	6006	2520	1358.0	2400	1777	1333	1
68	3148	1946	948	5999	2520	1355.0	2400	1777	1333	1
68	3256	2009	978	6199	2517	1398.0	2400	1777	1333	1
68	3248	1999	973	6174	2513	1388.0	2400	1777	1333	1
68	3254	2010	978	6197	2517	1400.0	2400	1777	1333	1
68	3261	2005	976	6196	2512	1391.0	2400	1777	1333	1
68	3254	2010	978	6196	2517	1400.0	2400	1777	1333	1
68	3255	2010	978	6198	2517	1399.0	2400	1777	1333	1
68	3258	2005	976	6194	2514	1392.0	2400	1777	1333	1
68	3257	2010	978	6200	2516	1399.0	2400	1777	1333	1
68	3257	2006	977	6195	2515	1393.0	2400	1777	1333	1
68	3258	2004	976	6193	2514	1390.0	2400	1777	1333	1
68	3250	2001	975	6181	2515	1389.0	2400	1777	1333	1
68	3149	1948	949	6003	2521	1357.0	2400	1777	1333	1
68	3149	1948	949	6003	2521	1357.0	2400	1777	1333	1
68	3149	1948	949	6003	2521	1357.0	2400	1777	1333	1
68	3149	1948	949	6003	2521	1357.0	2400	1777	1333	1
68	3148	1947	948	6002	2521	1357.0	2400	1777	1333	1
68	3149	1948	949	6003	2521	1357.0	2400	1777	1333	1
68	3161	1954	952	6023	2519	1361.0	2400	1777	1333	1
68	3149	1948	949	6004	2521	1357.0	2400	1777	1333	1
68	3148	1947	948	6000	2520	1357.0	2400	1777	1333	1
68	3149	1948	949	6004	2521	1357.0	2400	1777	1333	1
68	3147	1946	948	5999	2520	1355.0	2400	1777	1333	1
68	3239	2000	974	6168	2518	1392.0	2400	1777	1333	1
68	3255	2007	979	6193	2517	1394.0	2400	1777	1333	1
68	3242	2000	973	6170	2516	1392.0	2400	1777	1333	1
68	3261	2010	979	6204	2515	1397.0	2400	1777	1333	1
68	3255	2006	977	6193	2516	1394.0	2400	1777	1333	1
68	3261	2009	978	6203	2515	1396.0	2400	1777	1333	1
68	3255	2007	977	6193	2515	1395.0	2400	1777	1333	1
68	3261	2009	978	6203	2515	1396.0	2400	1777	1333	1
68	3254	2007	977	6193	2516	1396.0	2400	1777	1333	1
68	3262	2009	978	6203	2514	1396.0	2400	1777	1333	1
68	3253	2008	977	6193	2517	1398.0	2400	1777	1333	1
68	3150	1949	949	6005	2520	1358.0	2400	1777	1333	1
68	3148	1947	948	6000	2520	1357.0	2400	1777	1333	1
68	3150	1949	949	6005	2520	1358.0	2400	1777	1333	1
68	3148	1947	948	6001	2520	1357.0	2400	1777	1333	0
68	3150	1953	951	6011	2523	1363.0	2400	1777	1333	0
68	299	376	191	899	3824	356.0	2400	1777	1333	0
68	300	376	192	900	3829	355.0	2400	1777	1333	0
68	299	376	191	899	3824	356.0	2400	1777	1333	0
69	299	376	191	899	3824	356.0	2400	2133	1111	1
69	3173	1665	849	5615	2378	976.0	2400	2133	1111	1
69	3511	1812	925	6163	2360	1043.0	2400	2133	1111	1
69	3430	1778	907	6032	2364	1028.0	2400	2133	1111	1
69	3417	1773	904	6013	2365	1027.0	2400	2133	1111	1
69	3415	1771	903	6009	2365	1025.0	2400	2133	1111	1
69	3417	1773	904	6013	2365	1027.0	2400	2133	1111	1
69	3415	1771	903	6008	2365	1025.0	2400	2133	1111	1
69	3417	1773	904	6013	2365	1027.0	2400	2133	1111	1
69	3415	1771	903	6007	2364	1025.0	2400	2133	1111	1
69	3417	1774	904	6014	2365	1029.0	2400	2133	1111	1
69	3415	1771	903	6008	2365	1025.0	2400	2133	1111	1
69	3417	1774	905	6014	2366	1028.0	2400	2133	1111	1
69	3415	1771	903	6007	2364	1025.0	2400	2133	1111	1
69	3532	1828	932	6206	2361	1056.0	2400	2133	1111	1
69	3539	1824	930	6206	2357	1049.0	2400	2133	1111	1
69	3531	1828	932	6204	2362	1056.0	2400	2133	1111	1
69	3540	1823	930	6207	2357	1047.0	2400	2133	1111	1
69	3532	1828	932	6205	2361	1056.0	2400	2133	1111	1
69	3519	1821	929	6184	2362	1051.0	2400	2133	1111	1
69	3536	1823	930	6203	2358	1048.0	2400	2133	1111	1
69	3534	1828	932	6208	2361	1055.0	2400	2133	1111	1
69	3535	1824	930	6203	2358	1050.0	2400	2133	1111	1
69	3522	1825	930	6192	2363	1056.0	2400	2133	1111	1
69	3534	1824	931	6203	2360	1050.0	2400	2133	1111	1
69	3416	1773	904	6011	2365	1027.0	2400	2133	1111	1
69	3416	1772	904	6010	2365	1026.0	2400	2133	1111	1
69	3430	1779	907	6034	2364	1030.0	2400	2133	1111	1
69	3416	1772	904	6011	2366	1026.0	2400	2133	1111	1
69	3416	1772	904	6010	2365	1026.0	2400	2133	1111	1
69	3417	1773	904	6011	2364	1027.0	2400	2133	1111	1
69	3416	1772	904	6009	2365	1026.0	2400	2133	1111	1
69	3416	1773	904	6012	2366	1027.0	2400	2133	1111	1
69	3415	1771	903	6008	2365	1025.0	2400	2133	1111	1
69	3416	1773	904	6012	2366	1027.0	2400	2133	1111	1
69	3415	1771	903	6008	2365	1025.0	2400	2133	1111	1
69	3458	1794	915	6084	2365	1039.0	2400	2133	1111	1
69	3539	1826	932	6211	2359	1050.0	2400	2133	1111	1
69	3529	1825	930	6198	2360	1054.0	2400	2133	1111	1
69	3541	1826	932	6212	2359	1050.0	2400	2133	1111	1
69	3529	1825	930	6199	2361	1054.0	2400	2133	1111	1
69	3540	1826	931	6211	2358	1051.0	2400	2133	1111	1
69	3531	1825	931	6201	2360	1052.0	2400	2133	1111	1
69	3524	1819	928	6186	2360	1047.0	2400	2133	1111	1
69	3532	1825	931	6202	2360	1052.0	2400	2133	1111	1
69	3537	1826	931	6208	2359	1052.0	2400	2133	1111	0
69	3534	1826	931	6205	2360	1053.0	2400	2133	1111	0
69	6645	3219	1643	11307	2289	1720.0	2400	2133	1111	0
69	6645	3217	1642	11303	2288	1718.0	2400	2133	1111	0
69	6641	3219	1643	11303	2289	1722.0	2400	2133	1111	0
70	6646	3216	1642	11303	2288	1716.0	2400	2488	888	1
70	6639	3219	1643	11301	2290	1722.0	2400	2488	888	1
70	3674	1743	910	6223	2293	892.0	2400	2488	888	1
70	3833	1649	888	6243	2224	708.0	2400	2488	888	1
70	3843	1647	887	6250	2221	702.0	2400	2488	888	1
70	3834	1648	888	6242	2223	706.0	2400	2488	888	1
70	3833	1648	887	6242	2223	707.0	2400	2488	888	1
70	3842	1647	887	6249	2221	703.0	2400	2488	888	1
70	3708	1601	862	6049	2227	692.0	2400	2488	888	1
70	3709	1601	862	6050	2227	691.0	2400	2488	888	1
70	3707	1600	862	6048	2228	690.0	2400	2488	888	1
70	3709	1602	862	6051	2227	693.0	2400	2488	888	1
70	3707	1600	861	6048	2227	691.0	2400	2488	888	1
70	3724	1608	865	6075	2227	695.0	2400	2488	888	1
70	3707	1600	861	6047	2227	691.0	2400	2488	888	1
70	3709	1602	862	6052	2228	693.0	2400	2488	888	1
70	3707	1600	861	6047	2227	691.0	2400	2488	888	1
70	3724	1608	866	6076	2228	695.0	2400	2488	888	1
70	3707	1600	861	6046	2226	691.0	2400	2488	888	1
70	3755	1621	872	6125	2227	701.0	2400	2488	888	1
70	3840	1645	887	6244	2221	700.0	2400	2488	888	1
70	3822	1645	886	6227	2225	707.0	2400	2488	888	1
70	3838	1645	886	6242	2221	701.0	2400	2488	888	1
70	3839	1650	889	6251	2224	707.0	2400	2488	888	1
70	3841	1650	889	6253	2223	706.0	2400	2488	888	1
70	3836	1647	887	6243	2223	704.0	2400	2488	888	1
70	3842	1650	889	6253	2222	706.0	2400	2488	888	1
70	3836	1647	887	6243	2223	704.0	2400	2488	888	1
70	3841	1650	888	6252	2222	707.0	2400	2488	888	1
70	3836	1645	886	6239	2221	702.0	2400	2488	888	1
70	3709	1602	862	6052	2228	693.0	2400	2488	888	1
70	3708	1601	862	6048	2227	692.0	2400	2488	888	1
70	3708	1602	862	6051	2228	693.0	2400	2488	888	1
70	3708	1601	862	6049	2227	692.0	2400	2488	888	1
70	3708	1601	862	6050	2228	692.0	2400	2488	888	1
70	3708	1601	862	6050	2228	692.0	2400	2488	888	1
70	3708	1601	862	6050	2228	692.0	2400	2488	888	1
70	3723	1607	865	6073	2227	694.0	2400	2488	888	1
70	3707	1601	862	6049	2228	692.0	2400	2488	888	1
70	3709	1602	862	6051	2227	693.0	2400	2488	888	1
70	3708	1600	861	6048	2227	691.0	2400	2488	888	1
70	3709	1602	862	6052	2228	693.0	2400	2488	888	1
70	3836	1649	888	6246	2224	707.0	2400	2488	888	1
70	3842	1646	887	6248	2221	701.0	2400	2488	888	1
70	3820	1644	885	6223	2224	706.0	2400	2488	888	1
70	3843	1646	887	6248	2220	701.0	2400	2488	888	0
70	2112	1028	548	3639	2347	535.0	2400	2488	888	0
70	299	375	191	897	3824	355.0	2400	2488	888	0
70	301	378	192	903	3821	358.0	2400	2488	888	0
70	298	375	191	896	3832	355.0	2400	2488	888	0
71	301	378	192	903	3821	358.0	2400	2844	666	1
71	299	375	191	896	3824	355.0	2400	2844	666	1
71	4116	1462	840	6250	2105	356.0	2400	2844	666	1
71	4173	1474	847	6323	2101	351.0	2400	2844	666	1
71	4166	1476	848	6320	2103	356.0	2400	2844	666	1
71	4172	1474	847	6321	2100	352.0	2400	2844	666	1
71	4165	1476	848	6318	2103	356.0	2400	2844	666	1
71	4172	1472	847	6319	2100	348.0	2400	2844	666	1
71	4165	1476	848	6318	2103	356.0	2400	2844	666	1
71	4172	1474	848	6323	2102	351.0	2400	2844	666	1
71	4165	1470	845	6318	2103	349.0	2400	2844	666	1
71	4165	1475	848	6317	2103	355.0	2400	2844	666	1
71	4171	1475	848	6322	2101	353.0	2400	2844	666	1
71	4025	1434	823	6119	2107	354.0	2400	2844	666	1
71	4041	1439	826	6143	2107	354.0	2400	2844	666	1
71	4025	1434	823	6118	2107	354.0	2400	2844	666	1
71	4025	1435	824	6120	2107	355.0	2400	2844	666	1
71	4024	1434	823	6118	2107	354.0	2400	2844	666	1
71	4025	1435	824	6121	2108	355.0	2400	2844	666	1
71	4024	1434	823	6117	2107	354.0	2400	2844	666	1
71	4026	1435	824	6121	2107	354.0	2400	2844	666	1
71	4024	1433	823	6117	2107	353.0	2400	2844	666	1
71	4026	1435	824	6122	2108	354.0	2400	2844	666	1
71	4024	1433	823	6116	2107	353.0	2400	2844	666	1
71	4026	1437	825	6125	2109	357.0	2400	2844	666	1
71	4167	1473	847	6316	2102	352.0	2400	2844	666	1
71	4169	1477	849	6324	2103	356.0	2400	2844	666	1
71	4167	1473	847	6315	2101	352.0	2400	2844	666	1
71	4168	1477	849	6323	2103	356.0	2400	2844	666	1
71	4168	1477	849	6323	2103	356.0	2400	2844	666	1
71	4149	1468	844	6292	2103	352.0	2400	2844	666	1
71	4168	1477	849	6324	2103	356.0	2400	2844	666	1
71	4165	1473	847	6315	2102	352.0	2400	2844	666	1
71	4169	1477	849	6324	2103	356.0	2400	2844	666	1
71	4148	1471	845	6294	2103	356.0	2400	2844	666	1
71	4053	1442	828	6159	2106	354.0	2400	2844	666	1
71	4024	1433	823	6117	2107	353.0	2400	2844	666	1
71	4025	1435	824	6121	2108	355.0	2400	2844	666	1
71	4041	1438	826	6141	2106	353.0	2400	2844	666	1
71	4025	1435	824	6121	2108	355.0	2400	2844	666	1
71	4024	1434	823	6119	2107	354.0	2400	2844	666	1
71	4025	1435	824	6121	2108	355.0	2400	2844	666	1
71	4025	1435	824	6119	2107	355.0	2400	2844	666	1
71	4025	1435	824	6121	2108	355.0	2400	2844	666	1
71	4025	1435	824	6121	2108	355.0	2400	2844	666	1
71	4025	1435	824	6120	2107	355.0	2400	2844	666	0
71	4026	1435	824	6122	2108	354.0	2400	2844	666	0
71	7882	2531	1479	11525	2032	353.0	2400	2844	666	0
71	7886	2530	1479	11527	2031	350.0	2400	2844	666	0
71	7881	2531	1479	11524	2032	353.0	2400	2844	666	0
72	7884	2530	1479	11525	2031	351.0	2400	3200	444	1
72	6046	2009	1168	8953	2056	353.0	2400	3200	444	1
72	4359	1268	786	6206	2002	10.0	2400	3200	444	1
72	4361	1270	788	6212	2003	11.0	2400	3200	444	1
72	4378	1272	789	6231	2001	8.0	2400	3200	444	1
72	4362	1271	788	6214	2003	13.0	2400	3200	444	1
72	4360	1268	786	6207	2002	10.0	2400	3200	444	1
72	4408	1281	795	6273	2001	8.0	2400	3200	444	1
72	4498	1299	807	6389	1998	0.0	2400	3200	444	1
72	4518	1305	811	6417	1998	0.0	2400	3200	444	1
72	4516	1303	809	6413	1997	0.0	2400	3200	444	1
72	4518	1304	811	6417	1998	0.0	2400	3200	444	1
72	4498	1300	808	6391	1999	0.0	2400	3200	444	1
72	4517	1304	811	6416	1998	0.0	2400	3200	444	1
72	4516	1303	810	6413	1997	0.0	2400	3200	444	1
72	4516	1303	810	6415	1998	0.0	2400	3200	444	1
72	4517	1304	810	6415	1997	0.0	2400	3200	444	1
72	4516	1304	810	6413	1997	0.0	2400	3200	444	1
72	4362	1270	787	6212	2002	12.0	2400	3200	444	1
72	4361	1269	787	6210	2003	11.0	2400	3200	444	1
72	4362	1269	787	6211	2002	10.0	2400	3200	444	1
72	4362	1269	787	6211	2002	10.0	2400	3200	444	1
72	4361	1269	787	6210	2003	11.0	2400	3200	444	1
72	4362	1269	787	6211	2002	10.0	2400	3200	444	1
72	4379	1273	790	6233	2002	9.0	2400	3200	444	1
72	4362	1270	787	6212	2002	12.0	2400	3200	444	1
72	4361	1268	787	6209	2003	9.0	2400	3200	444	1
72	4362	1270	788	6213	2003	11.0	2400	3200	444	1
72	4378	1272	789	6232	2002	8.0	2400	3200	444	1
72	4362	1270	788	6213	2003	11.0	2400	3200	444	1
72	4515	1302	809	6410	1997	0.0	2400	3200	444	1
72	4519	1305	811	6418	1998	0.0	2400	3200	444	1
72	4496	1297	806	6384	1997	0.0	2400	3200	444	1
72	4519	1305	811	6419	1998	0.0	2400	3200	444	1
72	4519	1305	811	6419	1998	0.0	2400	3200	444	1
72	4513	1302	809	6408	1997	0.0	2400	3200	444	1
72	4520	1306	811	6420	1998	0.0	2400	3200	444	1
72	4513	1302	809	6408	1997	0.0	2400	3200	444	1
72	4520	1305	811	6420	1998	0.0	2400	3200	444	1
72	4513	1302	809	6408	1997	0.0	2400	3200	444	1
72	4447	1288	800	6323	2000	3.0	2400	3200	444	1
72	4360	1268	787	6208	2003	9.0	2400	3200	444	1
72	4362	1270	788	6213	2003	11.0	2400	3200	444	1
72	4360	1268	787	6209	2003	9.0	2400	3200	444	1
72	4362	1270	788	6213	2003	11.0	2400	3200	444	1
72	4361	1269	787	6209	2002	11.0	2400	3200	444	0
72	4361	1270	787	6212	2003	12.0	2400	3200	444	0
72	300	377	192	901	3829	357.0	2400	3200	444	0
72	300	377	192	902	3829	357.0	2400	3200	444	0
72	300	377	192	901	3829	357.0	2400	3200	444	0
73	300	377	192	901	3829	357.0	2400	1066	2000	1
73	300	377	192	902	3829	357.0	2400	1066	2000	1
73	2636	2466	1105	6247	2988	2227.0	2400	1066	2000	1
73	2635	2464	1105	6243	2988	2224.0	2400	1066	2000	1
73	2636	2466	1105	6247	2988	2227.0	2400	1066	2000	1
73	2645	2473	1108	6266	2987	2233.0	2400	1066	2000	1
73	2636	2466	1105	6247	2988	2227.0	2400	1066	2000	1
73	2634	2464	1104	6242	2987	2225.0	2400	1066	2000	1
73	2636	2466	1105	6247	2988	2227.0	2400	1066	2000	1
73	2634	2463	1104	6241	2987	2224.0	2400	1066	2000	1
73	2636	2466	1105	6247	2988	2227.0	2400	1066	2000	1
73	2634	2463	1104	6241	2987	2224.0	2400	1066	2000	1
73	2636	2466	1105	6247	2988	2227.0	2400	1066	2000	1
73	2727	2542	1138	6446	2980	2293.0	2400	1066	2000	1
73	2723	2548	1141	6453	2987	2302.0	2400	1066	2000	1
73	2726	2542	1139	6446	2982	2293.0	2400	1066	2000	1
73	2723	2548	1141	6452	2987	2302.0	2400	1066	2000	1
73	2726	2542	1139	6446	2982	2293.0	2400	1066	2000	1
73	2722	2541	1138	6441	2983	2294.0	2400	1066	2000	1
73	2726	2543	1139	6447	2982	2295.0	2400	1066	2000	1
73	2726	2543	1139	6447	2982	2295.0	2400	1066	2000	1
73	2712	2537	1136	6426	2986	2292.0	2400	1066	2000	1
73	2726	2543	1139	6447	2982	2295.0	2400	1066	2000	1
73	2656	2483	1113	6291	2987	2242.0	2400	1066	2000	1
73	2635	2464	1105	6244	2988	2224.0	2400	1066	2000	1
73	2646	2474	1109	6268	2987	2234.0	2400	1066	2000	1
73	2635	2465	1105	6244	2988	2226.0	2400	1066	2000	1
73	2635	2464	1105	6244	2988	2224.0	2400	1066	2000	1
73	2636	2465	1105	6245	2988	2226.0	2400	1066	2000	1
73	2635	2464	1104	6243	2987	2225.0	2400	1066	2000	1
73	2636	2465	1105	6246	2988	2226.0	2400	1066	2000	1
73	2634	2464	1104	6242	2987	2225.0	2400	1066	2000	1
73	2636	2466	1105	6246	2988	2227.0	2400	1066	2000	1
73	2634	2463	1104	6242	2987	2224.0	2400	1066	2000	1
73	2636	2466	1105	6247	2988	2227.0	2400	1066	2000	1
73	2726	2543	1139	6447	2982	2295.0	2400	1066	2000	1
73	2724	2547	1141	6453	2986	2300.0	2400	1066	2000	1
73	2726	2542	1139	6447	2982	2293.0	2400	1066	2000	1
73	2724	2548	1139	6453	2984	2303.0	2400	1066	2000	1
73	2723	2548	1141	6453	2987	2302.0	2400	1066	2000	1
73	2727	2542	1139	6447	2982	2293.0	2400	1066	2000	1
73	2713	2539	1137	6429	2987	2294.0	2400	1066	2000	1
73	2727	2541	1138	6446	2980	2292.0	2400	1066	2000	1
73	2723	2548	1141	6452	2987	2302.0	2400	1066	2000	1
73	2727	2541	1138	6446	2980	2292.0	2400	1066	2000	1
73	2700	2529	1133	6402	2989	2285.0	2400	1066	2000	0
73	2853	2659	1190	6742	2980	2399.0	2400	1066	2000	0
73	5052	4631	2052	11781	2938	4167.0	2400	1066	2000	0
73	5055	4624	2050	11775	2936	4156.0	2400	1066	2000	0
73	5050	4630	2051	11777	2938	4167.0	2400	1066	2000	0
74	5055	4624	2049	11774	2935	4157.0	2400	1422	1777	1
74	5050	4629	2051	11776	2938	4165.0	2400	1422	1777	1
74	2890	2441	1114	6462	2859	2099.0	2400	1422	1777	1
74	2998	2376	1099	6473	2787	1972.0	2400	1422	1777	1
74	3005	2372	1098	6476	2783	1964.0	2400	1422	1777	1
74	2998	2375	1099	6473	2787	1970.0	2400	1422	1777	1
74	3005	2373	1098	6476	2783	1966.0	2400	1422	1777	1
74	2903	2301	1066	6271	2790	1909.0	2400	1422	1777	1
74	2902	2299	1065	6267	2789	1907.0	2400	1422	1777	1
74	2903	2301	1066	6271	2790	1909.0	2400	1422	1777	1
74	2901	2299	1065	6267	2789	1907.0	2400	1422	1777	1
74	2903	2301	1066	6272	2790	1909.0	2400	1422	1777	1
74	2901	2299	1065	6266	2789	1907.0	2400	1422	1777	1
74	2903	2302	1066	6272	2790	1910.0	2400	1422	1777	1
74	2901	2299	1065	6266	2789	1907.0	2400	1422	1777	1
74	2915	2310	1070	6296	2789	1916.0	2400	1422	1777	1
74	2901	2299	1065	6266	2789	1907.0	2400	1422	1777	1
74	2904	2302	1066	6273	2789	1910.0	2400	1422	1777	1
74	3004	2372	1098	6474	2783	1964.0	2400	1422	1777	1
74	2989	2368	1096	6453	2788	1964.0	2400	1422	1777	1
74	3004	2372	1098	6473	2783	1964.0	2400	1422	1777	1
74	3000	2377	1100	6477	2788	1972.0	2400	1422	1777	1
74	3004	2372	1098	6474	2783	1964.0	2400	1422	1777	1
74	2989	2374	1098	6462	2790	1973.0	2400	1422	1777	1
74	3004	2372	1098	6474	2783	1964.0	2400	1422	1777	1
74	3005	2372	1098	6474	2783	1964.0	2400	1422	1777	1
74	2999	2377	1100	6475	2788	1973.0	2400	1422	1777	1
74	3005	2372	1098	6475	2783	1964.0	2400	1422	1777	1
74	2961	2344	1085	6391	2787	1944.0	2400	1422	1777	1
74	2903	2300	1065	6270	2788	1908.0	2400	1422	1777	1
74	2903	2301	1066	6270	2790	1909.0	2400	1422	1777	1
74	2903	2301	1066	6270	2790	1909.0	2400	1422	1777	1
74	2902	2300	1065	6269	2789	1908.0	2400	1422	1777	1
74	2903	2301	1066	6271	2790	1909.0	2400	1422	1777	1
74	2902	2300	1065	6268	2789	1908.0	2400	1422	1777	1
74	2915	2310	1070	6295	2789	1916.0	2400	1422	1777	1
74	2902	2299	1065	6267	2789	1907.0	2400	1422	1777	1
74	2903	2301	1066	6272	2790	1909.0	2400	1422	1777	1
74	2902	2299	1065	6267	2789	1907.0	2400	1422	1777	1
74	2915	2310	1070	6296	2789	1916.0	2400	1422	1777	1
74	3001	2374	1099	6473	2786	1968.0	2400	1422	1777	1
74	3004	2375	1099	6479	2784	1968.0	2400	1422	1777	1
74	3001	2373	1098	6473	2784	1967.0	2400	1422	1777	1
74	3003	2372	1098	6454	2776	1965.0	2400	1422	1777	1
74	3001	2376	1100	6477	2787	1970.0	2400	1422	1777	1
74	3003	2372	1098	6473	2784	1965.0	2400	1422	1777	0
74	1311	1124	531	2986	2934	959.0	2400	1422	1777	0
74	299	376	191	899	3824	356.0	2400	1422	1777	0
74	301	378	192	904	3821	358.0	2400	1422	1777	0
74	299	376	191	898	3824	356.0	2400	1422	1777	0
75	301	378	192	904	3821	358.0	2400	1777	1555	1
75	518	510	255	1310	3266	450.0	2400	1777	1555	1
75	3284	2206	1058	6509	2603	1641.0	2400	1777	1555	1
75	3291	2200	1056	6507	2597	1631.0	2400	1777	1555	1
75	3283	2205	1058	6506	2603	1640.0	2400	1777	1555	1
75	3289	2201	1056	6506	2598	1633.0	2400	1777	1555	1
75	3284	2205	1058	6507	2602	1639.0	2400	1777	1555	1
75	3288	2201	1057	6507	2600	1632.0	2400	1777	1555	1
75	3284	2205	1058	6507	2602	1639.0	2400	1777	1555	1
75	3275	2194	1053	6483	2600	1628.0	2400	1777	1555	1
75	3285	2204	1057	6507	2601	1638.0	2400	1777	1555	1
75	3287	2203	1057	6507	2600	1636.0	2400	1777	1555	1
75	3189	2144	1029	6325	2605	1595.0	2400	1777	1555	1
75	3175	2135	1025	6299	2606	1588.0	2400	1777	1555	1
75	3176	2136	1026	6302	2607	1589.0	2400	1777	1555	1
75	3175	2135	1025	6297	2605	1588.0	2400	1777	1555	1
75	3190	2144	1029	6327	2605	1595.0	2400	1777	1555	1
75	3175	2134	1025	6297	2606	1587.0	2400	1777	1555	1
75	3177	2137	1026	6302	2605	1590.0	2400	1777	1555	1
75	3175	2134	1024	6296	2605	1587.0	2400	1777	1555	1
75	3177	2137	1026	6303	2606	1590.0	2400	1777	1555	1
75	3175	2134	1024	6296	2605	1587.0	2400	1777	1555	1
75	3177	2137	1026	6303	2606	1590.0	2400	1777	1555	1
75	3289	2200	1056	6506	2599	1631.0	2400	1777	1555	1
75	3282	2206	1058	6507	2604	1641.0	2400	1777	1555	1
75	3289	2200	1056	6505	2598	1631.0	2400	1777	1555	1
75	3282	2206	1058	6507	2604	1641.0	2400	1777	1555	1
75	3290	2200	1056	6506	2598	1631.0	2400	1777	1555	1
75	3282	2205	1058	6507	2604	1640.0	2400	1777	1555	1
75	3284	2192	1053	6489	2596	1622.0	2400	1777	1555	1
75	3289	2200	1056	6506	2599	1631.0	2400	1777	1555	1
75	3283	2205	1058	6506	2603	1640.0	2400	1777	1555	1
75	3276	2193	1053	6482	2599	1627.0	2400	1777	1555	1
75	3283	2205	1058	6506	2603	1640.0	2400	1777	1555	1
75	3176	2135	1025	6299	2605	1588.0	2400	1777	1555	1
75	3176	2136	1025	6300	2605	1590.0	2400	1777	1555	1
75	3189	2143	1029	6324	2605	1593.0	2400	1777	1555	1
75	3176	2135	1025	6299	2605	1588.0	2400	1777	1555	1
75	3176	2136	1025	6300	2605	1590.0	2400	1777	1555	1
75	3175	2135	1025	6298	2606	1588.0	2400	1777	1555	1
75	3176	2136	1025	6301	2605	1590.0	2400	1777	1555	1
75	3175	2135	1025	6297	2605	1588.0	2400	1777	1555	1
75	3176	2136	1025	6301	2605	1590.0	2400	1777	1555	1
75	3175	2134	1025	6297	2606	1587.0	2400	1777	1555	1
75	3176	2136	1026	6301	2607	1589.0	2400	1777	1555	1
75	3252	2185	1048	6446	2603	1625.0	2400	1777	1555	0
75	3287	2204	1058	6509	2601	1637.0	2400	1777	1555	0
75	6157	3958	1889	11895	2536	2865.0	2400	1777	1555	0
75	6154	3956	1888	11888	2536	2864.0	2400	1777	1555	0
75	6152	3959	1890	11891	2537	2868.0	2400	1777	1555	0
76	6155	3955	1888	11887	2535	2862.0	2400	2133	1333	1
76	4339	2847	1363	8483	2567	2087.0	2400	2133	1333	1
76	3451	1964	982	6321	2444	1260.0	2400	2133	1333	1
76	3440	1959	980	6304	2446	1257.0	2400	2133	1333	1
76	3438	1957	979	6298	2445	1256.0	2400	2133	1333	1
76	3441	1960	980	6305	2445	1259.0	2400	2133	1333	1
76	3557	2011	1007	6493	2437	1282.0	2400	2133	1333	1
76	3557	2021	1011	6509	2442	1295.0	2400	2133	1333	1
76	3563	2017	1009	6509	2438	1288.0	2400	2133	1333	1
76	3556	2021	1011	6508	2443	1295.0	2400	2133	1333	1
76	3550	2010	1006	6486	2439	1283.0	2400	2133	1333	1
76	3555	2020	1010	6507	2443	1294.0	2400	2133	1333	1
76	3565	2017	1009	6511	2438	1287.0	2400	2133	1333	1
76	3556	2020	1010	6507	2442	1294.0	2400	2133	1333	1
76	3564	2017	1009	6511	2439	1287.0	2400	2133	1333	1
76	3556	2020	1010	6506	2442	1294.0	2400	2133	1333	1
76	3563	2017	1005	6509	2436	1291.0	2400	2133	1333	1
76	3440	1959	980	6303	2445	1257.0	2400	2133	1333	1
76	3439	1958	979	6301	2445	1257.0	2400	2133	1333	1
76	3440	1959	980	6303	2445	1257.0	2400	2133	1333	1
76	3439	1957	979	6300	2445	1255.0	2400	2133	1333	1
76	3440	1959	980	6303	2445	1257.0	2400	2133	1333	1
76	3439	1957	979	6299	2445	1255.0	2400	2133	1333	1
76	3440	1959	980	6303	2445	1257.0	2400	2133	1333	1
76	3439	1957	979	6298	2445	1255.0	2400	2133	1333	1
76	3441	1960	980	6306	2446	1259.0	2400	2133	1333	1
76	3453	1964	983	6324	2445	1259.0	2400	2133	1333	1
76	3441	1960	980	6305	2445	1259.0	2400	2133	1333	1
76	3551	2015	1008	6493	2441	1289.0	2400	2133	1333	1
76	3558	2022	1011	6510	2442	1296.0	2400	2133	1333	1
76	3549	2010	1006	6484	2439	1284.0	2400	2133	1333	1
76	3557	2022	1011	6510	2442	1296.0	2400	2133	1333	1
76	3564	2017	1009	6509	2438	1287.0	2400	2133	1333	1
76	3557	2021	1011	6509	2442	1295.0	2400	2133	1333	1
76	3557	2016	1008	6501	2439	1289.0	2400	2133	1333	1
76	3564	2016	1009	6508	2438	1286.0	2400	2133	1333	1
76	3555	2021	1010	6507	2443	1296.0	2400	2133	1333	1
76	3564	2016	1009	6509	2438	1286.0	2400	2133	1333	1
76	3556	2021	1010	6507	2442	1296.0	2400	2133	1333	1
76	3439	1958	979	6300	2445	1257.0	2400	2133	1333	1
76	3440	1959	980	6303	2445	1257.0	2400	2133	1333	1
76	3440	1958	980	6301	2445	1256.0	2400	2133	1333	1
76	3440	1959	980	6303	2445	1257.0	2400	2133	1333	1
76	3440	1958	980	6302	2445	1256.0	2400	2133	1333	1
76	3440	1958	980	6302	2445	1256.0	2400	2133	1333	1
76	3440	1959	980	6303	2445	1257.0	2400	2133	1333	0
76	3454	1965	983	6325	2444	1260.0	2400	2133	1333	0
76	301	377	192	902	3821	356.0	2400	2133	1333	0
76	300	376	191	900	3816	356.0	2400	2133	1333	0
76	301	378	192	903	3821	358.0	2400	2133	1333	0
77	299	376	191	899	3824	356.0	2400	2488	1111	1
77	301	378	192	903	3821	358.0	2400	2488	1111	1
77	3734	1788	938	6344	2303	923.0	2400	2488	1111	1
77	3747	1793	941	6364	2302	924.0	2400	2488	1111	1
77	3734	1789	939	6346	2304	924.0	2400	2488	1111	1
77	3731	1787	938	6340	2303	922.0	2400	2488	1111	1
77	3734	1789	939	6346	2304	924.0	2400	2488	1111	1
77	3731	1787	938	6339	2303	922.0	2400	2488	1111	1
77	3733	1789	939	6345	2304	924.0	2400	2488	1111	1
77	3731	1787	938	6339	2303	922.0	2400	2488	1111	1
77	3733	1789	939	6345	2304	924.0	2400	2488	1111	1
77	3850	1841	965	6536	2300	949.0	2400	2488	1111	1
77	3866	1841	967	6552	2298	942.0	2400	2488	1111	1
77	3861	1842	966	6547	2298	946.0	2400	2488	1111	1
77	3863	1843	967	6551	2298	947.0	2400	2488	1111	1
77	3864	1841	966	6549	2297	944.0	2400	2488	1111	1
77	3860	1843	967	6549	2300	947.0	2400	2488	1111	1
77	3867	1840	966	6551	2296	941.0	2400	2488	1111	1
77	3859	1843	967	6548	2300	948.0	2400	2488	1111	1
77	3867	1840	966	6550	2296	941.0	2400	2488	1111	1
77	3845	1837	964	6524	2300	945.0	2400	2488	1111	1
77	3863	1843	967	6551	2298	947.0	2400	2488	1111	1
77	3732	1788	938	6342	2303	923.0	2400	2488	1111	1
77	3748	1794	942	6367	2303	925.0	2400	2488	1111	1
77	3732	1788	938	6343	2304	923.0	2400	2488	1111	1
77	3732	1788	938	6342	2303	923.0	2400	2488	1111	1
77	3732	1789	939	6343	2304	924.0	2400	2488	1111	1
77	3747	1794	941	6365	2302	926.0	2400	2488	1111	1
77	3733	1789	939	6344	2304	924.0	2400	2488	1111	1
77	3731	1787	938	6340	2303	922.0	2400	2488	1111	1
77	3733	1789	939	6344	2304	924.0	2400	2488	1111	1
77	3731	1787	938	6339	2303	922.0	2400	2488	1111	1
77	3733	1789	939	6345	2304	924.0	2400	2488	1111	1
77	3762	1802	945	6392	2303	931.0	2400	2488	1111	1
77	3864	1843	967	6552	2298	946.0	2400	2488	1111	1
77	3864	1840	966	6548	2297	942.0	2400	2488	1111	1
77	3860	1844	967	6550	2300	949.0	2400	2488	1111	1
77	3867	1840	966	6550	2296	941.0	2400	2488	1111	1
77	3859	1844	968	6549	2300	949.0	2400	2488	1111	1
77	3865	1839	966	6547	2297	940.0	2400	2488	1111	1
77	3861	1840	966	6545	2298	943.0	2400	2488	1111	1
77	3866	1843	967	6554	2298	946.0	2400	2488	1111	1
77	3858	1841	966	6544	2299	946.0	2400	2488	1111	1
77	3854	1836	964	6532	2298	941.0	2400	2488	1111	1
77	3734	1788	938	6343	2303	923.0	2400	2488	1111	1
77	3733	1789	939	6345	2304	924.0	2400	2488	1111	0
77	4452	2087	1096	7486	2280	1046.0	2400	2488	1111	0
77	7287	3250	1713	11979	2231	1510.0	2400	2488	1111	0
77	7288	3249	1712	11977	2230	1508.0	2400	2488	1111	0
77	7281	3250	1712	11972	2231	1512.0	2400	2488	1111	0
78	7290	3248	1712	11976	2229	1506.0	2400	2844	888	1
78	7280	3250	1712	11971	2231	1513.0	2400	2844	888	1
78	4091	1718	938	6594	2208	696.0	2400	2844	888	1
78	4190	1668	927	6618	2173	593.0	2400	2844	888	1
78	4189	1668	926	6617	2173	594.0	2400	2844	888	1
78	4194	1666	926	6620	2172	590.0	2400	2844	888	1
78	4049	1621	900	6411	2178	585.0	2400	2844	888	1
78	4048	1620	899	6408	2178	584.0	2400	2844	888	1
78	4048	1619	899	6407	2178	583.0	2400	2844	888	1
78	4049	1621	900	6412	2178	585.0	2400	2844	888	1
78	4047	1619	899	6407	2178	583.0	2400	2844	888	1
78	4049	1621	900	6412	2178	585.0	2400	2844	888	1
78	4047	1619	899	6407	2178	583.0	2400	2844	888	1
78	4066	1627	903	6438	2178	587.0	2400	2844	888	1
78	4048	1619	899	6408	2178	583.0	2400	2844	888	1
78	4050	1622	900	6414	2178	586.0	2400	2844	888	1
78	4081	1632	906	6459	2177	587.0	2400	2844	888	1
78	4185	1665	926	6610	2173	591.0	2400	2844	888	1
78	4194	1666	926	6621	2173	590.0	2400	2844	888	1
78	4188	1670	927	6620	2175	597.0	2400	2844	888	1
78	4195	1666	926	6621	2172	589.0	2400	2844	888	1
78	4173	1665	924	6598	2175	596.0	2400	2844	888	1
78	4192	1666	926	6617	2172	590.0	2400	2844	888	1
78	4193	1670	927	6625	2174	596.0	2400	2844	888	1
78	4188	1667	926	6616	2174	593.0	2400	2844	888	1
78	4196	1668	927	6626	2173	591.0	2400	2844	888	1
78	4196	1668	927	6626	2173	591.0	2400	2844	888	1
78	4053	1621	900	6416	2178	583.0	2400	2844	888	1
78	4049	1621	900	6412	2178	585.0	2400	2844	888	1
78	4048	1620	900	6410	2179	584.0	2400	2844	888	1
78	4049	1621	900	6412	2178	585.0	2400	2844	888	1
78	4049	1621	900	6411	2178	585.0	2400	2844	888	1
78	4049	1621	900	6411	2178	585.0	2400	2844	888	1
78	4049	1621	900	6411	2178	585.0	2400	2844	888	1
78	4048	1620	900	6410	2179	584.0	2400	2844	888	1
78	4049	1621	900	6412	2178	585.0	2400	2844	888	1
78	4048	1620	899	6410	2178	584.0	2400	2844	888	1
78	4066	1627	903	6437	2178	587.0	2400	2844	888	1
78	4048	1620	899	6409	2178	584.0	2400	2844	888	1
78	4187	1669	927	6619	2175	596.0	2400	2844	888	1
78	4194	1666	926	6621	2173	590.0	2400	2844	888	1
78	4172	1664	924	6596	2175	595.0	2400	2844	888	1
78	4192	1665	926	6617	2172	589.0	2400	2844	888	1
78	4192	1669	927	6624	2174	594.0	2400	2844	888	1
78	4186	1668	926	6616	2174	595.0	2400	2844	888	1
78	4185	1667	926	6613	2174	594.0	2400	2844	888	0
78	1388	737	397	2499	2459	422.0	2400	2844	888	0
78	300	376	191	900	3816	356.0	2400	2844	888	0
78	302	379	193	906	3825	358.0	2400	2844	888	0
78	300	376	191	900	3816	356.0	2400	2844	888	0
79	302	379	193	905	3825	358.0	2400	3200	666	1
79	1030	569	311	1901	2531	336.0	2400	3200	666	1
79	4544	1499	890	6723	2064	239.0	2400	3200	666	1
79	4547	1496	889	6720	2062	234.0	2400	3200	666	1
79	4544	1499	890	6723	2064	239.0	2400	3200	666	1
79	4543	1496	889	6717	2064	235.0	2400	3200	666	1
79	4548	1498	890	6725	2064	236.0	2400	3200	666	1
79	4522	1492	886	6690	2064	238.0	2400	3200	666	1
79	4548	1498	890	6725	2064	236.0	2400	3200	666	1
79	4541	1497	889	6717	2064	237.0	2400	3200	666	1
79	4547	1497	890	6723	2064	235.0	2400	3200	666	1
79	4396	1457	865	6516	2068	239.0	2400	3200	666	1
79	4388	1456	864	6507	2069	241.0	2400	3200	666	1
79	4388	1456	864	6506	2069	241.0	2400	3200	666	1
79	4407	1461	867	6532	2068	240.0	2400	3200	666	1
79	4388	1455	864	6505	2069	239.0	2400	3200	666	1
79	4388	1457	864	6507	2069	242.0	2400	3200	666	1
79	4387	1455	864	6504	2069	239.0	2400	3200	666	1
79	4389	1457	864	6508	2068	242.0	2400	3200	666	1
79	4387	1455	863	6503	2068	240.0	2400	3200	666	1
79	4389	1457	864	6508	2068	242.0	2400	3200	666	1
79	4387	1455	863	6503	2068	240.0	2400	3200	666	1
79	4533	1498	889	6710	2065	242.0	2400	3200	666	1
79	4545	1496	889	6719	2063	234.0	2400	3200	666	1
79	4542	1498	890	6720	2065	238.0	2400	3200	666	1
79	4547	1496	889	6720	2062	234.0	2400	3200	666	1
79	4541	1498	890	6719	2065	238.0	2400	3200	666	1
79	4546	1495	889	6719	2063	233.0	2400	3200	666	1
79	4542	1499	890	6720	2065	239.0	2400	3200	666	1
79	4546	1495	889	6718	2062	233.0	2400	3200	666	1
79	4543	1499	890	6722	2064	239.0	2400	3200	666	1
79	4544	1499	890	6722	2064	239.0	2400	3200	666	1
79	4514	1487	884	6676	2064	234.0	2400	3200	666	1
79	4389	1457	864	6508	2068	242.0	2400	3200	666	1
79	4405	1460	866	6528	2068	240.0	2400	3200	666	1
79	4389	1457	864	6508	2068	242.0	2400	3200	666	1
79	4387	1455	863	6504	2069	240.0	2400	3200	666	1
79	4388	1457	864	6507	2069	242.0	2400	3200	666	1
79	4406	1460	867	6530	2068	239.0	2400	3200	666	1
79	4388	1457	864	6507	2069	242.0	2400	3200	666	1
79	4387	1456	864	6505	2069	241.0	2400	3200	666	1
79	4388	1456	864	6506	2069	241.0	2400	3200	666	1
79	4388	1456	864	6505	2069	241.0	2400	3200	666	1
79	4388	1456	864	6506	2069	241.0	2400	3200	666	1
79	4533	1494	888	6705	2064	236.0	2400	3200	666	1
79	4540	1497	889	6715	2064	238.0	2400	3200	666	0
79	4547	1497	890	6723	2064	235.0	2400	3200	666	0
79	8621	2574	1561	12310	1998	121.0	2400	3200	666	0
79	8623	2572	1561	12310	1997	117.0	2400	3200	666	0
79	8619	2572	1560	12306	1998	119.0	2400	3200	666	0
80	8617	2571	1560	12302	1997	118.0	2400	1422	2000	1
80	5675	1796	1076	8271	2036	204.0	2400	1422	2000	1
80	2921	2472	1134	6534	2870	2123.0	2400	1422	2000	1
80	2923	2475	1136	6540	2871	2126.0	2400	1422	2000	1
80	2932	2482	1139	6559	2871	2131.0	2400	1422	2000	1
80	3022	2555	1172	6754	2868	2193.0	2400	1422	2000	1
80	3019	2553	1170	6748	2867	2193.0	2400	1422	2000	1
80	3025	2554	1171	6756	2865	2191.0	2400	1422	2000	1
80	3006	2545	1167	6723	2870	2186.0	2400	1422	2000	1
80	3027	2553	1171	6756	2864	2189.0	2400	1422	2000	1
80	3016	2555	1171	6748	2870	2196.0	2400	1422	2000	1
80	3027	2553	1171	6757	2864	2189.0	2400	1422	2000	1
80	3018	2554	1171	6748	2869	2194.0	2400	1422	2000	1
80	3025	2554	1172	6756	2867	2191.0	2400	1422	2000	1
80	3021	2553	1171	6750	2867	2191.0	2400	1422	2000	1
80	3023	2556	1172	6756	2868	2195.0	2400	1422	2000	1
80	3011	2540	1165	6721	2865	2178.0	2400	1422	2000	1
80	2922	2473	1135	6536	2870	2123.0	2400	1422	2000	1
80	2923	2475	1136	6541	2871	2126.0	2400	1422	2000	1
80	2922	2474	1135	6537	2870	2125.0	2400	1422	2000	1
80	2923	2475	1136	6540	2871	2126.0	2400	1422	2000	1
80	2922	2474	1135	6537	2870	2125.0	2400	1422	2000	1
80	2923	2475	1136	6540	2871	2126.0	2400	1422	2000	1
80	2922	2474	1135	6538	2870	2125.0	2400	1422	2000	1
80	2934	2484	1140	6564	2871	2133.0	2400	1422	2000	1
80	2922	2474	1135	6538	2870	2125.0	2400	1422	2000	1
80	2922	2474	1135	6538	2870	2125.0	2400	1422	2000	1
80	3020	2555	1171	6753	2868	2195.0	2400	1422	2000	1
80	3019	2543	1167	6734	2863	2179.0	2400	1422	2000	1
80	3019	2556	1172	6754	2870	2196.0	2400	1422	2000	1
80	3025	2551	1170	6752	2864	2187.0	2400	1422	2000	1
80	3019	2557	1172	6754	2870	2197.0	2400	1422	2000	1
80	3014	2542	1166	6727	2864	2180.0	2400	1422	2000	1
80	3020	2556	1172	6753	2869	2196.0	2400	1422	2000	1
80	3023	2552	1170	6751	2865	2190.0	2400	1422	2000	1
80	3023	2555	1171	6755	2866	2194.0	2400	1422	2000	1
80	3025	2555	1172	6756	2867	2192.0	2400	1422	2000	1
80	3019	2554	1171	6749	2868	2193.0	2400	1422	2000	1
80	2923	2475	1136	6541	2871	2126.0	2400	1422	2000	1
80	2921	2473	1135	6535	2871	2124.0	2400	1422	2000	1
80	2923	2475	1136	6541	2871	2126.0	2400	1422	2000	1
80	2921	2473	1134	6534	2870	2124.0	2400	1422	2000	1
80	2923	2475	1136	6541	2871	2126.0	2400	1422	2000	1
80	2921	2473	1135	6535	2871	2124.0	2400	1422	2000	1
80	2924	2475	1136	6541	2871	2125.0	2400	1422	2000	1
80	2922	2473	1135	6535	2870	2123.0	2400	1422	2000	0
80	2923	2475	1136	6541	2871	2126.0	2400	1422	2000	0
80	300	376	191	900	3816	356.0	2400	1422	2000	0
80	302	379	192	906	3813	359.0	2400	1422	2000	0
80	300	376	191	900	3816	356.0	2400	1422	2000	0
81	301	378	192	905	3821	358.0	2400	1777	1777	1
81	300	376	191	900	3816	356.0	2400	1777	1777	1
81	3206	2321	1101	6595	2686	1816.0	2400	1777	1777	1
81	3190	2310	1096	6564	2687	1808.0	2400	1777	1777	1
81	3190	2310	1096	6564	2687	1808.0	2400	1777	1777	1
81	3198	2312	1097	6574	2685	1808.0	2400	1777	1777	1
81	3190	2310	1096	6563	2687	1808.0	2400	1777	1777	1
81	3190	2310	1096	6565	2688	1808.0	2400	1777	1777	1
81	3190	2310	1096	6564	2687	1808.0	2400	1777	1777	1
81	3190	2310	1096	6564	2687	1808.0	2400	1777	1777	1
81	3305	2383	1130	6783	2680	1861.0	2400	1777	1777	1
81	3296	2386	1131	6779	2685	1868.0	2400	1777	1777	1
81	3305	2383	1131	6783	2681	1860.0	2400	1777	1777	1
81	3296	2386	1131	6778	2685	1868.0	2400	1777	1777	1
81	3305	2383	1131	6783	2681	1860.0	2400	1777	1777	1
81	3295	2385	1131	6776	2685	1866.0	2400	1777	1777	1
81	3305	2383	1131	6783	2681	1860.0	2400	1777	1777	1
81	3295	2385	1131	6775	2685	1866.0	2400	1777	1777	1
81	3293	2375	1127	6759	2681	1854.0	2400	1777	1777	1
81	3295	2385	1131	6775	2685	1866.0	2400	1777	1777	1
81	3305	2383	1131	6784	2681	1860.0	2400	1777	1777	1
81	3294	2384	1131	6775	2686	1865.0	2400	1777	1777	1
81	3189	2309	1095	6560	2686	1807.0	2400	1777	1777	1
81	3191	2311	1097	6567	2688	1808.0	2400	1777	1777	1
81	3188	2309	1095	6560	2687	1807.0	2400	1777	1777	1
81	3204	2320	1101	6592	2687	1815.0	2400	1777	1777	1
81	3189	2309	1095	6560	2686	1807.0	2400	1777	1777	1
81	3191	2311	1097	6567	2688	1808.0	2400	1777	1777	1
81	3189	2309	1095	6560	2686	1807.0	2400	1777	1777	1
81	3191	2312	1097	6567	2688	1810.0	2400	1777	1777	1
81	3189	2309	1096	6561	2687	1806.0	2400	1777	1777	1
81	3191	2311	1097	6567	2688	1808.0	2400	1777	1777	1
81	3241	2349	1114	6671	2688	1840.0	2400	1777	1777	1
81	3298	2384	1130	6778	2683	1865.0	2400	1777	1777	1
81	3298	2384	1131	6777	2683	1864.0	2400	1777	1777	1
81	3303	2384	1131	6783	2682	1862.0	2400	1777	1777	1
81	3299	2384	1131	6778	2683	1863.0	2400	1777	1777	1
81	3302	2384	1131	6782	2683	1863.0	2400	1777	1777	1
81	3300	2383	1131	6779	2683	1862.0	2400	1777	1777	1
81	3300	2385	1131	6781	2683	1865.0	2400	1777	1777	1
81	3299	2385	1131	6780	2684	1865.0	2400	1777	1777	1
81	3289	2375	1127	6756	2683	1855.0	2400	1777	1777	1
81	3299	2385	1131	6780	2684	1865.0	2400	1777	1777	1
81	3190	2310	1096	6564	2687	1808.0	2400	1777	1777	1
81	3189	2310	1096	6563	2687	1808.0	2400	1777	1777	1
81	3203	2319	1100	6590	2686	1815.0	2400	1777	1777	0
81	4070	2903	1373	8294	2660	2255.0	2400	1777	1777	0
81	6186	4312	2033	12432	2622	3309.0	2400	1777	1777	0
81	6178	4313	2033	12424	2623	3313.0	2400	1777	1777	0
81	6185	4311	2033	12429	2622	3308.0	2400	1777	1777	0
82	6176	4312	2033	12421	2624	3312.0	2400	2133	1555	1
82	6186	4310	2033	12427	2621	3306.0	2400	2133	1555	1
82	3520	2248	1097	6799	2553	1602.0	2400	2133	1555	1
82	3592	2212	1089	6819	2518	1528.0	2400	2133	1555	1
82	3581	2213	1089	6809	2521	1533.0	2400	2133	1555	1
82	3467	2147	1057	6600	2525	1489.0	2400	2133	1555	1
82	3465	2144	1055	6594	2524	1486.0	2400	2133	1555	1
82	3467	2147	1057	6601	2525	1489.0	2400	2133	1555	1
82	3465	2144	1056	6594	2525	1486.0	2400	2133	1555	1
82	3465	2145	1056	6595	2525	1487.0	2400	2133	1555	1
82	3467	2147	1057	6601	2525	1489.0	2400	2133	1555	1
82	3472	2152	1059	6613	2526	1494.0	2400	2133	1555	1
82	3467	2147	1057	6601	2525	1489.0	2400	2133	1555	1
82	3465	2145	1056	6595	2525	1487.0	2400	2133	1555	1
82	3467	2147	1057	6601	2525	1489.0	2400	2133	1555	1
82	3552	2198	1081	6757	2522	1524.0	2400	2133	1555	1
82	3594	2213	1090	6821	2518	1528.0	2400	2133	1555	1
82	3582	2214	1089	6811	2521	1534.0	2400	2133	1555	1
82	3594	2213	1090	6821	2518	1528.0	2400	2133	1555	1
82	3568	2207	1086	6786	2522	1530.0	2400	2133	1555	1
82	3593	2213	1089	6821	2518	1529.0	2400	2133	1555	1
82	3583	2215	1089	6812	2521	1535.0	2400	2133	1555	1
82	3593	2212	1089	6820	2518	1527.0	2400	2133	1555	1
82	3583	2215	1090	6813	2522	1535.0	2400	2133	1555	1
82	3592	2212	1089	6819	2518	1528.0	2400	2133	1555	1
82	3584	2215	1090	6814	2522	1534.0	2400	2133	1555	1
82	3590	2212	1089	6816	2519	1528.0	2400	2133	1555	1
82	3465	2145	1056	6596	2525	1487.0	2400	2133	1555	1
82	3466	2146	1056	6597	2524	1489.0	2400	2133	1555	1
82	3465	2145	1056	6595	2525	1487.0	2400	2133	1555	1
82	3466	2146	1056	6597	2524	1489.0	2400	2133	1555	1
82	3465	2144	1056	6594	2525	1486.0	2400	2133	1555	1
82	3466	2146	1056	6598	2524	1489.0	2400	2133	1555	1
82	3465	2144	1056	6594	2525	1486.0	2400	2133	1555	1
82	3466	2146	1056	6598	2524	1489.0	2400	2133	1555	1
82	3479	2152	1059	6619	2523	1492.0	2400	2133	1555	1
82	3467	2146	1057	6599	2525	1487.0	2400	2133	1555	1
82	3473	2150	1058	6611	2524	1491.0	2400	2133	1555	1
82	3588	2215	1090	6819	2520	1533.0	2400	2133	1555	1
82	3572	2204	1085	6786	2520	1524.0	2400	2133	1555	1
82	3588	2214	1090	6818	2520	1531.0	2400	2133	1555	1
82	3586	2212	1088	6811	2519	1530.0	2400	2133	1555	1
82	3588	2214	1090	6818	2520	1531.0	2400	2133	1555	1
82	3570	2204	1085	6785	2521	1525.0	2400	2133	1555	1
82	3590	2214	1090	6818	2519	1531.0	2400	2133	1555	1
82	3591	2213	1089	6819	2518	1530.0	2400	2133	1555	0
82	850	683	341	1889	2919	552.0	2400	2133	1555	0
82	301	378	192	904	3821	358.0	2400	2133	1555	0
82	299	375	191	898	3824	355.0	2400	2133	1555	0
82	301	378	192	904	3821	358.0	2400	2133	1555	0
83	299	376	191	899	3824	356.0	2400	2488	1333	1
83	1305	842	431	2570	2641	589.0	2400	2488	1333	1
83	3886	2036	1046	6851	2374	1186.0	2400	2488	1333	1
83	3895	2034	1046	6858	2372	1180.0	2400	2488	1333	1
83	3885	2035	1046	6850	2374	1185.0	2400	2488	1333	1
83	3892	2034	1046	6856	2372	1181.0	2400	2488	1333	1
83	3886	2036	1046	6851	2374	1186.0	2400	2488	1333	1
83	3891	2034	1046	6855	2373	1181.0	2400	2488	1333	1
83	3887	2036	1046	6852	2374	1186.0	2400	2488	1333	1
83	3875	2027	1042	6828	2373	1178.0	2400	2488	1333	1
83	3757	1973	1014	6633	2377	1152.0	2400	2488	1333	1
83	3756	1973	1014	6633	2378	1152.0	2400	2488	1333	1
83	3757	1973	1014	6633	2377	1152.0	2400	2488	1333	1
83	3772	1981	1014	6658	2374	1159.0	2400	2488	1333	1
83	3756	1973	1014	6632	2378	1152.0	2400	2488	1333	1
83	3757	1974	1014	6634	2377	1153.0	2400	2488	1333	1
83	3756	1973	1014	6632	2378	1152.0	2400	2488	1333	1
83	3757	1974	1014	6635	2377	1153.0	2400	2488	1333	1
83	3755	1972	1014	6631	2378	1151.0	2400	2488	1333	1
83	3757	1974	1015	6635	2379	1153.0	2400	2488	1333	1
83	3772	1984	1019	6664	2379	1161.0	2400	2488	1333	1
83	3895	2034	1046	6858	2372	1180.0	2400	2488	1333	1
83	3883	2034	1045	6847	2374	1184.0	2400	2488	1333	1
83	3894	2034	1046	6857	2372	1180.0	2400	2488	1333	1
83	3884	2034	1045	6847	2373	1184.0	2400	2488	1333	1
83	3893	2034	1046	6856	2372	1180.0	2400	2488	1333	1
83	3884	2034	1045	6848	2374	1184.0	2400	2488	1333	1
83	3892	2035	1046	6856	2372	1182.0	2400	2488	1333	1
83	3885	2034	1045	6848	2373	1184.0	2400	2488	1333	1
83	3875	2028	1042	6830	2373	1180.0	2400	2488	1333	1
83	3886	2034	1045	6848	2373	1183.0	2400	2488	1333	1
83	3889	2036	1046	6855	2373	1185.0	2400	2488	1333	1
83	3757	1975	1015	6636	2379	1154.0	2400	2488	1333	1
83	3755	1972	1014	6630	2378	1151.0	2400	2488	1333	1
83	3757	1975	1015	6636	2379	1154.0	2400	2488	1333	1
83	3755	1972	1014	6631	2378	1151.0	2400	2488	1333	1
83	3772	1982	1018	6661	2378	1158.0	2400	2488	1333	1
83	3755	1972	1014	6631	2378	1151.0	2400	2488	1333	1
83	3757	1974	1015	6635	2379	1153.0	2400	2488	1333	1
83	3755	1972	1014	6631	2378	1151.0	2400	2488	1333	1
83	3757	1974	1014	6634	2377	1153.0	2400	2488	1333	1
83	3756	1973	1014	6631	2377	1152.0	2400	2488	1333	1
83	3757	1974	1014	6634	2377	1153.0	2400	2488	1333	1
83	3889	2034	1045	6852	2372	1182.0	2400	2488	1333	1
83	3888	2035	1046	6853	2373	1184.0	2400	2488	1333	1
83	3887	2034	1045	6851	2373	1183.0	2400	2488	1333	0
83	3890	2034	1046	6853	2373	1181.0	2400	2488	1333	0
83	7337	3630	1868	12574	2309	1980.0	2400	2488	1333	0
83	7339	3627	1867	12571	2308	1975.0	2400	2488	1333	0
83	7332	3629	1867	12568	2309	1981.0	2400	2488	1333	0
84	7330	3628	1867	12565	2310	1980.0	2400	2844	1111	1
84	4426	2279	1172	7738	2355	1302.0	2400	2844	1111	1
84	4092	1813	980	6730	2247	815.0	2400	2844	1111	1
84	4124	1824	986	6778	2246	818.0	2400	2844	1111	1
84	4217	1863	1006	6926	2243	835.0	2400	2844	1111	1
84	4224	1859	1005	6927	2241	827.0	2400	2844	1111	1
84	4200	1856	1003	6900	2245	831.0	2400	2844	1111	1
84	4223	1858	1005	6926	2241	826.0	2400	2844	1111	1
84	4217	1863	1007	6927	2244	834.0	2400	2844	1111	1
84	4222	1858	1005	6925	2241	826.0	2400	2844	1111	1
84	4201	1857	1004	6903	2245	832.0	2400	2844	1111	1
84	4220	1859	1005	6923	2242	828.0	2400	2844	1111	1
84	4220	1863	1007	6930	2244	833.0	2400	2844	1111	1
84	4219	1859	1005	6924	2243	828.0	2400	2844	1111	1
84	4221	1863	1007	6930	2243	833.0	2400	2844	1111	1
84	4074	1805	975	6701	2247	812.0	2400	2844	1111	1
84	4077	1808	977	6707	2248	814.0	2400	2844	1111	1
84	4075	1805	975	6702	2247	812.0	2400	2844	1111	1
84	4075	1805	975	6708	2249	812.0	2400	2844	1111	1
84	4077	1808	977	6707	2248	814.0	2400	2844	1111	1
84	4075	1805	975	6702	2247	812.0	2400	2844	1111	1
84	4077	1807	976	6707	2248	814.0	2400	2844	1111	1
84	4092	1812	979	6729	2246	814.0	2400	2844	1111	1
84	4076	1807	976	6706	2248	814.0	2400	2844	1111	1
84	4075	1806	976	6703	2247	813.0	2400	2844	1111	1
84	4076	1807	976	6706	2248	814.0	2400	2844	1111	1
84	4219	1861	1006	6926	2243	831.0	2400	2844	1111	1
84	4220	1861	1006	6927	2243	830.0	2400	2844	1111	1
84	4221	1860	1006	6927	2242	829.0	2400	2844	1111	1
84	4217	1862	1006	6925	2243	833.0	2400	2844	1111	1
84	4206	1853	1002	6902	2243	825.0	2400	2844	1111	1
84	4216	1861	1006	6922	2244	832.0	2400	2844	1111	1
84	4224	1860	1006	6928	2241	828.0	2400	2844	1111	1
84	4215	1861	1006	6922	2244	832.0	2400	2844	1111	1
84	4222	1860	1006	6927	2242	828.0	2400	2844	1111	1
84	4217	1861	1006	6924	2243	831.0	2400	2844	1111	1
84	4221	1861	1006	6927	2242	830.0	2400	2844	1111	1
84	4093	1813	980	6732	2247	815.0	2400	2844	1111	1
84	4075	1805	975	6702	2247	812.0	2400	2844	1111	1
84	4076	1807	976	6706	2248	814.0	2400	2844	1111	1
84	4074	1805	975	6701	2247	812.0	2400	2844	1111	1
84	4076	1807	976	6707	2248	814.0	2400	2844	1111	1
84	4074	1805	975	6701	2247	812.0	2400	2844	1111	1
84	4076	1808	976	6707	2248	816.0	2400	2844	1111	1
84	4074	1805	975	6701	2247	812.0	2400	2844	1111	1
84	4077	1808	977	6707	2248	814.0	2400	2844	1111	0
84	4091	1811	979	6726	2247	813.0	2400	2844	1111	0
84	301	378	192	904	3821	358.0	2400	2844	1111	0
84	299	375	191	898	3824	355.0	2400	2844	1111	0
84	301	378	192	904	3821	358.0	2400	2844	1111	0
85	299	375	191	898	3824	355.0	2400	3200	888	1
85	301	378	192	904	3821	358.0	2400	3200	888	1
85	4404	1633	935	6777	2132	463.0	2400	3200	888	1
85	4404	1635	937	6780	2133	465.0	2400	3200	888	1
85	4420	1638	939	6799	2131	463.0	2400	3200	888	1
85	4402	1633	935	6773	2131	463.0	2400	3200	888	1
85	4403	1635	936	6777	2132	466.0	2400	3200	888	1
85	4401	1633	935	6773	2132	464.0	2400	3200	888	1
85	4403	1634	936	6777	2132	464.0	2400	3200	888	1
85	4561	1681	964	7001	2127	466.0	2400	3200	888	1
85	4559	1683	965	7002	2128	469.0	2400	3200	888	1
85	4560	1682	964	7001	2127	468.0	2400	3200	888	1
85	4560	1683	965	7001	2127	469.0	2400	3200	888	1
85	4559	1683	965	7001	2128	469.0	2400	3200	888	1
85	4561	1681	964	7001	2127	466.0	2400	3200	888	1
85	4558	1683	965	7000	2128	470.0	2400	3200	888	1
85	4562	1681	964	7001	2126	466.0	2400	3200	888	1
85	4557	1683	964	6999	2128	471.0	2400	3200	888	1
85	4562	1680	964	7001	2127	465.0	2400	3200	888	1
85	4557	1683	964	6999	2128	471.0	2400	3200	888	1
85	4436	1641	941	6819	2130	461.0	2400	3200	888	1
85	4402	1634	936	6776	2132	464.0	2400	3200	888	1
85	4401	1633	935	6772	2132	464.0	2400	3200	888	1
85	4419	1638	938	6798	2131	464.0	2400	3200	888	1
85	4402	1634	936	6777	2133	464.0	2400	3200	888	1
85	4401	1632	935	6771	2132	462.0	2400	3200	888	1
85	4402	1635	936	6777	2132	466.0	2400	3200	888	1
85	4401	1632	935	6771	2132	462.0	2400	3200	888	1
85	4402	1635	936	6777	2132	466.0	2400	3200	888	1
85	4401	1632	935	6771	2132	462.0	2400	3200	888	1
85	4403	1635	936	6777	2132	466.0	2400	3200	888	1
85	4543	1674	960	6972	2127	464.0	2400	3200	888	1
85	4556	1683	965	7000	2129	470.0	2400	3200	888	1
85	4560	1679	963	6997	2126	464.0	2400	3200	888	1
85	4557	1684	965	7001	2129	472.0	2400	3200	888	1
85	4559	1679	963	6996	2127	465.0	2400	3200	888	1
85	4557	1684	965	7002	2129	472.0	2400	3200	888	1
85	4559	1679	963	6996	2127	465.0	2400	3200	888	1
85	4558	1684	965	7002	2128	471.0	2400	3200	888	1
85	4557	1680	964	6996	2128	466.0	2400	3200	888	1
85	4541	1678	961	6976	2128	470.0	2400	3200	888	1
85	4556	1681	961	6995	2126	470.0	2400	3200	888	1
85	4401	1633	935	6772	2132	464.0	2400	3200	888	1
85	4402	1634	936	6775	2132	464.0	2400	3200	888	1
85	4401	1633	935	6772	2132	464.0	2400	3200	888	1
85	4402	1634	936	6775	2132	464.0	2400	3200	888	0
85	6182	2180	1259	9325	2092	512.0	2400	3200	888	0
85	8654	2935	1707	12861	2063	573.0	2400	3200	888	0
85	8645	2935	1707	12852	2064	576.0	2400	3200	888	0
85	8652	2934	1707	12856	2063	572.0	2400	3200	888	0
86	8643	2935	1707	12849	2064	577.0	2400	1777	2000	1
86	8649	2934	1706	12853	2063	574.0	2400	1777	2000	1
86	3423	2488	1182	7048	2690	1950.0	2400	1777	2000	1
86	3221	2487	1168	6847	2761	2024.0	2400	1777	2000	1
86	3209	2483	1166	6830	2764	2023.0	2400	1777	2000	1
86	3208	2482	1165	6827	2763	2023.0	2400	1777	2000	1
86	3210	2483	1166	6831	2764	2023.0	2400	1777	2000	1
86	3208	2481	1165	6827	2764	2021.0	2400	1777	2000	1
86	3210	2483	1166	6831	2764	2023.0	2400	1777	2000	1
86	3208	2481	1165	6826	2763	2021.0	2400	1777	2000	1
86	3209	2481	1165	6827	2763	2021.0	2400	1777	2000	1
86	3210	2483	1166	6832	2765	2023.0	2400	1777	2000	1
86	3208	2481	1165	6826	2763	2021.0	2400	1777	2000	1
86	3223	2493	1170	6859	2764	2032.0	2400	1777	2000	1
86	3320	2562	1202	7055	2760	2086.0	2400	1777	2000	1
86	3322	2564	1203	7060	2760	2087.0	2400	1777	2000	1
86	3320	2562	1202	7054	2759	2086.0	2400	1777	2000	1
86	3309	2555	1199	7033	2760	2080.0	2400	1777	2000	1
86	3320	2562	1202	7054	2759	2086.0	2400	1777	2000	1
86	3322	2564	1203	7059	2759	2087.0	2400	1777	2000	1
86	3320	2562	1202	7054	2759	2086.0	2400	1777	2000	1
86	3309	2555	1199	7033	2760	2080.0	2400	1777	2000	1
86	3320	2562	1202	7054	2759	2086.0	2400	1777	2000	1
86	3322	2564	1203	7060	2760	2087.0	2400	1777	2000	1
86	3320	2563	1202	7054	2759	2087.0	2400	1777	2000	1
86	3296	2541	1193	7001	2759	2067.0	2400	1777	2000	1
86	3209	2481	1165	6827	2763	2021.0	2400	1777	2000	1
86	3210	2483	1166	6832	2765	2023.0	2400	1777	2000	1
86	3210	2483	1166	6832	2765	2023.0	2400	1777	2000	1
86	3209	2482	1165	6828	2763	2023.0	2400	1777	2000	1
86	3210	2483	1166	6831	2764	2023.0	2400	1777	2000	1
86	3209	2482	1165	6828	2763	2023.0	2400	1777	2000	1
86	3210	2483	1166	6831	2764	2023.0	2400	1777	2000	1
86	3222	2492	1170	6855	2763	2030.0	2400	1777	2000	1
86	3210	2483	1166	6831	2764	2023.0	2400	1777	2000	1
86	3209	2482	1165	6829	2764	2023.0	2400	1777	2000	1
86	3320	2564	1203	7057	2760	2088.0	2400	1777	2000	1
86	3324	2563	1203	7060	2758	2085.0	2400	1777	2000	1
86	3319	2565	1203	7057	2760	2090.0	2400	1777	2000	1
86	3325	2563	1203	7060	2758	2085.0	2400	1777	2000	1
86	3318	2565	1203	7056	2761	2090.0	2400	1777	2000	1
86	3313	2553	1198	7035	2758	2077.0	2400	1777	2000	1
86	3317	2565	1203	7055	2761	2091.0	2400	1777	2000	1
86	3326	2562	1203	7060	2758	2083.0	2400	1777	2000	1
86	3316	2564	1203	7054	2762	2089.0	2400	1777	2000	1
86	3326	2563	1203	7061	2758	2085.0	2400	1777	2000	0
86	441	474	237	7055	3438	431.0	2400	1777	2000	0
86	299	376	191	898	3824	356.0	2400	1777	2000	0
86	301	378	192	904	3821	358.0	2400	1777	2000	0
86	299	376	191	898	3824	356.0	2400	1777	2000	0
87	301	378	192	905	3821	358.0	2400	2133	1777	1
87	1649	1200	588	3427	2742	928.0	2400	2133	1777	1
87	3607	2398	1165	7099	2596	1761.0	2400	2133	1777	1
87	3609	2392	1163	7093	2593	1752.0	2400	2133	1777	1
87	3605	2397	1164	7096	2595	1761.0	2400	2133	1777	1
87	3609	2392	1163	7093	2593	1752.0	2400	2133	1777	1
87	3605	2397	1164	7096	2595	1761.0	2400	2133	1777	1
87	3595	2383	1158	7067	2593	1746.0	2400	2133	1777	1
87	3531	2348	1141	6952	2597	1724.0	2400	2133	1777	1
87	3484	2319	1127	6863	2598	1704.0	2400	2133	1777	1
87	3486	2321	1128	6868	2599	1706.0	2400	2133	1777	1
87	3498	2328	1131	6890	2598	1710.0	2400	2133	1777	1
87	3485	2321	1128	6868	2599	1706.0	2400	2133	1777	1
87	3484	2319	1127	6863	2598	1704.0	2400	2133	1777	1
87	3485	2321	1128	6867	2599	1706.0	2400	2133	1777	1
87	3485	2320	1128	6866	2599	1704.0	2400	2133	1777	1
87	3484	2319	1127	6863	2598	1704.0	2400	2133	1777	1
87	3484	2320	1128	6866	2599	1705.0	2400	2133	1777	1
87	3484	2319	1127	6864	2598	1704.0	2400	2133	1777	1
87	3603	2396	1164	7093	2596	1760.0	2400	2133	1777	1
87	3610	2392	1163	7094	2593	1752.0	2400	2133	1777	1
87	3603	2396	1164	7092	2596	1760.0	2400	2133	1777	1
87	3610	2392	1163	7094	2593	1752.0	2400	2133	1777	1
87	3603	2396	1164	7092	2596	1760.0	2400	2133	1777	1
87	3610	2393	1163	7094	2592	1753.0	2400	2133	1777	1
87	3604	2395	1163	7092	2595	1758.0	2400	2133	1777	1
87	3609	2394	1163	7095	2593	1755.0	2400	2133	1777	1
87	3604	2388	1161	7082	2593	1749.0	2400	2133	1777	1
87	3608	2395	1163	7095	2593	1757.0	2400	2133	1777	1
87	3605	2394	1163	7091	2594	1757.0	2400	2133	1777	1
87	3592	2383	1158	7062	2593	1747.0	2400	2133	1777	1
87	3483	2319	1127	6861	2598	1704.0	2400	2133	1777	1
87	3485	2321	1128	6867	2599	1706.0	2400	2133	1777	1
87	3485	2321	1128	6867	2599	1706.0	2400	2133	1777	1
87	3497	2327	1131	6888	2598	1709.0	2400	2133	1777	1
87	3485	2321	1128	6867	2599	1706.0	2400	2133	1777	1
87	3483	2318	1127	6861	2599	1703.0	2400	2133	1777	1
87	3485	2321	1128	6867	2599	1706.0	2400	2133	1777	1
87	3483	2318	1127	6861	2599	1703.0	2400	2133	1777	1
87	3485	2321	1128	6868	2599	1706.0	2400	2133	1777	1
87	3483	2318	1126	6861	2598	1703.0	2400	2133	1777	1
87	3602	2397	1164	7093	2596	1761.0	2400	2133	1777	1
87	3596	2382	1158	7065	2592	1744.0	2400	2133	1777	1
87	3603	2397	1164	7094	2596	1761.0	2400	2133	1777	1
87	3609	2391	1162	7092	2592	1751.0	2400	2133	1777	1
87	3604	2397	1164	7096	2596	1761.0	2400	2133	1777	0
87	3608	2392	1162	7092	2592	1753.0	2400	2133	1777	0
87	6785	4336	2099	13050	2536	3104.0	2400	2133	1777	0
87	6783	4332	2097	13040	2535	3100.0	2400	2133	1777	0
87	6783	4334	2098	13043	2535	3102.0	2400	2133	1777	0
88	6780	4332	2096	13037	2535	3102.0	2400	2488	1555	1
88	3656	2421	1177	13041	2617	1772.0	2400	2488	1555	1
88	3912	2228	1124	7153	2446	1423.0	2400	2488	1555	1
88	3905	2229	1124	7147	2448	1427.0	2400	2488	1555	1
88	3912	2222	1122	7144	2444	1415.0	2400	2488	1555	1
88	3905	2229	1124	7148	2448	1427.0	2400	2488	1555	1
88	3913	2227	1124	7153	2446	1421.0	2400	2488	1555	1
88	3905	2229	1124	7149	2449	1427.0	2400	2488	1555	1
88	3899	2218	1119	7126	2445	1415.0	2400	2488	1555	1
88	3906	2230	1124	7150	2448	1428.0	2400	2488	1555	1
88	3914	2225	1123	7152	2445	1419.0	2400	2488	1555	1
88	3906	2230	1125	7149	2448	1428.0	2400	2488	1555	1
88	3914	2225	1123	7151	2445	1419.0	2400	2488	1555	1
88	3856	2200	1110	7058	2449	1408.0	2400	2488	1555	1
88	3776	2159	1089	6918	2451	1384.0	2400	2488	1555	1
88	3777	2161	1090	6922	2451	1386.0	2400	2488	1555	1
88	3775	2159	1089	6918	2452	1385.0	2400	2488	1555	1
88	3777	2160	1090	6922	2452	1385.0	2400	2488	1555	1
88	3775	2158	1089	6917	2452	1383.0	2400	2488	1555	1
88	3777	2160	1090	6922	2452	1385.0	2400	2488	1555	1
88	3777	2161	1090	6923	2452	1386.0	2400	2488	1555	1
88	3775	2158	1089	6917	2452	1383.0	2400	2488	1555	1
88	3777	2161	1090	6923	2452	1386.0	2400	2488	1555	1
88	3775	2158	1089	6917	2452	1383.0	2400	2488	1555	1
88	3910	2230	1125	7155	2448	1426.0	2400	2488	1555	1
88	3909	2227	1123	7149	2446	1423.0	2400	2488	1555	1
88	3911	2230	1125	7156	2448	1426.0	2400	2488	1555	1
88	3908	2227	1124	7148	2448	1423.0	2400	2488	1555	1
88	3896	2221	1121	7128	2448	1420.0	2400	2488	1555	1
88	3907	2228	1124	7148	2448	1425.0	2400	2488	1555	1
88	3913	2229	1125	7155	2446	1424.0	2400	2488	1555	1
88	3906	2228	1124	7147	2448	1425.0	2400	2488	1555	1
88	3898	2226	1122	7136	2448	1426.0	2400	2488	1555	1
88	3905	2228	1124	7147	2448	1426.0	2400	2488	1555	1
88	3914	2228	1124	7155	2446	1423.0	2400	2488	1555	1
88	3905	2228	1124	7146	2448	1426.0	2400	2488	1555	1
88	3792	2168	1094	6949	2452	1390.0	2400	2488	1555	1
88	3775	2159	1089	6918	2452	1385.0	2400	2488	1555	1
88	3776	2159	1089	6919	2451	1384.0	2400	2488	1555	1
88	3777	2160	1090	6921	2451	1385.0	2400	2488	1555	1
88	3776	2159	1089	6919	2451	1384.0	2400	2488	1555	1
88	3777	2160	1090	6921	2451	1385.0	2400	2488	1555	1
88	3776	2160	1090	6920	2452	1385.0	2400	2488	1555	1
88	3776	2160	1090	6920	2452	1385.0	2400	2488	1555	1
88	3792	2168	1094	6947	2451	1390.0	2400	2488	1555	1
88	3776	2159	1089	6919	2451	1384.0	2400	2488	1555	0
88	3776	2160	1090	6921	2452	1385.0	2400	2488	1555	0
88	300	376	191	900	3816	356.0	2400	2488	1555	0
88	300	377	192	902	3829	357.0	2400	2488	1555	0
88	299	376	191	899	3824	356.0	2400	2488	1555	0
89	301	377	192	903	3821	356.0	2400	2844	1333	1
89	299	376	191	899	3824	356.0	2400	2844	1333	1
89	4106	1989	1050	6998	2313	1037.0	2400	2844	1333	1
89	4086	1980	1045	6963	2313	1033.0	2400	2844	1333	1
89	4087	1982	1046	6967	2313	1035.0	2400	2844	1333	1
89	4085	1979	1045	6962	2314	1032.0	2400	2844	1333	1
89	4085	1979	1045	6961	2313	1032.0	2400	2844	1333	1
89	4236	2042	1079	7202	2308	1058.0	2400	2844	1333	1
89	4228	2042	1078	7193	2309	1061.0	2400	2844	1333	1
89	4220	2039	1077	7182	2310	1059.0	2400	2844	1333	1
89	4227	2042	1078	7192	2309	1061.0	2400	2844	1333	1
89	4237	2041	1079	7203	2308	1056.0	2400	2844	1333	1
89	4227	2041	1078	7192	2309	1060.0	2400	2844	1333	1
89	4236	2042	1079	7201	2308	1058.0	2400	2844	1333	1
89	4227	2042	1078	7192	2309	1061.0	2400	2844	1333	1
89	4234	2043	1079	7201	2309	1060.0	2400	2844	1333	1
89	4228	2042	1078	7193	2309	1061.0	2400	2844	1333	1
89	4232	2043	1079	7200	2309	1060.0	2400	2844	1333	1
89	4186	2021	1067	7121	2309	1049.0	2400	2844	1333	1
89	4086	1981	1046	6966	2314	1034.0	2400	2844	1333	1
89	4085	1979	1045	6961	2313	1032.0	2400	2844	1333	1
89	4086	1981	1046	6966	2314	1034.0	2400	2844	1333	1
89	4101	1987	1049	6989	2313	1037.0	2400	2844	1333	1
89	4086	1981	1046	6965	2314	1034.0	2400	2844	1333	1
89	4085	1979	1046	6961	2314	1031.0	2400	2844	1333	1
89	4102	1987	1049	6989	2313	1036.0	2400	2844	1333	1
89	4085	1981	1046	6964	2314	1034.0	2400	2844	1333	1
89	4085	1980	1045	6962	2313	1034.0	2400	2844	1333	1
89	4085	1980	1045	6964	2314	1034.0	2400	2844	1333	1
89	4217	2034	1074	7171	2308	1055.0	2400	2844	1333	1
89	4228	2043	1079	7195	2310	1062.0	2400	2844	1333	1
89	4233	2041	1078	7198	2308	1058.0	2400	2844	1333	1
89	4228	2042	1079	7195	2310	1060.0	2400	2844	1333	1
89	4232	2042	1078	7198	2308	1060.0	2400	2844	1333	1
89	4229	2042	1078	7195	2309	1061.0	2400	2844	1333	1
89	4231	2042	1079	7198	2310	1059.0	2400	2844	1333	1
89	4230	2041	1078	7194	2309	1059.0	2400	2844	1333	1
89	4231	2043	1079	7198	2310	1061.0	2400	2844	1333	1
89	4230	2036	1076	7188	2307	1052.0	2400	2844	1333	1
89	4230	2044	1079	7198	2310	1063.0	2400	2844	1333	1
89	4231	2040	1078	7194	2309	1057.0	2400	2844	1333	1
89	4086	1981	1046	6966	2314	1034.0	2400	2844	1333	1
89	4084	1979	1045	6960	2313	1032.0	2400	2844	1333	1
89	4084	1979	1045	6960	2313	1032.0	2400	2844	1333	1
89	4086	1981	1046	6966	2314	1034.0	2400	2844	1333	1
89	4101	1986	1048	6987	2312	1036.0	2400	2844	1333	0
89	6318	2930	1551	10545	2267	1438.0	2400	2844	1333	0
89	8011	3639	1930	13243	2246	1730.0	2400	2844	1333	0
89	8004	3644	1931	13244	2248	1739.0	2400	2844	1333	0
89	8008	3638	1929	13239	2246	1730.0	2400	2844	1333	0
90	8002	3643	1931	13242	2248	1738.0	2400	3200	1111	1
90	7920	3602	1910	13100	2247	1716.0	2400	3200	1111	1
90	4414	1807	1005	7034	2193	683.0	2400	3200	1111	1
90	4431	1811	1007	7057	2191	682.0	2400	3200	1111	1
90	4415	1807	1005	7035	2192	683.0	2400	3200	1111	1
90	4413	1805	1004	7030	2192	681.0	2400	3200	1111	1
90	4415	1807	1005	7036	2193	683.0	2400	3200	1111	1
90	4414	1805	1004	7031	2192	681.0	2400	3200	1111	1
90	4415	1807	1005	7035	2192	683.0	2400	3200	1111	1
90	4414	1805	1004	7032	2192	681.0	2400	3200	1111	1
90	4414	1806	1005	7034	2193	681.0	2400	3200	1111	1
90	4433	1813	1008	7062	2192	684.0	2400	3200	1111	1
90	4571	1861	1036	7268	2188	695.0	2400	3200	1111	1
90	4574	1861	1036	7271	2188	694.0	2400	3200	1111	1
90	4570	1862	1036	7268	2188	696.0	2400	3200	1111	1
90	4573	1857	1034	7265	2187	689.0	2400	3200	1111	1
90	4570	1862	1036	7269	2189	696.0	2400	3200	1111	1
90	4573	1860	1035	7269	2188	693.0	2400	3200	1111	1
90	4570	1862	1036	7269	2189	696.0	2400	3200	1111	1
90	4554	1854	1032	7241	2188	692.0	2400	3200	1111	1
90	4571	1862	1036	7269	2188	696.0	2400	3200	1111	1
90	4573	1860	1035	7268	2187	693.0	2400	3200	1111	1
90	4571	1862	1036	7270	2189	696.0	2400	3200	1111	1
90	4572	1859	1035	7267	2188	692.0	2400	3200	1111	1
90	4415	1807	1005	7035	2192	683.0	2400	3200	1111	1
90	4413	1805	1004	7031	2193	681.0	2400	3200	1111	1
90	4415	1807	1005	7036	2193	683.0	2400	3200	1111	1
90	4413	1805	1004	7030	2192	681.0	2400	3200	1111	1
90	4415	1807	1005	7036	2193	683.0	2400	3200	1111	1
90	4413	1805	1005	7031	2193	680.0	2400	3200	1111	1
90	4413	1804	1004	7030	2193	679.0	2400	3200	1111	1
90	4415	1807	1005	7036	2193	683.0	2400	3200	1111	1
90	4413	1804	1004	7030	2193	679.0	2400	3200	1111	1
90	4415	1807	1005	7037	2193	683.0	2400	3200	1111	1
90	4556	1855	1032	7245	2188	693.0	2400	3200	1111	1
90	4570	1863	1036	7271	2189	698.0	2400	3200	1111	1
90	4574	1858	1034	7266	2186	690.0	2400	3200	1111	1
90	4570	1863	1036	7271	2189	698.0	2400	3200	1111	1
90	4574	1858	1034	7266	2186	690.0	2400	3200	1111	1
90	4552	1857	1033	7244	2190	697.0	2400	3200	1111	1
90	4574	1858	1035	7267	2187	690.0	2400	3200	1111	1
90	4571	1863	1037	7270	2189	697.0	2400	3200	1111	1
90	4574	1858	1034	7266	2186	690.0	2400	3200	1111	1
90	4552	1860	1034	7248	2190	701.0	2400	3200	1111	1
90	4573	1858	1035	7266	2187	690.0	2400	3200	1111	1
90	4570	1863	1036	7270	2189	698.0	2400	3200	1111	0
90	4413	1805	1004	7031	2193	681.0	2400	3200	1111	0
90	301	378	192	903	3821	358.0	2400	3200	1111	0
90	301	377	192	902	3821	356.0	2400	3200	1111	0
90	300	376	191	900	3816	356.0	2400	3200	1111	0
91	300	377	192	902	3829	357.0	2400	2133	2000	1
91	2150	1603	773	4504	2748	1266.0	2400	2133	2000	1
91	3615	2571	1233	7354	2668	1981.0	2400	2133	2000	1
91	3616	2570	1233	7354	2667	1979.0	2400	2133	2000	1
91	3613	2570	1233	7351	2668	1980.0	2400	2133	2000	1
91	3601	2561	1228	7326	2667	1974.0	2400	2133	2000	1
91	3583	2547	1222	7288	2667	1962.0	2400	2133	2000	1
91	3492	2489	1194	7114	2672	1920.0	2400	2133	2000	1
91	3492	2489	1194	7113	2671	1920.0	2400	2133	2000	1
91	3492	2490	1195	7115	2672	1921.0	2400	2133	2000	1
91	3491	2488	1194	7112	2672	1919.0	2400	2133	2000	1
91	3492	2489	1195	7115	2673	1920.0	2400	2133	2000	1
91	3491	2488	1194	7112	2672	1919.0	2400	2133	2000	1
91	3506	2499	1199	7143	2672	1928.0	2400	2133	2000	1
91	3491	2488	1194	7111	2671	1919.0	2400	2133	2000	1
91	3492	2490	1195	7115	2672	1921.0	2400	2133	2000	1
91	3492	2490	1195	7116	2673	1921.0	2400	2133	2000	1
91	3612	2569	1232	7348	2668	1980.0	2400	2133	2000	1
91	3617	2571	1233	7356	2667	1981.0	2400	2133	2000	1
91	3611	2569	1232	7348	2668	1980.0	2400	2133	2000	1
91	3604	2569	1232	7340	2670	1983.0	2400	2133	2000	1
91	3611	2569	1232	7347	2668	1980.0	2400	2133	2000	1
91	3617	2571	1233	7357	2667	1981.0	2400	2133	2000	1
91	3610	2569	1232	7347	2668	1981.0	2400	2133	2000	1
91	3618	2571	1233	7357	2667	1980.0	2400	2133	2000	1
91	3610	2569	1232	7347	2668	1981.0	2400	2133	2000	1
91	3618	2571	1233	7357	2667	1980.0	2400	2133	2000	1
91	3610	2570	1232	7347	2668	1982.0	2400	2133	2000	1
91	3619	2570	1233	7357	2666	1979.0	2400	2133	2000	1
91	3491	2488	1194	7111	2671	1919.0	2400	2133	2000	1
91	3493	2490	1195	7117	2672	1921.0	2400	2133	2000	1
91	3491	2488	1194	7110	2671	1919.0	2400	2133	2000	1
91	3492	2490	1195	7115	2672	1921.0	2400	2133	2000	1
91	3504	2496	1198	7137	2671	1925.0	2400	2133	2000	1
91	3490	2487	1193	7114	2673	1919.0	2400	2133	2000	1
91	3492	2489	1194	7114	2672	1920.0	2400	2133	2000	1
91	3505	2497	1198	7137	2670	1926.0	2400	2133	2000	1
91	3491	2489	1195	7114	2673	1920.0	2400	2133	2000	1
91	3491	2488	1194	7111	2671	1919.0	2400	2133	2000	1
91	3560	2535	1216	7249	2670	1955.0	2400	2133	2000	1
91	3596	2560	1228	7320	2669	1974.0	2400	2133	2000	1
91	3616	2569	1233	7354	2667	1978.0	2400	2133	2000	1
91	3611	2569	1232	7348	2668	1980.0	2400	2133	2000	1
91	3616	2569	1233	7353	2667	1978.0	2400	2133	2000	1
91	3611	2569	1232	7348	2668	1980.0	2400	2133	2000	1
91	3614	2569	1232	7351	2667	1979.0	2400	2133	2000	0
91	3612	2569	1232	7348	2668	1980.0	2400	2133	2000	0
91	6800	4678	2234	13551	2612	3540.0	2400	2133	2000	0
91	6796	4677	2233	13546	2612	3541.0	2400	2133	2000	0
91	6796	4676	2233	13545	2612	3539.0	2400	2133	2000	0
92	6795	4676	2233	13544	2612	3540.0	2400	2488	1777	1
92	6794	4676	2233	13543	2612	3540.0	2400	2488	1777	1
92	3650	2543	1226	7348	2646	1931.0	2400	2488	1777	1
92	3916	2394	1190	7395	2513	1636.0	2400	2488	1777	1
92	3916	2393	1190	7393	2512	1634.0	2400	2488	1777	1
92	3917	2394	1190	7396	2512	1635.0	2400	2488	1777	1
92	3900	2384	1185	7364	2512	1629.0	2400	2488	1777	1
92	3917	2394	1190	7396	2512	1635.0	2400	2488	1777	1
92	3915	2393	1190	7391	2512	1635.0	2400	2488	1777	1
92	3918	2394	1190	7397	2512	1635.0	2400	2488	1777	1
92	3915	2393	1190	7392	2512	1635.0	2400	2488	1777	1
92	3919	2394	1190	7397	2511	1635.0	2400	2488	1777	1
92	3782	2318	1153	7152	2517	1586.0	2400	2488	1777	1
92	3784	2320	1154	7158	2517	1588.0	2400	2488	1777	1
92	3798	2326	1157	7179	2515	1591.0	2400	2488	1777	1
92	3784	2321	1154	7158	2517	1590.0	2400	2488	1777	1
92	3782	2318	1153	7151	2516	1586.0	2400	2488	1777	1
92	3784	2321	1154	7158	2517	1590.0	2400	2488	1777	1
92	3782	2318	1153	7152	2517	1586.0	2400	2488	1777	1
92	3784	2320	1154	7158	2517	1588.0	2400	2488	1777	1
92	3783	2318	1153	7152	2516	1586.0	2400	2488	1777	1
92	3782	2318	1153	7152	2517	1586.0	2400	2488	1777	1
92	3893	2385	1186	7359	2515	1632.0	2400	2488	1777	1
92	3919	2393	1190	7396	2511	1633.0	2400	2488	1777	1
92	3915	2396	1191	7396	2513	1639.0	2400	2488	1777	1
92	3920	2392	1190	7396	2511	1631.0	2400	2488	1777	1
92	3914	2390	1189	7386	2511	1631.0	2400	2488	1777	1
92	3920	2392	1190	7395	2511	1631.0	2400	2488	1777	1
92	3914	2395	1191	7394	2513	1637.0	2400	2488	1777	1
92	3919	2392	1190	7395	2511	1632.0	2400	2488	1777	1
92	3899	2387	1186	7366	2513	1633.0	2400	2488	1777	1
92	3920	2393	1190	7397	2511	1633.0	2400	2488	1777	1
92	3913	2395	1191	7394	2514	1638.0	2400	2488	1777	1
92	3921	2392	1190	7397	2510	1631.0	2400	2488	1777	1
92	3798	2328	1158	7182	2516	1593.0	2400	2488	1777	1
92	3783	2319	1153	7154	2516	1588.0	2400	2488	1777	1
92	3783	2319	1153	7154	2516	1588.0	2400	2488	1777	1
92	3783	2319	1153	7155	2516	1588.0	2400	2488	1777	1
92	3783	2318	1153	7153	2516	1586.0	2400	2488	1777	1
92	3783	2318	1153	7152	2516	1586.0	2400	2488	1777	1
92	3784	2319	1154	7156	2517	1587.0	2400	2488	1777	1
92	3782	2318	1153	7152	2517	1586.0	2400	2488	1777	1
92	3784	2320	1154	7156	2516	1588.0	2400	2488	1777	1
92	3783	2318	1153	7153	2516	1586.0	2400	2488	1777	1
92	3815	2337	1162	7212	2515	1599.0	2400	2488	1777	1
92	3912	2394	1190	7391	2514	1637.0	2400	2488	1777	0
92	3301	2046	1018	6282	2532	1412.0	2400	2488	1777	0
92	299	375	191	897	3824	355.0	2400	2488	1777	0
92	301	378	192	903	3821	358.0	2400	2488	1777	0
92	298	375	191	897	3832	355.0	2400	2488	1777	0
93	301	378	192	903	3821	358.0	2400	2844	1555	1
93	298	375	191	896	3832	355.0	2400	2844	1555	1
93	4104	2155	1115	7232	2377	1252.0	2400	2844	1555	1
93	4100	2151	1114	7223	2377	1248.0	2400	2844	1555	1
93	4118	2156	1117	7248	2375	1248.0	2400	2844	1555	1
93	4099	2151	1113	7222	2377	1249.0	2400	2844	1555	1
93	4251	2220	1150	7471	2371	1282.0	2400	2844	1555	1
93	4242	2220	1145	7463	2371	1288.0	2400	2844	1555	1
93	4242	2221	1149	7463	2373	1287.0	2400	2844	1555	1
93	4249	2220	1150	7470	2372	1282.0	2400	2844	1555	1
93	4243	2221	1149	7464	2373	1287.0	2400	2844	1555	1
93	4248	2220	1150	7470	2373	1283.0	2400	2844	1555	1
93	4243	2221	1149	7464	2373	1287.0	2400	2844	1555	1
93	4248	2220	1149	7469	2372	1283.0	2400	2844	1555	1
93	4243	2221	1150	7465	2374	1286.0	2400	2844	1555	1
93	4247	2220	1149	7468	2372	1284.0	2400	2844	1555	1
93	4227	2213	1145	7437	2373	1282.0	2400	2844	1555	1
93	4100	2153	1114	7225	2377	1251.0	2400	2844	1555	1
93	4100	2152	1114	7223	2377	1250.0	2400	2844	1555	1
93	4100	2153	1114	7225	2377	1251.0	2400	2844	1555	1
93	4100	2152	1114	7223	2377	1250.0	2400	2844	1555	1
93	4100	2152	1114	7224	2377	1250.0	2400	2844	1555	1
93	4100	2152	1114	7224	2377	1250.0	2400	2844	1555	1
93	4100	2152	1114	7223	2377	1250.0	2400	2844	1555	1
93	4117	2160	1118	7253	2376	1254.0	2400	2844	1555	1
93	4099	2152	1114	7222	2377	1250.0	2400	2844	1555	1
93	4099	2151	1113	7221	2376	1249.0	2400	2844	1555	1
93	4157	2182	1129	7323	2376	1268.0	2400	2844	1555	1
93	4248	2217	1148	7464	2371	1279.0	2400	2844	1555	1
93	4243	2222	1150	7466	2374	1287.0	2400	2844	1555	1
93	4248	2217	1148	7464	2371	1279.0	2400	2844	1555	1
93	4226	2220	1148	7447	2377	1291.0	2400	2844	1555	1
93	4247	2217	1148	7463	2371	1280.0	2400	2844	1555	1
93	4243	2223	1150	7467	2374	1289.0	2400	2844	1555	1
93	4247	2217	1148	7463	2371	1280.0	2400	2844	1555	1
93	4243	2223	1150	7467	2374	1289.0	2400	2844	1555	1
93	4247	2217	1148	7463	2371	1280.0	2400	2844	1555	1
93	4242	2223	1150	7466	2374	1289.0	2400	2844	1555	1
93	4248	2217	1148	7463	2370	1279.0	2400	2844	1555	1
93	4101	2153	1115	7227	2378	1250.0	2400	2844	1555	1
93	4098	2151	1113	7220	2376	1250.0	2400	2844	1555	1
93	4101	2153	1115	7227	2378	1250.0	2400	2844	1555	1
93	4099	2151	1113	7220	2376	1249.0	2400	2844	1555	1
93	4100	2153	1115	7226	2378	1251.0	2400	2844	1555	1
93	4100	2153	1114	7226	2378	1251.0	2400	2844	1555	1
93	4099	2151	1113	7221	2376	1249.0	2400	2844	1555	0
93	6897	3463	1795	11885	2326	1912.0	2400	2844	1555	0
93	8035	3991	2070	13772	2314	2175.0	2400	2844	1555	0
93	8036	3992	2071	13775	2314	2176.0	2400	2844	1555	0
93	8032	3992	2070	13769	2314	2178.0	2400	2844	1555	0
94	8035	3991	2070	13772	2314	2175.0	2400	3200	1333	1
94	7412	3701	1919	12736	2319	2030.0	2400	3200	1333	1
94	4418	1976	1071	7281	2253	900.0	2400	3200	1333	1
94	4417	1975	1071	7278	2253	899.0	2400	3200	1333	1
94	4419	1976	1071	7281	2253	900.0	2400	3200	1333	1
94	4418	1975	1071	7280	2253	899.0	2400	3200	1333	1
94	4419	1975	1071	7280	2253	898.0	2400	3200	1333	1
94	4418	1975	1071	7280	2253	899.0	2400	3200	1333	1
94	4419	1975	1071	7281	2253	898.0	2400	3200	1333	1
94	4419	1975	1071	7280	2253	898.0	2400	3200	1333	1
94	4419	1980	1073	7287	2254	905.0	2400	3200	1333	1
94	4515	2015	1093	7434	2251	914.0	2400	3200	1333	1
94	4581	2038	1105	7526	2246	920.0	2400	3200	1333	1
94	4580	2034	1104	7526	2247	915.0	2400	3200	1333	1
94	4574	2038	1105	7525	2249	922.0	2400	3200	1333	1
94	4580	2034	1104	7525	2247	915.0	2400	3200	1333	1
94	4575	2039	1106	7526	2249	923.0	2400	3200	1333	1
94	4561	2027	1100	7496	2247	913.0	2400	3200	1333	1
94	4575	2039	1106	7527	2250	923.0	2400	3200	1333	1
94	4580	2034	1104	7525	2247	915.0	2400	3200	1333	1
94	4575	2039	1106	7527	2250	923.0	2400	3200	1333	1
94	4580	2034	1104	7524	2246	915.0	2400	3200	1333	1
94	4420	1976	1072	7284	2253	899.0	2400	3200	1333	1
94	4418	1974	1070	7277	2252	898.0	2400	3200	1333	1
94	4420	1977	1072	7284	2253	900.0	2400	3200	1333	1
94	4436	1981	1074	7306	2252	900.0	2400	3200	1333	1
94	4420	1977	1072	7283	2253	900.0	2400	3200	1333	1
94	4418	1974	1070	7277	2252	898.0	2400	3200	1333	1
94	4420	1977	1072	7283	2253	900.0	2400	3200	1333	1
94	4418	1974	1070	7277	2252	898.0	2400	3200	1333	1
94	4420	1977	1072	7283	2253	900.0	2400	3200	1333	1
94	4420	1977	1072	7283	2253	900.0	2400	3200	1333	1
94	4436	1981	1074	7306	2252	900.0	2400	3200	1333	1
94	4575	2039	1106	7527	2250	923.0	2400	3200	1333	1
94	4578	2035	1104	7524	2247	917.0	2400	3200	1333	1
94	4574	2039	1105	7525	2249	924.0	2400	3200	1333	1
94	4579	2034	1104	7525	2247	915.0	2400	3200	1333	1
94	4573	2034	1104	7518	2248	917.0	2400	3200	1333	1
94	4579	2034	1104	7524	2247	915.0	2400	3200	1333	1
94	4573	2038	1105	7524	2249	923.0	2400	3200	1333	1
94	4579	2035	1104	7524	2247	917.0	2400	3200	1333	1
94	4556	2031	1101	7495	2249	920.0	2400	3200	1333	1
94	4578	2036	1105	7525	2248	918.0	2400	3200	1333	1
94	4575	2037	1105	7523	2248	921.0	2400	3200	1333	1
94	4437	1982	1075	7308	2252	901.0	2400	3200	1333	1
94	4437	1982	1075	7309	2252	901.0	2400	3200	1333	0
94	4419	1976	1071	7281	2253	900.0	2400	3200	1333	0
94	299	376	191	899	3824	356.0	2400	3200	1333	0
94	300	377	192	901	3829	357.0	2400	3200	1333	0
94	300	377	192	902	3829	357.0	2400	3200	1333	0
95	299	375	191	898	3824	355.0	2400	2488	2000	1
95	2805	1893	930	5569	2627	1396.0	2400	2488	2000	1
95	3916	2555	1252	7622	2575	1845.0	2400	2488	2000	1
95	3912	2557	1254	7622	2578	1848.0	2400	2488	2000	1
95	3912	2555	1252	7620	2577	1846.0	2400	2488	2000	1
95	3781	2477	1214	7377	2581	1793.0	2400	2488	2000	1
95	3779	2475	1213	7371	2580	1791.0	2400	2488	2000	1
95	3780	2477	1214	7377	2582	1793.0	2400	2488	2000	1
95	3779	2475	1213	7371	2580	1791.0	2400	2488	2000	1
95	3781	2477	1214	7377	2581	1793.0	2400	2488	2000	1
95	3778	2475	1213	7371	2581	1792.0	2400	2488	2000	1
95	3796	2486	1219	7406	2582	1799.0	2400	2488	2000	1
95	3779	2475	1213	7371	2580	1791.0	2400	2488	2000	1
95	3781	2477	1214	7377	2581	1793.0	2400	2488	2000	1
95	3778	2475	1213	7371	2581	1792.0	2400	2488	2000	1
95	3791	2478	1216	7387	2579	1790.0	2400	2488	2000	1
95	3794	2484	1218	7399	2580	1797.0	2400	2488	2000	1
95	3916	2553	1252	7621	2575	1841.0	2400	2488	2000	1
95	3893	2548	1249	7592	2580	1843.0	2400	2488	2000	1
95	3913	2555	1252	7620	2576	1845.0	2400	2488	2000	1
95	3912	2556	1253	7621	2577	1847.0	2400	2488	2000	1
95	3910	2556	1253	7619	2578	1847.0	2400	2488	2000	1
95	3915	2555	1252	7622	2575	1845.0	2400	2488	2000	1
95	3908	2557	1253	7618	2579	1850.0	2400	2488	2000	1
95	3917	2554	1252	7623	2575	1843.0	2400	2488	2000	1
95	3907	2557	1253	7617	2579	1850.0	2400	2488	2000	1
95	3916	2555	1253	7624	2576	1844.0	2400	2488	2000	1
95	3784	2477	1214	7380	2580	1792.0	2400	2488	2000	1
95	3779	2476	1214	7373	2581	1792.0	2400	2488	2000	1
95	3780	2476	1214	7374	2581	1792.0	2400	2488	2000	1
95	3779	2475	1213	7373	2581	1791.0	2400	2488	2000	1
95	3780	2476	1214	7375	2582	1792.0	2400	2488	2000	1
95	3779	2475	1213	7372	2581	1791.0	2400	2488	2000	1
95	3780	2476	1214	7375	2582	1792.0	2400	2488	2000	1
95	3779	2475	1213	7372	2581	1791.0	2400	2488	2000	1
95	3796	2486	1213	7404	2577	1803.0	2400	2488	2000	1
95	3780	2477	1214	7376	2582	1793.0	2400	2488	2000	1
95	3778	2475	1213	7371	2581	1792.0	2400	2488	2000	1
95	3899	2548	1249	7597	2578	1841.0	2400	2488	2000	1
95	3911	2554	1252	7617	2577	1845.0	2400	2488	2000	1
95	3912	2558	1254	7625	2579	1849.0	2400	2488	2000	1
95	3913	2553	1251	7617	2575	1843.0	2400	2488	2000	1
95	3901	2559	1253	7614	2581	1855.0	2400	2488	2000	1
95	3916	2552	1251	7619	2574	1841.0	2400	2488	2000	1
95	3909	2559	1254	7622	2579	1852.0	2400	2488	2000	1
95	3915	2553	1252	7620	2575	1842.0	2400	2488	2000	0
95	3910	2558	1253	7622	2579	1850.0	2400	2488	2000	0
95	7386	4650	2273	14081	2522	3277.0	2400	2488	2000	0
95	7383	4651	2273	14079	2522	3280.0	2400	2488	2000	0
95	7381	4650	2273	14074	2522	3279.0	2400	2488	2000	0
96	7384	4650	2273	14077	2522	3278.0	2400	2844	1777	1
96	7378	4650	2272	14072	2522	3281.0	2400	2844	1777	1
96	3992	2510	1241	7633	2538	1757.0	2400	2844	1777	1
96	4231	2386	1213	7688	2436	1504.0	2400	2844	1777	1
96	4214	2378	1209	7659	2437	1500.0	2400	2844	1777	1
96	4241	2385	1213	7696	2434	1499.0	2400	2844	1777	1
96	4232	2386	1213	7689	2436	1504.0	2400	2844	1777	1
96	4240	2386	1214	7696	2434	1500.0	2400	2844	1777	1
96	4217	2377	1209	7661	2436	1497.0	2400	2844	1777	1
96	4238	2386	1214	7696	2436	1501.0	2400	2844	1777	1
96	4100	2313	1177	7454	2438	1458.0	2400	2844	1777	1
96	4092	2312	1176	7444	2440	1459.0	2400	2844	1777	1
96	4109	2321	1180	7474	2439	1465.0	2400	2844	1777	1
96	4092	2312	1176	7443	2440	1459.0	2400	2844	1777	1
96	4092	2312	1176	7445	2440	1459.0	2400	2844	1777	1
96	4092	2312	1176	7443	2440	1459.0	2400	2844	1777	1
96	4093	2313	1176	7445	2439	1461.0	2400	2844	1777	1
96	4092	2311	1176	7443	2440	1458.0	2400	2844	1777	1
96	4093	2313	1176	7446	2439	1461.0	2400	2844	1777	1
96	4091	2311	1176	7442	2440	1458.0	2400	2844	1777	1
96	4093	2313	1177	7447	2440	1460.0	2400	2844	1777	1
96	4098	2320	1179	7461	2441	1468.0	2400	2844	1777	1
96	4237	2383	1212	7690	2434	1498.0	2400	2844	1777	1
96	4235	2389	1215	7697	2437	1506.0	2400	2844	1777	1
96	4241	2382	1212	7692	2433	1495.0	2400	2844	1777	1
96	4234	2389	1215	7695	2437	1506.0	2400	2844	1777	1
96	4239	2383	1213	7693	2434	1497.0	2400	2844	1777	1
96	4235	2388	1214	7695	2436	1505.0	2400	2844	1777	1
96	4220	2376	1209	7663	2436	1495.0	2400	2844	1777	1
96	4237	2386	1214	7696	2436	1501.0	2400	2844	1777	1
96	4234	2386	1213	7691	2436	1503.0	2400	2844	1777	1
96	4240	2386	1214	7697	2435	1500.0	2400	2844	1777	1
96	4210	2371	1206	7646	2436	1492.0	2400	2844	1777	1
96	4093	2314	1177	7448	2440	1462.0	2400	2844	1777	1
96	4092	2311	1176	7442	2440	1458.0	2400	2844	1777	1
96	4093	2313	1177	7448	2441	1460.0	2400	2844	1777	1
96	4109	2320	1180	7472	2439	1464.0	2400	2844	1777	1
96	4093	2313	1177	7447	2440	1460.0	2400	2844	1777	1
96	4092	2311	1176	7443	2440	1458.0	2400	2844	1777	1
96	4093	2313	1176	7447	2440	1461.0	2400	2844	1777	1
96	4093	2313	1176	7447	2440	1461.0	2400	2844	1777	1
96	4092	2312	1176	7444	2440	1459.0	2400	2844	1777	1
96	4093	2313	1176	7446	2439	1461.0	2400	2844	1777	1
96	4240	2385	1214	7697	2435	1499.0	2400	2844	1777	1
96	4235	2386	1214	7693	2436	1502.0	2400	2844	1777	1
96	4238	2387	1214	7696	2436	1503.0	2400	2844	1777	0
96	3119	1812	922	5761	2477	1172.0	2400	2844	1777	0
96	300	377	192	901	3829	357.0	2400	2844	1777	0
96	299	376	191	899	3824	356.0	2400	2844	1777	0
96	300	377	192	901	3829	357.0	2400	2844	1777	0
97	299	375	191	898	3824	355.0	2400	3200	1555	1
97	300	377	192	902	3829	357.0	2400	3200	1555	1
97	4442	2153	1142	7558	2312	1120.0	2400	3200	1555	1
97	4422	2147	1138	7529	2313	1120.0	2400	3200	1555	1
97	4420	2145	1137	7523	2312	1118.0	2400	3200	1555	1
97	4579	2213	1174	7781	2309	1147.0	2400	3200	1555	1
97	4557	2205	1169	7746	2310	1145.0	2400	3200	1555	1
97	4581	2213	1174	7781	2308	1146.0	2400	3200	1555	1
97	4573	2213	1174	7773	2310	1149.0	2400	3200	1555	1
97	4573	2213	1173	7774	2310	1149.0	2400	3200	1555	1
97	4581	2213	1174	7783	2309	1146.0	2400	3200	1555	1
97	4574	2213	1173	7773	2309	1149.0	2400	3200	1555	1
97	4580	2214	1174	7783	2309	1148.0	2400	3200	1555	1
97	4575	2211	1173	7773	2309	1145.0	2400	3200	1555	1
97	4578	2215	1175	7781	2310	1149.0	2400	3200	1555	1
97	4540	2194	1164	7713	2309	1137.0	2400	3200	1555	1
97	4421	2147	1138	7528	2313	1120.0	2400	3200	1555	1
97	4419	2145	1137	7523	2313	1118.0	2400	3200	1555	1
97	4421	2147	1138	7527	2313	1120.0	2400	3200	1555	1
97	4419	2145	1137	7523	2313	1118.0	2400	3200	1555	1
97	4420	2146	1138	7527	2314	1119.0	2400	3200	1555	1
97	4419	2145	1137	7523	2313	1118.0	2400	3200	1555	1
97	4439	2154	1142	7555	2312	1122.0	2400	3200	1555	1
97	4420	2145	1137	7524	2312	1118.0	2400	3200	1555	1
97	4420	2146	1138	7526	2313	1119.0	2400	3200	1555	1
97	4420	2145	1138	7524	2313	1117.0	2400	3200	1555	1
97	4433	2146	1139	7540	2311	1114.0	2400	3200	1555	1
97	4580	2211	1173	7779	2308	1144.0	2400	3200	1555	1
97	4575	2214	1174	7778	2310	1149.0	2400	3200	1555	1
97	4561	2204	1169	7748	2308	1142.0	2400	3200	1555	1
97	4577	2213	1174	7777	2309	1147.0	2400	3200	1555	1
97	4577	2213	1174	7776	2308	1147.0	2400	3200	1555	1
97	4579	2212	1173	7778	2308	1146.0	2400	3200	1555	1
97	4574	2213	1174	7774	2310	1148.0	2400	3200	1555	1
97	4581	2212	1174	7780	2308	1144.0	2400	3200	1555	1
97	4572	2213	1173	7773	2310	1150.0	2400	3200	1555	1
97	4581	2213	1174	7781	2308	1146.0	2400	3200	1555	1
97	4573	2213	1173	7773	2309	1149.0	2400	3200	1555	1
97	4421	2147	1138	7528	2313	1120.0	2400	3200	1555	1
97	4419	2144	1137	7522	2313	1117.0	2400	3200	1555	1
97	4421	2147	1138	7528	2313	1120.0	2400	3200	1555	1
97	4419	2144	1137	7521	2313	1117.0	2400	3200	1555	1
97	4421	2147	1138	7528	2313	1120.0	2400	3200	1555	1
97	4419	2144	1137	7521	2313	1117.0	2400	3200	1555	1
97	4421	2147	1138	7528	2313	1120.0	2400	3200	1555	1
97	4439	2155	1142	7557	2313	1124.0	2400	3200	1555	0
97	7873	3628	1931	13076	2258	1756.0	2400	3200	1555	0
97	8684	3981	2119	14387	2253	1913.0	2400	3200	1555	0
97	8687	3975	2117	14382	2252	1904.0	2400	3200	1555	0
97	8682	3979	2119	14383	2253	1910.0	2400	3200	1555	0
98	8683	3976	2117	14377	2252	1907.0	2400	2844	2000	1
98	7573	3500	1862	12595	2261	1702.0	2400	2844	2000	1
98	4081	2466	1235	7652	2500	1663.0	2400	2844	2000	1
98	4095	2468	1237	7668	2498	1660.0	2400	2844	2000	1
98	4083	2467	1235	7655	2500	1664.0	2400	2844	2000	1
98	4084	2467	1236	7657	2501	1663.0	2400	2844	2000	1
98	4084	2468	1236	7657	2501	1664.0	2400	2844	2000	1
98	4084	2467	1236	7657	2501	1663.0	2400	2844	2000	1
98	4084	2468	1236	7659	2501	1664.0	2400	2844	2000	1
98	4084	2467	1235	7657	2500	1664.0	2400	2844	2000	1
98	4226	2548	1276	7915	2498	1715.0	2400	2844	2000	1
98	4232	2547	1275	7917	2495	1712.0	2400	2844	2000	1
98	4228	2548	1276	7916	2497	1715.0	2400	2844	2000	1
98	4229	2548	1276	7916	2497	1714.0	2400	2844	2000	1
98	4228	2547	1275	7915	2497	1714.0	2400	2844	2000	1
98	4214	2538	1271	7888	2497	1707.0	2400	2844	2000	1
98	4226	2548	1276	7914	2497	1715.0	2400	2844	2000	1
98	4232	2547	1275	7919	2496	1712.0	2400	2844	2000	1
98	4225	2548	1276	7913	2498	1716.0	2400	2844	2000	1
98	4217	2537	1271	7890	2496	1704.0	2400	2844	2000	1
98	4225	2548	1276	7912	2498	1716.0	2400	2844	2000	1
98	4086	2469	1236	7662	2501	1665.0	2400	2844	2000	1
98	4084	2466	1235	7656	2500	1662.0	2400	2844	2000	1
98	4103	2478	1241	7692	2500	1670.0	2400	2844	2000	1
98	4084	2467	1235	7656	2500	1664.0	2400	2844	2000	1
98	4085	2469	1236	7661	2501	1666.0	2400	2844	2000	1
98	4084	2466	1235	7656	2500	1662.0	2400	2844	2000	1
98	4086	2469	1236	7661	2500	1665.0	2400	2844	2000	1
98	4084	2467	1235	7656	2500	1664.0	2400	2844	2000	1
98	4086	2468	1236	7661	2501	1664.0	2400	2844	2000	1
98	4084	2467	1235	7657	2500	1664.0	2400	2844	2000	1
98	4086	2468	1236	7660	2500	1664.0	2400	2844	2000	1
98	4226	2550	1276	7916	2497	1718.0	2400	2844	2000	1
98	4234	2546	1275	7919	2494	1710.0	2400	2844	2000	1
98	4226	2548	1276	7914	2497	1715.0	2400	2844	2000	1
98	4232	2547	1276	7919	2496	1712.0	2400	2844	2000	1
98	4228	2546	1275	7914	2497	1712.0	2400	2844	2000	1
98	4229	2549	1276	7919	2497	1716.0	2400	2844	2000	1
98	4230	2545	1275	7914	2495	1710.0	2400	2844	2000	1
98	4211	2541	1272	7889	2498	1712.0	2400	2844	2000	1
98	4232	2544	1274	7915	2495	1708.0	2400	2844	2000	1
98	4226	2550	1277	7918	2499	1718.0	2400	2844	2000	1
98	4233	2545	1275	7916	2495	1709.0	2400	2844	2000	1
98	4103	2478	1241	7692	2500	1670.0	2400	2844	2000	1
98	4084	2467	1235	7656	2500	1664.0	2400	2844	2000	1
98	4086	2469	1236	7661	2500	1665.0	2400	2844	2000	0
98	4084	2466	1235	7656	2500	1662.0	2400	2844	2000	0
98	301	378	192	903	3821	358.0	2400	2844	2000	0
98	298	375	191	897	3832	355.0	2400	2844	2000	0
98	301	378	192	903	3821	358.0	2400	2844	2000	0
99	301	378	192	903	3821	358.0	2400	3200	1777	1
99	3651	1950	1014	6482	2398	1150.0	2400	3200	1777	1
99	4578	2379	1239	8016	2366	1361.0	2400	3200	1777	1
99	4568	2380	1238	8006	2367	1367.0	2400	3200	1777	1
99	4416	2307	1201	7751	2372	1328.0	2400	3200	1777	1
99	4414	2305	1199	7747	2371	1327.0	2400	3200	1777	1
99	4415	2307	1201	7751	2372	1328.0	2400	3200	1777	1
99	4414	2305	1199	7746	2370	1327.0	2400	3200	1777	1
99	4415	2307	1200	7751	2372	1329.0	2400	3200	1777	1
99	4421	2313	1203	7766	2373	1334.0	2400	3200	1777	1
99	4415	2306	1200	7750	2372	1328.0	2400	3200	1777	1
99	4414	2305	1200	7747	2371	1326.0	2400	3200	1777	1
99	4415	2306	1200	7749	2371	1328.0	2400	3200	1777	1
99	4433	2314	1204	7779	2370	1331.0	2400	3200	1777	1
99	4414	2305	1200	7748	2372	1326.0	2400	3200	1777	1
99	4481	2338	1217	7861	2370	1344.0	2400	3200	1777	1
99	4570	2377	1238	8006	2367	1361.0	2400	3200	1777	1
99	4552	2372	1235	7981	2369	1362.0	2400	3200	1777	1
99	4568	2381	1239	8009	2369	1368.0	2400	3200	1777	1
99	4574	2375	1237	8007	2366	1358.0	2400	3200	1777	1
99	4569	2381	1239	8009	2368	1367.0	2400	3200	1777	1
99	4573	2377	1237	8007	2365	1361.0	2400	3200	1777	1
99	4570	2379	1238	8009	2367	1365.0	2400	3200	1777	1
99	4571	2378	1238	8006	2367	1363.0	2400	3200	1777	1
99	4572	2378	1238	8009	2367	1362.0	2400	3200	1777	1
99	4568	2378	1238	8004	2367	1364.0	2400	3200	1777	1
99	4415	2306	1200	7749	2371	1328.0	2400	3200	1777	1
99	4413	2303	1199	7743	2371	1324.0	2400	3200	1777	1
99	4415	2306	1200	7750	2372	1328.0	2400	3200	1777	1
99	4413	2303	1199	7744	2371	1324.0	2400	3200	1777	1
99	4415	2306	1200	7750	2372	1328.0	2400	3200	1777	1
99	4413	2304	1199	7744	2371	1326.0	2400	3200	1777	1
99	4415	2306	1200	7750	2372	1328.0	2400	3200	1777	1
99	4432	2312	1204	7775	2371	1329.0	2400	3200	1777	1
99	4415	2306	1200	7750	2372	1328.0	2400	3200	1777	1
99	4413	2304	1199	7745	2371	1326.0	2400	3200	1777	1
99	4427	2305	1201	7749	2365	1321.0	2400	3200	1777	1
99	4569	2380	1239	8009	2369	1366.0	2400	3200	1777	1
99	4573	2378	1238	8009	2366	1362.0	2400	3200	1777	1
99	4570	2378	1238	8007	2367	1363.0	2400	3200	1777	1
99	4552	2371	1234	7978	2368	1361.0	2400	3200	1777	1
99	4572	2376	1237	8007	2366	1360.0	2400	3200	1777	1
99	4568	2380	1239	8007	2368	1366.0	2400	3200	1777	1
99	4574	2376	1237	8008	2366	1359.0	2400	3200	1777	1
99	4568	2380	1239	8007	2368	1366.0	2400	3200	1777	1
99	4573	2377	1238	8009	2367	1361.0	2400	3200	1777	0
99	4569	2379	1238	8007	2368	1365.0	2400	3200	1777	0
99	8678	4304	2245	14842	2312	2332.0	2400	3200	1777	0
99	8674	4303	2245	14837	2313	2332.0	2400	3200	1777	0
99	8671	4303	2245	14833	2313	2333.0	2400	3200	1777	0
100	8674	4301	2244	14835	2312	2330.0	2400	3200	2000	1
100	8665	4302	2244	14827	2313	2334.0	2400	3200	2000	1
100	4565	2431	1258	8077	2386	1434.0	2400	3200	2000	1
100	4555	2539	1299	8220	2425	1577.0	2400	3200	2000	1
100	4564	2539	1300	8230	2423	1574.0	2400	3200	2000	1
100	4565	2540	1300	8232	2423	1575.0	2400	3200	2000	1
100	4540	2528	1294	8190	2424	1569.0	2400	3200	2000	1
100	4564	2541	1301	8233	2424	1576.0	2400	3200	2000	1
100	4560	2536	1298	8221	2423	1572.0	2400	3200	2000	1
100	4406	2461	1260	7961	2428	1531.0	2400	3200	2000	1
100	4422	2468	1263	7987	2427	1535.0	2400	3200	2000	1
100	4406	2461	1260	7961	2428	1531.0	2400	3200	2000	1
100	4404	2458	1258	7955	2427	1529.0	2400	3200	2000	1
100	4406	2461	1259	7961	2428	1532.0	2400	3200	2000	1
100	4418	2459	1260	7970	2425	1524.0	2400	3200	2000	1
100	4406	2461	1259	7960	2427	1532.0	2400	3200	2000	1
100	4405	2459	1259	7957	2427	1529.0	2400	3200	2000	1
100	4406	2461	1259	7961	2428	1532.0	2400	3200	2000	1
100	4406	2460	1259	7960	2428	1530.0	2400	3200	2000	1
100	4407	2461	1260	7963	2428	1531.0	2400	3200	2000	1
100	4406	2461	1259	7962	2428	1532.0	2400	3200	2000	1
100	4567	2538	1299	8231	2422	1572.0	2400	3200	2000	1
100	4560	2543	1301	8232	2425	1581.0	2400	3200	2000	1
100	4560	2542	1301	8231	2425	1579.0	2400	3200	2000	1
100	4566	2539	1300	8232	2423	1573.0	2400	3200	2000	1
100	4562	2541	1300	8231	2424	1578.0	2400	3200	2000	1
100	4546	2531	1295	8201	2424	1571.0	2400	3200	2000	1
100	4564	2540	1300	8231	2423	1575.0	2400	3200	2000	1
100	4561	2541	1300	8230	2424	1578.0	2400	3200	2000	1
100	4567	2539	1300	8233	2423	1573.0	2400	3200	2000	1
100	4541	2532	1296	8197	2425	1573.0	2400	3200	2000	1
100	4496	2503	1282	8112	2425	1552.0	2400	3200	2000	1
100	4406	2460	1259	7960	2428	1530.0	2400	3200	2000	1
100	4408	2463	1260	7966	2428	1534.0	2400	3200	2000	1
100	4424	2469	1264	7991	2427	1535.0	2400	3200	2000	1
100	4408	2463	1260	7966	2428	1534.0	2400	3200	2000	1
100	4406	2460	1259	7960	2428	1530.0	2400	3200	2000	1
100	4408	2463	1260	7966	2428	1534.0	2400	3200	2000	1
100	4406	2460	1259	7960	2428	1530.0	2400	3200	2000	1
100	4408	2463	1260	7966	2428	1534.0	2400	3200	2000	1
100	4406	2460	1259	7960	2428	1530.0	2400	3200	2000	1
100	4406	2460	1259	7961	2428	1530.0	2400	3200	2000	1
100	4562	2544	1302	8236	2426	1581.0	2400	3200	2000	1
100	4567	2538	1299	8232	2422	1572.0	2400	3200	2000	1
100	4561	2543	1301	8234	2426	1580.0	2400	3200	2000	1
100	4567	2540	1300	8234	2423	1574.0	2400	3200	2000	0
100	2963	1727	884	5478	2483	1116.0	2400	3200	2000	0
100	300	377	192	901	3829	357.0	2400	3200	2000	0
100	301	377	192	903	3821	356.0	2400	3200	2000	0
100	300	377	192	902	3829	357.0	2400	3200	2000	0
999	300	377	192	902	3829	357.0	2400	3200	2000	1
999	1454	806	365	2702	2347	532.0	2400	3200	2000	1
999	3158	1437	621	5354	2140	788.0	2400	3200	2000	1
999	3157	1437	621	5354	2140	788.0	2400	3200	2000	1
999	3156	1436	620	5352	2139	788.0	2400	3200	2000	1
999	3156	1437	621	5353	2140	788.0	2400	3200	2000	1
999	3156	1436	620	5351	2139	788.0	2400	3200	2000	1
999	3156	1437	621	5353	2140	788.0	2400	3200	2000	1
999	3156	1436	620	5351	2139	788.0	2400	3200	2000	1
999	3155	1435	620	5352	2139	786.0	2400	3200	2000	1
999	3155	1437	621	5351	2140	789.0	2400	3200	2000	1
999	3157	1435	620	5351	2139	786.0	2400	3200	2000	1
999	3154	1436	621	5351	2141	788.0	2400	3200	2000	1
999	3157	1435	620	5351	2139	786.0	2400	3200	2000	1
999	3154	1436	621	5350	2141	788.0	2400	3200	2000	1
999	3157	1435	620	5351	2139	786.0	2400	3200	2000	1
999	3154	1436	621	5350	2141	788.0	2400	3200	2000	1
999	3157	1435	620	5351	2139	786.0	2400	3200	2000	1
999	3154	1436	621	5350	2141	788.0	2400	3200	2000	1
999	3155	1435	620	5349	2139	786.0	2400	3200	2000	1
999	3155	1436	621	5351	2140	787.0	2400	3200	2000	1
999	3155	1435	620	5349	2139	786.0	2400	3200	2000	1
999	3156	1437	621	5352	2140	788.0	2400	3200	2000	1
999	3154	1435	620	5347	2139	787.0	2400	3200	2000	1
999	3157	1437	621	5353	2140	788.0	2400	3200	2000	1
999	3153	1435	620	5347	2140	787.0	2400	3200	2000	1
999	3157	1437	621	5353	2140	788.0	2400	3200	2000	1
999	3153	1435	620	5346	2140	787.0	2400	3200	2000	1
999	3153	1435	620	5347	2140	787.0	2400	3200	2000	1
999	3157	1436	621	5352	2140	787.0	2400	3200	2000	1
999	3153	1435	620	5348	2140	787.0	2400	3200	2000	1
999	3156	1435	620	5350	2139	786.0	2400	3200	2000	1
999	3154	1436	621	5349	2141	788.0	2400	3200	2000	1
999	3155	1435	620	5349	2139	786.0	2400	3200	2000	1
999	3155	1436	621	5351	2140	787.0	2400	3200	2000	1
999	3155	1435	620	5348	2139	786.0	2400	3200	2000	1
999	3155	1436	621	5351	2140	787.0	2400	3200	2000	1
999	3154	1434	620	5346	2139	785.0	2400	3200	2000	1
999	3156	1437	621	5353	2140	788.0	2400	3200	2000	1
999	3153	1434	620	5345	2140	785.0	2400	3200	2000	1
999	3156	1437	621	5354	2140	788.0	2400	3200	2000	1
999	3153	1434	620	5345	2140	785.0	2400	3200	2000	1
999	3157	1438	621	5354	2140	790.0	2400	3200	2000	1
999	3152	1434	620	5344	2140	786.0	2400	3200	2000	1
999	3157	1438	621	5355	2140	790.0	2400	3200	2000	1
999	3152	1434	620	5344	2140	786.0	2400	3200	2000	0
999	1831	944	421	3286	2267	587.0	2400	3200	2000	0
999	301	378	192	905	3821	358.0	2400	3200	2000	0
999	300	376	191	900	3816	356.0	2400	3200	2000	0
999	301	378	192	904	3821	358.0	2400	3200	2000	0
999	300	377	192	901	3829	357.0	2400	3200	2000	1
999	2231	1095	482	3913	2214	651.0	2400	3200	2000	1
999	3153	1435	620	5346	2140	787.0	2400	3200	2000	1
999	3157	1437	621	5353	2140	788.0	2400	3200	2000	1
999	3152	1435	620	5345	2140	787.0	2400	3200	2000	1
999	3155	1436	620	5350	2139	788.0	2400	3200	2000	1
999	3153	1435	620	5346	2140	787.0	2400	3200	2000	1
999	3154	1435	620	5348	2139	787.0	2400	3200	2000	1
999	3153	1435	620	5348	2140	787.0	2400	3200	2000	1
999	3153	1434	620	5346	2140	785.0	2400	3200	2000	1
999	3154	1436	621	5349	2141	788.0	2400	3200	2000	1
999	3152	1434	620	5344	2140	786.0	2400	3200	2000	1
999	3154	1436	621	5349	2141	788.0	2400	3200	2000	1
999	3151	1433	619	5342	2139	785.0	2400	3200	2000	1
999	3151	1433	619	5341	2139	785.0	2400	3200	2000	1
999	3155	1437	621	5351	2140	789.0	2400	3200	2000	1
999	3151	1433	619	5341	2139	785.0	2400	3200	2000	1
999	3155	1436	621	5350	2140	787.0	2400	3200	2000	1
999	3150	1432	619	5339	2139	784.0	2400	3200	2000	1
999	3154	1435	621	5348	2141	786.0	2400	3200	2000	1
999	3150	1432	619	5338	2139	784.0	2400	3200	2000	1
999	3154	1435	620	5348	2139	787.0	2400	3200	2000	1
999	3150	1432	619	5339	2139	784.0	2400	3200	2000	1
999	3153	1435	620	5347	2140	787.0	2400	3200	2000	1
999	3150	1432	619	5339	2139	784.0	2400	3200	2000	1
999	3153	1434	620	5346	2140	785.0	2400	3200	2000	1
999	3150	1432	619	5340	2139	784.0	2400	3200	2000	1
999	3153	1434	620	5345	2140	785.0	2400	3200	2000	1
999	3151	1433	619	5341	2139	785.0	2400	3200	2000	1
999	3153	1434	620	5346	2140	785.0	2400	3200	2000	1
999	3152	1433	620	5343	2140	784.0	2400	3200	2000	1
999	3154	1435	620	5347	2139	787.0	2400	3200	2000	1
999	3152	1434	620	5344	2140	786.0	2400	3200	2000	1
999	3152	1435	620	5346	2140	787.0	2400	3200	2000	1
999	3153	1434	620	5346	2140	785.0	2400	3200	2000	1
999	3153	1435	620	5347	2140	787.0	2400	3200	2000	1
999	3153	1434	620	5345	2140	785.0	2400	3200	2000	1
999	3153	1435	620	5347	2140	787.0	2400	3200	2000	1
999	3152	1434	620	5344	2140	786.0	2400	3200	2000	1
999	3152	1435	621	5347	2141	787.0	2400	3200	2000	1
999	3152	1433	620	5343	2140	784.0	2400	3200	2000	1
999	3152	1436	621	5347	2141	788.0	2400	3200	2000	1
999	3152	1433	619	5343	2139	785.0	2400	3200	2000	1
999	3152	1435	621	5347	2141	787.0	2400	3200	2000	1
999	3152	1433	619	5343	2139	785.0	2400	3200	2000	1
999	3152	1435	620	5346	2140	787.0	2400	3200	2000	0
999	3152	1433	619	5343	2139	785.0	2400	3200	2000	0
999	1057	658	306	2081	2493	471.0	2400	3200	2000	0
999	299	375	191	898	3824	355.0	2400	3200	2000	0
999	301	378	192	903	3821	358.0	2400	3200	2000	0
999	299	375	191	898	3824	355.0	2400	3200	2000	1
999	3003	1380	597	5113	2148	766.0	2400	3200	2000	1
999	3152	1435	620	5345	2140	787.0	2400	3200	2000	1
999	3154	1435	620	5347	2139	787.0	2400	3200	2000	1
999	3151	1434	620	5344	2140	786.0	2400	3200	2000	1
999	3154	1435	620	5348	2139	787.0	2400	3200	2000	1
999	3150	1434	620	5343	2140	786.0	2400	3200	2000	1
999	3154	1436	620	5349	2139	788.0	2400	3200	2000	1
999	3150	1434	620	5341	2140	786.0	2400	3200	2000	1
999	3154	1436	621	5349	2141	788.0	2400	3200	2000	1
999	3149	1433	619	5340	2139	786.0	2400	3200	2000	1
999	3155	1436	621	5350	2140	787.0	2400	3200	2000	1
999	3149	1432	619	5338	2139	784.0	2400	3200	2000	1
999	3155	1436	621	5349	2140	787.0	2400	3200	2000	1
999	3148	1432	619	5337	2140	785.0	2400	3200	2000	1
999	3154	1436	621	5350	2141	788.0	2400	3200	2000	1
999	3148	1432	619	5337	2140	785.0	2400	3200	2000	1
999	3154	1436	621	5349	2141	788.0	2400	3200	2000	1
999	3149	1432	619	5338	2139	784.0	2400	3200	2000	1
999	3150	1432	619	5339	2139	784.0	2400	3200	2000	1
999	3154	1436	621	5348	2141	788.0	2400	3200	2000	1
999	3150	1432	619	5339	2139	784.0	2400	3200	2000	1
999	3153	1436	621	5348	2141	788.0	2400	3200	2000	1
999	3151	1433	619	5341	2139	785.0	2400	3200	2000	1
999	3152	1435	620	5345	2140	787.0	2400	3200	2000	1
999	3152	1433	619	5342	2139	785.0	2400	3200	2000	1
999	3151	1434	620	5344	2140	786.0	2400	3200	2000	1
999	3152	1434	620	5344	2140	786.0	2400	3200	2000	1
999	3150	1434	620	5342	2140	786.0	2400	3200	2000	1
999	3153	1434	620	5346	2140	785.0	2400	3200	2000	1
999	3150	1434	620	5341	2140	786.0	2400	3200	2000	1
999	3154	1435	620	5347	2139	787.0	2400	3200	2000	1
999	3149	1433	620	5340	2141	785.0	2400	3200	2000	1
999	3154	1435	620	5347	2139	787.0	2400	3200	2000	1
999	3150	1433	619	5341	2139	786.0	2400	3200	2000	1
999	3153	1435	620	5346	2140	787.0	2400	3200	2000	1
999	3150	1433	619	5341	2139	786.0	2400	3200	2000	1
999	3151	1433	619	5345	2139	785.0	2400	3200	2000	1
999	3152	1435	620	5345	2140	787.0	2400	3200	2000	1
999	3151	1433	619	5341	2139	785.0	2400	3200	2000	1
999	3151	1434	620	5344	2140	786.0	2400	3200	2000	1
999	3152	1433	619	5342	2139	785.0	2400	3200	2000	1
999	3151	1434	620	5343	2140	786.0	2400	3200	2000	1
999	3152	1433	619	5342	2139	785.0	2400	3200	2000	1
999	3150	1434	620	5343	2140	786.0	2400	3200	2000	1
999	3152	1433	619	5342	2139	785.0	2400	3200	2000	0
999	3150	1434	620	5342	2140	786.0	2400	3200	2000	0
999	298	375	191	896	3832	355.0	2400	3200	2000	0
999	301	377	192	902	3821	356.0	2400	3200	2000	0
999	299	375	191	896	3824	355.0	2400	3200	2000	0
