Stim	HueR	HueG	HueB	HueC	HueCT	HueLux	Yellow	Red	Green	Trig
1	351	337	259	976	4202	228.0	2400	0	0	1
1	353	338	260	981	4197	228.0	2400	0	0	1
1	1789	837	471	3168	2394	395.0	2400	0	0	1
1	1793	839	473	3177	2396	395.0	2400	0	0	1
1	1787	836	471	3166	2395	394.0	2400	0	0	1
1	1792	839	473	3176	2396	396.0	2400	0	0	1
1	1787	836	471	3164	2395	394.0	2400	0	0	1
1	1792	839	473	3175	2396	396.0	2400	0	0	1
1	1786	835	471	3163	2395	393.0	2400	0	0	1
1	1785	836	472	3164	2398	394.0	2400	0	0	1
1	1785	835	471	3162	2396	393.0	2400	0	0	1
1	1785	835	470	3161	2394	394.0	2400	0	0	1
1	1783	835	471	3161	2397	394.0	2400	0	0	1
1	1734	817	463	3084	2408	387.0	2400	0	0	1
1	1736	819	464	3089	2409	389.0	2400	0	0	1
1	1736	818	464	3088	2409	387.0	2400	0	0	1
1	1743	822	466	3100	2409	390.0	2400	0	0	1
1	1736	819	464	3089	2409	389.0	2400	0	0	1
1	1737	819	464	3090	2408	389.0	2400	0	0	1
1	1737	819	465	3091	2410	388.0	2400	0	0	1
1	1737	819	465	3091	2410	388.0	2400	0	0	1
1	1738	820	465	3094	2410	389.0	2400	0	0	1
1	1737	819	465	3091	2410	388.0	2400	0	0	1
1	1739	821	465	3095	2409	390.0	2400	0	0	1
1	1778	833	470	3153	2398	393.0	2400	0	0	1
1	1792	839	473	3176	2396	396.0	2400	0	0	1
1	1790	837	472	3171	2395	394.0	2400	0	0	1
1	1792	840	474	3177	2398	397.0	2400	0	0	1
1	1790	837	472	3170	2395	394.0	2400	0	0	1
1	1789	837	472	3170	2396	394.0	2400	0	0	1
1	1793	840	474	3178	2398	396.0	2400	0	0	1
1	1789	837	472	3170	2396	394.0	2400	0	0	1
1	1786	838	473	3168	2400	396.0	2400	0	0	1
1	1788	837	472	3168	2396	395.0	2400	0	0	1
1	1791	839	473	3175	2397	396.0	2400	0	0	1
1	1735	818	464	3087	2409	388.0	2400	0	0	1
1	1743	822	466	3102	2409	390.0	2400	0	0	1
1	1735	818	464	3086	2409	388.0	2400	0	0	1
1	1736	819	465	3090	2411	388.0	2400	0	0	1
1	1734	818	464	3086	2410	388.0	2400	0	0	1
1	1742	821	465	3098	2408	389.0	2400	0	0	1
1	1735	818	464	3087	2409	388.0	2400	0	0	1
1	1737	820	465	3091	2410	389.0	2400	0	0	1
1	1737	820	465	3092	2410	389.0	2400	0	0	1
1	1738	820	465	3094	2410	389.0	2400	0	0	1
1	1739	821	465	3095	2409	390.0	2400	0	0	0
1	1751	825	467	3113	2407	391.0	2400	0	0	0
1	3172	1318	677	5279	2204	554.0	2400	0	0	0
1	3169	1317	678	5276	2206	553.0	2400	0	0	0
1	3172	1317	677	5279	2204	553.0	2400	0	0	0
2	3170	1318	678	5277	2205	554.0	2400	0	222	1
2	2444	1064	570	4168	2279	468.0	2400	0	222	1
2	1760	896	494	3222	2460	481.0	2400	0	222	1
2	1752	891	491	3205	2458	478.0	2400	0	222	1
2	1754	893	493	3213	2461	479.0	2400	0	222	1
2	1752	891	491	3207	2458	478.0	2400	0	222	1
2	1762	896	494	3225	2459	480.0	2400	0	222	1
2	1809	914	501	3297	2446	488.0	2400	0	222	1
2	1809	916	502	3300	2448	491.0	2400	0	222	1
2	1809	914	501	3297	2446	488.0	2400	0	222	1
2	1803	913	502	3291	2451	488.0	2400	0	222	1
2	1810	915	501	3300	2445	489.0	2400	0	222	1
2	1810	917	503	3303	2449	491.0	2400	0	222	1
2	1811	915	502	3302	2447	488.0	2400	0	222	1
2	1811	917	503	3305	2449	491.0	2400	0	222	1
2	1812	917	503	3305	2448	490.0	2400	0	222	1
2	1813	918	503	3309	2448	492.0	2400	0	222	1
2	1813	919	504	3310	2450	493.0	2400	0	222	1
2	1760	897	495	3224	2462	482.0	2400	0	222	1
2	1761	898	496	3227	2464	482.0	2400	0	222	1
2	1761	898	496	3227	2464	482.0	2400	0	222	1
2	1761	898	495	3227	2461	483.0	2400	0	222	1
2	1762	898	496	3229	2463	482.0	2400	0	222	1
2	1761	898	496	3227	2464	482.0	2400	0	222	1
2	1763	899	496	3231	2462	483.0	2400	0	222	1
2	1761	898	495	3227	2461	483.0	2400	0	222	1
2	1770	902	498	3242	2462	484.0	2400	0	222	1
2	1762	898	495	3228	2461	483.0	2400	0	222	1
2	1764	900	497	3234	2464	484.0	2400	0	222	1
2	1787	908	500	3269	2457	487.0	2400	0	222	1
2	1812	919	505	3311	2452	492.0	2400	0	222	1
2	1816	920	504	3313	2448	493.0	2400	0	222	1
2	1818	922	506	3321	2451	494.0	2400	0	222	1
2	1815	919	504	3313	2448	492.0	2400	0	222	1
2	1816	920	504	3314	2448	493.0	2400	0	222	1
2	1819	922	506	3321	2450	494.0	2400	0	222	1
2	1816	920	504	3314	2448	493.0	2400	0	222	1
2	1818	922	506	3321	2451	494.0	2400	0	222	1
2	1816	920	505	3314	2450	492.0	2400	0	222	1
2	1819	922	506	3321	2450	494.0	2400	0	222	1
2	1763	899	496	3230	2462	483.0	2400	0	222	1
2	1765	900	497	3235	2463	483.0	2400	0	222	1
2	1763	899	496	3231	2462	483.0	2400	0	222	1
2	1764	900	497	3234	2464	484.0	2400	0	222	1
2	1764	900	496	3232	2462	484.0	2400	0	222	1
2	1764	900	497	3233	2464	484.0	2400	0	222	0
2	1764	900	497	3233	2464	484.0	2400	0	222	0
2	364	346	265	1004	4164	233.0	2400	0	222	0
2	365	346	265	1006	4157	233.0	2400	0	222	0
2	364	345	265	1003	4164	232.0	2400	0	222	0
3	365	347	265	1007	4157	235.0	2400	355	0	1
3	363	345	264	1002	4161	233.0	2400	355	0	1
3	1912	831	486	3280	2359	335.0	2400	355	0	1
3	1921	835	489	3296	2360	336.0	2400	355	0	1
3	1912	831	486	3280	2359	335.0	2400	355	0	1
3	1914	833	488	3286	2362	336.0	2400	355	0	1
3	1911	831	486	3279	2359	335.0	2400	355	0	1
3	1915	833	488	3288	2361	335.0	2400	355	0	1
3	1912	831	486	3280	2359	335.0	2400	355	0	1
3	1915	833	488	3287	2361	335.0	2400	355	0	1
3	1912	831	486	3280	2359	335.0	2400	355	0	1
3	1914	833	488	3287	2362	336.0	2400	355	0	1
3	1947	842	491	3331	2351	337.0	2400	355	0	1
3	1975	853	497	3376	2349	341.0	2400	355	0	1
3	1970	849	495	3366	2348	338.0	2400	355	0	1
3	1974	852	496	3374	2348	340.0	2400	355	0	1
3	1971	850	495	3367	2347	339.0	2400	355	0	1
3	1973	851	496	3372	2348	339.0	2400	355	0	1
3	1972	850	495	3369	2347	339.0	2400	355	0	1
3	1972	851	496	3370	2349	339.0	2400	355	0	1
3	1966	850	495	3360	2350	341.0	2400	355	0	1
3	1974	851	496	3373	2348	339.0	2400	355	0	1
3	1970	850	495	3366	2348	339.0	2400	355	0	1
3	1914	833	487	3284	2360	336.0	2400	355	0	1
3	1912	831	486	3281	2359	335.0	2400	355	0	1
3	1914	833	488	3285	2362	336.0	2400	355	0	1
3	1912	831	486	3280	2359	335.0	2400	355	0	1
3	1921	835	489	3296	2360	336.0	2400	355	0	1
3	1912	831	486	3280	2359	335.0	2400	355	0	1
3	1914	833	488	3286	2362	336.0	2400	355	0	1
3	1912	831	486	3279	2359	335.0	2400	355	0	1
3	1914	833	488	3287	2362	336.0	2400	355	0	1
3	1912	831	486	3279	2359	335.0	2400	355	0	1
3	1914	833	488	3287	2362	336.0	2400	355	0	1
3	1912	831	486	3279	2359	335.0	2400	355	0	1
3	1974	853	497	3376	2350	341.0	2400	355	0	1
3	1970	849	495	3365	2348	338.0	2400	355	0	1
3	1974	852	497	3375	2350	340.0	2400	355	0	1
3	1970	849	495	3366	2348	338.0	2400	355	0	1
3	1971	850	495	3367	2347	339.0	2400	355	0	1
3	1972	851	496	3371	2349	339.0	2400	355	0	1
3	1972	850	495	3369	2347	339.0	2400	355	0	1
3	1971	851	496	3370	2349	340.0	2400	355	0	1
3	1966	849	495	3362	2350	339.0	2400	355	0	1
3	1971	850	495	3368	2347	339.0	2400	355	0	1
3	1926	836	489	3302	2358	336.0	2400	355	0	0
3	2094	889	513	3549	2324	347.0	2400	355	0	0
3	3518	1334	717	5642	2167	438.0	2400	355	0	0
3	3513	1332	716	5632	2167	437.0	2400	355	0	0
3	3519	1335	718	5643	2168	439.0	2400	355	0	0
4	3512	1331	716	5631	2167	436.0	2400	0	444	1
4	3518	1335	718	5642	2168	439.0	2400	0	444	1
4	1893	982	538	3480	2473	541.0	2400	0	444	1
4	1849	1070	568	3566	2561	672.0	2400	0	444	1
4	1844	1068	566	3556	2560	672.0	2400	0	444	1
4	1849	1070	568	3565	2561	672.0	2400	0	444	1
4	1844	1068	566	3557	2560	672.0	2400	0	444	1
4	1791	1041	555	3463	2571	655.0	2400	0	444	1
4	1793	1044	557	3471	2574	658.0	2400	0	444	1
4	1792	1042	556	3467	2573	655.0	2400	0	444	1
4	1793	1044	556	3471	2572	658.0	2400	0	444	1
4	1791	1041	555	3464	2571	655.0	2400	0	444	1
4	1793	1043	556	3469	2572	657.0	2400	0	444	1
4	1797	1045	556	3476	2569	659.0	2400	0	444	1
4	1793	1043	556	3469	2572	657.0	2400	0	444	1
4	1791	1042	555	3466	2571	656.0	2400	0	444	1
4	1792	1043	556	3469	2573	657.0	2400	0	444	1
4	1803	1048	558	3486	2570	660.0	2400	0	444	1
4	1845	1069	567	3561	2561	673.0	2400	0	444	1
4	1848	1069	567	3563	2559	672.0	2400	0	444	1
4	1846	1069	567	3560	2561	672.0	2400	0	444	1
4	1841	1066	566	3552	2562	670.0	2400	0	444	1
4	1846	1069	566	3560	2559	673.0	2400	0	444	1
4	1847	1069	567	3563	2560	672.0	2400	0	444	1
4	1846	1069	566	3560	2559	673.0	2400	0	444	1
4	1846	1069	566	3561	2559	673.0	2400	0	444	1
4	1846	1070	567	3563	2561	674.0	2400	0	444	1
4	1847	1068	566	3560	2558	671.0	2400	0	444	1
4	1800	1047	558	3481	2572	659.0	2400	0	444	1
4	1791	1041	555	3463	2571	655.0	2400	0	444	1
4	1793	1044	557	3471	2574	658.0	2400	0	444	1
4	1791	1041	555	3463	2571	655.0	2400	0	444	1
4	1793	1044	557	3471	2574	658.0	2400	0	444	1
4	1791	1041	555	3464	2571	655.0	2400	0	444	1
4	1793	1044	556	3471	2572	658.0	2400	0	444	1
4	1791	1041	555	3465	2571	655.0	2400	0	444	1
4	1793	1043	556	3470	2572	657.0	2400	0	444	1
4	1798	1045	556	3476	2569	658.0	2400	0	444	1
4	1793	1043	556	3469	2572	657.0	2400	0	444	1
4	1791	1042	555	3466	2571	656.0	2400	0	444	1
4	1848	1070	567	3565	2559	673.0	2400	0	444	1
4	1839	1065	565	3548	2561	670.0	2400	0	444	1
4	1848	1070	567	3564	2559	673.0	2400	0	444	1
4	1845	1069	567	3559	2561	673.0	2400	0	444	1
4	1839	1066	566	3549	2563	671.0	2400	0	444	1
4	1848	1069	566	3562	2557	673.0	2400	0	444	0
4	895	605	373	1921	2978	391.0	2400	0	444	0
4	363	345	264	1003	4161	233.0	2400	0	444	0
4	365	347	266	1008	4167	234.0	2400	0	444	0
4	363	345	264	1002	4161	233.0	2400	0	444	0
5	365	347	266	1008	4167	234.0	2400	355	222	1
5	513	399	288	1232	3529	252.0	2400	355	222	1
5	1992	931	526	3503	2397	437.0	2400	355	222	1
5	1985	927	524	3490	2396	435.0	2400	355	222	1
5	1992	931	526	3503	2397	437.0	2400	355	222	1
5	1985	927	524	3489	2396	435.0	2400	355	222	1
5	1991	931	526	3501	2397	438.0	2400	355	222	1
5	1986	928	524	3491	2396	436.0	2400	355	222	1
5	1990	930	526	3500	2398	436.0	2400	355	222	1
5	1987	928	524	3494	2395	436.0	2400	355	222	1
5	1988	929	525	3497	2397	436.0	2400	355	222	1
5	1982	926	523	3485	2396	435.0	2400	355	222	1
5	1928	907	515	3403	2408	428.0	2400	355	222	1
5	1929	908	515	3405	2408	429.0	2400	355	222	1
5	1935	910	516	3414	2407	430.0	2400	355	222	1
5	1929	908	515	3405	2408	429.0	2400	355	222	1
5	1929	908	515	3405	2408	429.0	2400	355	222	1
5	1928	907	515	3404	2408	428.0	2400	355	222	1
5	1930	908	516	3407	2409	428.0	2400	355	222	1
5	1928	907	515	3403	2408	428.0	2400	355	222	1
5	1930	908	516	3407	2409	428.0	2400	355	222	1
5	1928	907	515	3402	2408	428.0	2400	355	222	1
5	1929	908	516	3407	2410	429.0	2400	355	222	1
5	1990	929	524	3497	2394	436.0	2400	355	222	1
5	1987	929	525	3496	2397	436.0	2400	355	222	1
5	1989	928	524	3496	2394	435.0	2400	355	222	1
5	1988	929	525	3497	2397	436.0	2400	355	222	1
5	1988	928	524	3494	2395	435.0	2400	355	222	1
5	1988	930	525	3498	2397	438.0	2400	355	222	1
5	1987	928	524	3493	2395	436.0	2400	355	222	1
5	1980	925	523	3482	2397	434.0	2400	355	222	1
5	1990	930	526	3500	2398	436.0	2400	355	222	1
5	1986	928	524	3492	2396	436.0	2400	355	222	1
5	1969	922	522	3468	2401	433.0	2400	355	222	1
5	1928	907	515	3403	2408	428.0	2400	355	222	1
5	1929	908	516	3407	2410	429.0	2400	355	222	1
5	1928	907	515	3403	2408	428.0	2400	355	222	1
5	1929	908	516	3406	2410	429.0	2400	355	222	1
5	1935	910	516	3415	2407	430.0	2400	355	222	1
5	1929	908	515	3405	2408	429.0	2400	355	222	1
5	1929	908	515	3405	2408	429.0	2400	355	222	1
5	1928	908	515	3404	2408	430.0	2400	355	222	1
5	1929	908	515	3406	2408	429.0	2400	355	222	1
5	1928	907	515	3403	2408	428.0	2400	355	222	1
5	1929	908	516	3407	2410	429.0	2400	355	222	1
5	1987	928	524	3493	2395	436.0	2400	355	222	0
5	1990	930	526	3499	2398	436.0	2400	355	222	0
5	3546	1487	773	5883	2221	630.0	2400	355	222	0
5	3544	1486	773	5891	2222	629.0	2400	355	222	0
5	3550	1489	775	5892	2222	630.0	2400	355	222	0
6	3543	1485	773	5877	2222	627.0	2400	711	0	1
6	2547	1129	615	4353	2310	504.0	2400	711	0	1
6	2198	841	517	3572	2287	235.0	2400	711	0	1
6	2201	843	518	3579	2287	236.0	2400	711	0	1
6	2206	843	518	3585	2285	235.0	2400	711	0	1
6	2201	843	519	3580	2289	236.0	2400	711	0	1
6	2268	860	526	3671	2274	236.0	2400	711	0	1
6	2273	863	528	3681	2276	237.0	2400	711	0	1
6	2260	858	525	3660	2276	236.0	2400	711	0	1
6	2272	862	528	3679	2276	236.0	2400	711	0	1
6	2269	860	527	3672	2275	235.0	2400	711	0	1
6	2271	862	528	3678	2276	236.0	2400	711	0	1
6	2261	858	526	3662	2277	235.0	2400	711	0	1
6	2270	862	528	3677	2277	237.0	2400	711	0	1
6	2270	861	527	3675	2275	236.0	2400	711	0	1
6	2269	861	527	3674	2275	236.0	2400	711	0	1
6	2270	861	528	3676	2277	235.0	2400	711	0	1
6	2200	843	518	3579	2288	237.0	2400	711	0	1
6	2199	841	517	3574	2286	235.0	2400	711	0	1
6	2201	843	518	3580	2287	236.0	2400	711	0	1
6	2198	841	517	3574	2287	235.0	2400	711	0	1
6	2201	843	519	3580	2289	236.0	2400	711	0	1
6	2198	841	517	3573	2287	235.0	2400	711	0	1
6	2201	844	519	3581	2289	237.0	2400	711	0	1
6	2204	843	518	3583	2286	235.0	2400	711	0	1
6	2201	844	519	3581	2289	237.0	2400	711	0	1
6	2198	841	517	3574	2287	235.0	2400	711	0	1
6	2201	843	519	3581	2289	236.0	2400	711	0	1
6	2270	861	527	3674	2275	236.0	2400	711	0	1
6	2271	862	528	3677	2276	236.0	2400	711	0	1
6	2269	861	527	3674	2275	236.0	2400	711	0	1
6	2270	862	528	3677	2277	237.0	2400	711	0	1
6	2261	859	526	3663	2277	236.0	2400	711	0	1
6	2270	862	528	3677	2277	237.0	2400	711	0	1
6	2270	861	527	3676	2275	236.0	2400	711	0	1
6	2271	862	528	3677	2276	236.0	2400	711	0	1
6	2269	860	527	3673	2275	235.0	2400	711	0	1
6	2271	862	528	3677	2276	236.0	2400	711	0	1
6	2269	860	527	3672	2275	235.0	2400	711	0	1
6	2208	845	519	3590	2286	237.0	2400	711	0	1
6	2199	841	517	3574	2286	235.0	2400	711	0	1
6	2200	843	518	3579	2288	237.0	2400	711	0	1
6	2198	841	517	3573	2287	235.0	2400	711	0	1
6	2201	843	518	3580	2287	236.0	2400	711	0	1
6	2198	841	517	3573	2287	235.0	2400	711	0	1
6	2201	843	519	3580	2289	236.0	2400	711	0	0
6	2198	841	517	3573	2287	235.0	2400	711	0	0
6	366	348	266	1009	4160	235.0	2400	711	0	0
6	363	345	264	1002	4161	233.0	2400	711	0	0
6	366	347	266	1009	4160	234.0	2400	711	0	0
7	363	345	264	1002	4161	233.0	2400	0	666	1
7	365	347	266	1009	4167	234.0	2400	0	666	1
7	1830	1199	621	3732	2683	843.0	2400	0	666	1
7	1822	1195	620	3719	2687	840.0	2400	0	666	1
7	1824	1197	621	3723	2688	842.0	2400	0	666	1
7	1828	1199	622	3731	2687	843.0	2400	0	666	1
7	1823	1196	621	3722	2688	841.0	2400	0	666	1
7	1822	1196	620	3720	2687	842.0	2400	0	666	1
7	1823	1196	621	3721	2688	841.0	2400	0	666	1
7	1823	1196	620	3721	2686	842.0	2400	0	666	1
7	1822	1196	620	3721	2687	842.0	2400	0	666	1
7	1881	1230	635	3829	2677	865.0	2400	0	666	1
7	1876	1228	634	3822	2678	865.0	2400	0	666	1
7	1881	1229	635	3829	2677	864.0	2400	0	666	1
7	1875	1228	633	3820	2677	866.0	2400	0	666	1
7	1881	1229	635	3829	2677	864.0	2400	0	666	1
7	1875	1227	633	3819	2677	864.0	2400	0	666	1
7	1881	1229	635	3830	2677	864.0	2400	0	666	1
7	1875	1227	633	3819	2677	864.0	2400	0	666	1
7	1882	1229	635	3830	2676	864.0	2400	0	666	1
7	1875	1227	633	3819	2677	864.0	2400	0	666	1
7	1882	1229	631	3830	2668	866.0	2400	0	666	1
7	1824	1197	621	3724	2688	842.0	2400	0	666	1
7	1821	1195	620	3717	2688	841.0	2400	0	666	1
7	1823	1197	621	3724	2688	842.0	2400	0	666	1
7	1828	1199	621	3730	2685	844.0	2400	0	666	1
7	1823	1197	621	3724	2688	842.0	2400	0	666	1
7	1822	1195	620	3718	2687	840.0	2400	0	666	1
7	1823	1197	621	3723	2688	842.0	2400	0	666	1
7	1822	1195	620	3719	2687	840.0	2400	0	666	1
7	1823	1197	621	3722	2688	842.0	2400	0	666	1
7	1822	1196	620	3720	2687	842.0	2400	0	666	1
7	1822	1196	621	3721	2689	841.0	2400	0	666	1
7	1869	1224	632	3809	2679	862.0	2400	0	666	1
7	1880	1228	634	3826	2675	863.0	2400	0	666	1
7	1877	1229	634	3824	2677	866.0	2400	0	666	1
7	1880	1228	634	3825	2675	863.0	2400	0	666	1
7	1877	1229	635	3825	2679	865.0	2400	0	666	1
7	1880	1228	633	3824	2673	864.0	2400	0	666	1
7	1877	1229	635	3825	2679	865.0	2400	0	666	1
7	1878	1230	635	3826	2679	866.0	2400	0	666	1
7	1873	1224	632	3811	2676	861.0	2400	0	666	1
7	1878	1230	635	3826	2679	866.0	2400	0	666	1
7	1879	1227	633	3823	2674	863.0	2400	0	666	1
7	1824	1197	621	3724	2688	842.0	2400	0	666	1
7	1821	1194	619	3716	2686	840.0	2400	0	666	0
7	2170	1400	706	4371	2630	988.0	2400	0	666	0
7	3330	2074	988	6527	2521	1469.0	2400	0	666	0
7	3330	2076	989	6530	2522	1471.0	2400	0	666	0
7	3330	2074	988	6527	2521	1469.0	2400	0	666	0
8	3330	2075	989	6529	2522	1470.0	2400	355	444	1
8	3330	2074	988	6527	2521	1469.0	2400	355	444	1
8	1978	1118	599	3761	2544	684.0	2400	355	444	1
8	2018	1078	586	3740	2497	617.0	2400	355	444	1
8	2017	1077	586	3739	2497	616.0	2400	355	444	1
8	1997	1067	582	3704	2501	609.0	2400	355	444	1
8	1957	1051	574	3639	2508	603.0	2400	355	444	1
8	1958	1051	574	3640	2507	603.0	2400	355	444	1
8	1957	1051	574	3640	2508	603.0	2400	355	444	1
8	1956	1050	574	3638	2509	602.0	2400	355	444	1
8	1957	1051	575	3641	2510	602.0	2400	355	444	1
8	1956	1050	574	3637	2509	602.0	2400	355	444	1
8	1958	1051	575	3642	2509	602.0	2400	355	444	1
8	1956	1050	574	3638	2509	602.0	2400	355	444	1
8	1958	1052	575	3643	2509	603.0	2400	355	444	1
8	1963	1053	575	3648	2507	603.0	2400	355	444	1
8	2021	1080	588	3748	2499	618.0	2400	355	444	1
8	2015	1076	585	3735	2497	615.0	2400	355	444	1
8	2021	1080	588	3747	2499	618.0	2400	355	444	1
8	2007	1073	584	3722	2499	614.0	2400	355	444	1
8	2021	1079	587	3746	2497	617.0	2400	355	444	1
8	2014	1076	585	3734	2497	616.0	2400	355	444	1
8	2021	1079	587	3746	2497	617.0	2400	355	444	1
8	2008	1073	584	3724	2499	614.0	2400	355	444	1
8	2020	1078	587	3744	2498	616.0	2400	355	444	1
8	2016	1076	586	3736	2498	614.0	2400	355	444	1
8	2017	1077	586	3742	2497	616.0	2400	355	444	1
8	1958	1051	575	3642	2509	602.0	2400	355	444	1
8	1956	1050	574	3638	2509	602.0	2400	355	444	1
8	1957	1051	575	3641	2510	602.0	2400	355	444	1
8	1956	1050	574	3638	2509	602.0	2400	355	444	1
8	1957	1051	575	3640	2510	602.0	2400	355	444	1
8	1957	1050	574	3639	2508	601.0	2400	355	444	1
8	1957	1051	574	3639	2508	603.0	2400	355	444	1
8	1957	1051	575	3640	2510	602.0	2400	355	444	1
8	1963	1053	575	3649	2507	603.0	2400	355	444	1
8	1957	1051	575	3641	2510	602.0	2400	355	444	1
8	1956	1050	574	3638	2509	602.0	2400	355	444	1
8	1993	1067	582	3700	2503	611.0	2400	355	444	1
8	2015	1076	585	3735	2497	615.0	2400	355	444	1
8	2021	1079	587	3745	2497	617.0	2400	355	444	1
8	2015	1076	585	3735	2497	615.0	2400	355	444	1
8	2020	1079	587	3744	2498	617.0	2400	355	444	1
8	2008	1073	584	3723	2499	614.0	2400	355	444	1
8	2020	1079	587	3744	2498	617.0	2400	355	444	1
8	2019	1078	587	3743	2498	616.0	2400	355	444	0
8	750	515	339	1641	3113	321.0	2400	355	444	0
8	366	347	266	1009	4160	234.0	2400	355	444	0
8	363	345	264	1002	4161	233.0	2400	355	444	0
8	365	347	266	1008	4167	234.0	2400	355	444	0
9	363	345	264	1002	4161	233.0	2400	711	222	1
9	774	474	328	1603	3005	256.0	2400	711	222	1
9	2288	940	556	3803	2316	333.0	2400	711	222	1
9	2284	940	557	3800	2320	334.0	2400	711	222	1
9	2289	940	556	3803	2316	333.0	2400	711	222	1
9	2284	940	557	3800	2320	334.0	2400	711	222	1
9	2288	940	556	3804	2316	333.0	2400	711	222	1
9	2285	940	557	3800	2319	334.0	2400	711	222	1
9	2287	940	557	3803	2318	333.0	2400	711	222	1
9	2277	937	555	3788	2319	333.0	2400	711	222	1
9	2286	940	556	3802	2317	334.0	2400	711	222	1
9	2215	918	546	3698	2330	330.0	2400	711	222	1
9	2215	918	546	3699	2330	330.0	2400	711	222	1
9	2216	918	546	3700	2329	329.0	2400	711	222	1
9	2214	917	545	3696	2328	329.0	2400	711	222	1
9	2216	919	546	3701	2329	331.0	2400	711	222	1
9	2223	919	546	3708	2326	329.0	2400	711	222	1
9	2216	919	547	3702	2331	330.0	2400	711	222	1
9	2214	917	545	3695	2328	329.0	2400	711	222	1
9	2216	919	547	3702	2331	330.0	2400	711	222	1
9	2214	917	545	3695	2328	329.0	2400	711	222	1
9	2260	933	553	3765	2323	334.0	2400	711	222	1
9	2287	939	556	3801	2317	332.0	2400	711	222	1
9	2285	941	557	3803	2319	335.0	2400	711	222	1
9	2287	939	556	3801	2317	332.0	2400	711	222	1
9	2285	941	557	3802	2319	335.0	2400	711	222	1
9	2287	939	556	3801	2317	332.0	2400	711	222	1
9	2285	940	557	3802	2319	334.0	2400	711	222	1
9	2287	939	556	3802	2317	332.0	2400	711	222	1
9	2284	940	557	3801	2320	334.0	2400	711	222	1
9	2288	939	556	3802	2316	332.0	2400	711	222	1
9	2288	940	556	3803	2316	333.0	2400	711	222	1
9	2216	919	546	3701	2329	331.0	2400	711	222	1
9	2215	917	545	3698	2328	329.0	2400	711	222	1
9	2216	918	546	3699	2329	329.0	2400	711	222	1
9	2215	918	546	3698	2330	330.0	2400	711	222	1
9	2224	921	547	3711	2328	331.0	2400	711	222	1
9	2215	918	546	3699	2330	330.0	2400	711	222	1
9	2215	918	546	3698	2330	330.0	2400	711	222	1
9	2215	918	546	3700	2330	330.0	2400	711	222	1
9	2214	917	545	3697	2328	329.0	2400	711	222	1
9	2215	918	546	3700	2330	330.0	2400	711	222	1
9	2214	917	545	3696	2328	329.0	2400	711	222	1
9	2221	920	547	3709	2329	330.0	2400	711	222	1
9	2276	936	554	3786	2318	332.0	2400	711	222	1
9	2287	941	557	3804	2318	335.0	2400	711	222	0
9	2285	938	556	3798	2318	331.0	2400	711	222	0
9	4133	1510	837	6490	2162	428.0	2400	711	222	0
9	4131	1507	836	6482	2162	425.0	2400	711	222	0
9	4131	1509	836	6486	2162	428.0	2400	711	222	0
10	4130	1509	837	6485	2163	428.0	2400	1066	0	1
10	2696	1064	618	4395	2264	351.0	2400	1066	0	1
10	2491	855	550	3880	2222	138.0	2400	1066	0	1
10	2480	850	547	3861	2221	136.0	2400	1066	0	1
10	2550	869	557	3960	2213	136.0	2400	1066	0	1
10	2565	871	558	3976	2209	133.0	2400	1066	0	1
10	2560	871	559	3973	2213	134.0	2400	1066	0	1
10	2565	871	558	3976	2209	133.0	2400	1066	0	1
10	2561	871	559	3973	2212	134.0	2400	1066	0	1
10	2564	871	558	3976	2210	133.0	2400	1066	0	1
10	2552	869	557	3961	2213	135.0	2400	1066	0	1
10	2563	871	558	3975	2211	134.0	2400	1066	0	1
10	2563	871	559	3975	2211	133.0	2400	1066	0	1
10	2561	871	558	3973	2211	134.0	2400	1066	0	1
10	2564	871	559	3976	2211	133.0	2400	1066	0	1
10	2560	871	558	3972	2212	135.0	2400	1066	0	1
10	2481	851	547	3864	2222	137.0	2400	1066	0	1
10	2481	852	548	3866	2224	138.0	2400	1066	0	1
10	2482	852	548	3866	2222	137.0	2400	1066	0	1
10	2480	851	547	3863	2222	137.0	2400	1066	0	1
10	2482	852	548	3867	2223	137.0	2400	1066	0	1
10	2480	851	547	3862	2221	137.0	2400	1066	0	1
10	2482	852	548	3867	2223	137.0	2400	1066	0	1
10	2480	850	547	3862	2222	136.0	2400	1066	0	1
10	2482	853	548	3868	2223	139.0	2400	1066	0	1
10	2480	850	547	3862	2222	136.0	2400	1066	0	1
10	2501	857	551	3894	2222	137.0	2400	1066	0	1
10	2562	870	558	3972	2210	132.0	2400	1066	0	1
10	2564	872	559	3978	2212	134.0	2400	1066	0	1
10	2561	870	557	3970	2209	134.0	2400	1066	0	1
10	2555	870	558	3966	2213	135.0	2400	1066	0	1
10	2559	870	557	3969	2210	134.0	2400	1066	0	1
10	2565	872	559	3980	2212	134.0	2400	1066	0	1
10	2559	870	557	3969	2210	134.0	2400	1066	0	1
10	2556	870	558	3967	2213	134.0	2400	1066	0	1
10	2559	869	557	3968	2210	133.0	2400	1066	0	1
10	2558	870	557	3968	2211	135.0	2400	1066	0	1
10	2492	855	550	3880	2222	137.0	2400	1066	0	1
10	2481	851	547	3864	2222	137.0	2400	1066	0	1
10	2482	852	548	3867	2223	137.0	2400	1066	0	1
10	2481	851	547	3864	2222	137.0	2400	1066	0	1
10	2482	852	548	3867	2223	137.0	2400	1066	0	1
10	2481	852	548	3865	2222	138.0	2400	1066	0	1
10	2482	852	548	3866	2222	137.0	2400	1066	0	1
10	2482	852	548	3866	2222	137.0	2400	1066	0	1
10	2481	852	548	3865	2222	138.0	2400	1066	0	0
10	2491	854	549	3879	2222	137.0	2400	1066	0	0
10	364	346	265	1004	4164	233.0	2400	1066	0	0
10	365	347	265	1006	4157	235.0	2400	1066	0	0
10	363	345	264	1003	4161	233.0	2400	1066	0	0
11	365	347	266	1007	4167	234.0	2400	0	888	1
11	363	345	264	1002	4161	233.0	2400	0	888	1
11	1856	1350	686	3979	2799	1026.0	2400	0	888	1
11	1852	1348	684	3971	2798	1025.0	2400	0	888	1
11	1852	1348	684	3990	2798	1025.0	2400	0	888	1
11	1854	1350	686	3977	2800	1026.0	2400	0	888	1
11	1851	1348	684	3970	2798	1026.0	2400	0	888	1
11	1854	1350	686	3977	2800	1026.0	2400	0	888	1
11	1852	1348	684	3970	2798	1025.0	2400	0	888	1
11	1872	1363	691	4013	2797	1037.0	2400	0	888	1
11	1909	1387	701	4085	2790	1056.0	2400	0	888	1
11	1903	1384	700	4076	2792	1054.0	2400	0	888	1
11	1910	1386	700	4085	2787	1055.0	2400	0	888	1
11	1909	1389	702	4089	2792	1058.0	2400	0	888	1
11	1910	1386	700	4085	2787	1055.0	2400	0	888	1
11	1909	1389	702	4088	2792	1058.0	2400	0	888	1
11	1911	1386	700	4086	2786	1054.0	2400	0	888	1
11	1908	1389	702	4088	2792	1059.0	2400	0	888	1
11	1910	1386	700	4084	2787	1055.0	2400	0	888	1
11	1910	1389	702	4089	2791	1058.0	2400	0	888	1
11	1902	1381	699	4070	2791	1050.0	2400	0	888	1
11	1853	1350	686	3975	2801	1027.0	2400	0	888	1
11	1852	1349	685	3973	2800	1026.0	2400	0	888	1
11	1859	1353	687	3986	2798	1029.0	2400	0	888	1
11	1853	1349	685	3973	2799	1026.0	2400	0	888	1
11	1853	1349	685	3973	2799	1026.0	2400	0	888	1
11	1852	1349	685	3972	2800	1026.0	2400	0	888	1
11	1859	1354	687	3987	2798	1030.0	2400	0	888	1
11	1852	1348	685	3972	2800	1025.0	2400	0	888	1
11	1853	1349	686	3975	2801	1025.0	2400	0	888	1
11	1852	1348	685	3971	2800	1025.0	2400	0	888	1
11	1853	1350	686	3975	2801	1027.0	2400	0	888	1
11	1908	1386	700	4083	2788	1055.0	2400	0	888	1
11	1911	1388	702	4090	2790	1056.0	2400	0	888	1
11	1907	1386	700	4083	2789	1056.0	2400	0	888	1
11	1912	1388	702	4091	2789	1056.0	2400	0	888	1
11	1906	1386	700	4082	2790	1056.0	2400	0	888	1
11	1913	1388	702	4091	2789	1055.0	2400	0	888	1
11	1906	1386	700	4081	2790	1056.0	2400	0	888	1
11	1912	1388	702	4091	2789	1056.0	2400	0	888	1
11	1907	1386	700	4082	2789	1056.0	2400	0	888	1
11	1907	1387	700	4083	2789	1057.0	2400	0	888	1
11	1886	1370	695	4039	2795	1041.0	2400	0	888	1
11	1851	1348	684	3970	2798	1026.0	2400	0	888	1
11	1854	1350	686	3977	2800	1026.0	2400	0	888	1
11	1851	1348	684	3970	2798	1026.0	2400	0	888	0
11	2387	1711	837	5043	2726	1313.0	2400	0	888	0
11	3392	2386	1120	7042	2649	1845.0	2400	0	888	0
11	3391	2388	1121	7045	2650	1847.0	2400	0	888	0
11	3392	2386	1120	7042	2649	1845.0	2400	0	888	0
12	3391	2388	1121	7043	2650	1847.0	2400	355	666	1
12	3392	2385	1120	7042	2649	1843.0	2400	355	666	1
12	2024	1261	661	4015	2635	849.0	2400	355	666	1
12	2051	1236	653	4004	2604	807.0	2400	355	666	1
12	1987	1205	640	3894	2618	788.0	2400	355	666	1
12	1994	1208	641	3905	2615	790.0	2400	355	666	1
12	1987	1204	639	3893	2616	787.0	2400	355	666	1
12	1987	1204	639	3893	2616	787.0	2400	355	666	1
12	1987	1204	639	3893	2616	787.0	2400	355	666	1
12	1987	1204	639	3892	2616	787.0	2400	355	666	1
12	1987	1205	640	3894	2618	788.0	2400	355	666	1
12	1986	1204	639	3891	2616	787.0	2400	355	666	1
12	1988	1205	640	3895	2617	788.0	2400	355	666	1
12	1994	1207	640	3904	2613	789.0	2400	355	666	1
12	1988	1205	640	3895	2617	788.0	2400	355	666	1
12	2050	1236	653	4003	2604	807.0	2400	355	666	1
12	2048	1238	654	4004	2607	810.0	2400	355	666	1
12	2050	1236	653	4002	2604	807.0	2400	355	666	1
12	2049	1238	654	4004	2607	810.0	2400	355	666	1
12	2048	1235	652	4000	2603	807.0	2400	355	666	1
12	2050	1239	655	4007	2608	810.0	2400	355	666	1
12	2040	1231	650	3985	2604	804.0	2400	355	666	1
12	2051	1239	655	4009	2607	810.0	2400	355	666	1
12	2046	1235	652	3997	2605	807.0	2400	355	666	1
12	2052	1238	655	4008	2607	808.0	2400	355	666	1
12	2045	1236	652	3997	2605	809.0	2400	355	666	1
12	2024	1223	648	3958	2610	798.0	2400	355	666	1
12	1988	1205	640	3889	2617	788.0	2400	355	666	1
12	1986	1203	639	3890	2616	786.0	2400	355	666	1
12	1988	1205	640	3896	2617	788.0	2400	355	666	1
12	1986	1203	638	3890	2614	787.0	2400	355	666	1
12	1988	1205	640	3896	2617	788.0	2400	355	666	1
12	1986	1203	639	3891	2616	786.0	2400	355	666	1
12	1988	1205	640	3896	2617	788.0	2400	355	666	1
12	1986	1203	639	3891	2616	786.0	2400	355	666	1
12	1988	1205	640	3895	2617	788.0	2400	355	666	1
12	1986	1203	639	3891	2616	786.0	2400	355	666	1
12	2049	1238	654	4005	2607	810.0	2400	355	666	1
12	2047	1235	653	3999	2606	806.0	2400	355	666	1
12	2051	1238	654	4006	2605	809.0	2400	355	666	1
12	2046	1236	653	3999	2606	808.0	2400	355	666	1
12	2043	1233	652	3992	2606	805.0	2400	355	666	1
12	2048	1237	654	4002	2607	808.0	2400	355	666	1
12	2048	1236	653	4001	2605	808.0	2400	355	666	1
12	2050	1238	654	4005	2606	809.0	2400	355	666	1
12	2039	1233	652	3987	2609	806.0	2400	355	666	0
12	583	461	315	1392	3449	307.0	2400	355	666	0
12	364	346	265	1006	4164	233.0	2400	355	666	0
12	363	345	264	1003	4161	233.0	2400	355	666	0
12	365	346	265	1006	4157	233.0	2400	355	666	0
13	363	345	264	1002	4161	233.0	2400	711	444	1
13	988	584	378	1979	2848	324.0	2400	711	444	1
13	2316	1087	617	4044	2406	512.0	2400	711	444	1
13	2316	1089	619	4047	2409	513.0	2400	711	444	1
13	2313	1086	617	4040	2407	511.0	2400	711	444	1
13	2317	1089	619	4049	2408	513.0	2400	711	444	1
13	2312	1086	617	4038	2407	511.0	2400	711	444	1
13	2310	1086	617	4038	2408	512.0	2400	711	444	1
13	2311	1086	617	4038	2408	512.0	2400	711	444	1
13	2286	1077	613	4000	2412	509.0	2400	711	444	1
13	2242	1059	604	3929	2417	501.0	2400	711	444	1
13	2245	1062	606	3937	2419	503.0	2400	711	444	1
13	2242	1059	604	3929	2417	501.0	2400	711	444	1
13	2245	1062	606	3937	2419	503.0	2400	711	444	1
13	2253	1065	607	3950	2417	505.0	2400	711	444	1
13	2242	1059	604	3930	2417	501.0	2400	711	444	1
13	2245	1062	606	3936	2419	503.0	2400	711	444	1
13	2242	1059	604	3930	2417	501.0	2400	711	444	1
13	2244	1062	606	3936	2419	504.0	2400	711	444	1
13	2242	1060	604	3930	2417	503.0	2400	711	444	1
13	2314	1089	618	4046	2408	515.0	2400	711	444	1
13	2315	1087	617	4044	2406	512.0	2400	711	444	1
13	2307	1086	617	4034	2409	513.0	2400	711	444	1
13	2313	1086	617	4040	2407	511.0	2400	711	444	1
13	2318	1089	619	4050	2408	513.0	2400	711	444	1
13	2312	1087	617	4039	2407	513.0	2400	711	444	1
13	2319	1089	618	4050	2406	513.0	2400	711	444	1
13	2312	1087	617	4040	2407	513.0	2400	711	444	1
13	2316	1088	618	4046	2407	513.0	2400	711	444	1
13	2315	1088	618	4044	2408	513.0	2400	711	444	1
13	2314	1087	618	4043	2408	512.0	2400	711	444	1
13	2308	1085	617	4034	2409	511.0	2400	711	444	1
13	2243	1061	605	3933	2418	503.0	2400	711	444	1
13	2243	1060	605	3932	2418	502.0	2400	711	444	1
13	2252	1064	607	3947	2417	503.0	2400	711	444	1
13	2243	1060	605	3932	2418	502.0	2400	711	444	1
13	2244	1061	605	3934	2418	503.0	2400	711	444	1
13	2243	1060	604	3932	2416	502.0	2400	711	444	1
13	2252	1064	607	3948	2417	503.0	2400	711	444	1
13	2243	1060	604	3931	2416	502.0	2400	711	444	1
13	2244	1061	605	3935	2418	503.0	2400	711	444	1
13	2242	1060	604	3930	2417	503.0	2400	711	444	1
13	2269	1072	610	3976	2415	508.0	2400	711	444	1
13	2314	1087	617	4041	2406	512.0	2400	711	444	1
13	2317	1089	619	4048	2408	513.0	2400	711	444	1
13	2312	1086	617	4039	2407	511.0	2400	711	444	0
13	2318	1090	619	4051	2408	514.0	2400	711	444	0
13	4186	1798	956	6958	2261	779.0	2400	711	444	0
13	4193	1801	958	6970	2261	780.0	2400	711	444	0
13	4185	1798	956	6956	2261	779.0	2400	711	444	0
14	4187	1798	956	6967	2260	778.0	2400	1066	222	1
14	2551	1177	661	4411	2378	545.0	2400	1066	222	1
14	2495	926	574	3981	2259	231.0	2400	1066	222	1
14	2577	950	588	4101	2252	232.0	2400	1066	222	1
14	2579	948	587	4099	2250	229.0	2400	1066	222	1
14	2576	950	588	4099	2252	232.0	2400	1066	222	1
14	2580	949	587	4101	2249	230.0	2400	1066	222	1
14	2575	950	588	4098	2252	233.0	2400	1066	222	1
14	2569	946	585	4086	2250	230.0	2400	1066	222	1
14	2579	950	588	4102	2251	231.0	2400	1066	222	1
14	2575	948	586	4095	2250	231.0	2400	1066	222	1
14	2581	950	588	4105	2250	231.0	2400	1066	222	1
14	2574	948	586	4093	2250	231.0	2400	1066	222	1
14	2582	951	588	4107	2250	232.0	2400	1066	222	1
14	2574	948	586	4093	2250	231.0	2400	1066	222	1
14	2498	928	576	3988	2261	232.0	2400	1066	222	1
14	2506	929	576	3998	2259	231.0	2400	1066	222	1
14	2498	928	576	3988	2261	232.0	2400	1066	222	1
14	2496	927	575	3985	2261	231.0	2400	1066	222	1
14	2497	927	575	3986	2261	231.0	2400	1066	222	1
14	2497	927	576	3987	2262	230.0	2400	1066	222	1
14	2497	927	575	3986	2261	231.0	2400	1066	222	1
14	2497	927	576	3987	2262	230.0	2400	1066	222	1
14	2497	927	576	3987	2262	230.0	2400	1066	222	1
14	2507	930	577	4000	2259	231.0	2400	1066	222	1
14	2529	936	580	4032	2257	231.0	2400	1066	222	1
14	2581	950	588	4103	2249	231.0	2400	1066	222	1
14	2576	949	587	4097	2251	231.0	2400	1066	222	1
14	2581	949	587	4103	2249	230.0	2400	1066	222	1
14	2576	949	588	4098	2252	231.0	2400	1066	222	1
14	2581	949	587	4102	2249	230.0	2400	1066	222	1
14	2578	950	588	4100	2250	232.0	2400	1066	222	1
14	2568	946	585	4085	2250	231.0	2400	1066	222	1
14	2580	950	588	4104	2251	231.0	2400	1066	222	1
14	2575	948	586	4094	2250	231.0	2400	1066	222	1
14	2582	951	588	4107	2250	232.0	2400	1066	222	1
14	2573	947	586	4092	2250	230.0	2400	1066	222	1
14	2496	926	575	3983	2260	230.0	2400	1066	222	1
14	2498	928	576	3990	2262	232.0	2400	1066	222	1
14	2496	926	575	3983	2260	230.0	2400	1066	222	1
14	2498	928	576	3990	2262	232.0	2400	1066	222	1
14	2496	926	575	3983	2260	230.0	2400	1066	222	1
14	2498	928	576	3990	2262	232.0	2400	1066	222	1
14	2496	926	575	3983	2260	230.0	2400	1066	222	1
14	2498	929	577	3990	2262	232.0	2400	1066	222	1
14	2496	926	575	3983	2260	230.0	2400	1066	222	0
14	2499	928	577	3990	2262	231.0	2400	1066	222	0
14	363	345	264	1001	4161	233.0	2400	1066	222	0
14	365	347	266	1008	4167	234.0	2400	1066	222	0
14	363	345	264	1001	4161	233.0	2400	1066	222	0
15	365	347	266	1007	4167	234.0	2400	1422	0	1
15	363	345	264	1001	4161	233.0	2400	1422	0	1
15	2778	865	580	4175	2160	38.0	2400	1422	0	1
15	2764	860	577	4153	2159	37.0	2400	1422	0	1
15	2766	862	578	4158	2160	39.0	2400	1422	0	1
15	2776	864	580	4172	2160	37.0	2400	1422	0	1
15	2764	861	577	4154	2159	39.0	2400	1422	0	1
15	2766	862	578	4157	2160	39.0	2400	1422	0	1
15	2796	868	581	4196	2156	37.0	2400	1422	0	1
15	2848	880	589	4266	2152	33.0	2400	1422	0	1
15	2856	880	589	4274	2150	30.0	2400	1422	0	1
15	2855	881	590	4275	2151	31.0	2400	1422	0	1
15	2859	881	590	4278	2149	30.0	2400	1422	0	1
15	2853	881	589	4271	2149	33.0	2400	1422	0	1
15	2861	882	590	4281	2148	31.0	2400	1422	0	1
15	2853	880	589	4270	2149	31.0	2400	1422	0	1
15	2859	882	590	4278	2149	32.0	2400	1422	0	1
15	2856	880	589	4274	2150	30.0	2400	1422	0	1
15	2844	879	588	4260	2151	33.0	2400	1422	0	1
15	2859	881	590	4277	2149	30.0	2400	1422	0	1
15	2765	862	578	4156	2161	39.0	2400	1422	0	1
15	2764	861	577	4153	2159	39.0	2400	1422	0	1
15	2765	862	578	4156	2161	39.0	2400	1422	0	1
15	2766	862	578	4153	2158	39.0	2400	1422	0	1
15	2764	860	577	4153	2159	37.0	2400	1422	0	1
15	2777	864	580	4172	2160	37.0	2400	1422	0	1
15	2764	860	577	4152	2159	37.0	2400	1422	0	1
15	2766	862	578	4158	2160	39.0	2400	1422	0	1
15	2764	860	577	4152	2159	37.0	2400	1422	0	1
15	2766	862	579	4159	2162	38.0	2400	1422	0	1
15	2764	860	577	4152	2159	37.0	2400	1422	0	1
15	2854	881	590	4274	2151	32.0	2400	1422	0	1
15	2857	880	589	4273	2148	30.0	2400	1422	0	1
15	2848	880	589	4266	2152	33.0	2400	1422	0	1
15	2852	879	588	4267	2148	31.0	2400	1422	0	1
15	2862	883	591	4284	2150	31.0	2400	1422	0	1
15	2851	879	588	4266	2148	31.0	2400	1422	0	1
15	2859	882	591	4280	2150	31.0	2400	1422	0	1
15	2856	880	589	4272	2148	30.0	2400	1422	0	1
15	2854	882	590	4275	2151	33.0	2400	1422	0	1
15	2859	880	589	4277	2149	29.0	2400	1422	0	1
15	2854	881	585	4273	2147	35.0	2400	1422	0	1
15	2766	862	578	4158	2160	39.0	2400	1422	0	1
15	2764	860	577	4152	2159	37.0	2400	1422	0	1
15	2766	862	578	4158	2160	39.0	2400	1422	0	1
15	2775	863	578	4167	2158	38.0	2400	1422	0	0
15	3815	1087	715	5534	2071	0.0	2400	1422	0	0
15	5249	1392	901	7411	2005	0.0	2400	1422	0	0
15	5253	1394	902	7418	2005	0.0	2400	1422	0	0
15	5253	1393	901	7415	2004	0.0	2400	1422	0	0
16	5249	1393	902	7413	2006	0.0	2400	0	1111	1
16	5256	1393	902	7419	2004	0.0	2400	0	1111	1
16	2014	1493	754	4343	2817	1150.0	2400	0	1111	1
16	1890	1508	752	4241	2906	1216.0	2400	0	1111	1
16	1883	1503	750	4228	2908	1212.0	2400	0	1111	1
16	1883	1503	750	4228	2908	1212.0	2400	0	1111	1
16	1883	1503	750	4227	2908	1212.0	2400	0	1111	1
16	1883	1503	750	4228	2908	1212.0	2400	0	1111	1
16	1883	1503	750	4227	2908	1212.0	2400	0	1111	1
16	1884	1503	750	4229	2907	1211.0	2400	0	1111	1
16	1884	1504	750	4229	2907	1213.0	2400	0	1111	1
16	1883	1505	751	4230	2910	1214.0	2400	0	1111	1
16	1884	1504	751	4229	2909	1212.0	2400	0	1111	1
16	1882	1502	749	4225	2907	1211.0	2400	0	1111	1
16	1942	1547	769	4351	2899	1248.0	2400	0	1111	1
16	1941	1546	768	4348	2898	1247.0	2400	0	1111	1
16	1940	1549	769	4352	2901	1252.0	2400	0	1111	1
16	1942	1545	767	4347	2895	1246.0	2400	0	1111	1
16	1941	1549	770	4353	2902	1251.0	2400	0	1111	1
16	1933	1540	765	4330	2898	1243.0	2400	0	1111	1
16	1942	1548	769	4353	2899	1249.0	2400	0	1111	1
16	1938	1546	768	4345	2900	1248.0	2400	0	1111	1
16	1944	1547	769	4354	2898	1247.0	2400	0	1111	1
16	1938	1547	768	4346	2900	1250.0	2400	0	1111	1
16	1942	1547	769	4352	2899	1248.0	2400	0	1111	1
16	1933	1539	765	4330	2898	1241.0	2400	0	1111	1
16	1884	1504	751	4231	2909	1212.0	2400	0	1111	1
16	1888	1507	751	4238	2906	1215.0	2400	0	1111	1
16	1882	1502	749	4224	2907	1211.0	2400	0	1111	1
16	1884	1504	751	4231	2909	1212.0	2400	0	1111	1
16	1882	1502	749	4225	2907	1211.0	2400	0	1111	1
16	1884	1504	751	4231	2909	1212.0	2400	0	1111	1
16	1882	1502	749	4225	2907	1211.0	2400	0	1111	1
16	1884	1504	751	4230	2909	1212.0	2400	0	1111	1
16	1882	1502	749	4225	2907	1211.0	2400	0	1111	1
16	1891	1509	753	4244	2908	1216.0	2400	0	1111	1
16	1930	1538	764	4326	2899	1241.0	2400	0	1111	1
16	1940	1549	769	4351	2901	1252.0	2400	0	1111	1
16	1941	1545	767	4347	2896	1247.0	2400	0	1111	1
16	1941	1545	768	4347	2898	1246.0	2400	0	1111	1
16	1939	1547	768	4348	2900	1250.0	2400	0	1111	1
16	1943	1546	768	4351	2896	1247.0	2400	0	1111	1
16	1939	1547	769	4348	2902	1249.0	2400	0	1111	1
16	1935	1541	766	4334	2899	1243.0	2400	0	1111	1
16	1941	1547	769	4350	2900	1248.0	2400	0	1111	1
16	1939	1547	768	4349	2900	1250.0	2400	0	1111	0
16	459	418	295	1206	3839	294.0	2400	0	1111	0
16	364	346	265	1005	4164	233.0	2400	0	1111	0
16	363	345	264	1002	4161	233.0	2400	0	1111	0
16	364	346	265	1006	4164	233.0	2400	0	1111	0
17	363	345	264	1002	4161	233.0	2400	355	888	1
17	1024	752	441	2262	3031	531.0	2400	355	888	1
17	2081	1395	720	4265	2709	999.0	2400	355	888	1
17	2082	1398	722	4271	2712	1002.0	2400	355	888	1
17	2079	1395	720	4262	2710	999.0	2400	355	888	1
17	2084	1397	722	4271	2710	999.0	2400	355	888	1
17	2077	1395	720	4261	2711	1000.0	2400	355	888	1
17	2083	1397	721	4270	2709	1001.0	2400	355	888	1
17	2079	1393	719	4260	2708	997.0	2400	355	888	1
17	2019	1359	705	4151	2721	973.0	2400	355	888	1
17	2017	1357	703	4144	2718	972.0	2400	355	888	1
17	2019	1359	705	4151	2721	973.0	2400	355	888	1
17	2017	1357	703	4144	2718	972.0	2400	355	888	1
17	2027	1364	707	4165	2719	977.0	2400	355	888	1
17	2017	1359	705	4144	2722	974.0	2400	355	888	1
17	2017	1356	703	4144	2718	970.0	2400	355	888	1
17	2026	1361	706	4161	2718	973.0	2400	355	888	1
17	2017	1357	703	4144	2718	972.0	2400	355	888	1
17	2019	1359	705	4150	2721	973.0	2400	355	888	1
17	2062	1386	716	4232	2713	994.0	2400	355	888	1
17	2074	1392	719	4254	2711	997.0	2400	355	888	1
17	2082	1395	720	4266	2708	998.0	2400	355	888	1
17	2080	1398	722	4267	2713	1002.0	2400	355	888	1
17	2082	1395	720	4265	2708	998.0	2400	355	888	1
17	2081	1398	722	4268	2712	1002.0	2400	355	888	1
17	2080	1395	720	4263	2709	999.0	2400	355	888	1
17	2083	1397	722	4270	2711	1000.0	2400	355	888	1
17	2078	1396	721	4263	2712	1001.0	2400	355	888	1
17	2083	1396	721	4269	2709	999.0	2400	355	888	1
17	2072	1392	719	4251	2713	998.0	2400	355	888	1
17	2081	1396	720	4266	2709	1000.0	2400	355	888	1
17	2018	1358	704	4146	2720	972.0	2400	355	888	1
17	2018	1358	704	4147	2720	972.0	2400	355	888	1
17	2018	1357	704	4146	2720	971.0	2400	355	888	1
17	2018	1358	704	4148	2720	972.0	2400	355	888	1
17	2017	1357	704	4145	2720	971.0	2400	355	888	1
17	2026	1363	706	4162	2718	976.0	2400	355	888	1
17	2017	1357	704	4145	2720	971.0	2400	355	888	1
17	2018	1358	704	4148	2720	972.0	2400	355	888	1
17	2017	1357	703	4144	2718	972.0	2400	355	888	1
17	2019	1358	705	4149	2721	971.0	2400	355	888	1
17	2017	1357	703	4144	2718	972.0	2400	355	888	1
17	2082	1398	722	4271	2712	1002.0	2400	355	888	1
17	2079	1395	720	4262	2710	999.0	2400	355	888	1
17	2077	1395	721	4261	2713	999.0	2400	355	888	1
17	2077	1395	720	4261	2711	1000.0	2400	355	888	0
17	2084	1397	722	4271	2710	999.0	2400	355	888	0
17	3728	2405	1159	7397	2575	1737.0	2400	355	888	0
17	3731	2405	1160	7400	2575	1735.0	2400	355	888	0
17	3729	2404	1159	7396	2575	1735.0	2400	355	888	0
18	3729	2406	1160	7399	2576	1737.0	2400	711	666	1
18	2179	1457	748	4454	2698	1044.0	2400	711	666	1
18	2321	1236	679	4266	2505	700.0	2400	711	666	1
18	2349	1249	687	4313	2505	705.0	2400	711	666	1
18	2345	1246	684	4304	2502	704.0	2400	711	666	1
18	2350	1250	687	4315	2504	707.0	2400	711	666	1
18	2335	1242	683	4289	2505	702.0	2400	711	666	1
18	2351	1249	686	4316	2502	706.0	2400	711	666	1
18	2343	1247	685	4304	2504	706.0	2400	711	666	1
18	2350	1248	686	4314	2503	704.0	2400	711	666	1
18	2338	1243	683	4293	2504	702.0	2400	711	666	1
18	2348	1248	686	4311	2504	705.0	2400	711	666	1
18	2348	1248	685	4310	2502	706.0	2400	711	666	1
18	2346	1248	686	4309	2505	706.0	2400	711	666	1
18	2283	1218	672	4202	2512	689.0	2400	711	666	1
18	2275	1215	670	4189	2513	688.0	2400	711	666	1
18	2274	1214	670	4187	2513	687.0	2400	711	666	1
18	2275	1215	670	4189	2513	688.0	2400	711	666	1
18	2275	1215	670	4188	2513	688.0	2400	711	666	1
18	2275	1215	670	4189	2513	688.0	2400	711	666	1
18	2275	1215	670	4188	2513	688.0	2400	711	666	1
18	2275	1215	670	4189	2513	688.0	2400	711	666	1
18	2274	1216	670	4189	2513	690.0	2400	711	666	1
18	2275	1215	670	4189	2513	688.0	2400	711	666	1
18	2274	1214	670	4186	2513	687.0	2400	711	666	1
18	2349	1249	686	4313	2503	706.0	2400	711	666	1
18	2345	1246	684	4305	2502	704.0	2400	711	666	1
18	2350	1250	687	4315	2504	707.0	2400	711	666	1
18	2344	1246	685	4304	2504	704.0	2400	711	666	1
18	2351	1249	686	4315	2502	706.0	2400	711	666	1
18	2335	1243	683	4289	2505	703.0	2400	711	666	1
18	2350	1247	685	4311	2501	703.0	2400	711	666	1
18	2344	1246	684	4303	2502	705.0	2400	711	666	1
18	2350	1249	686	4314	2503	706.0	2400	711	666	1
18	2347	1247	685	4308	2502	704.0	2400	711	666	1
18	2348	1248	686	4311	2504	705.0	2400	711	666	1
18	2305	1227	675	4236	2506	694.0	2400	711	666	1
18	2276	1217	671	4192	2514	690.0	2400	711	666	1
18	2276	1216	671	4192	2514	689.0	2400	711	666	1
18	2273	1213	669	4185	2512	686.0	2400	711	666	1
18	2276	1216	671	4192	2514	689.0	2400	711	666	1
18	2273	1213	669	4185	2512	686.0	2400	711	666	1
18	2276	1216	671	4192	2514	689.0	2400	711	666	1
18	2274	1214	669	4185	2511	688.0	2400	711	666	1
18	2276	1216	671	4192	2514	689.0	2400	711	666	1
18	2274	1214	669	4185	2511	688.0	2400	711	666	0
18	2285	1220	673	4206	2513	691.0	2400	711	666	0
18	363	345	264	1002	4161	233.0	2400	711	666	0
18	365	347	265	1007	4157	235.0	2400	711	666	0
18	363	345	264	1002	4161	233.0	2400	711	666	0
19	365	347	265	1006	4157	235.0	2400	1066	444	1
19	363	345	264	1002	4161	233.0	2400	1066	444	1
19	2529	1071	636	4227	2344	403.0	2400	1066	444	1
19	2527	1070	635	4223	2343	403.0	2400	1066	444	1
19	2537	1074	637	4239	2343	405.0	2400	1066	444	1
19	2526	1070	635	4223	2344	404.0	2400	1066	444	1
19	2527	1070	635	4223	2343	403.0	2400	1066	444	1
19	2527	1071	635	4224	2343	405.0	2400	1066	444	1
19	2608	1098	649	4344	2333	411.0	2400	1066	444	1
19	2612	1099	650	4349	2332	410.0	2400	1066	444	1
19	2606	1098	649	4343	2334	411.0	2400	1066	444	1
19	2612	1098	649	4349	2332	410.0	2400	1066	444	1
19	2606	1098	649	4343	2334	411.0	2400	1066	444	1
19	2612	1098	649	4349	2332	410.0	2400	1066	444	1
19	2608	1098	649	4345	2333	411.0	2400	1066	444	1
19	2610	1097	649	4345	2332	409.0	2400	1066	444	1
19	2610	1099	650	4348	2334	411.0	2400	1066	444	1
19	2607	1097	648	4342	2332	410.0	2400	1066	444	1
19	2612	1099	650	4351	2333	410.0	2400	1066	444	1
19	2554	1078	639	4262	2339	404.0	2400	1066	444	1
19	2528	1072	636	4226	2343	405.0	2400	1066	444	1
19	2526	1069	634	4220	2342	403.0	2400	1066	444	1
19	2528	1072	636	4226	2343	405.0	2400	1066	444	1
19	2525	1069	634	4220	2343	403.0	2400	1066	444	1
19	2526	1069	634	4220	2342	403.0	2400	1066	444	1
19	2528	1072	636	4227	2345	405.0	2400	1066	444	1
19	2526	1069	634	4220	2342	403.0	2400	1066	444	1
19	2538	1074	637	4240	2342	404.0	2400	1066	444	1
19	2526	1069	634	4220	2342	403.0	2400	1066	444	1
19	2528	1072	636	4227	2345	405.0	2400	1066	444	1
19	2612	1097	649	4348	2332	408.0	2400	1066	444	1
19	2598	1096	648	4332	2335	412.0	2400	1066	444	1
19	2611	1097	649	4346	2332	408.0	2400	1066	444	1
19	2610	1099	650	4348	2334	411.0	2400	1066	444	1
19	2609	1097	648	4343	2331	410.0	2400	1066	444	1
19	2611	1100	650	4351	2333	412.0	2400	1066	444	1
19	2606	1097	648	4341	2332	411.0	2400	1066	444	1
19	2613	1100	650	4353	2333	412.0	2400	1066	444	1
19	2605	1097	648	4340	2333	411.0	2400	1066	444	1
19	2614	1099	650	4353	2332	410.0	2400	1066	444	1
19	2595	1094	647	4326	2335	410.0	2400	1066	444	1
19	2613	1099	650	4352	2333	410.0	2400	1066	444	1
19	2528	1071	636	4225	2343	404.0	2400	1066	444	1
19	2527	1070	635	4223	2343	403.0	2400	1066	444	1
19	2528	1071	635	4225	2343	404.0	2400	1066	444	1
19	2527	1070	635	4223	2343	403.0	2400	1066	444	0
19	3629	1441	824	5865	2244	493.0	2400	1066	444	0
19	4771	1821	1019	7560	2188	579.0	2400	1066	444	0
19	4763	1820	1019	7551	2190	580.0	2400	1066	444	0
19	4769	1821	1019	7559	2189	580.0	2400	1066	444	0
20	4765	1820	1019	7552	2189	579.0	2400	1422	222	1
20	4766	1820	1019	7555	2189	579.0	2400	1422	222	1
20	2816	947	611	4327	2193	133.0	2400	1422	222	1
20	2782	938	606	4279	2196	133.0	2400	1422	222	1
20	2781	936	605	4276	2194	131.0	2400	1422	222	1
20	2793	940	608	4294	2195	131.0	2400	1422	222	1
20	2781	936	605	4275	2194	131.0	2400	1422	222	1
20	2783	938	607	4281	2197	132.0	2400	1422	222	1
20	2781	936	605	4275	2194	131.0	2400	1422	222	1
20	2783	938	607	4281	2197	132.0	2400	1422	222	1
20	2781	938	607	4275	2195	133.0	2400	1422	222	1
20	2781	936	605	4275	2194	131.0	2400	1422	222	1
20	2783	938	607	4282	2197	132.0	2400	1422	222	1
20	2872	959	618	4399	2184	128.0	2400	1422	222	1
20	2878	961	620	4410	2186	128.0	2400	1422	222	1
20	2870	958	618	4397	2186	127.0	2400	1422	222	1
20	2879	962	620	4411	2185	129.0	2400	1422	222	1
20	2858	955	616	4381	2186	128.0	2400	1422	222	1
20	2879	962	621	4412	2186	129.0	2400	1422	222	1
20	2869	958	618	4395	2185	128.0	2400	1422	222	1
20	2880	962	621	4413	2186	128.0	2400	1422	222	1
20	2859	955	616	4381	2186	128.0	2400	1422	222	1
20	2879	961	620	4411	2186	128.0	2400	1422	222	1
20	2870	958	618	4396	2185	127.0	2400	1422	222	1
20	2878	961	620	4410	2186	128.0	2400	1422	222	1
20	2792	939	607	4291	2194	131.0	2400	1422	222	1
20	2783	938	607	4281	2197	132.0	2400	1422	222	1
20	2781	936	605	4276	2194	131.0	2400	1422	222	1
20	2783	938	607	4281	2197	132.0	2400	1422	222	1
20	2783	938	607	4281	2197	132.0	2400	1422	222	1
20	2782	937	606	4278	2196	132.0	2400	1422	222	1
20	2782	938	606	4280	2196	133.0	2400	1422	222	1
20	2782	937	606	4278	2196	132.0	2400	1422	222	1
20	2783	938	606	4281	2195	133.0	2400	1422	222	1
20	2782	937	606	4279	2196	132.0	2400	1422	222	1
20	2849	954	616	4370	2189	129.0	2400	1422	222	1
20	2878	961	620	4409	2185	128.0	2400	1422	222	1
20	2870	959	619	4399	2187	128.0	2400	1422	222	1
20	2879	961	620	4410	2185	128.0	2400	1422	222	1
20	2869	959	618	4397	2186	129.0	2400	1422	222	1
20	2879	961	620	4411	2186	128.0	2400	1422	222	1
20	2859	956	617	4383	2187	129.0	2400	1422	222	1
20	2879	961	620	4410	2185	128.0	2400	1422	222	1
20	2871	959	618	4399	2185	129.0	2400	1422	222	1
20	2878	961	620	4409	2185	128.0	2400	1422	222	1
20	2872	959	618	4399	2184	128.0	2400	1422	222	0
20	2877	961	620	4409	2186	128.0	2400	1422	222	0
20	365	347	266	1007	4167	234.0	2400	1422	222	0
20	363	345	264	1001	4161	233.0	2400	1422	222	0
20	365	347	266	1008	4167	234.0	2400	1422	222	0
21	362	344	263	999	4159	232.0	2400	1777	0	1
21	1679	605	434	2693	2355	92.0	2400	1777	0	1
21	3154	891	621	4579	2098	0.0	2400	1777	0	1
21	3151	892	622	4580	2101	0.0	2400	1777	0	1
21	3155	891	621	4580	2098	0.0	2400	1777	0	1
21	3150	892	622	4578	2101	0.0	2400	1777	0	1
21	3155	891	621	4580	2098	0.0	2400	1777	0	1
21	3135	889	620	4559	2102	0.0	2400	1777	0	1
21	3049	870	607	4444	2107	0.0	2400	1777	0	1
21	3051	873	609	4451	2109	0.0	2400	1777	0	1
21	3049	870	607	4445	2108	0.0	2400	1777	0	1
21	3051	872	609	4450	2109	0.0	2400	1777	0	1
21	3049	870	608	4444	2109	0.0	2400	1777	0	1
21	3051	872	609	4450	2109	0.0	2400	1777	0	1
21	3049	871	608	4445	2109	0.0	2400	1777	0	1
21	3049	871	608	4446	2109	0.0	2400	1777	0	1
21	3050	872	609	4449	2110	0.0	2400	1777	0	1
21	3049	871	608	4446	2109	0.0	2400	1777	0	1
21	3134	888	619	4556	2101	0.0	2400	1777	0	1
21	3148	890	621	4573	2100	0.0	2400	1777	0	1
21	3157	892	622	4585	2099	0.0	2400	1777	0	1
21	3147	890	621	4572	2100	0.0	2400	1777	0	1
21	3158	892	622	4585	2099	0.0	2400	1777	0	1
21	3148	891	621	4573	2100	0.0	2400	1777	0	1
21	3157	892	622	4585	2099	0.0	2400	1777	0	1
21	3149	891	621	4575	2100	0.0	2400	1777	0	1
21	3156	892	622	4583	2099	0.0	2400	1777	0	1
21	3150	891	621	4576	2099	0.0	2400	1777	0	1
21	3155	891	621	4581	2098	0.0	2400	1777	0	1
21	3151	891	621	4578	2100	0.0	2400	1777	0	1
21	3049	871	608	4445	2109	0.0	2400	1777	0	1
21	3051	872	609	4449	2109	0.0	2400	1777	0	1
21	3049	870	607	4444	2107	0.0	2400	1777	0	1
21	3051	872	607	4450	2108	0.0	2400	1777	0	1
21	3063	875	610	4465	2108	0.0	2400	1777	0	1
21	3049	870	607	4444	2107	0.0	2400	1777	0	1
21	3051	872	609	4451	2110	0.0	2400	1777	0	1
21	3049	870	607	4444	2107	0.0	2400	1777	0	1
21	3063	875	611	4466	2109	0.0	2400	1777	0	1
21	3049	870	607	4443	2107	0.0	2400	1777	0	1
21	3075	877	612	4481	2108	0.0	2400	1777	0	1
21	3150	890	620	4574	2098	0.0	2400	1777	0	1
21	3145	891	621	4570	2100	0.0	2400	1777	0	1
21	3149	890	620	4573	2098	0.0	2400	1777	0	1
21	3157	893	623	4586	2100	0.0	2400	1777	0	1
21	3149	890	620	4572	2098	0.0	2400	1777	0	0
21	3158	893	623	4587	2100	0.0	2400	1777	0	0
21	5829	1413	963	8005	1964	0.0	2400	1777	0	0
21	5838	1415	965	8019	1965	0.0	2400	1777	0	0
21	5827	1412	963	8002	1965	0.0	2400	1777	0	0
22	5837	1415	965	8018	1966	0.0	2400	0	1333	1
22	5826	1412	963	8002	1965	0.0	2400	0	1333	1
22	1972	1708	836	4614	3006	1443.0	2400	0	1333	1
22	1977	1707	836	4618	3002	1440.0	2400	0	1333	1
22	1972	1708	836	4614	3006	1443.0	2400	0	1333	1
22	1976	1707	836	4617	3002	1440.0	2400	0	1333	1
22	1972	1708	836	4614	3006	1443.0	2400	0	1333	1
22	1976	1706	836	4616	3002	1439.0	2400	0	1333	1
22	1965	1702	834	4599	3008	1438.0	2400	0	1333	1
22	1975	1706	835	4615	3001	1440.0	2400	0	1333	1
22	1972	1708	836	4615	3006	1443.0	2400	0	1333	1
22	1974	1706	835	4614	3002	1440.0	2400	0	1333	1
22	1973	1709	837	4617	3007	1444.0	2400	0	1333	1
22	1914	1657	815	4481	3013	1397.0	2400	0	1333	1
22	1915	1658	815	4484	3012	1398.0	2400	0	1333	1
22	1914	1656	815	4481	3013	1395.0	2400	0	1333	1
22	1915	1658	816	4484	3014	1397.0	2400	0	1333	1
22	1913	1656	814	4480	3012	1396.0	2400	0	1333	1
22	1915	1658	816	4485	3014	1397.0	2400	0	1333	1
22	1913	1656	814	4480	3012	1396.0	2400	0	1333	1
22	1913	1656	814	4479	3012	1396.0	2400	0	1333	1
22	1915	1658	816	4486	3014	1397.0	2400	0	1333	1
22	1913	1656	814	4479	3012	1396.0	2400	0	1333	1
22	1943	1681	826	4548	3010	1417.0	2400	0	1333	1
22	1970	1707	835	4611	3005	1443.0	2400	0	1333	1
22	1977	1707	836	4619	3002	1440.0	2400	0	1333	1
22	1971	1707	835	4611	3005	1443.0	2400	0	1333	1
22	1976	1707	836	4618	3002	1440.0	2400	0	1333	1
22	1964	1701	833	4597	3006	1437.0	2400	0	1333	1
22	1975	1707	837	4618	3005	1440.0	2400	0	1333	1
22	1972	1707	835	4612	3004	1442.0	2400	0	1333	1
22	1975	1708	837	4618	3005	1442.0	2400	0	1333	1
22	1966	1700	833	4597	3005	1435.0	2400	0	1333	1
22	1974	1709	837	4618	3006	1443.0	2400	0	1333	1
22	1973	1706	835	4613	3003	1441.0	2400	0	1333	1
22	1915	1658	816	4485	3014	1397.0	2400	0	1333	1
22	1920	1662	817	4495	3012	1401.0	2400	0	1333	1
22	1915	1658	816	4485	3014	1397.0	2400	0	1333	1
22	1915	1658	816	4480	3014	1397.0	2400	0	1333	1
22	1914	1656	814	4480	3011	1396.0	2400	0	1333	1
22	1915	1658	815	4484	3012	1398.0	2400	0	1333	1
22	1914	1656	815	4481	3013	1395.0	2400	0	1333	1
22	1915	1657	815	4484	3012	1397.0	2400	0	1333	1
22	1914	1657	815	4481	3013	1397.0	2400	0	1333	1
22	1921	1663	818	4499	3013	1402.0	2400	0	1333	1
22	1914	1657	815	4482	3013	1397.0	2400	0	1333	0
22	1855	1606	794	4348	3021	1351.0	2400	0	1333	0
22	364	346	265	1004	4164	233.0	2400	0	1333	0
22	363	345	265	1003	4172	232.0	2400	0	1333	0
22	364	346	265	1004	4164	233.0	2400	0	1333	0
23	363	345	264	1002	4161	233.0	2400	355	1111	1
23	363	346	265	1003	4172	234.0	2400	355	1111	1
23	2056	1517	771	4416	2819	1162.0	2400	355	1111	1
23	2048	1512	769	4401	2821	1158.0	2400	355	1111	1
23	2047	1511	768	4398	2820	1158.0	2400	355	1111	1
23	2048	1512	769	4402	2821	1158.0	2400	355	1111	1
23	2047	1510	768	4397	2820	1156.0	2400	355	1111	1
23	2110	1554	787	4525	2812	1191.0	2400	355	1111	1
23	2114	1556	789	4532	2812	1192.0	2400	355	1111	1
23	2100	1549	785	4507	2815	1188.0	2400	355	1111	1
23	2113	1555	788	4529	2811	1191.0	2400	355	1111	1
23	2106	1553	786	4519	2812	1192.0	2400	355	1111	1
23	2112	1554	787	4527	2810	1191.0	2400	355	1111	1
23	2105	1552	786	4516	2813	1190.0	2400	355	1111	1
23	2109	1552	786	4521	2810	1189.0	2400	355	1111	1
23	2104	1551	785	4513	2812	1190.0	2400	355	1111	1
23	2107	1551	786	4516	2812	1188.0	2400	355	1111	1
23	2104	1550	785	4512	2812	1188.0	2400	355	1111	1
23	2042	1507	767	4388	2822	1154.0	2400	355	1111	1
23	2040	1505	765	4380	2819	1153.0	2400	355	1111	1
23	2042	1507	766	4386	2820	1155.0	2400	355	1111	1
23	2038	1504	764	4378	2819	1153.0	2400	355	1111	1
23	2046	1511	768	4396	2821	1158.0	2400	355	1111	1
23	2037	1503	764	4374	2819	1151.0	2400	355	1111	1
23	2038	1505	765	4379	2821	1153.0	2400	355	1111	1
23	2046	1510	767	4395	2819	1157.0	2400	355	1111	1
23	2036	1503	764	4375	2820	1152.0	2400	355	1111	1
23	2038	1505	765	4380	2821	1153.0	2400	355	1111	1
23	2037	1504	764	4377	2819	1153.0	2400	355	1111	1
23	2097	1545	783	4498	2813	1184.0	2400	355	1111	1
23	2101	1550	784	4508	2812	1190.0	2400	355	1111	1
23	2105	1549	784	4512	2810	1187.0	2400	355	1111	1
23	2101	1550	784	4509	2812	1190.0	2400	355	1111	1
23	2105	1549	784	4512	2810	1187.0	2400	355	1111	1
23	2102	1551	785	4511	2813	1191.0	2400	355	1111	1
23	2105	1549	784	4511	2810	1187.0	2400	355	1111	1
23	2104	1552	785	4514	2812	1191.0	2400	355	1111	1
23	2104	1550	784	4511	2810	1189.0	2400	355	1111	1
23	2105	1551	785	4515	2811	1190.0	2400	355	1111	1
23	2102	1550	785	4511	2813	1189.0	2400	355	1111	1
23	2068	1524	773	4438	2815	1168.0	2400	355	1111	1
23	2039	1506	765	4381	2820	1155.0	2400	355	1111	1
23	2040	1506	766	4384	2821	1154.0	2400	355	1111	1
23	2039	1506	765	4382	2820	1155.0	2400	355	1111	1
23	2037	1504	764	4376	2819	1153.0	2400	355	1111	1
23	2045	1510	767	4394	2819	1158.0	2400	355	1111	0
23	3080	2229	1077	6483	2723	1729.0	2400	355	1111	0
23	3780	2711	1287	7892	2688	2109.0	2400	355	1111	0
23	3778	2709	1285	7887	2686	2108.0	2400	355	1111	0
23	3778	2711	1287	7890	2688	2110.0	2400	355	1111	0
24	3778	2708	1285	7884	2686	2107.0	2400	711	888	1
24	3692	2650	1261	7715	2692	2061.0	2400	711	888	1
24	2289	1357	728	4406	2602	865.0	2400	711	888	1
24	2300	1364	732	4429	2603	870.0	2400	711	888	1
24	2289	1357	728	4406	2602	865.0	2400	711	888	1
24	2291	1359	729	4412	2603	867.0	2400	711	888	1
24	2288	1356	727	4404	2601	865.0	2400	711	888	1
24	2290	1358	729	4410	2603	866.0	2400	711	888	1
24	2287	1356	727	4402	2602	865.0	2400	711	888	1
24	2289	1358	728	4408	2602	867.0	2400	711	888	1
24	2287	1355	727	4402	2602	864.0	2400	711	888	1
24	2289	1360	729	4408	2604	869.0	2400	711	888	1
24	2366	1396	746	4541	2592	889.0	2400	711	888	1
24	2359	1395	745	4531	2594	890.0	2400	711	888	1
24	2365	1396	746	4539	2592	889.0	2400	711	888	1
24	2361	1395	745	4533	2593	890.0	2400	711	888	1
24	2361	1394	745	4534	2593	888.0	2400	711	888	1
24	2361	1395	745	4533	2593	890.0	2400	711	888	1
24	2359	1393	744	4530	2592	888.0	2400	711	888	1
24	2351	1389	742	4515	2593	886.0	2400	711	888	1
24	2358	1393	744	4528	2593	888.0	2400	711	888	1
24	2361	1393	744	4531	2591	887.0	2400	711	888	1
24	2357	1393	744	4528	2593	888.0	2400	711	888	1
24	2320	1370	733	4455	2594	872.0	2400	711	888	1
24	2286	1354	726	4399	2601	863.0	2400	711	888	1
24	2287	1355	727	4402	2602	864.0	2400	711	888	1
24	2289	1356	727	4405	2601	865.0	2400	711	888	1
24	2295	1359	729	4416	2601	866.0	2400	711	888	1
24	2295	1360	730	4419	2602	867.0	2400	711	888	1
24	2299	1363	732	4426	2604	869.0	2400	711	888	1
24	2300	1364	732	4430	2603	870.0	2400	711	888	1
24	2299	1363	731	4426	2602	869.0	2400	711	888	1
24	2300	1365	733	4431	2605	871.0	2400	711	888	1
24	2298	1363	731	4425	2602	870.0	2400	711	888	1
24	2372	1404	751	4560	2597	896.0	2400	711	888	1
24	2376	1401	749	4559	2592	891.0	2400	711	888	1
24	2373	1404	751	4562	2596	895.0	2400	711	888	1
24	2374	1401	749	4557	2593	892.0	2400	711	888	1
24	2374	1404	751	4563	2596	895.0	2400	711	888	1
24	2364	1396	746	4539	2593	889.0	2400	711	888	1
24	2373	1403	750	4560	2595	895.0	2400	711	888	1
24	2370	1398	747	4549	2591	890.0	2400	711	888	1
24	2372	1402	750	4557	2595	893.0	2400	711	888	1
24	2359	1393	745	4529	2594	887.0	2400	711	888	1
24	2373	1402	750	4557	2595	893.0	2400	711	888	1
24	2368	1399	747	4547	2592	892.0	2400	711	888	0
24	2298	1363	732	4425	2604	869.0	2400	711	888	0
24	354	338	260	981	4189	228.0	2400	711	888	0
24	355	339	260	984	4181	229.0	2400	711	888	0
24	358	341	262	990	4179	230.0	2400	711	888	0
25	356	340	261	985	4184	230.0	2400	1066	666	1
25	1673	868	523	3073	2582	444.0	2400	1066	666	1
25	2633	1253	713	4593	2419	601.0	2400	1066	666	1
25	2641	1254	715	4604	2419	598.0	2400	1066	666	1
25	2633	1253	714	4594	2421	600.0	2400	1066	666	1
25	2634	1250	713	4591	2419	595.0	2400	1066	666	1
25	2575	1228	701	4499	2426	589.0	2400	1066	666	1
25	2553	1220	697	4466	2429	586.0	2400	1066	666	1
25	2552	1220	697	4464	2429	586.0	2400	1066	666	1
25	2552	1220	697	4464	2429	586.0	2400	1066	666	1
25	2552	1219	697	4464	2429	585.0	2400	1066	666	1
25	2552	1219	697	4463	2429	585.0	2400	1066	666	1
25	2552	1220	697	4464	2429	586.0	2400	1066	666	1
25	2561	1223	699	4478	2428	587.0	2400	1066	666	1
25	2552	1220	697	4465	2429	586.0	2400	1066	666	1
25	2551	1219	697	4462	2429	585.0	2400	1066	666	1
25	2551	1218	696	4460	2428	584.0	2400	1066	666	1
25	2638	1254	714	4601	2420	600.0	2400	1066	666	1
25	2631	1251	712	4588	2418	599.0	2400	1066	666	1
25	2638	1254	714	4600	2419	600.0	2400	1066	666	1
25	2621	1247	710	4572	2419	597.0	2400	1066	666	1
25	2639	1253	714	4600	2418	598.0	2400	1066	666	1
25	2630	1251	712	4586	2419	599.0	2400	1066	666	1
25	2640	1253	714	4599	2417	598.0	2400	1066	666	1
25	2630	1250	712	4586	2419	597.0	2400	1066	666	1
25	2639	1253	714	4600	2418	598.0	2400	1066	666	1
25	2632	1251	712	4588	2418	598.0	2400	1066	666	1
25	2637	1252	714	4597	2419	597.0	2400	1066	666	1
25	2624	1245	710	4572	2418	593.0	2400	1066	666	1
25	2552	1219	697	4464	2429	585.0	2400	1066	666	1
25	2550	1217	695	4457	2427	584.0	2400	1066	666	1
25	2552	1219	697	4463	2429	585.0	2400	1066	666	1
25	2550	1217	695	4458	2427	584.0	2400	1066	666	1
25	2559	1223	699	4477	2429	587.0	2400	1066	666	1
25	2550	1217	697	4458	2429	582.0	2400	1066	666	1
25	2550	1218	696	4459	2428	585.0	2400	1066	666	1
25	2562	1223	699	4480	2428	586.0	2400	1066	666	1
25	2551	1218	696	4459	2427	584.0	2400	1066	666	1
25	2553	1219	697	4464	2429	585.0	2400	1066	666	1
25	2628	1249	711	4582	2418	597.0	2400	1066	666	1
25	2625	1249	712	4580	2421	598.0	2400	1066	666	1
25	2635	1251	713	4593	2418	597.0	2400	1066	666	1
25	2637	1253	714	4598	2419	598.0	2400	1066	666	1
25	2633	1251	712	4590	2418	598.0	2400	1066	666	1
25	2638	1253	714	4599	2419	598.0	2400	1066	666	1
25	2633	1251	713	4591	2419	597.0	2400	1066	666	0
25	2638	1253	714	4598	2419	598.0	2400	1066	666	0
25	4823	2129	1148	8059	2285	954.0	2400	1066	666	0
25	4829	2128	1148	8064	2284	950.0	2400	1066	666	0
25	4822	2128	1148	8058	2285	953.0	2400	1066	666	0
26	4827	2128	1148	8062	2285	951.0	2400	1422	444	1
26	4824	2129	1148	8060	2285	953.0	2400	1422	444	1
26	2671	1228	707	4594	2393	553.0	2400	1422	444	1
26	2895	1101	676	4627	2258	303.0	2400	1422	444	1
26	2902	1105	679	4639	2259	304.0	2400	1422	444	1
26	2894	1102	677	4628	2259	304.0	2400	1422	444	1
26	2892	1102	677	4626	2260	304.0	2400	1422	444	1
26	2893	1103	677	4628	2260	306.0	2400	1422	444	1
26	2903	1105	679	4642	2259	304.0	2400	1422	444	1
26	2895	1103	677	4630	2259	305.0	2400	1422	444	1
26	2896	1105	678	4634	2260	307.0	2400	1422	444	1
26	2887	1099	675	4616	2259	303.0	2400	1422	444	1
26	2807	1077	663	4505	2268	303.0	2400	1422	444	1
26	2804	1075	662	4498	2268	301.0	2400	1422	444	1
26	2818	1080	665	4520	2268	303.0	2400	1422	444	1
26	2804	1075	662	4498	2268	301.0	2400	1422	444	1
26	2807	1077	664	4505	2270	302.0	2400	1422	444	1
26	2804	1075	662	4498	2268	301.0	2400	1422	444	1
26	2807	1077	664	4505	2270	302.0	2400	1422	444	1
26	2804	1074	662	4498	2268	300.0	2400	1422	444	1
26	2806	1077	663	4504	2269	303.0	2400	1422	444	1
26	2806	1076	663	4503	2269	302.0	2400	1422	444	1
26	2893	1101	676	4625	2258	303.0	2400	1422	444	1
26	2900	1103	678	4634	2258	303.0	2400	1422	444	1
26	2894	1101	676	4624	2257	303.0	2400	1422	444	1
26	2903	1103	678	4639	2258	302.0	2400	1422	444	1
26	2893	1101	676	4624	2257	303.0	2400	1422	444	1
26	2900	1103	678	4636	2259	303.0	2400	1422	444	1
26	2896	1101	677	4628	2258	302.0	2400	1422	444	1
26	2898	1102	677	4632	2258	302.0	2400	1422	444	1
26	2889	1099	675	4617	2257	302.0	2400	1422	444	1
26	2895	1102	677	4629	2259	303.0	2400	1422	444	1
26	2901	1102	677	4635	2257	302.0	2400	1422	444	1
26	2894	1102	677	4628	2259	304.0	2400	1422	444	1
26	2815	1077	664	4513	2267	299.0	2400	1422	444	1
26	2805	1075	662	4499	2268	301.0	2400	1422	444	1
26	2805	1074	662	4498	2268	299.0	2400	1422	444	1
26	2805	1074	662	4499	2268	299.0	2400	1422	444	1
26	2811	1075	663	4504	2266	298.0	2400	1422	444	1
26	2805	1075	662	4499	2268	301.0	2400	1422	444	1
26	2804	1074	662	4497	2268	300.0	2400	1422	444	1
26	2805	1075	662	4499	2268	301.0	2400	1422	444	1
26	2804	1074	661	4496	2267	301.0	2400	1422	444	1
26	2805	1075	662	4500	2268	301.0	2400	1422	444	1
26	2823	1079	664	4524	2265	300.0	2400	1422	444	1
26	2898	1103	678	4633	2259	303.0	2400	1422	444	0
26	2464	971	605	4007	2307	289.0	2400	1422	444	0
26	356	340	261	987	4184	230.0	2400	1422	444	0
26	355	338	260	982	4181	227.0	2400	1422	444	0
26	357	340	262	988	4187	228.0	2400	1422	444	0
27	354	338	260	982	4189	228.0	2400	1777	222	1
27	357	340	262	988	4187	228.0	2400	1777	222	1
27	3060	940	632	4552	2137	27.0	2400	1777	222	1
27	3062	942	634	4557	2139	28.0	2400	1777	222	1
27	3071	943	634	4566	2136	27.0	2400	1777	222	1
27	3061	942	634	4557	2140	29.0	2400	1777	222	1
27	3155	962	645	4678	2129	22.0	2400	1777	222	1
27	3159	965	645	4687	2129	25.0	2400	1777	222	1
27	3161	965	648	4688	2130	22.0	2400	1777	222	1
27	3165	963	646	4690	2127	19.0	2400	1777	222	1
27	3163	965	648	4692	2130	21.0	2400	1777	222	1
27	3161	963	646	4685	2128	20.0	2400	1777	222	1
27	3166	965	648	4695	2130	20.0	2400	1777	222	1
27	3157	962	646	4680	2129	20.0	2400	1777	222	1
27	3169	966	648	4699	2129	21.0	2400	1777	222	1
27	3157	962	646	4680	2129	20.0	2400	1777	222	1
27	3163	963	647	4689	2129	19.0	2400	1777	222	1
27	3059	940	632	4551	2138	27.0	2400	1777	222	1
27	3061	942	634	4556	2140	29.0	2400	1777	222	1
27	3059	940	632	4551	2138	27.0	2400	1777	222	1
27	3061	942	633	4556	2138	29.0	2400	1777	222	1
27	3059	940	632	4551	2138	27.0	2400	1777	222	1
27	3060	942	633	4555	2139	30.0	2400	1777	222	1
27	3059	940	632	4552	2139	27.0	2400	1777	222	1
27	3073	944	635	4571	2138	27.0	2400	1777	222	1
27	3060	941	633	4552	2138	28.0	2400	1777	222	1
27	3060	941	633	4553	2139	28.0	2400	1777	222	1
27	3073	944	635	4572	2138	27.0	2400	1777	222	1
27	3169	965	648	4696	2128	20.0	2400	1777	222	1
27	3159	963	647	4685	2130	20.0	2400	1777	222	1
27	3167	965	648	4695	2129	20.0	2400	1777	222	1
27	3148	961	645	4670	2130	22.0	2400	1777	222	1
27	3164	964	647	4691	2129	20.0	2400	1777	222	1
27	3163	964	647	4688	2128	21.0	2400	1777	222	1
27	3162	964	647	4689	2129	21.0	2400	1777	222	1
27	3165	964	647	4691	2129	20.0	2400	1777	222	1
27	3161	964	647	4687	2130	21.0	2400	1777	222	1
27	3167	964	647	4693	2128	19.0	2400	1777	222	1
27	3159	964	647	4686	2130	22.0	2400	1777	222	1
27	3059	940	632	4551	2138	27.0	2400	1777	222	1
27	3061	942	633	4555	2138	29.0	2400	1777	222	1
27	3059	940	632	4550	2138	27.0	2400	1777	222	1
27	3061	942	633	4556	2138	29.0	2400	1777	222	1
27	3059	940	632	4550	2138	27.0	2400	1777	222	1
27	3059	940	632	4550	2138	27.0	2400	1777	222	1
27	3061	942	634	4556	2140	29.0	2400	1777	222	0
27	5017	1376	901	7134	2024	0.0	2400	1777	222	0
27	5866	1565	1020	8256	2000	0.0	2400	1777	222	0
27	5856	1561	1017	8239	1999	0.0	2400	1777	222	0
27	5866	1565	1020	8256	2000	0.0	2400	1777	222	0
28	5854	1561	1017	8236	1999	0.0	2400	2133	0	1
28	5456	1474	963	7715	2011	0.0	2400	2133	0	1
28	3328	874	634	4721	2063	0.0	2400	2133	0	1
28	3332	877	636	4729	2063	0.0	2400	2133	0	1
28	3329	875	635	4722	2063	0.0	2400	2133	0	1
28	3332	877	636	4729	2063	0.0	2400	2133	0	1
28	3330	875	635	4722	2061	0.0	2400	2133	0	1
28	3332	877	636	4729	2063	0.0	2400	2133	0	1
28	3330	875	635	4723	2062	0.0	2400	2133	0	1
28	3332	877	636	4729	2063	0.0	2400	2133	0	1
28	3330	875	635	4723	2062	0.0	2400	2133	0	1
28	3365	883	640	4770	2060	0.0	2400	2133	0	1
28	3444	897	650	4869	2054	0.0	2400	2133	0	1
28	3447	896	650	4871	2053	0.0	2400	2133	0	1
28	3442	896	650	4867	2055	0.0	2400	2133	0	1
28	3448	896	650	4872	2053	0.0	2400	2133	0	1
28	3441	896	650	4865	2054	0.0	2400	2133	0	1
28	3436	894	648	4858	2054	0.0	2400	2133	0	1
28	3440	896	649	4864	2054	0.0	2400	2133	0	1
28	3450	897	650	4875	2053	0.0	2400	2133	0	1
28	3441	896	649	4864	2053	0.0	2400	2133	0	1
28	3442	897	649	4866	2053	0.0	2400	2133	0	1
28	3331	876	635	4726	2062	0.0	2400	2133	0	1
28	3332	876	636	4727	2063	0.0	2400	2133	0	1
28	3331	876	635	4726	2062	0.0	2400	2133	0	1
28	3345	879	637	4744	2062	0.0	2400	2133	0	1
28	3331	876	635	4725	2062	0.0	2400	2133	0	1
28	3332	876	636	4728	2063	0.0	2400	2133	0	1
28	3331	875	635	4725	2062	0.0	2400	2133	0	1
28	3332	877	636	4728	2063	0.0	2400	2133	0	1
28	3331	875	635	4725	2062	0.0	2400	2133	0	1
28	3330	875	635	4723	2062	0.0	2400	2133	0	1
28	3333	877	636	4729	2063	0.0	2400	2133	0	1
28	3450	897	650	4874	2053	0.0	2400	2133	0	1
28	3442	897	650	4867	2054	0.0	2400	2133	0	1
28	3449	896	649	4872	2052	0.0	2400	2133	0	1
28	3443	897	650	4868	2054	0.0	2400	2133	0	1
28	3447	896	649	4870	2052	0.0	2400	2133	0	1
28	3445	897	650	4870	2054	0.0	2400	2133	0	1
28	3446	896	649	4869	2052	0.0	2400	2133	0	1
28	3445	897	651	4871	2055	0.0	2400	2133	0	1
28	3432	893	647	4851	2054	0.0	2400	2133	0	1
28	3446	897	651	4872	2055	0.0	2400	2133	0	1
28	3444	895	649	4866	2053	0.0	2400	2133	0	1
28	3394	888	644	4807	2059	0.0	2400	2133	0	1
28	3344	877	636	4740	2061	0.0	2400	2133	0	0
28	3333	877	636	4730	2063	0.0	2400	2133	0	0
28	355	338	260	982	4181	227.0	2400	2133	0	0
28	357	340	262	988	4187	228.0	2400	2133	0	0
28	357	340	262	988	4187	228.0	2400	2133	0	0
29	355	338	260	983	4181	227.0	2400	0	1555	1
29	1478	1376	696	3630	3185	1182.0	2400	0	1555	1
29	2000	1863	900	4867	3105	1632.0	2400	0	1555	1
29	2005	1862	900	4871	3101	1629.0	2400	0	1555	1
29	2000	1863	900	4867	3105	1632.0	2400	0	1555	1
29	1942	1807	877	4727	3111	1579.0	2400	0	1555	1
29	1941	1806	877	4724	3112	1578.0	2400	0	1555	1
29	1942	1807	877	4726	3111	1579.0	2400	0	1555	1
29	1941	1806	877	4724	3112	1578.0	2400	0	1555	1
29	1942	1806	877	4726	3111	1578.0	2400	0	1555	1
29	1941	1806	877	4725	3112	1578.0	2400	0	1555	1
29	1948	1813	880	4741	3112	1585.0	2400	0	1555	1
29	1942	1806	877	4725	3111	1578.0	2400	0	1555	1
29	1941	1806	877	4724	3112	1578.0	2400	0	1555	1
29	1942	1806	877	4725	3111	1578.0	2400	0	1555	1
29	1948	1812	879	4740	3110	1584.0	2400	0	1555	1
29	1942	1807	877	4726	3111	1579.0	2400	0	1555	1
29	2005	1861	900	4869	3101	1627.0	2400	0	1555	1
29	1992	1856	897	4849	3106	1626.0	2400	0	1555	1
29	2004	1861	900	4870	3102	1628.0	2400	0	1555	1
29	1999	1862	900	4865	3106	1631.0	2400	0	1555	1
29	2004	1862	901	4870	3103	1628.0	2400	0	1555	1
29	1999	1862	900	4865	3106	1631.0	2400	0	1555	1
29	2003	1862	901	4870	3104	1629.0	2400	0	1555	1
29	1999	1862	900	4864	3106	1631.0	2400	0	1555	1
29	2003	1862	901	4870	3104	1629.0	2400	0	1555	1
29	2000	1861	899	4863	3103	1630.0	2400	0	1555	1
29	1963	1824	885	4774	3108	1593.0	2400	0	1555	1
29	1940	1805	876	4720	3111	1577.0	2400	0	1555	1
29	1942	1807	878	4728	3113	1579.0	2400	0	1555	1
29	1940	1805	876	4721	3111	1577.0	2400	0	1555	1
29	1943	1807	878	4728	3112	1578.0	2400	0	1555	1
29	1940	1805	876	4721	3111	1577.0	2400	0	1555	1
29	1943	1807	878	4728	3112	1578.0	2400	0	1555	1
29	1940	1805	876	4721	3111	1577.0	2400	0	1555	1
29	1950	1805	876	4745	3102	1574.0	2400	0	1555	1
29	1943	1807	878	4728	3112	1578.0	2400	0	1555	1
29	1941	1805	876	4723	3110	1577.0	2400	0	1555	1
29	1997	1856	898	4854	3104	1623.0	2400	0	1555	1
29	2000	1863	900	4866	3105	1632.0	2400	0	1555	1
29	2004	1862	900	4870	3102	1629.0	2400	0	1555	1
29	2000	1863	900	4866	3105	1632.0	2400	0	1555	1
29	1998	1855	898	4853	3103	1621.0	2400	0	1555	1
29	2000	1863	901	4867	3107	1631.0	2400	0	1555	1
29	2004	1862	901	4869	3103	1628.0	2400	0	1555	1
29	2001	1862	900	4867	3104	1630.0	2400	0	1555	0
29	2002	1863	901	4869	3105	1631.0	2400	0	1555	0
29	3582	3325	1515	8595	3002	2976.0	2400	0	1555	0
29	3581	3326	1515	8596	3002	2978.0	2400	0	1555	0
29	3583	3324	1514	8593	3000	2975.0	2400	0	1555	0
30	3579	3326	1515	8594	3003	2978.0	2400	355	1333	1
30	3583	3323	1514	8594	3000	2973.0	2400	355	1333	1
30	2031	1825	888	4840	3056	1571.0	2400	355	1333	1
30	2140	1709	852	4778	2907	1379.0	2400	355	1333	1
30	2131	1704	850	4763	2910	1375.0	2400	355	1333	1
30	2139	1710	852	4778	2908	1380.0	2400	355	1333	1
30	2138	1712	853	4781	2911	1383.0	2400	355	1333	1
30	2140	1709	851	4778	2906	1379.0	2400	355	1333	1
30	2130	1706	851	4764	2913	1378.0	2400	355	1333	1
30	2141	1708	851	4778	2905	1377.0	2400	355	1333	1
30	2100	1679	839	4695	2913	1354.0	2400	355	1333	1
30	2072	1659	830	4637	2917	1338.0	2400	355	1333	1
30	2082	1667	834	4660	2917	1344.0	2400	355	1333	1
30	2072	1659	830	4637	2917	1338.0	2400	355	1333	1
30	2075	1661	832	4644	2918	1339.0	2400	355	1333	1
30	2072	1659	830	4637	2917	1338.0	2400	355	1333	1
30	2075	1661	832	4644	2918	1339.0	2400	355	1333	1
30	2072	1659	830	4637	2917	1338.0	2400	355	1333	1
30	2075	1661	832	4644	2918	1339.0	2400	355	1333	1
30	2072	1659	830	4637	2917	1338.0	2400	355	1333	1
30	2075	1661	832	4644	2918	1339.0	2400	355	1333	1
30	2072	1659	830	4637	2917	1338.0	2400	355	1333	1
30	2138	1710	852	4778	2909	1381.0	2400	355	1333	1
30	2140	1711	853	4782	2909	1381.0	2400	355	1333	1
30	2139	1709	852	4777	2908	1379.0	2400	355	1333	1
30	2139	1712	853	4782	2910	1383.0	2400	355	1333	1
30	2140	1709	851	4778	2906	1379.0	2400	355	1333	1
30	2138	1712	853	4781	2911	1383.0	2400	355	1333	1
30	2132	1703	849	4761	2908	1374.0	2400	355	1333	1
30	2139	1712	854	4783	2912	1382.0	2400	355	1333	1
30	2138	1709	852	4777	2909	1379.0	2400	355	1333	1
30	2140	1711	853	4782	2909	1381.0	2400	355	1333	1
30	2138	1710	852	4777	2909	1381.0	2400	355	1333	1
30	2074	1660	831	4641	2917	1338.0	2400	355	1333	1
30	2074	1660	831	4640	2917	1338.0	2400	355	1333	1
30	2074	1660	831	4641	2917	1338.0	2400	355	1333	1
30	2081	1666	833	4656	2916	1344.0	2400	355	1333	1
30	2074	1660	831	4640	2917	1338.0	2400	355	1333	1
30	2074	1660	831	4641	2917	1338.0	2400	355	1333	1
30	2073	1660	830	4639	2916	1339.0	2400	355	1333	1
30	2073	1659	830	4639	2916	1338.0	2400	355	1333	1
30	2074	1661	831	4642	2917	1340.0	2400	355	1333	1
30	2073	1659	830	4638	2916	1338.0	2400	355	1333	1
30	2118	1695	846	4737	2912	1368.0	2400	355	1333	1
30	2139	1711	852	4779	2908	1382.0	2400	355	1333	1
30	2140	1711	853	4782	2909	1381.0	2400	355	1333	0
30	1655	1336	691	3746	2981	1065.0	2400	355	1333	0
30	357	341	262	989	4187	230.0	2400	355	1333	0
30	355	338	260	982	4181	227.0	2400	355	1333	0
30	357	341	262	989	4187	230.0	2400	355	1333	0
31	354	338	260	981	4189	228.0	2400	711	1111	1
31	357	340	262	988	4187	228.0	2400	711	1111	1
31	2339	1521	798	4695	2690	1057.0	2400	711	1111	1
31	2331	1518	797	4684	2693	1055.0	2400	711	1111	1
31	2329	1515	795	4677	2691	1053.0	2400	711	1111	1
31	2409	1562	818	4827	2684	1084.0	2400	711	1111	1
31	2393	1556	814	4800	2687	1083.0	2400	711	1111	1
31	2410	1562	817	4827	2682	1085.0	2400	711	1111	1
31	2403	1561	817	4818	2686	1085.0	2400	711	1111	1
31	2405	1561	817	4821	2685	1085.0	2400	711	1111	1
31	2405	1562	817	4822	2685	1086.0	2400	711	1111	1
31	2406	1560	816	4820	2683	1083.0	2400	711	1111	1
31	2404	1563	818	4822	2687	1087.0	2400	711	1111	1
31	2408	1560	816	4822	2682	1083.0	2400	711	1111	1
31	2404	1563	818	4823	2687	1087.0	2400	711	1111	1
31	2406	1560	816	4820	2683	1083.0	2400	711	1111	1
31	2331	1517	797	4682	2693	1054.0	2400	711	1111	1
31	2330	1516	796	4680	2692	1053.0	2400	711	1111	1
31	2331	1517	797	4682	2693	1054.0	2400	711	1111	1
31	2330	1516	796	4680	2692	1053.0	2400	711	1111	1
31	2330	1517	797	4681	2694	1054.0	2400	711	1111	1
31	2330	1516	797	4681	2694	1053.0	2400	711	1111	1
31	2339	1521	799	4697	2692	1056.0	2400	711	1111	1
31	2331	1517	797	4681	2693	1054.0	2400	711	1111	1
31	2330	1516	796	4679	2692	1053.0	2400	711	1111	1
31	2331	1517	797	4681	2693	1054.0	2400	711	1111	1
31	2338	1521	798	4695	2691	1057.0	2400	711	1111	1
31	2402	1561	816	4818	2685	1086.0	2400	711	1111	1
31	2409	1561	817	4825	2683	1083.0	2400	711	1111	1
31	2394	1556	814	4801	2686	1082.0	2400	711	1111	1
31	2408	1561	817	4824	2683	1084.0	2400	711	1111	1
31	2404	1561	817	4820	2685	1085.0	2400	711	1111	1
31	2406	1561	817	4822	2684	1084.0	2400	711	1111	1
31	2406	1561	816	4820	2683	1085.0	2400	711	1111	1
31	2405	1562	818	4823	2686	1085.0	2400	711	1111	1
31	2406	1559	816	4819	2683	1082.0	2400	711	1111	1
31	2403	1563	818	4822	2687	1088.0	2400	711	1111	1
31	2406	1559	816	4819	2683	1082.0	2400	711	1111	1
31	2332	1518	797	4684	2693	1055.0	2400	711	1111	1
31	2329	1515	796	4677	2693	1052.0	2400	711	1111	1
31	2332	1518	797	4684	2693	1055.0	2400	711	1111	1
31	2329	1515	796	4678	2693	1052.0	2400	711	1111	1
31	2332	1517	797	4684	2693	1053.0	2400	711	1111	1
31	2329	1515	796	4678	2693	1052.0	2400	711	1111	1
31	2331	1518	797	4684	2693	1055.0	2400	711	1111	1
31	2340	1522	799	4699	2691	1057.0	2400	711	1111	0
31	3949	2483	1236	7712	2583	1732.0	2400	711	1111	0
31	4372	2736	1352	8506	2569	1909.0	2400	711	1111	0
31	4376	2733	1350	8505	2566	1904.0	2400	711	1111	0
31	4372	2736	1352	8505	2569	1909.0	2400	711	1111	0
32	4374	2733	1350	8503	2566	1905.0	2400	1066	888	1
32	3880	2439	1217	7579	2586	1699.0	2400	1066	888	1
32	2581	1371	761	4714	2514	769.0	2400	1066	888	1
32	2592	1377	764	4732	2514	772.0	2400	1066	888	1
32	2582	1372	761	4715	2513	770.0	2400	1066	888	1
32	2582	1372	761	4715	2513	770.0	2400	1066	888	1
32	2582	1372	762	4716	2515	769.0	2400	1066	888	1
32	2582	1371	761	4714	2513	768.0	2400	1066	888	1
32	2583	1372	762	4717	2514	769.0	2400	1066	888	1
32	2582	1371	761	4714	2513	768.0	2400	1066	888	1
32	2633	1398	774	4804	2510	785.0	2400	1066	888	1
32	2664	1410	780	4853	2506	789.0	2400	1066	888	1
32	2671	1412	782	4863	2505	789.0	2400	1066	888	1
32	2672	1412	781	4864	2504	789.0	2400	1066	888	1
32	2663	1410	780	4852	2506	790.0	2400	1066	888	1
32	2661	1407	779	4846	2506	786.0	2400	1066	888	1
32	2665	1411	780	4854	2505	790.0	2400	1066	888	1
32	2667	1411	781	4858	2506	789.0	2400	1066	888	1
32	2668	1411	780	4857	2503	789.0	2400	1066	888	1
32	2656	1407	779	4841	2508	788.0	2400	1066	888	1
32	2668	1410	780	4857	2504	788.0	2400	1066	888	1
32	2584	1373	762	4719	2514	770.0	2400	1066	888	1
32	2581	1371	761	4714	2514	769.0	2400	1066	888	1
32	2594	1379	765	4738	2514	774.0	2400	1066	888	1
32	2582	1371	761	4714	2513	768.0	2400	1066	888	1
32	2584	1374	763	4721	2516	771.0	2400	1066	888	1
32	2582	1371	761	4714	2513	768.0	2400	1066	888	1
32	2584	1374	763	4721	2516	771.0	2400	1066	888	1
32	2582	1372	761	4715	2513	770.0	2400	1066	888	1
32	2584	1374	763	4721	2516	771.0	2400	1066	888	1
32	2582	1372	761	4716	2513	770.0	2400	1066	888	1
32	2584	1372	761	4720	2513	769.0	2400	1066	888	1
32	2672	1412	781	4865	2504	789.0	2400	1066	888	1
32	2666	1412	781	4858	2507	791.0	2400	1066	888	1
32	2670	1412	781	4862	2505	790.0	2400	1066	888	1
32	2667	1413	781	4859	2505	792.0	2400	1066	888	1
32	2668	1411	781	4859	2506	789.0	2400	1066	888	1
32	2669	1413	781	4862	2505	792.0	2400	1066	888	1
32	2666	1411	780	4856	2505	790.0	2400	1066	888	1
32	2660	1409	780	4847	2507	789.0	2400	1066	888	1
32	2665	1411	780	4856	2506	790.0	2400	1066	888	1
32	2671	1413	782	4865	2506	790.0	2400	1066	888	1
32	2665	1411	780	4855	2506	790.0	2400	1066	888	1
32	2621	1389	770	4780	2510	777.0	2400	1066	888	1
32	2582	1372	761	4715	2513	770.0	2400	1066	888	1
32	2584	1373	763	4720	2516	769.0	2400	1066	888	0
32	2582	1371	761	4714	2513	768.0	2400	1066	888	0
32	358	341	262	991	4179	230.0	2400	1066	888	0
32	355	339	261	984	4192	228.0	2400	1066	888	0
32	358	341	262	991	4179	230.0	2400	1066	888	0
33	358	341	262	991	4179	230.0	2400	1422	666	1
33	2328	1048	632	3984	2410	435.0	2400	1422	666	1
33	2933	1264	746	4903	2340	496.0	2400	1422	666	1
33	2932	1263	745	4898	2338	496.0	2400	1422	666	1
33	2838	1230	728	4759	2350	487.0	2400	1422	666	1
33	2836	1228	727	4753	2348	485.0	2400	1422	666	1
33	2838	1230	728	4759	2350	487.0	2400	1422	666	1
33	2836	1228	727	4753	2348	485.0	2400	1422	666	1
33	2838	1230	728	4758	2349	487.0	2400	1422	666	1
33	2836	1228	727	4753	2348	485.0	2400	1422	666	1
33	2838	1230	728	4758	2349	487.0	2400	1422	666	1
33	2836	1229	727	4754	2348	486.0	2400	1422	666	1
33	2838	1230	728	4757	2349	487.0	2400	1422	666	1
33	2847	1233	729	4771	2347	488.0	2400	1422	666	1
33	2837	1230	728	4757	2349	487.0	2400	1422	666	1
33	2837	1229	727	4755	2348	486.0	2400	1422	666	1
33	2935	1264	746	4904	2339	496.0	2400	1422	666	1
33	2917	1259	743	4878	2341	496.0	2400	1422	666	1
33	2927	1263	745	4895	2341	497.0	2400	1422	666	1
33	2935	1263	745	4902	2338	495.0	2400	1422	666	1
33	2928	1263	745	4897	2341	497.0	2400	1422	666	1
33	2934	1262	745	4900	2338	494.0	2400	1422	666	1
33	2930	1264	746	4899	2341	497.0	2400	1422	666	1
33	2932	1262	744	4897	2338	495.0	2400	1422	666	1
33	2932	1264	746	4901	2340	497.0	2400	1422	666	1
33	2930	1261	744	4894	2338	494.0	2400	1422	666	1
33	2867	1239	733	4801	2346	488.0	2400	1422	666	1
33	2835	1228	727	4752	2348	485.0	2400	1422	666	1
33	2838	1230	728	4758	2349	487.0	2400	1422	666	1
33	2835	1228	726	4751	2347	486.0	2400	1422	666	1
33	2838	1230	728	4758	2349	487.0	2400	1422	666	1
33	2835	1228	726	4751	2347	486.0	2400	1422	666	1
33	2838	1230	728	4759	2350	487.0	2400	1422	666	1
33	2846	1232	729	4768	2347	487.0	2400	1422	666	1
33	2838	1230	728	4758	2349	487.0	2400	1422	666	1
33	2835	1228	727	4752	2348	485.0	2400	1422	666	1
33	2847	1232	729	4769	2347	486.0	2400	1422	666	1
33	2930	1263	745	4899	2341	496.0	2400	1422	666	1
33	2933	1263	745	4901	2339	495.0	2400	1422	666	1
33	2928	1264	746	4898	2342	498.0	2400	1422	666	1
33	2923	1258	743	4884	2339	492.0	2400	1422	666	1
33	2928	1264	745	4897	2340	499.0	2400	1422	666	1
33	2934	1262	745	4901	2338	494.0	2400	1422	666	1
33	2930	1264	746	4898	2340	497.0	2400	1422	666	1
33	2932	1262	745	4898	2339	494.0	2400	1422	666	1
33	2931	1264	746	4900	2341	497.0	2400	1422	666	0
33	2931	1262	745	4897	2339	495.0	2400	1422	666	0
33	5408	2150	1211	8660	2214	751.0	2400	1422	666	0
33	5404	2148	1210	8653	2214	750.0	2400	1422	666	0
33	5407	2150	1211	8658	2213	751.0	2400	1422	666	0
34	5402	2149	1210	8652	2214	752.0	2400	1777	444	1
34	5408	2149	1210	8657	2213	750.0	2400	1777	444	1
34	3012	1212	733	4903	2292	398.0	2400	1777	444	1
34	3197	1113	709	4938	2198	199.0	2400	1777	444	1
34	3190	1112	709	4933	2201	200.0	2400	1777	444	1
34	3192	1114	710	4936	2200	202.0	2400	1777	444	1
34	3181	1108	706	4916	2199	199.0	2400	1777	444	1
34	3196	1115	710	4940	2199	202.0	2400	1777	444	1
34	3190	1111	708	4929	2198	199.0	2400	1777	444	1
34	3113	1091	697	4824	2207	201.0	2400	1777	444	1
34	3100	1087	694	4805	2207	201.0	2400	1777	444	1
34	3091	1086	694	4794	2209	202.0	2400	1777	444	1
34	3088	1083	692	4788	2208	200.0	2400	1777	444	1
34	3091	1086	694	4795	2209	202.0	2400	1777	444	1
34	3100	1086	693	4803	2206	200.0	2400	1777	444	1
34	3091	1086	694	4794	2209	202.0	2400	1777	444	1
34	3089	1084	692	4788	2207	201.0	2400	1777	444	1
34	3091	1086	693	4794	2208	203.0	2400	1777	444	1
34	3089	1084	692	4788	2207	201.0	2400	1777	444	1
34	3091	1086	693	4794	2208	203.0	2400	1777	444	1
34	3089	1084	692	4789	2207	201.0	2400	1777	444	1
34	3192	1114	709	4935	2199	203.0	2400	1777	444	1
34	3198	1113	709	4940	2198	199.0	2400	1777	444	1
34	3198	1113	709	4940	2198	199.0	2400	1777	444	1
34	3191	1113	709	4934	2200	201.0	2400	1777	444	1
34	3196	1113	709	4938	2198	200.0	2400	1777	444	1
34	3181	1110	707	4919	2201	201.0	2400	1777	444	1
34	3194	1113	709	4936	2199	200.0	2400	1777	444	1
34	3195	1114	709	4938	2198	202.0	2400	1777	444	1
34	3192	1113	709	4933	2199	201.0	2400	1777	444	1
34	3185	1110	708	4923	2200	199.0	2400	1777	444	1
34	3188	1112	708	4928	2199	201.0	2400	1777	444	1
34	3089	1084	692	4789	2207	201.0	2400	1777	444	1
34	3090	1086	693	4793	2208	203.0	2400	1777	444	1
34	3101	1087	694	4806	2206	200.0	2400	1777	444	1
34	3091	1086	693	4794	2208	203.0	2400	1777	444	1
34	3089	1084	692	4789	2207	201.0	2400	1777	444	1
34	3091	1086	694	4794	2209	202.0	2400	1777	444	1
34	3088	1084	692	4788	2207	201.0	2400	1777	444	1
34	3091	1087	694	4795	2209	204.0	2400	1777	444	1
34	3089	1084	692	4789	2207	201.0	2400	1777	444	1
34	3089	1085	692	4790	2207	203.0	2400	1777	444	1
34	3177	1111	708	4917	2203	203.0	2400	1777	444	1
34	3189	1113	708	4931	2200	203.0	2400	1777	444	1
34	3199	1116	711	4947	2201	202.0	2400	1777	444	1
34	3191	1113	709	4933	2199	201.0	2400	1777	444	0
34	2176	837	549	3521	2325	212.0	2400	1777	444	0
34	356	340	261	987	4184	230.0	2400	1777	444	0
34	359	342	263	994	4182	230.0	2400	1777	444	0
34	357	341	261	988	4176	231.0	2400	1777	444	0
35	359	342	263	994	4182	230.0	2400	2133	222	1
35	357	341	262	989	4187	230.0	2400	2133	222	1
35	3352	955	666	4859	2095	0.0	2400	2133	222	1
35	3349	953	664	4853	2094	0.0	2400	2133	222	1
35	3446	974	678	4980	2087	0.0	2400	2133	222	1
35	3469	978	681	5008	2085	0.0	2400	2133	222	1
35	3458	976	680	4995	2087	0.0	2400	2133	222	1
35	3468	977	681	5006	2085	0.0	2400	2133	222	1
35	3446	974	678	4979	2087	0.0	2400	2133	222	1
35	3460	976	680	4997	2086	0.0	2400	2133	222	1
35	3466	978	681	5004	2085	0.0	2400	2133	222	1
35	3461	976	680	4998	2086	0.0	2400	2133	222	1
35	3464	978	681	5004	2086	0.0	2400	2133	222	1
35	3463	976	680	4999	2085	0.0	2400	2133	222	1
35	3443	973	678	4976	2087	0.0	2400	2133	222	1
35	3348	953	664	4850	2093	0.0	2400	2133	222	1
35	3350	955	666	4856	2095	0.0	2400	2133	222	1
35	3348	953	664	4851	2093	0.0	2400	2133	222	1
35	3350	955	666	4857	2095	0.0	2400	2133	222	1
35	3348	953	664	4851	2093	0.0	2400	2133	222	1
35	3350	955	666	4858	2096	0.0	2400	2133	222	1
35	3348	952	664	4850	2093	0.0	2400	2133	222	1
35	3350	955	666	4857	2095	0.0	2400	2133	222	1
35	3347	952	664	4849	2093	0.0	2400	2133	222	1
35	3363	957	667	4874	2094	0.0	2400	2133	222	1
35	3347	952	663	4848	2092	0.0	2400	2133	222	1
35	3456	976	679	4992	2086	0.0	2400	2133	222	1
35	3464	975	678	4999	2083	0.0	2400	2133	222	1
35	3462	975	679	4996	2084	0.0	2400	2133	222	1
35	3463	976	680	5001	2086	0.0	2400	2133	222	1
35	3460	974	678	4993	2084	0.0	2400	2133	222	1
35	3465	976	680	5002	2085	0.0	2400	2133	222	1
35	3458	974	678	4991	2084	0.0	2400	2133	222	1
35	3467	977	680	5004	2084	0.0	2400	2133	222	1
35	3456	974	678	4991	2086	0.0	2400	2133	222	1
35	3468	976	680	5005	2085	0.0	2400	2133	222	1
35	3457	975	679	4991	2085	0.0	2400	2133	222	1
35	3348	952	664	4849	2093	0.0	2400	2133	222	1
35	3348	952	664	4850	2093	0.0	2400	2133	222	1
35	3348	952	664	4849	2093	0.0	2400	2133	222	1
35	3349	952	664	4851	2093	0.0	2400	2133	222	1
35	3347	951	663	4848	2093	0.0	2400	2133	222	1
35	3349	953	664	4852	2093	0.0	2400	2133	222	1
35	3347	951	663	4847	2092	0.0	2400	2133	222	1
35	3362	955	666	4869	2093	0.0	2400	2133	222	1
35	3347	951	663	4846	2092	0.0	2400	2133	222	0
35	6110	1516	1035	8415	1971	0.0	2400	2133	222	0
35	6453	1587	1083	8859	1964	0.0	2400	2133	222	0
35	6442	1583	1080	8841	1963	0.0	2400	2133	222	0
35	6450	1587	1083	8855	1964	0.0	2400	2133	222	0
36	6441	1583	1080	8841	1964	0.0	2400	2488	0	1
36	5397	1371	941	7497	1992	0.0	2400	2488	0	1
36	3640	890	668	5047	2024	0.0	2400	2488	0	1
36	3642	892	670	5054	2026	0.0	2400	2488	0	1
36	3641	890	669	5048	2024	0.0	2400	2488	0	1
36	3643	892	670	5055	2026	0.0	2400	2488	0	1
36	3641	890	669	5049	2025	0.0	2400	2488	0	1
36	3643	892	670	5055	2026	0.0	2400	2488	0	1
36	3641	890	669	5050	2025	0.0	2400	2488	0	1
36	3765	912	685	5205	2018	0.0	2400	2488	0	1
36	3772	912	685	5211	2016	0.0	2400	2488	0	1
36	3765	912	685	5205	2018	0.0	2400	2488	0	1
36	3770	912	685	5209	2016	0.0	2400	2488	0	1
36	3767	912	685	5207	2017	0.0	2400	2488	0	1
36	3769	913	685	5209	2016	0.0	2400	2488	0	1
36	3765	912	685	5203	2017	0.0	2400	2488	0	1
36	3772	913	686	5212	2017	0.0	2400	2488	0	1
36	3749	909	683	5184	2018	0.0	2400	2488	0	1
36	3773	913	686	5213	2017	0.0	2400	2488	0	1
36	3764	912	685	5203	2017	0.0	2400	2488	0	1
36	3642	891	669	5051	2025	0.0	2400	2488	0	1
36	3658	894	672	5072	2024	0.0	2400	2488	0	1
36	3642	891	669	5050	2024	0.0	2400	2488	0	1
36	3644	892	670	5055	2026	0.0	2400	2488	0	1
36	3642	890	669	5050	2025	0.0	2400	2488	0	1
36	3659	895	672	5074	2024	0.0	2400	2488	0	1
36	3641	890	669	5050	2025	0.0	2400	2488	0	1
36	3644	892	670	5056	2026	0.0	2400	2488	0	1
36	3642	890	669	5049	2024	0.0	2400	2488	0	1
36	3644	892	670	5056	2026	0.0	2400	2488	0	1
36	3641	890	669	5049	2025	0.0	2400	2488	0	1
36	3677	898	675	5097	2024	0.0	2400	2488	0	1
36	3764	913	685	5205	2018	0.0	2400	2488	0	1
36	3770	912	685	5208	2016	0.0	2400	2488	0	1
36	3768	913	686	5209	2017	0.0	2400	2488	0	1
36	3766	911	684	5203	2016	0.0	2400	2488	0	1
36	3771	914	686	5213	2017	0.0	2400	2488	0	1
36	3747	908	682	5180	2018	0.0	2400	2488	0	1
36	3774	914	687	5217	2017	0.0	2400	2488	0	1
36	3763	911	684	5200	2016	0.0	2400	2488	0	1
36	3770	913	686	5212	2018	0.0	2400	2488	0	1
36	3752	909	683	5188	2018	0.0	2400	2488	0	1
36	3644	892	670	5055	2026	0.0	2400	2488	0	1
36	3643	891	669	5052	2025	0.0	2400	2488	0	1
36	3643	892	670	5054	2026	0.0	2400	2488	0	1
36	3658	894	671	5071	2023	0.0	2400	2488	0	0
36	3643	892	670	5054	2026	0.0	2400	2488	0	0
36	356	340	261	986	4184	230.0	2400	2488	0	0
36	356	339	261	986	4184	228.0	2400	2488	0	0
36	356	340	261	987	4184	230.0	2400	2488	0	0
37	356	339	261	985	4184	228.0	2400	0	1777	1
37	1798	1785	868	4548	3230	1598.0	2400	0	1777	1
37	2024	2013	964	5108	3205	1814.0	2400	0	1777	1
37	1962	1950	937	4953	3210	1755.0	2400	0	1777	1
37	1963	1951	938	4958	3211	1755.0	2400	0	1777	1
37	1962	1949	937	4952	3210	1753.0	2400	0	1777	1
37	1963	1951	938	4957	3211	1755.0	2400	0	1777	1
37	1961	1949	937	4952	3211	1753.0	2400	0	1777	1
37	1964	1951	938	4958	3210	1755.0	2400	0	1777	1
37	1961	1949	936	4951	3209	1754.0	2400	0	1777	1
37	1964	1951	938	4958	3210	1755.0	2400	0	1777	1
37	1968	1956	939	4969	3208	1761.0	2400	0	1777	1
37	1964	1951	938	4958	3210	1755.0	2400	0	1777	1
37	1961	1949	936	4951	3209	1754.0	2400	0	1777	1
37	1979	1970	946	5000	3212	1774.0	2400	0	1777	1
37	2016	2003	959	5085	3203	1805.0	2400	0	1777	1
37	2025	2012	964	5108	3204	1812.0	2400	0	1777	1
37	2022	2011	963	5103	3205	1812.0	2400	0	1777	1
37	2026	2011	963	5108	3201	1811.0	2400	0	1777	1
37	2026	2011	963	5108	3201	1811.0	2400	0	1777	1
37	2021	2011	963	5102	3206	1813.0	2400	0	1777	1
37	2025	2012	964	5108	3204	1812.0	2400	0	1777	1
37	2023	2010	962	5102	3202	1811.0	2400	0	1777	1
37	2023	2013	964	5108	3206	1814.0	2400	0	1777	1
37	2024	2009	962	5102	3201	1809.0	2400	0	1777	1
37	1963	1951	938	4956	3211	1755.0	2400	0	1777	1
37	1962	1950	937	4953	3210	1755.0	2400	0	1777	1
37	1962	1950	937	4955	3210	1755.0	2400	0	1777	1
37	1962	1950	937	4954	3210	1755.0	2400	0	1777	1
37	1962	1950	937	4954	3210	1755.0	2400	0	1777	1
37	1962	1950	937	4955	3210	1755.0	2400	0	1777	1
37	1963	1955	939	4961	3213	1761.0	2400	0	1777	1
37	1963	1950	938	4955	3211	1753.0	2400	0	1777	1
37	1962	1949	937	4952	3210	1753.0	2400	0	1777	1
37	1963	1951	938	4956	3211	1755.0	2400	0	1777	1
37	1969	1956	940	4969	3209	1760.0	2400	0	1777	1
37	1963	1951	938	4956	3211	1755.0	2400	0	1777	1
37	2026	2011	963	5108	3201	1811.0	2400	0	1777	1
37	2014	2003	959	5083	3205	1805.0	2400	0	1777	1
37	2024	2013	964	5108	3205	1814.0	2400	0	1777	1
37	2023	2009	962	5100	3202	1810.0	2400	0	1777	1
37	2023	2014	964	5109	3206	1816.0	2400	0	1777	1
37	2024	2008	961	5100	3199	1808.0	2400	0	1777	1
37	2023	2013	964	5108	3206	1814.0	2400	0	1777	1
37	2023	2009	962	5101	3202	1810.0	2400	0	1777	1
37	2024	2012	964	5107	3205	1813.0	2400	0	1777	0
37	2021	2011	962	5101	3204	1813.0	2400	0	1777	0
37	3626	3617	1638	9063	3112	3332.0	2400	0	1777	0
37	3620	3618	1637	9056	3113	3337.0	2400	0	1777	0
37	3625	3617	1638	9062	3112	3333.0	2400	0	1777	0
38	3621	3616	1636	9054	3112	3334.0	2400	355	1555	1
38	3623	3618	1638	9061	3113	3335.0	2400	355	1555	1
38	2084	1949	943	5073	3115	1709.0	2400	355	1555	1
38	2172	1873	921	5049	3006	1577.0	2400	355	1555	1
38	2175	1868	919	5045	3000	1569.0	2400	355	1555	1
38	2173	1870	919	5045	3002	1573.0	2400	355	1555	1
38	2175	1871	920	5048	3002	1573.0	2400	355	1555	1
38	2172	1872	920	5046	3004	1576.0	2400	355	1555	1
38	2115	1821	899	4915	3010	1529.0	2400	355	1555	1
38	2107	1815	896	4899	3011	1524.0	2400	355	1555	1
38	2107	1815	896	4899	3011	1524.0	2400	355	1555	1
38	2108	1815	896	4899	3010	1524.0	2400	355	1555	1
38	2115	1821	899	4916	3010	1529.0	2400	355	1555	1
38	2108	1815	896	4900	3010	1524.0	2400	355	1555	1
38	2107	1814	895	4897	3009	1524.0	2400	355	1555	1
38	2108	1815	896	4900	3010	1524.0	2400	355	1555	1
38	2106	1814	895	4897	3010	1524.0	2400	355	1555	1
38	2108	1816	897	4901	3012	1525.0	2400	355	1555	1
38	2106	1814	895	4896	3010	1524.0	2400	355	1555	1
38	2108	1816	897	4901	3012	1525.0	2400	355	1555	1
38	2175	1868	919	5044	3000	1569.0	2400	355	1555	1
38	2174	1873	922	5051	3006	1575.0	2400	355	1555	1
38	2173	1870	919	5044	3002	1573.0	2400	355	1555	1
38	2176	1871	920	5051	3001	1573.0	2400	355	1555	1
38	2177	1871	920	5051	3001	1572.0	2400	355	1555	1
38	2171	1871	920	5044	3005	1574.0	2400	355	1555	1
38	2176	1871	921	5050	3003	1572.0	2400	355	1555	1
38	2173	1870	919	5044	3002	1573.0	2400	355	1555	1
38	2166	1866	918	5033	3005	1570.0	2400	355	1555	1
38	2175	1868	919	5044	3000	1569.0	2400	355	1555	1
38	2172	1869	920	5043	3004	1571.0	2400	355	1555	1
38	2106	1814	895	4896	3010	1524.0	2400	355	1555	1
38	2116	1823	899	4919	3009	1532.0	2400	355	1555	1
38	2106	1814	895	4896	3010	1524.0	2400	355	1555	1
38	2108	1816	897	4902	3012	1525.0	2400	355	1555	1
38	2107	1814	895	4897	3009	1524.0	2400	355	1555	1
38	2115	1818	897	4911	3006	1526.0	2400	355	1555	1
38	2107	1814	896	4897	3011	1523.0	2400	355	1555	1
38	2108	1815	896	4900	3010	1524.0	2400	355	1555	1
38	2107	1815	896	4898	3011	1524.0	2400	355	1555	1
38	2107	1815	896	4899	3011	1524.0	2400	355	1555	1
38	2108	1815	896	4899	3010	1524.0	2400	355	1555	1
38	2176	1870	920	5048	3001	1571.0	2400	355	1555	1
38	2173	1872	920	5048	3004	1575.0	2400	355	1555	1
38	2175	1871	920	5049	3002	1573.0	2400	355	1555	1
38	2173	1870	919	5045	3002	1573.0	2400	355	1555	0
38	1372	1195	630	3256	3140	979.0	2400	355	1555	0
38	355	339	260	983	4181	229.0	2400	355	1555	0
38	357	340	262	989	4187	228.0	2400	355	1555	0
38	355	338	260	983	4181	227.0	2400	355	1555	0
39	357	341	262	989	4187	230.0	2400	711	1333	1
39	355	338	260	982	4181	227.0	2400	711	1333	1
39	2373	1678	865	4959	2779	1244.0	2400	711	1333	1
39	2435	1721	884	5082	2774	1278.0	2400	711	1333	1
39	2442	1721	885	5091	2771	1275.0	2400	711	1333	1
39	2434	1721	884	5081	2774	1279.0	2400	711	1333	1
39	2430	1715	882	5069	2773	1272.0	2400	711	1333	1
39	2437	1721	884	5084	2773	1278.0	2400	711	1333	1
39	2437	1722	885	5088	2774	1279.0	2400	711	1333	1
39	2438	1719	883	5084	2770	1275.0	2400	711	1333	1
39	2439	1719	883	5084	2770	1275.0	2400	711	1333	1
39	2438	1723	885	5089	2774	1280.0	2400	711	1333	1
39	2436	1719	883	5081	2772	1276.0	2400	711	1333	1
39	2439	1720	884	5085	2771	1275.0	2400	711	1333	1
39	2361	1670	861	4934	2780	1239.0	2400	711	1333	1
39	2362	1671	862	4936	2781	1239.0	2400	711	1333	1
39	2361	1670	861	4934	2780	1239.0	2400	711	1333	1
39	2362	1671	862	4936	2781	1239.0	2400	711	1333	1
39	2361	1670	861	4935	2780	1239.0	2400	711	1333	1
39	2361	1670	861	4935	2780	1239.0	2400	711	1333	1
39	2361	1670	862	4935	2782	1238.0	2400	711	1333	1
39	2361	1670	861	4934	2780	1239.0	2400	711	1333	1
39	2371	1677	864	4954	2779	1244.0	2400	711	1333	1
39	2361	1670	861	4933	2780	1239.0	2400	711	1333	1
39	2362	1671	862	4937	2781	1239.0	2400	711	1333	1
39	2414	1707	877	5041	2775	1268.0	2400	711	1333	1
39	2427	1716	882	5069	2775	1274.0	2400	711	1333	1
39	2439	1719	883	5084	2770	1275.0	2400	711	1333	1
39	2437	1718	883	5080	2771	1274.0	2400	711	1333	1
39	2431	1717	883	5072	2774	1274.0	2400	711	1333	1
39	2435	1719	883	5080	2772	1276.0	2400	711	1333	1
39	2441	1721	885	5090	2772	1276.0	2400	711	1333	1
39	2433	1720	883	5080	2773	1278.0	2400	711	1333	1
39	2440	1721	885	5089	2772	1276.0	2400	711	1333	1
39	2436	1721	884	5083	2773	1278.0	2400	711	1333	1
39	2438	1721	885	5087	2774	1277.0	2400	711	1333	1
39	2360	1669	861	4932	2781	1237.0	2400	711	1333	1
39	2363	1671	862	4939	2780	1239.0	2400	711	1333	1
39	2360	1669	860	4932	2779	1238.0	2400	711	1333	1
39	2363	1671	862	4938	2780	1239.0	2400	711	1333	1
39	2360	1669	861	4932	2781	1237.0	2400	711	1333	1
39	2362	1671	862	4938	2781	1239.0	2400	711	1333	1
39	2361	1673	862	4939	2782	1243.0	2400	711	1333	1
39	2362	1671	862	4937	2781	1239.0	2400	711	1333	1
39	2361	1669	861	4934	2780	1237.0	2400	711	1333	1
39	2362	1671	862	4937	2781	1239.0	2400	711	1333	0
39	2370	2993	1458	4952	2781	2887.0	2400	711	1333	0
39	4439	3048	1483	9025	2663	2284.0	2400	711	1333	0
39	4435	3048	1483	9021	2665	2285.0	2400	711	1333	0
39	4439	3047	1483	9023	2663	2282.0	2400	711	1333	0
40	4434	3048	1483	9020	2665	2285.0	2400	1066	1111	1
40	3591	2483	1229	7353	2694	1853.0	2400	1066	1111	1
40	2612	1525	826	4968	2595	954.0	2400	1066	1111	1
40	2614	1527	827	4971	2596	956.0	2400	1066	1111	1
40	2612	1525	826	4968	2595	954.0	2400	1066	1111	1
40	2614	1527	827	4972	2596	956.0	2400	1066	1111	1
40	2612	1525	826	4967	2595	954.0	2400	1066	1111	1
40	2614	1527	827	4973	2596	956.0	2400	1066	1111	1
40	2659	1551	838	5052	2591	971.0	2400	1066	1111	1
40	2701	1574	850	5128	2590	985.0	2400	1066	1111	1
40	2696	1570	847	5116	2587	982.0	2400	1066	1111	1
40	2703	1573	849	5128	2587	983.0	2400	1066	1111	1
40	2695	1571	847	5116	2588	984.0	2400	1066	1111	1
40	2704	1572	849	5128	2587	981.0	2400	1066	1111	1
40	2695	1571	847	5117	2588	984.0	2400	1066	1111	1
40	2688	1566	845	5102	2588	980.0	2400	1066	1111	1
40	2699	1571	848	5122	2588	982.0	2400	1066	1111	1
40	2700	1570	847	5122	2586	981.0	2400	1066	1111	1
40	2697	1573	849	5123	2590	985.0	2400	1066	1111	1
40	2613	1528	827	4973	2596	958.0	2400	1066	1111	1
40	2614	1527	827	4974	2596	956.0	2400	1066	1111	1
40	2612	1525	826	4968	2595	954.0	2400	1066	1111	1
40	2614	1527	827	4974	2596	956.0	2400	1066	1111	1
40	2623	1531	829	4987	2595	958.0	2400	1066	1111	1
40	2614	1527	827	4973	2596	956.0	2400	1066	1111	1
40	2613	1526	826	4969	2595	955.0	2400	1066	1111	1
40	2614	1527	827	4972	2596	956.0	2400	1066	1111	1
40	2613	1526	827	4970	2596	954.0	2400	1066	1111	1
40	2614	1526	827	4971	2596	954.0	2400	1066	1111	1
40	2614	1526	827	4971	2596	954.0	2400	1066	1111	1
40	2613	1526	827	4970	2596	954.0	2400	1066	1111	1
40	2702	1572	849	5126	2588	982.0	2400	1066	1111	1
40	2696	1571	848	5119	2589	983.0	2400	1066	1111	1
40	2696	1571	848	5119	2589	983.0	2400	1066	1111	1
40	2701	1571	848	5124	2587	982.0	2400	1066	1111	1
40	2699	1572	848	5122	2588	984.0	2400	1066	1111	1
40	2699	1571	848	5122	2588	982.0	2400	1066	1111	1
40	2701	1571	848	5122	2587	982.0	2400	1066	1111	1
40	2697	1573	849	5123	2590	985.0	2400	1066	1111	1
40	2691	1564	845	5104	2587	976.0	2400	1066	1111	1
40	2698	1573	849	5124	2589	985.0	2400	1066	1111	1
40	2652	1543	834	5033	2589	964.0	2400	1066	1111	1
40	2615	1527	827	4974	2595	955.0	2400	1066	1111	1
40	2622	1530	828	4985	2594	957.0	2400	1066	1111	1
40	2615	1527	828	4975	2597	955.0	2400	1066	1111	1
40	2612	1525	826	4968	2595	954.0	2400	1066	1111	0
40	2615	1527	828	4975	2597	955.0	2400	1066	1111	0
40	355	338	260	983	4181	227.0	2400	1066	1111	0
40	357	341	262	989	4187	230.0	2400	1066	1111	0
40	355	339	260	983	4181	229.0	2400	1066	1111	0
41	357	341	262	989	4187	230.0	2400	1422	888	1
41	2774	1345	773	4862	2437	656.0	2400	1422	888	1
41	2867	1381	792	5007	2428	669.0	2400	1422	888	1
41	2868	1383	793	5010	2428	671.0	2400	1422	888	1
41	2867	1382	792	5006	2427	670.0	2400	1422	888	1
41	2868	1383	792	5009	2426	672.0	2400	1422	888	1
41	2867	1382	792	5007	2427	670.0	2400	1422	888	1
41	2868	1382	792	5009	2427	670.0	2400	1422	888	1
41	2867	1382	792	5007	2427	670.0	2400	1422	888	1
41	2878	1387	794	5025	2425	673.0	2400	1422	888	1
41	2867	1382	792	5008	2428	670.0	2400	1422	888	1
41	2867	1382	792	5007	2427	670.0	2400	1422	888	1
41	2867	1382	792	5008	2428	670.0	2400	1422	888	1
41	2878	1386	794	5024	2425	672.0	2400	1422	888	1
41	2964	1423	813	5164	2419	688.0	2400	1422	888	1
41	2961	1420	811	5157	2418	686.0	2400	1422	888	1
41	2966	1424	813	5167	2418	689.0	2400	1422	888	1
41	2948	1416	809	5137	2419	685.0	2400	1422	888	1
41	2967	1423	813	5167	2418	687.0	2400	1422	888	1
41	2968	1422	813	5154	2412	685.0	2400	1422	888	1
41	2958	1421	811	5154	2418	688.0	2400	1422	888	1
41	2968	1422	813	5167	2417	685.0	2400	1422	888	1
41	2959	1421	811	5155	2418	688.0	2400	1422	888	1
41	2966	1422	813	5165	2418	686.0	2400	1422	888	1
41	2915	1398	800	5078	2420	674.0	2400	1422	888	1
41	2868	1383	793	5011	2428	671.0	2400	1422	888	1
41	2866	1381	791	5004	2426	670.0	2400	1422	888	1
41	2868	1383	793	5011	2428	671.0	2400	1422	888	1
41	2866	1381	791	5004	2426	670.0	2400	1422	888	1
41	2868	1383	793	5011	2428	671.0	2400	1422	888	1
41	2866	1381	791	5005	2427	670.0	2400	1422	888	1
41	2868	1383	793	5010	2428	671.0	2400	1422	888	1
41	2866	1381	791	5005	2427	670.0	2400	1422	888	1
41	2879	1388	795	5028	2426	674.0	2400	1422	888	1
41	2866	1381	791	5005	2427	670.0	2400	1422	888	1
41	2868	1383	792	5009	2426	672.0	2400	1422	888	1
41	2964	1421	812	5160	2417	686.0	2400	1422	888	1
41	2952	1418	811	5146	2421	686.0	2400	1422	888	1
41	2965	1423	813	5165	2418	688.0	2400	1422	888	1
41	2960	1421	812	5158	2420	687.0	2400	1422	888	1
41	2955	1418	810	5147	2418	685.0	2400	1422	888	1
41	2960	1422	812	5159	2420	689.0	2400	1422	888	1
41	2966	1422	812	5164	2417	687.0	2400	1422	888	1
41	2959	1422	812	5159	2420	689.0	2400	1422	888	1
41	2966	1421	812	5163	2417	685.0	2400	1422	888	1
41	2959	1423	813	5159	2420	690.0	2400	1422	888	0
41	2966	1421	812	5162	2417	685.0	2400	1422	888	0
41	5467	2463	1343	9173	2300	1129.0	2400	1422	888	0
41	5469	2459	1341	9170	2299	1124.0	2400	1422	888	0
41	5467	2462	1343	9173	2300	1128.0	2400	1422	888	0
42	5466	2459	1341	9165	2299	1125.0	2400	1777	666	1
42	5469	2463	1343	9175	2300	1129.0	2400	1777	666	1
42	3089	1345	793	5171	2343	539.0	2400	1777	666	1
42	3227	1273	777	5202	2274	392.0	2400	1777	666	1
42	3222	1271	775	5192	2272	392.0	2400	1777	666	1
42	3230	1275	778	5207	2274	394.0	2400	1777	666	1
42	3219	1270	776	5190	2275	391.0	2400	1777	666	1
42	3156	1249	763	5095	2278	388.0	2400	1777	666	1
42	3122	1240	758	5048	2282	388.0	2400	1777	666	1
42	3119	1237	757	5042	2282	385.0	2400	1777	666	1
42	3134	1244	761	5066	2282	389.0	2400	1777	666	1
42	3120	1238	757	5042	2281	387.0	2400	1777	666	1
42	3121	1240	758	5048	2283	389.0	2400	1777	666	1
42	3119	1238	757	5042	2282	387.0	2400	1777	666	1
42	3121	1239	758	5047	2283	387.0	2400	1777	666	1
42	3120	1238	757	5043	2281	387.0	2400	1777	666	1
42	3121	1239	758	5047	2283	387.0	2400	1777	666	1
42	3120	1238	757	5043	2281	387.0	2400	1777	666	1
42	3121	1239	758	5045	2282	387.0	2400	1777	666	1
42	3229	1274	777	5204	2273	393.0	2400	1777	666	1
42	3223	1273	776	5197	2274	394.0	2400	1777	666	1
42	3230	1274	777	5205	2273	393.0	2400	1777	666	1
42	3222	1273	776	5195	2274	395.0	2400	1777	666	1
42	3230	1273	777	5205	2273	391.0	2400	1777	666	1
42	3231	1273	777	5206	2273	391.0	2400	1777	666	1
42	3221	1272	776	5193	2274	393.0	2400	1777	666	1
42	3218	1269	775	5187	2274	390.0	2400	1777	666	1
42	3221	1272	776	5193	2274	393.0	2400	1777	666	1
42	3229	1273	777	5203	2273	392.0	2400	1777	666	1
42	3223	1270	775	5192	2272	390.0	2400	1777	666	1
42	3128	1243	760	5059	2283	390.0	2400	1777	666	1
42	3119	1237	757	5041	2282	385.0	2400	1777	666	1
42	3122	1239	758	5047	2282	387.0	2400	1777	666	1
42	3119	1237	757	5041	2282	385.0	2400	1777	666	1
42	3134	1244	761	5066	2282	389.0	2400	1777	666	1
42	3119	1237	756	5041	2281	386.0	2400	1777	666	1
42	3122	1240	758	5048	2282	388.0	2400	1777	666	1
42	3119	1237	757	5041	2282	385.0	2400	1777	666	1
42	3122	1240	758	5048	2282	388.0	2400	1777	666	1
42	3119	1237	757	5042	2282	385.0	2400	1777	666	1
42	3122	1240	758	5048	2282	388.0	2400	1777	666	1
42	3201	1264	771	5163	2275	391.0	2400	1777	666	1
42	3227	1271	775	5204	2275	391.0	2400	1777	666	1
42	3228	1275	778	5205	2274	394.0	2400	1777	666	1
42	3224	1271	775	5195	2273	392.0	2400	1777	666	1
42	3229	1275	778	5206	2274	394.0	2400	1777	666	0
42	1724	783	506	2993	2493	305.0	2400	1777	666	0
42	357	340	262	988	4187	228.0	2400	1777	666	0
42	356	339	261	985	4184	228.0	2400	1777	666	0
42	357	340	261	987	4176	229.0	2400	1777	666	0
43	356	339	261	985	4184	228.0	2400	2133	444	1
43	356	340	261	986	4184	230.0	2400	2133	444	1
43	3490	1124	741	5240	2150	98.0	2400	2133	444	1
43	3498	1125	741	5249	2148	97.0	2400	2133	444	1
43	3475	1120	739	5220	2151	98.0	2400	2133	444	1
43	3497	1124	741	5247	2148	96.0	2400	2133	444	1
43	3489	1124	741	5239	2150	99.0	2400	2133	444	1
43	3495	1123	741	5244	2149	95.0	2400	2133	444	1
43	3484	1124	741	5235	2151	100.0	2400	2133	444	1
43	3494	1123	740	5242	2148	96.0	2400	2133	444	1
43	3492	1125	742	5243	2149	98.0	2400	2133	444	1
43	3493	1125	742	5244	2149	98.0	2400	2133	444	1
43	3484	1120	738	5227	2148	96.0	2400	2133	444	1
43	3378	1096	724	5089	2158	103.0	2400	2133	444	1
43	3375	1094	722	5082	2157	102.0	2400	2133	444	1
43	3378	1096	724	5089	2158	103.0	2400	2133	444	1
43	3376	1094	722	5082	2156	102.0	2400	2133	444	1
43	3378	1096	724	5089	2158	103.0	2400	2133	444	1
43	3375	1094	722	5081	2156	102.0	2400	2133	444	1
43	3378	1096	724	5089	2158	103.0	2400	2133	444	1
43	3389	1097	724	5100	2155	101.0	2400	2133	444	1
43	3378	1096	724	5089	2158	103.0	2400	2133	444	1
43	3376	1094	722	5082	2156	102.0	2400	2133	444	1
43	3378	1096	724	5089	2158	103.0	2400	2133	444	1
43	3484	1122	739	5231	2149	98.0	2400	2133	444	1
43	3499	1126	742	5252	2149	98.0	2400	2133	444	1
43	3487	1123	740	5235	2149	98.0	2400	2133	444	1
43	3497	1125	742	5249	2149	97.0	2400	2133	444	1
43	3475	1120	738	5219	2150	99.0	2400	2133	444	1
43	3491	1124	741	5240	2149	98.0	2400	2133	444	1
43	3493	1124	741	5244	2149	97.0	2400	2133	444	1
43	3492	1124	741	5242	2149	98.0	2400	2133	444	1
43	3492	1124	741	5242	2149	98.0	2400	2133	444	1
43	3493	1125	741	5244	2149	99.0	2400	2133	444	1
43	3491	1123	741	5240	2149	96.0	2400	2133	444	1
43	3386	1096	724	5096	2156	100.0	2400	2133	444	1
43	3377	1095	723	5085	2157	102.0	2400	2133	444	1
43	3377	1095	724	5087	2159	102.0	2400	2133	444	1
43	3376	1095	723	5084	2157	103.0	2400	2133	444	1
43	3378	1096	724	5088	2158	103.0	2400	2133	444	1
43	3376	1094	723	5084	2158	101.0	2400	2133	444	1
43	3378	1096	724	5088	2158	103.0	2400	2133	444	1
43	3376	1094	723	5083	2157	101.0	2400	2133	444	1
43	3378	1096	724	5088	2158	103.0	2400	2133	444	1
43	3390	1097	724	5101	2155	100.0	2400	2133	444	1
43	3378	1096	724	5089	2158	103.0	2400	2133	444	0
43	3403	1101	727	5119	2154	100.0	2400	2133	444	0
43	6504	1876	1201	9326	2032	0.0	2400	2133	444	0
43	6509	1878	1203	9335	2033	0.0	2400	2133	444	0
43	6503	1876	1201	9324	2032	0.0	2400	2133	444	0
44	6507	1877	1203	9333	2033	0.0	2400	2488	222	1
44	4927	1481	960	7186	2075	35.0	2400	2488	222	1
44	3660	968	699	5178	2055	0.0	2400	2488	222	1
44	3658	966	697	5172	2053	0.0	2400	2488	222	1
44	3660	968	699	5179	2055	0.0	2400	2488	222	1
44	3658	966	697	5173	2053	0.0	2400	2488	222	1
44	3660	968	699	5178	2055	0.0	2400	2488	222	1
44	3788	991	714	5337	2044	0.0	2400	2488	222	1
44	3784	992	715	5335	2045	0.0	2400	2488	222	1
44	3788	992	715	5339	2045	0.0	2400	2488	222	1
44	3784	991	715	5334	2045	0.0	2400	2488	222	1
44	3789	992	715	5340	2044	0.0	2400	2488	222	1
44	3783	991	714	5333	2045	0.0	2400	2488	222	1
44	3790	992	715	5342	2045	0.0	2400	2488	222	1
44	3778	988	713	5324	2045	0.0	2400	2488	222	1
44	3790	992	715	5341	2044	0.0	2400	2488	222	1
44	3791	992	715	5342	2044	0.0	2400	2488	222	1
44	3767	987	712	5311	2046	0.0	2400	2488	222	1
44	3660	968	698	5178	2053	0.0	2400	2488	222	1
44	3659	966	697	5174	2053	0.0	2400	2488	222	1
44	3661	968	699	5179	2054	0.0	2400	2488	222	1
44	3673	969	699	5191	2051	0.0	2400	2488	222	1
44	3660	968	698	5177	2053	0.0	2400	2488	222	1
44	3659	966	697	5173	2053	0.0	2400	2488	222	1
44	3661	968	699	5180	2054	0.0	2400	2488	222	1
44	3658	966	697	5172	2053	0.0	2400	2488	222	1
44	3661	968	699	5180	2054	0.0	2400	2488	222	1
44	3659	966	697	5173	2053	0.0	2400	2488	222	1
44	3661	968	699	5179	2054	0.0	2400	2488	222	1
44	3702	975	703	5228	2049	0.0	2400	2488	222	1
44	3791	993	716	5344	2045	0.0	2400	2488	222	1
44	3782	990	713	5330	2045	0.0	2400	2488	222	1
44	3791	993	716	5344	2045	0.0	2400	2488	222	1
44	3782	990	714	5330	2045	0.0	2400	2488	222	1
44	3782	990	714	5330	2045	0.0	2400	2488	222	1
44	3790	992	716	5343	2046	0.0	2400	2488	222	1
44	3782	990	714	5331	2046	0.0	2400	2488	222	1
44	3775	989	713	5323	2046	0.0	2400	2488	222	1
44	3783	990	714	5332	2045	0.0	2400	2488	222	1
44	3789	992	715	5341	2045	0.0	2400	2488	222	1
44	3659	967	698	5175	2054	0.0	2400	2488	222	1
44	3666	970	699	5186	2053	0.0	2400	2488	222	1
44	3659	967	698	5176	2054	0.0	2400	2488	222	1
44	3659	967	698	5176	2054	0.0	2400	2488	222	1
44	3660	968	698	5177	2053	0.0	2400	2488	222	1
44	3674	970	700	5194	2052	0.0	2400	2488	222	0
44	3660	968	698	5178	2053	0.0	2400	2488	222	0
44	355	339	261	984	4192	228.0	2400	2488	222	0
44	357	340	262	988	4187	228.0	2400	2488	222	0
44	355	339	260	983	4181	229.0	2400	2488	222	0
45	357	340	262	989	4187	228.0	2400	2844	0	1
45	355	338	260	983	4181	227.0	2400	2844	0	1
45	3980	909	706	5406	1991	0.0	2400	2844	0	1
45	3982	911	708	5413	1992	0.0	2400	2844	0	1
45	3979	908	706	5406	1992	0.0	2400	2844	0	1
45	3982	911	708	5412	1992	0.0	2400	2844	0	1
45	3979	908	706	5405	1991	0.0	2400	2844	0	1
45	3982	911	707	5412	1991	0.0	2400	2844	0	1
45	3979	909	706	5405	1991	0.0	2400	2844	0	1
45	3982	911	708	5412	1992	0.0	2400	2844	0	1
45	3979	909	706	5405	1991	0.0	2400	2844	0	1
45	3997	913	709	5432	1992	0.0	2400	2844	0	1
45	4061	921	716	5506	1986	0.0	2400	2844	0	1
45	4123	933	725	5585	1984	0.0	2400	2844	0	1
45	4114	930	723	5572	1984	0.0	2400	2844	0	1
45	4105	930	722	5562	1985	0.0	2400	2844	0	1
45	4117	931	723	5575	1983	0.0	2400	2844	0	1
45	4118	932	724	5577	1984	0.0	2400	2844	0	1
45	4120	931	724	5579	1984	0.0	2400	2844	0	1
45	4105	931	722	5563	1985	0.0	2400	2844	0	1
45	4123	931	723	5583	1983	0.0	2400	2844	0	1
45	4122	932	724	5582	1983	0.0	2400	2844	0	1
45	4114	930	723	5572	1984	0.0	2400	2844	0	1
45	3980	910	707	5409	1992	0.0	2400	2844	0	1
45	3979	909	706	5407	1992	0.0	2400	2844	0	1
45	3980	910	707	5410	1992	0.0	2400	2844	0	1
45	3979	909	706	5406	1991	0.0	2400	2844	0	1
45	3981	911	707	5411	1991	0.0	2400	2844	0	1
45	3979	909	706	5406	1991	0.0	2400	2844	0	1
45	3981	911	707	5411	1991	0.0	2400	2844	0	1
45	3979	908	706	5405	1991	0.0	2400	2844	0	1
45	3997	913	709	5431	1991	0.0	2400	2844	0	1
45	3979	908	706	5404	1991	0.0	2400	2844	0	1
45	3981	911	708	5412	1992	0.0	2400	2844	0	1
45	3979	908	706	5405	1991	0.0	2400	2844	0	1
45	4124	933	725	5586	1984	0.0	2400	2844	0	1
45	4113	929	722	5568	1983	0.0	2400	2844	0	1
45	4124	933	725	5586	1984	0.0	2400	2844	0	1
45	4113	930	722	5569	1983	0.0	2400	2844	0	1
45	4116	930	723	5574	1984	0.0	2400	2844	0	1
45	4118	932	724	5578	1984	0.0	2400	2844	0	1
45	4120	931	723	5578	1983	0.0	2400	2844	0	1
45	4115	931	724	5574	1984	0.0	2400	2844	0	1
45	4122	932	724	5581	1983	0.0	2400	2844	0	1
45	4115	931	724	5574	1984	0.0	2400	2844	0	1
45	4028	917	712	5466	1988	0.0	2400	2844	0	0
45	4385	974	757	5903	1970	0.0	2400	2844	0	0
45	7734	1498	1168	9985	1877	0.0	2400	2844	0	0
45	7735	1499	1168	9987	1877	0.0	2400	2844	0	0
45	7728	1497	1168	9979	1877	0.0	2400	2844	0	0
46	7733	1498	1168	9985	1877	0.0	2400	0	2000	1
46	7723	1497	1167	9972	1877	0.0	2400	0	2000	1
46	2877	1670	905	5441	2584	1039.0	2400	0	2000	1
46	2052	2160	1025	5348	3294	1992.0	2400	0	2000	1
46	2050	2160	1024	5346	3294	1994.0	2400	0	2000	1
46	2045	2151	1021	5329	3293	1983.0	2400	0	2000	1
46	2049	2161	1025	5346	3296	1995.0	2400	0	2000	1
46	1988	2092	996	5184	3299	1927.0	2400	0	2000	1
46	1997	2102	1001	5209	3300	1936.0	2400	0	2000	1
46	1988	2091	995	5184	3297	1926.0	2400	0	2000	1
46	1990	2094	997	5191	3299	1929.0	2400	0	2000	1
46	1988	2091	995	5183	3297	1926.0	2400	0	2000	1
46	1997	2101	1000	5208	3298	1935.0	2400	0	2000	1
46	1987	2091	995	5183	3298	1927.0	2400	0	2000	1
46	1990	2094	997	5190	3299	1929.0	2400	0	2000	1
46	1987	2091	995	5183	3298	1927.0	2400	0	2000	1
46	1989	2093	997	5189	3300	1928.0	2400	0	2000	1
46	1987	2091	995	5182	3298	1927.0	2400	0	2000	1
46	2050	2162	1026	5351	3297	1995.0	2400	0	2000	1
46	2052	2157	1023	5344	3290	1989.0	2400	0	2000	1
46	2050	2161	1025	5348	3296	1995.0	2400	0	2000	1
46	2051	2159	1024	5346	3293	1992.0	2400	0	2000	1
46	2051	2160	1025	5348	3295	1993.0	2400	0	2000	1
46	2051	2160	1024	5347	3293	1993.0	2400	0	2000	1
46	2052	2159	1025	5348	3294	1991.0	2400	0	2000	1
46	2052	2158	1024	5346	3292	1990.0	2400	0	2000	1
46	2050	2162	1026	5349	3297	1995.0	2400	0	2000	1
46	2053	2158	1024	5346	3291	1990.0	2400	0	2000	1
46	2005	2109	1004	5228	3298	1943.0	2400	0	2000	1
46	1989	2092	996	5186	3298	1927.0	2400	0	2000	1
46	1990	2094	997	5190	3299	1929.0	2400	0	2000	1
46	1988	2092	996	5185	3299	1927.0	2400	0	2000	1
46	1997	2102	1000	5209	3298	1937.0	2400	0	2000	1
46	1988	2092	996	5185	3299	1927.0	2400	0	2000	1
46	1990	2094	997	5190	3299	1929.0	2400	0	2000	1
46	1988	2092	996	5184	3299	1927.0	2400	0	2000	1
46	1990	2094	998	5191	3301	1928.0	2400	0	2000	1
46	1988	2092	996	5184	3299	1927.0	2400	0	2000	1
46	1990	2094	997	5191	3299	1929.0	2400	0	2000	1
46	1988	2092	996	5184	3299	1927.0	2400	0	2000	1
46	2048	2152	1022	5333	3292	1983.0	2400	0	2000	1
46	2049	2160	1024	5345	3295	1994.0	2400	0	2000	1
46	2054	2160	1025	5352	3292	1992.0	2400	0	2000	1
46	2049	2161	1025	5345	3296	1995.0	2400	0	2000	1
46	2050	2159	1024	5344	3294	1992.0	2400	0	2000	1
46	2053	2161	1025	5351	3293	1994.0	2400	0	2000	0
46	978	1005	540	2582	3494	873.0	2400	0	2000	0
46	357	340	262	988	4187	228.0	2400	0	2000	0
46	356	339	261	985	4184	228.0	2400	0	2000	0
46	356	340	261	987	4184	230.0	2400	0	2000	0
47	356	339	261	985	4184	228.0	2400	355	1777	1
47	510	483	323	1349	3804	360.0	2400	355	1777	1
47	2192	2012	980	5272	3094	1746.0	2400	355	1777	1
47	2195	2022	984	5288	3098	1758.0	2400	355	1777	1
47	2199	2019	983	5288	3094	1753.0	2400	355	1777	1
47	2195	2022	983	5287	3097	1759.0	2400	355	1777	1
47	2190	2013	980	5269	3095	1748.0	2400	355	1777	1
47	2195	2020	983	5284	3097	1756.0	2400	355	1777	1
47	2197	2021	983	5289	3095	1757.0	2400	355	1777	1
47	2196	2019	982	5283	3094	1755.0	2400	355	1777	1
47	2196	2022	984	5290	3098	1758.0	2400	355	1777	1
47	2196	2018	981	5282	3093	1754.0	2400	355	1777	1
47	2127	1957	955	5125	3101	1699.0	2400	355	1777	1
47	2130	1960	957	5132	3102	1701.0	2400	355	1777	1
47	2127	1958	955	5125	3101	1700.0	2400	355	1777	1
47	2130	1960	957	5133	3102	1701.0	2400	355	1777	1
47	2127	1958	955	5125	3101	1700.0	2400	355	1777	1
47	2130	1960	957	5132	3102	1701.0	2400	355	1777	1
47	2127	1958	956	5126	3103	1700.0	2400	355	1777	1
47	2130	1960	957	5132	3102	1701.0	2400	355	1777	1
47	2128	1958	956	5126	3102	1699.0	2400	355	1777	1
47	2130	1960	957	5131	3102	1701.0	2400	355	1777	1
47	2136	1965	959	5145	3101	1706.0	2400	355	1777	1
47	2199	2020	983	5290	3094	1754.0	2400	355	1777	1
47	2194	2022	983	5287	3098	1759.0	2400	355	1777	1
47	2198	2020	983	5288	3094	1755.0	2400	355	1777	1
47	2186	2015	980	5268	3099	1753.0	2400	355	1777	1
47	2199	2019	982	5286	3092	1754.0	2400	355	1777	1
47	2195	2022	984	5287	3098	1758.0	2400	355	1777	1
47	2197	2019	982	5285	3093	1754.0	2400	355	1777	1
47	2195	2020	983	5285	3097	1756.0	2400	355	1777	1
47	2198	2020	983	5287	3094	1755.0	2400	355	1777	1
47	2194	2021	983	5284	3098	1758.0	2400	355	1777	1
47	2199	2019	983	5288	3094	1753.0	2400	355	1777	1
47	2128	1958	956	5126	3102	1699.0	2400	355	1777	1
47	2130	1960	957	5131	3102	1701.0	2400	355	1777	1
47	2127	1958	955	5125	3101	1700.0	2400	355	1777	1
47	2130	1960	957	5132	3102	1701.0	2400	355	1777	1
47	2127	1957	955	5125	3101	1699.0	2400	355	1777	1
47	2130	1960	957	5132	3102	1701.0	2400	355	1777	1
47	2127	1957	955	5125	3101	1699.0	2400	355	1777	1
47	2130	1960	957	5132	3102	1701.0	2400	355	1777	1
47	2135	1965	959	5144	3102	1706.0	2400	355	1777	1
47	2130	1960	957	5133	3102	1701.0	2400	355	1777	1
47	2128	1958	956	5126	3102	1699.0	2400	355	1777	1
47	2186	2014	980	5267	3099	1751.0	2400	355	1777	0
47	2196	2020	982	5285	3094	1756.0	2400	355	1777	0
47	3966	3639	1678	9426	3002	3227.0	2400	355	1777	0
47	3964	3635	1677	9418	3002	3223.0	2400	355	1777	0
47	3961	3636	1677	9416	3004	3225.0	2400	355	1777	0
48	3965	3635	1677	9418	3002	3222.0	2400	711	1555	1
48	2844	2613	1238	6802	3049	2294.0	2400	711	1555	1
48	2395	1825	927	5194	2865	1424.0	2400	711	1555	1
48	2395	1825	927	5195	2865	1424.0	2400	711	1555	1
48	2395	1825	927	5194	2865	1424.0	2400	711	1555	1
48	2395	1826	927	5196	2865	1426.0	2400	711	1555	1
48	2475	1880	951	5355	2854	1467.0	2400	711	1555	1
48	2471	1884	953	5356	2860	1473.0	2400	711	1555	1
48	2473	1880	951	5353	2856	1468.0	2400	711	1555	1
48	2474	1884	953	5360	2858	1472.0	2400	711	1555	1
48	2472	1880	951	5351	2856	1468.0	2400	711	1555	1
48	2475	1884	953	5360	2858	1472.0	2400	711	1555	1
48	2471	1881	951	5351	2857	1470.0	2400	711	1555	1
48	2475	1883	953	5360	2858	1471.0	2400	711	1555	1
48	2470	1881	951	5351	2857	1470.0	2400	711	1555	1
48	2477	1883	953	5360	2856	1470.0	2400	711	1555	1
48	2461	1876	950	5333	2861	1466.0	2400	711	1555	1
48	2394	1824	926	5192	2864	1423.0	2400	711	1555	1
48	2397	1827	928	5199	2866	1426.0	2400	711	1555	1
48	2403	1831	929	5211	2863	1429.0	2400	711	1555	1
48	2397	1826	928	5198	2866	1424.0	2400	711	1555	1
48	2395	1825	926	5193	2864	1425.0	2400	711	1555	1
48	2396	1826	927	5197	2865	1425.0	2400	711	1555	1
48	2404	1831	929	5211	2863	1429.0	2400	711	1555	1
48	2396	1826	927	5197	2865	1425.0	2400	711	1555	1
48	2395	1825	927	5194	2865	1424.0	2400	711	1555	1
48	2396	1826	927	5196	2865	1425.0	2400	711	1555	1
48	2395	1825	927	5194	2865	1424.0	2400	711	1555	1
48	2462	1877	950	5336	2861	1467.0	2400	711	1555	1
48	2477	1881	952	5357	2855	1467.0	2400	711	1555	1
48	2471	1883	953	5354	2860	1472.0	2400	711	1555	1
48	2476	1881	952	5357	2855	1468.0	2400	711	1555	1
48	2472	1883	952	5355	2858	1472.0	2400	711	1555	1
48	2475	1882	952	5357	2856	1470.0	2400	711	1555	1
48	2473	1882	952	5355	2857	1470.0	2400	711	1555	1
48	2466	1875	949	5337	2857	1464.0	2400	711	1555	1
48	2473	1883	953	5357	2859	1471.0	2400	711	1555	1
48	2473	1881	951	5353	2856	1469.0	2400	711	1555	1
48	2472	1884	953	5357	2859	1473.0	2400	711	1555	1
48	2394	1824	926	5191	2864	1423.0	2400	711	1555	1
48	2397	1826	927	5198	2864	1425.0	2400	711	1555	1
48	2394	1824	926	5190	2864	1423.0	2400	711	1555	1
48	2396	1826	927	5197	2865	1425.0	2400	711	1555	1
48	2402	1830	928	5208	2862	1429.0	2400	711	1555	1
48	2396	1826	927	5196	2865	1425.0	2400	711	1555	1
48	2393	1823	925	5189	2863	1423.0	2400	711	1555	0
48	2396	1825	927	5195	2865	1424.0	2400	711	1555	0
48	354	338	260	981	4189	228.0	2400	711	1555	0
48	356	340	261	986	4184	230.0	2400	711	1555	0
48	354	338	260	982	4189	228.0	2400	711	1555	0
49	356	340	261	986	4184	230.0	2400	1066	1333	1
49	355	339	261	983	4192	228.0	2400	1066	1333	1
49	2646	1680	892	5228	2675	1139.0	2400	1066	1333	1
49	2645	1680	891	5225	2674	1140.0	2400	1066	1333	1
49	2645	1680	891	5225	2674	1140.0	2400	1066	1333	1
49	2644	1679	891	5224	2674	1139.0	2400	1066	1333	1
49	2645	1680	892	5225	2675	1140.0	2400	1066	1333	1
49	2644	1679	891	5223	2674	1139.0	2400	1066	1333	1
49	2645	1680	892	5227	2675	1140.0	2400	1066	1333	1
49	2654	1685	894	5241	2674	1143.0	2400	1066	1333	1
49	2645	1680	892	5227	2675	1140.0	2400	1066	1333	1
49	2726	1730	914	5379	2668	1176.0	2400	1066	1333	1
49	2734	1731	916	5388	2667	1174.0	2400	1066	1333	1
49	2725	1725	913	5371	2667	1169.0	2400	1066	1333	1
49	2731	1731	916	5387	2668	1175.0	2400	1066	1333	1
49	2732	1730	915	5385	2667	1173.0	2400	1066	1333	1
49	2731	1732	916	5388	2668	1176.0	2400	1066	1333	1
49	2723	1723	912	5366	2667	1167.0	2400	1066	1333	1
49	2730	1733	917	5388	2670	1177.0	2400	1066	1333	1
49	2734	1728	914	5384	2664	1170.0	2400	1066	1333	1
49	2730	1733	916	5387	2669	1178.0	2400	1066	1333	1
49	2732	1733	917	5390	2669	1177.0	2400	1066	1333	1
49	2644	1679	891	5222	2674	1139.0	2400	1066	1333	1
49	2646	1681	892	5228	2675	1141.0	2400	1066	1333	1
49	2644	1679	891	5223	2674	1139.0	2400	1066	1333	1
49	2645	1681	892	5227	2675	1141.0	2400	1066	1333	1
49	2644	1679	891	5224	2674	1139.0	2400	1066	1333	1
49	2645	1680	892	5227	2675	1140.0	2400	1066	1333	1
49	2644	1680	891	5224	2674	1141.0	2400	1066	1333	1
49	2645	1680	892	5226	2675	1140.0	2400	1066	1333	1
49	2645	1680	892	5225	2675	1140.0	2400	1066	1333	1
49	2645	1680	891	5224	2674	1140.0	2400	1066	1333	1
49	2645	1680	892	5226	2675	1140.0	2400	1066	1333	1
49	2667	1695	898	5270	2673	1152.0	2400	1066	1333	1
49	2736	1731	916	5390	2666	1173.0	2400	1066	1333	1
49	2727	1731	915	5382	2669	1177.0	2400	1066	1333	1
49	2736	1731	916	5391	2666	1173.0	2400	1066	1333	1
49	2719	1725	912	5365	2668	1172.0	2400	1066	1333	1
49	2733	1731	916	5388	2667	1174.0	2400	1066	1333	1
49	2732	1730	916	5385	2668	1173.0	2400	1066	1333	1
49	2730	1729	914	5381	2666	1173.0	2400	1066	1333	1
49	2730	1733	917	5387	2670	1177.0	2400	1066	1333	1
49	2734	1728	914	5384	2664	1170.0	2400	1066	1333	1
49	2731	1733	917	5390	2670	1177.0	2400	1066	1333	1
49	2654	1684	893	5240	2672	1142.0	2400	1066	1333	1
49	2646	1681	892	5228	2675	1141.0	2400	1066	1333	0
49	3117	1958	1022	6102	2640	1330.0	2400	1066	1333	0
49	5019	3069	1546	9621	2561	2083.0	2400	1066	1333	0
49	5010	3068	1544	9610	2562	2085.0	2400	1066	1333	0
49	5019	3068	1545	9619	2560	2082.0	2400	1066	1333	0
50	5011	3068	1544	9610	2561	2085.0	2400	1422	1111	1
50	5016	3067	1544	9614	2560	2082.0	2400	1422	1111	1
50	2914	1626	890	5411	2546	968.0	2400	1422	1111	1
50	2981	1576	877	5403	2498	877.0	2400	1422	1111	1
50	2997	1581	879	5426	2494	879.0	2400	1422	1111	1
50	2991	1582	880	5421	2497	881.0	2400	1422	1111	1
50	2898	1536	857	5261	2503	856.0	2400	1422	1111	1
50	2898	1536	857	5261	2503	856.0	2400	1422	1111	1
50	2897	1535	857	5260	2505	855.0	2400	1422	1111	1
50	2898	1536	857	5263	2504	856.0	2400	1422	1111	1
50	2909	1541	859	5279	2502	859.0	2400	1422	1111	1
50	2899	1537	857	5264	2504	857.0	2400	1422	1111	1
50	2897	1535	856	5259	2503	855.0	2400	1422	1111	1
50	2899	1537	858	5264	2504	856.0	2400	1422	1111	1
50	2897	1535	856	5258	2502	855.0	2400	1422	1111	1
50	2899	1537	858	5265	2505	856.0	2400	1422	1111	1
50	2914	1544	861	5289	2502	860.0	2400	1422	1111	1
50	2998	1584	881	5431	2496	881.0	2400	1422	1111	1
50	2991	1580	878	5418	2495	880.0	2400	1422	1111	1
50	2999	1583	881	5431	2495	880.0	2400	1422	1111	1
50	2989	1581	879	5418	2497	881.0	2400	1422	1111	1
50	3000	1582	880	5431	2495	878.0	2400	1422	1111	1
50	2991	1581	879	5419	2496	880.0	2400	1422	1111	1
50	2997	1582	880	5427	2495	879.0	2400	1422	1111	1
50	2994	1582	879	5424	2496	881.0	2400	1422	1111	1
50	2994	1582	880	5425	2497	880.0	2400	1422	1111	1
50	2980	1577	878	5405	2499	878.0	2400	1422	1111	1
50	2907	1538	858	5273	2501	855.0	2400	1422	1111	1
50	2899	1537	857	5264	2504	857.0	2400	1422	1111	1
50	2898	1536	857	5261	2503	856.0	2400	1422	1111	1
50	2910	1542	860	5282	2503	859.0	2400	1422	1111	1
50	2898	1536	857	5262	2504	856.0	2400	1422	1111	1
50	2898	1536	857	5262	2504	856.0	2400	1422	1111	1
50	2898	1536	857	5262	2504	856.0	2400	1422	1111	1
50	2909	1541	859	5280	2503	859.0	2400	1422	1111	1
50	2898	1536	857	5263	2504	856.0	2400	1422	1111	1
50	2897	1535	856	5260	2503	855.0	2400	1422	1111	1
50	2898	1537	857	5263	2504	857.0	2400	1422	1111	1
50	2897	1535	856	5259	2503	855.0	2400	1422	1111	1
50	3000	1582	880	5430	2494	878.0	2400	1422	1111	1
50	2991	1581	879	5420	2497	880.0	2400	1422	1111	1
50	2996	1581	880	5426	2496	878.0	2400	1422	1111	1
50	2995	1581	879	5424	2495	879.0	2400	1422	1111	1
50	2993	1583	880	5425	2497	882.0	2400	1422	1111	1
50	2992	1583	881	5425	2499	882.0	2400	1422	1111	1
50	2997	1580	879	5424	2493	877.0	2400	1422	1111	0
50	1087	683	433	2214	2908	408.0	2400	1422	1111	0
50	355	338	260	982	4181	227.0	2400	1422	1111	0
50	357	341	262	989	4187	230.0	2400	1422	1111	0
50	355	338	260	982	4181	227.0	2400	1422	1111	0
51	357	340	262	989	4187	228.0	2400	1777	888	1
51	844	525	359	1740	3011	291.0	2400	1777	888	1
51	3263	1433	844	5469	2345	584.0	2400	1777	888	1
51	3257	1432	844	5462	2347	585.0	2400	1777	888	1
51	3245	1427	841	5443	2347	583.0	2400	1777	888	1
51	3261	1432	844	5465	2345	583.0	2400	1777	888	1
51	3253	1432	844	5459	2348	586.0	2400	1777	888	1
51	3262	1431	843	5465	2344	582.0	2400	1777	888	1
51	3256	1432	844	5461	2347	585.0	2400	1777	888	1
51	3258	1431	843	5461	2346	583.0	2400	1777	888	1
51	3259	1433	844	5465	2347	586.0	2400	1777	888	1
51	3164	1396	825	5317	2353	572.0	2400	1777	888	1
51	3163	1396	823	5316	2352	574.0	2400	1777	888	1
51	3150	1391	822	5296	2355	571.0	2400	1777	888	1
51	3152	1392	823	5300	2356	571.0	2400	1777	888	1
51	3150	1391	821	5295	2354	571.0	2400	1777	888	1
51	3152	1393	823	5301	2356	572.0	2400	1777	888	1
51	3150	1391	821	5295	2354	571.0	2400	1777	888	1
51	3152	1393	823	5301	2356	572.0	2400	1777	888	1
51	3150	1390	821	5294	2354	570.0	2400	1777	888	1
51	3165	1398	826	5321	2354	574.0	2400	1777	888	1
51	3150	1390	821	5295	2354	570.0	2400	1777	888	1
51	3265	1433	845	5471	2345	583.0	2400	1777	888	1
51	3253	1431	843	5456	2347	585.0	2400	1777	888	1
51	3251	1428	842	5451	2347	582.0	2400	1777	888	1
51	3254	1431	843	5457	2347	585.0	2400	1777	888	1
51	3261	1432	844	5467	2346	583.0	2400	1777	888	1
51	3257	1432	843	5461	2346	585.0	2400	1777	888	1
51	3246	1427	841	5444	2347	582.0	2400	1777	888	1
51	3260	1432	844	5464	2345	584.0	2400	1777	888	1
51	3256	1433	844	5461	2347	586.0	2400	1777	888	1
51	3253	1433	844	5460	2348	587.0	2400	1777	888	1
51	3250	1426	841	5447	2346	580.0	2400	1777	888	1
51	3151	1392	822	5299	2355	572.0	2400	1777	888	1
51	3151	1392	822	5298	2355	572.0	2400	1777	888	1
51	3151	1392	822	5298	2355	572.0	2400	1777	888	1
51	3151	1392	822	5298	2355	572.0	2400	1777	888	1
51	3151	1391	822	5297	2355	570.0	2400	1777	888	1
51	3152	1392	822	5299	2354	572.0	2400	1777	888	1
51	3151	1391	822	5296	2354	570.0	2400	1777	888	1
51	3152	1392	823	5300	2356	571.0	2400	1777	888	1
51	3151	1391	822	5296	2354	570.0	2400	1777	888	1
51	3152	1393	823	5301	2356	572.0	2400	1777	888	1
51	3150	1391	822	5295	2354	571.0	2400	1777	888	1
51	3253	1433	844	5460	2348	587.0	2400	1777	888	1
51	3262	1430	843	5464	2344	581.0	2400	1777	888	0
51	3256	1433	845	5463	2349	586.0	2400	1777	888	0
51	6052	2481	1404	9768	2233	923.0	2400	1777	888	0
51	6046	2483	1405	9766	2235	927.0	2400	1777	888	0
51	6047	2483	1405	9768	2235	927.0	2400	1777	888	0
52	6045	2479	1403	9758	2234	923.0	2400	2133	666	1
52	4030	1721	999	6651	2300	676.0	2400	2133	666	1
52	3406	1248	787	5336	2225	288.0	2400	2133	666	1
52	3409	1250	789	5342	2226	288.0	2400	2133	666	1
52	3407	1248	788	5338	2226	286.0	2400	2133	666	1
52	3517	1281	807	5495	2218	289.0	2400	2133	666	1
52	3519	1283	808	5499	2219	291.0	2400	2133	666	1
52	3530	1284	809	5513	2217	288.0	2400	2133	666	1
52	3520	1283	808	5501	2218	290.0	2400	2133	666	1
52	3528	1284	809	5509	2217	289.0	2400	2133	666	1
52	3523	1284	808	5505	2218	291.0	2400	2133	666	1
52	3525	1283	808	5507	2218	289.0	2400	2133	666	1
52	3525	1284	809	5508	2218	290.0	2400	2133	666	1
52	3524	1283	808	5504	2218	289.0	2400	2133	666	1
52	3513	1281	807	5491	2219	290.0	2400	2133	666	1
52	3522	1283	808	5503	2218	290.0	2400	2133	666	1
52	3501	1276	804	5472	2219	288.0	2400	2133	666	1
52	3408	1250	789	5342	2227	289.0	2400	2133	666	1
52	3407	1248	788	5337	2225	286.0	2400	2133	666	1
52	3409	1250	789	5342	2226	288.0	2400	2133	666	1
52	3407	1248	787	5337	2225	287.0	2400	2133	666	1
52	3422	1254	791	5362	2226	289.0	2400	2133	666	1
52	3407	1248	787	5337	2225	287.0	2400	2133	666	1
52	3409	1250	789	5343	2227	288.0	2400	2133	666	1
52	3407	1248	787	5336	2224	287.0	2400	2133	666	1
52	3409	1250	789	5343	2227	288.0	2400	2133	666	1
52	3406	1247	787	5336	2225	286.0	2400	2133	666	1
52	3524	1284	809	5507	2219	290.0	2400	2133	666	1
52	3524	1283	808	5505	2218	289.0	2400	2133	666	1
52	3523	1284	809	5506	2219	290.0	2400	2133	666	1
52	3526	1283	808	5506	2217	288.0	2400	2133	666	1
52	3521	1284	809	5505	2220	291.0	2400	2133	666	1
52	3528	1283	808	5508	2217	288.0	2400	2133	666	1
52	3520	1284	809	5504	2220	291.0	2400	2133	666	1
52	3529	1283	808	5509	2216	287.0	2400	2133	666	1
52	3520	1284	808	5503	2219	292.0	2400	2133	666	1
52	3521	1284	809	5504	2219	291.0	2400	2133	666	1
52	3513	1279	806	5488	2218	288.0	2400	2133	666	1
52	3409	1249	789	5342	2227	287.0	2400	2133	666	1
52	3409	1249	788	5341	2226	287.0	2400	2133	666	1
52	3408	1249	788	5341	2226	288.0	2400	2133	666	1
52	3423	1253	791	5361	2225	287.0	2400	2133	666	1
52	3408	1249	788	5340	2226	288.0	2400	2133	666	1
52	3409	1250	789	5342	2226	288.0	2400	2133	666	1
52	3408	1249	788	5339	2225	288.0	2400	2133	666	1
52	3423	1254	791	5362	2225	289.0	2400	2133	666	0
52	3408	1249	788	5339	2225	288.0	2400	2133	666	0
52	357	340	262	989	4187	228.0	2400	2133	666	0
52	355	339	260	983	4181	229.0	2400	2133	666	0
52	357	341	262	989	4187	230.0	2400	2133	666	0
53	355	339	260	983	4181	229.0	2400	2488	444	1
53	358	341	262	990	4179	230.0	2400	2488	444	1
53	3691	1110	757	5413	2112	0.0	2400	2488	444	1
53	3692	1112	758	5418	2113	1.0	2400	2488	444	1
53	3692	1112	758	5417	2113	1.0	2400	2488	444	1
53	3689	1109	756	5410	2111	0.0	2400	2488	444	1
53	3691	1112	758	5417	2113	2.0	2400	2488	444	1
53	3704	1113	759	5430	2110	0.0	2400	2488	444	1
53	3691	1112	758	5416	2113	2.0	2400	2488	444	1
53	3689	1109	757	5410	2112	0.0	2400	2488	444	1
53	3820	1141	777	5587	2105	0.0	2400	2488	444	1
53	3816	1139	776	5580	2104	0.0	2400	2488	444	1
53	3817	1140	777	5583	2105	0.0	2400	2488	444	1
53	3818	1140	776	5583	2104	0.0	2400	2488	444	1
53	3814	1140	777	5580	2106	0.0	2400	2488	444	1
53	3806	1136	774	5565	2104	0.0	2400	2488	444	1
53	3812	1140	776	5577	2105	0.0	2400	2488	444	1
53	3821	1140	776	5586	2103	0.0	2400	2488	444	1
53	3813	1140	776	5578	2105	0.0	2400	2488	444	1
53	3818	1140	776	5583	2104	0.0	2400	2488	444	1
53	3816	1140	776	5582	2104	0.0	2400	2488	444	1
53	3816	1139	776	5580	2104	0.0	2400	2488	444	1
53	3705	1114	760	5434	2112	0.0	2400	2488	444	1
53	3689	1110	757	5412	2112	0.0	2400	2488	444	1
53	3691	1111	758	5415	2113	0.0	2400	2488	444	1
53	3689	1110	757	5411	2112	0.0	2400	2488	444	1
53	3691	1111	758	5416	2113	0.0	2400	2488	444	1
53	3689	1110	757	5410	2111	0.0	2400	2488	444	1
53	3691	1112	758	5416	2113	2.0	2400	2488	444	1
53	3689	1109	756	5410	2111	0.0	2400	2488	444	1
53	3691	1112	758	5417	2113	2.0	2400	2488	444	1
53	3703	1113	759	5430	2111	0.0	2400	2488	444	1
53	3737	1123	765	5479	2110	0.0	2400	2488	444	1
53	3821	1139	776	5585	2103	0.0	2400	2488	444	1
53	3814	1141	777	5582	2106	0.0	2400	2488	444	1
53	3805	1135	774	5563	2104	0.0	2400	2488	444	1
53	3815	1141	777	5582	2106	0.0	2400	2488	444	1
53	3819	1139	776	5581	2103	0.0	2400	2488	444	1
53	3816	1141	777	5583	2105	0.0	2400	2488	444	1
53	3803	1135	773	5560	2104	0.0	2400	2488	444	1
53	3817	1139	776	5585	2106	0.0	2400	2488	444	1
53	3818	1141	777	5585	2105	0.0	2400	2488	444	1
53	3817	1139	776	5581	2104	0.0	2400	2488	444	1
53	3690	1111	758	5415	2113	0.0	2400	2488	444	1
53	3689	1110	757	5411	2112	0.0	2400	2488	444	1
53	3690	1111	758	5414	2113	0.0	2400	2488	444	0
53	4708	1346	909	6765	2060	0.0	2400	2488	444	0
53	7146	1909	1272	10001	1996	0.0	2400	2488	444	0
53	7140	1908	1272	9994	1996	0.0	2400	2488	444	0
53	7146	1908	1272	10000	1996	0.0	2400	2488	444	0
54	7137	1908	1271	9991	1996	0.0	2400	2844	222	1
54	7145	1908	1272	9998	1996	0.0	2400	2844	222	1
54	4063	1037	758	5673	2029	0.0	2400	2844	222	1
54	4139	1010	753	5708	2009	0.0	2400	2844	222	1
54	4131	1010	753	5701	2011	0.0	2400	2844	222	1
54	3995	985	734	5528	2016	0.0	2400	2844	222	1
54	3997	986	736	5534	2019	0.0	2400	2844	222	1
54	3995	985	734	5528	2016	0.0	2400	2844	222	1
54	3997	987	736	5534	2018	0.0	2400	2844	222	1
54	3997	987	736	5535	2019	0.0	2400	2844	222	1
54	3995	984	734	5528	2017	0.0	2400	2844	222	1
54	3998	987	736	5535	2018	0.0	2400	2844	222	1
54	3995	984	734	5528	2017	0.0	2400	2844	222	1
54	3998	987	736	5535	2018	0.0	2400	2844	222	1
54	3995	984	734	5528	2017	0.0	2400	2844	222	1
54	4078	1001	746	5636	2014	0.0	2400	2844	222	1
54	4115	1006	750	5677	2010	0.0	2400	2844	222	1
54	4142	1012	755	5715	2010	0.0	2400	2844	222	1
54	4130	1009	752	5697	2009	0.0	2400	2844	222	1
54	4141	1012	754	5713	2009	0.0	2400	2844	222	1
54	4131	1009	752	5698	2009	0.0	2400	2844	222	1
54	4140	1012	754	5712	2010	0.0	2400	2844	222	1
54	4131	1009	752	5699	2010	0.0	2400	2844	222	1
54	4138	1011	754	5709	2010	0.0	2400	2844	222	1
54	4133	1010	752	5702	2010	0.0	2400	2844	222	1
54	4120	1008	751	5687	2011	0.0	2400	2844	222	1
54	4135	1010	753	5705	2010	0.0	2400	2844	222	1
54	3996	985	735	5531	2018	0.0	2400	2844	222	1
54	3996	986	735	5531	2017	0.0	2400	2844	222	1
54	3996	986	735	5532	2018	0.0	2400	2844	222	1
54	3996	985	735	5531	2018	0.0	2400	2844	222	1
54	3997	986	735	5533	2018	0.0	2400	2844	222	1
54	4012	988	737	5550	2017	0.0	2400	2844	222	1
54	3997	986	735	5533	2018	0.0	2400	2844	222	1
54	3995	985	734	5529	2017	0.0	2400	2844	222	1
54	3997	986	735	5534	2018	0.0	2400	2844	222	1
54	3995	985	734	5528	2016	0.0	2400	2844	222	1
54	3997	987	736	5534	2018	0.0	2400	2844	222	1
54	4132	1009	752	5699	2009	0.0	2400	2844	222	1
54	4139	1011	754	5711	2011	0.0	2400	2844	222	1
54	4132	1009	752	5699	2009	0.0	2400	2844	222	1
54	4138	1011	754	5710	2011	0.0	2400	2844	222	1
54	4133	1009	752	5700	2009	0.0	2400	2844	222	1
54	4136	1011	754	5708	2011	0.0	2400	2844	222	1
54	4135	1010	752	5703	2009	0.0	2400	2844	222	1
54	4137	1010	753	5705	2009	0.0	2400	2844	222	0
54	1024	459	349	1821	2677	136.0	2400	2844	222	0
54	355	339	260	983	4181	229.0	2400	2844	222	0
54	357	341	262	989	4187	230.0	2400	2844	222	0
54	355	339	260	984	4181	229.0	2400	2844	222	0
55	357	341	262	989	4187	230.0	2400	3200	0	1
55	1493	508	399	2357	2369	25.0	2400	3200	0	1
55	4471	951	763	5951	1956	0.0	2400	3200	0	1
55	4493	953	765	5974	1954	0.0	2400	3200	0	1
55	4488	953	765	5971	1955	0.0	2400	3200	0	1
55	4491	952	765	5972	1954	0.0	2400	3200	0	1
55	4470	950	763	5949	1956	0.0	2400	3200	0	1
55	4490	952	765	5971	1954	0.0	2400	3200	0	1
55	4489	953	765	5970	1954	0.0	2400	3200	0	1
55	4489	952	765	5970	1954	0.0	2400	3200	0	1
55	4355	932	748	5808	1961	0.0	2400	3200	0	1
55	4338	931	746	5789	1961	0.0	2400	3200	0	1
55	4336	930	746	5786	1962	0.0	2400	3200	0	1
55	4338	929	746	5789	1962	0.0	2400	3200	0	1
55	4338	931	747	5790	1962	0.0	2400	3200	0	1
55	4336	929	745	5785	1961	0.0	2400	3200	0	1
55	4338	931	747	5790	1962	0.0	2400	3200	0	1
55	4336	929	745	5784	1961	0.0	2400	3200	0	1
55	4356	934	749	5812	1962	0.0	2400	3200	0	1
55	4335	929	745	5783	1961	0.0	2400	3200	0	1
55	4341	932	747	5793	1962	0.0	2400	3200	0	1
55	4492	952	764	5972	1953	0.0	2400	3200	0	1
55	4488	954	765	5971	1955	0.0	2400	3200	0	1
55	4491	952	764	5971	1953	0.0	2400	3200	0	1
55	4488	954	765	5971	1955	0.0	2400	3200	0	1
55	4490	952	764	5970	1953	0.0	2400	3200	0	1
55	4471	951	763	5951	1956	0.0	2400	3200	0	1
55	4489	952	764	5969	1954	0.0	2400	3200	0	1
55	4489	954	765	5972	1954	0.0	2400	3200	0	1
55	4489	952	764	5968	1954	0.0	2400	3200	0	1
55	4489	954	765	5972	1954	0.0	2400	3200	0	1
55	4488	952	764	5967	1954	0.0	2400	3200	0	1
55	4336	930	746	5786	1962	0.0	2400	3200	0	1
55	4355	933	749	5810	1962	0.0	2400	3200	0	1
55	4336	930	746	5786	1962	0.0	2400	3200	0	1
55	4337	931	746	5788	1961	0.0	2400	3200	0	1
55	4337	930	746	5786	1961	0.0	2400	3200	0	1
55	4336	930	746	5787	1962	0.0	2400	3200	0	1
55	4337	930	746	5787	1961	0.0	2400	3200	0	1
55	4336	930	746	5786	1962	0.0	2400	3200	0	1
55	4337	931	746	5787	1961	0.0	2400	3200	0	1
55	4336	930	746	5785	1962	0.0	2400	3200	0	1
55	4355	933	749	5810	1962	0.0	2400	3200	0	1
55	4490	952	764	5971	1954	0.0	2400	3200	0	1
55	4488	954	765	5971	1955	0.0	2400	3200	0	1
55	4488	952	764	5968	1954	0.0	2400	3200	0	0
55	4471	951	763	5951	1956	0.0	2400	3200	0	0
55	8460	1539	1248	10754	1855	0.0	2400	3200	0	0
55	8461	1541	1249	10759	1856	0.0	2400	3200	0	0
55	8453	1538	1247	10745	1855	0.0	2400	3200	0	0
56	8451	1537	1247	10742	1855	0.0	2400	355	2000	1
56	5143	1050	845	6760	1928	0.0	2400	355	2000	1
56	2156	2100	1015	5360	3184	1871.0	2400	355	2000	1
56	2163	2110	1020	5383	3187	1881.0	2400	355	2000	1
56	2224	2168	1044	5527	3179	1935.0	2400	355	2000	1
56	2226	2171	1046	5535	3181	1938.0	2400	355	2000	1
56	2224	2168	1044	5527	3179	1935.0	2400	355	2000	1
56	2226	2171	1046	5535	3181	1938.0	2400	355	2000	1
56	2225	2167	1044	5527	3178	1933.0	2400	355	2000	1
56	2225	2172	1046	5534	3182	1940.0	2400	355	2000	1
56	2226	2167	1043	5527	3176	1934.0	2400	355	2000	1
56	2224	2172	1046	5534	3182	1940.0	2400	355	2000	1
56	2225	2161	1041	5519	3173	1926.0	2400	355	2000	1
56	2224	2172	1046	5534	3182	1940.0	2400	355	2000	1
56	2227	2168	1044	5530	3177	1934.0	2400	355	2000	1
56	2159	2103	1016	5367	3183	1874.0	2400	355	2000	1
56	2156	2102	1016	5363	3186	1874.0	2400	355	2000	1
56	2157	2102	1016	5364	3185	1873.0	2400	355	2000	1
56	2156	2102	1016	5363	3186	1874.0	2400	355	2000	1
56	2165	2110	1020	5385	3186	1880.0	2400	355	2000	1
56	2156	2102	1016	5363	3186	1874.0	2400	355	2000	1
56	2157	2103	1016	5366	3185	1875.0	2400	355	2000	1
56	2156	2102	1015	5362	3184	1874.0	2400	355	2000	1
56	2157	2103	1017	5366	3187	1874.0	2400	355	2000	1
56	2156	2101	1015	5361	3184	1873.0	2400	355	2000	1
56	2157	2103	1017	5367	3187	1874.0	2400	355	2000	1
56	2225	2167	1043	5527	3176	1934.0	2400	355	2000	1
56	2217	2164	1043	5516	3183	1932.0	2400	355	2000	1
56	2226	2166	1043	5526	3176	1932.0	2400	355	2000	1
56	2224	2172	1046	5535	3182	1940.0	2400	355	2000	1
56	2226	2167	1043	5528	3176	1934.0	2400	355	2000	1
56	2225	2172	1046	5535	3182	1940.0	2400	355	2000	1
56	2225	2167	1043	5527	3176	1934.0	2400	355	2000	1
56	2225	2171	1046	5534	3182	1938.0	2400	355	2000	1
56	2224	2168	1044	5528	3179	1935.0	2400	355	2000	1
56	2226	2170	1046	5534	3181	1936.0	2400	355	2000	1
56	2216	2161	1037	5508	3173	1932.0	2400	355	2000	1
56	2155	2101	1015	5361	3185	1873.0	2400	355	2000	1
56	2157	2103	1017	5367	3187	1874.0	2400	355	2000	1
56	2157	2107	1018	5371	3189	1880.0	2400	355	2000	1
56	2157	2103	1017	5367	3187	1874.0	2400	355	2000	1
56	2156	2102	1015	5363	3184	1874.0	2400	355	2000	1
56	2157	2103	1017	5367	3187	1874.0	2400	355	2000	1
56	2164	2109	1019	5382	3185	1880.0	2400	355	2000	1
56	2157	2102	1016	5366	3185	1873.0	2400	355	2000	1
56	2156	2102	1016	5363	3186	1874.0	2400	355	2000	0
56	2157	2102	1016	5365	3185	1873.0	2400	355	2000	0
56	357	340	261	987	4176	229.0	2400	355	2000	0
56	357	340	261	987	4176	229.0	2400	355	2000	0
56	357	340	261	988	4176	229.0	2400	355	2000	0
57	356	340	261	986	4184	230.0	2400	711	1777	1
57	357	340	262	988	4187	228.0	2400	711	1777	1
57	2419	1970	987	5428	2945	1601.0	2400	711	1777	1
57	2419	1971	988	5429	2947	1602.0	2400	711	1777	1
57	2417	1969	987	5424	2946	1600.0	2400	711	1777	1
57	2417	1968	987	5423	2946	1599.0	2400	711	1777	1
57	2419	1971	988	5429	2947	1602.0	2400	711	1777	1
57	2417	1969	987	5424	2946	1600.0	2400	711	1777	1
57	2419	1971	988	5430	2947	1602.0	2400	711	1777	1
57	2496	2031	1014	5594	2938	1653.0	2400	711	1777	1
57	2496	2033	1016	5599	2941	1654.0	2400	711	1777	1
57	2496	2030	1014	5593	2938	1651.0	2400	711	1777	1
57	2496	2034	1016	5599	2941	1656.0	2400	711	1777	1
57	2487	2022	1011	5573	2939	1644.0	2400	711	1777	1
57	2495	2034	1016	5599	2942	1656.0	2400	711	1777	1
57	2497	2029	1014	5592	2938	1649.0	2400	711	1777	1
57	2495	2034	1017	5598	2944	1656.0	2400	711	1777	1
57	2490	2027	1012	5581	2939	1650.0	2400	711	1777	1
57	2496	2034	1017	5599	2943	1655.0	2400	711	1777	1
57	2497	2030	1014	5593	2938	1651.0	2400	711	1777	1
57	2468	2008	1005	5533	2942	1632.0	2400	711	1777	1
57	2426	1976	990	5444	2945	1606.0	2400	711	1777	1
57	2418	1970	988	5429	2947	1601.0	2400	711	1777	1
57	2418	1970	988	5427	2947	1601.0	2400	711	1777	1
57	2417	1969	987	5425	2946	1600.0	2400	711	1777	1
57	2418	1970	988	5426	2947	1601.0	2400	711	1777	1
57	2418	1969	987	5425	2946	1600.0	2400	711	1777	1
57	2418	1969	987	5426	2946	1600.0	2400	711	1777	1
57	2418	1970	987	5426	2946	1601.0	2400	711	1777	1
57	2426	1976	990	5445	2945	1606.0	2400	711	1777	1
57	2418	1970	988	5427	2947	1601.0	2400	711	1777	1
57	2496	2030	1014	5593	2938	1651.0	2400	711	1777	1
57	2497	2033	1016	5598	2941	1654.0	2400	711	1777	1
57	2495	2031	1014	5593	2939	1653.0	2400	711	1777	1
57	2498	2032	1016	5597	2940	1652.0	2400	711	1777	1
57	2494	2031	1014	5592	2940	1653.0	2400	711	1777	1
57	2499	2031	1015	5598	2938	1651.0	2400	711	1777	1
57	2483	2025	1011	5572	2942	1650.0	2400	711	1777	1
57	2500	2031	1015	5598	2937	1651.0	2400	711	1777	1
57	2493	2032	1015	5591	2942	1654.0	2400	711	1777	1
57	2499	2031	1015	5598	2938	1651.0	2400	711	1777	1
57	2497	2032	1016	5592	2941	1652.0	2400	711	1777	1
57	2416	1968	986	5422	2945	1600.0	2400	711	1777	1
57	2419	1971	988	5429	2947	1602.0	2400	711	1777	1
57	2424	1970	987	5434	2942	1600.0	2400	711	1777	1
57	2419	1971	988	5429	2947	1602.0	2400	711	1777	0
57	3271	2645	1288	7264	2891	2170.0	2400	711	1777	0
57	4550	3660	1741	10025	2848	3025.0	2400	711	1777	0
57	4553	3654	1738	10018	2845	3017.0	2400	711	1777	0
57	4550	3659	1741	10023	2848	3023.0	2400	711	1777	0
58	4550	3654	1738	10016	2846	3018.0	2400	1066	1555	1
58	4551	3658	1740	10022	2847	3022.0	2400	1066	1555	1
58	2737	1905	986	5645	2763	1396.0	2400	1066	1555	1
58	2727	1863	971	5575	2747	1344.0	2400	1066	1555	1
58	2679	1835	957	5484	2752	1326.0	2400	1066	1555	1
58	2680	1836	957	5487	2751	1327.0	2400	1066	1555	1
58	2679	1835	957	5485	2752	1326.0	2400	1066	1555	1
58	2690	1842	960	5506	2750	1331.0	2400	1066	1555	1
58	2679	1835	957	5485	2752	1326.0	2400	1066	1555	1
58	2679	1835	957	5485	2752	1326.0	2400	1066	1555	1
58	2689	1841	960	5505	2751	1330.0	2400	1066	1555	1
58	2680	1836	957	5487	2751	1327.0	2400	1066	1555	1
58	2679	1835	957	5484	2752	1326.0	2400	1066	1555	1
58	2680	1836	957	5488	2751	1327.0	2400	1066	1555	1
58	2755	1885	980	5634	2746	1363.0	2400	1066	1555	1
58	2771	1892	984	5660	2743	1366.0	2400	1066	1555	1
58	2764	1892	983	5653	2746	1369.0	2400	1066	1555	1
58	2772	1892	984	5661	2743	1366.0	2400	1066	1555	1
58	2764	1892	983	5654	2746	1369.0	2400	1066	1555	1
58	2770	1892	984	5660	2744	1366.0	2400	1066	1555	1
58	2767	1892	983	5655	2744	1368.0	2400	1066	1555	1
58	2769	1893	984	5659	2744	1368.0	2400	1066	1555	1
58	2768	1891	983	5655	2744	1366.0	2400	1066	1555	1
58	2766	1889	983	5652	2745	1364.0	2400	1066	1555	1
58	2769	1890	983	5655	2743	1364.0	2400	1066	1555	1
58	2766	1895	985	5660	2747	1372.0	2400	1066	1555	1
58	2678	1834	956	5483	2751	1325.0	2400	1066	1555	1
58	2681	1837	958	5489	2752	1327.0	2400	1066	1555	1
58	2681	1836	958	5489	2752	1326.0	2400	1066	1555	1
58	2679	1834	956	5483	2750	1325.0	2400	1066	1555	1
58	2691	1843	961	5509	2751	1331.0	2400	1066	1555	1
58	2678	1834	956	5483	2751	1325.0	2400	1066	1555	1
58	2680	1836	958	5489	2752	1326.0	2400	1066	1555	1
58	2679	1835	957	5485	2752	1326.0	2400	1066	1555	1
58	2681	1837	958	5490	2752	1327.0	2400	1066	1555	1
58	2679	1835	956	5484	2750	1326.0	2400	1066	1555	1
58	2721	1862	969	5566	2747	1346.0	2400	1066	1555	1
58	2765	1893	984	5656	2746	1369.0	2400	1066	1555	1
58	2760	1884	980	5638	2743	1360.0	2400	1066	1555	1
58	2767	1894	984	5658	2745	1370.0	2400	1066	1555	1
58	2768	1891	983	5656	2744	1366.0	2400	1066	1555	1
58	2769	1893	984	5660	2744	1368.0	2400	1066	1555	1
58	2766	1892	983	5655	2745	1368.0	2400	1066	1555	1
58	2770	1892	984	5660	2744	1366.0	2400	1066	1555	1
58	2765	1892	983	5655	2745	1369.0	2400	1066	1555	1
58	2771	1892	984	5661	2743	1366.0	2400	1066	1555	0
58	532	450	313	1323	3632	308.0	2400	1066	1555	0
58	356	339	261	984	4184	228.0	2400	1066	1555	0
58	357	341	262	989	4187	230.0	2400	1066	1555	0
58	355	338	260	983	4181	227.0	2400	1066	1555	0
59	357	340	262	989	4187	228.0	2400	1422	1333	1
59	1356	866	518	2750	2846	547.0	2400	1422	1333	1
59	3027	1742	948	5691	2572	1072.0	2400	1422	1333	1
59	3029	1739	946	5688	2569	1069.0	2400	1422	1333	1
59	3014	1737	945	5670	2574	1071.0	2400	1422	1333	1
59	3029	1739	946	5688	2569	1069.0	2400	1422	1333	1
59	3024	1743	948	5690	2574	1075.0	2400	1422	1333	1
59	3030	1739	946	5688	2569	1068.0	2400	1422	1333	1
59	3025	1743	948	5691	2574	1075.0	2400	1422	1333	1
59	2928	1689	921	5513	2578	1041.0	2400	1422	1333	1
59	2930	1691	923	5520	2580	1042.0	2400	1422	1333	1
59	2928	1689	921	5513	2578	1041.0	2400	1422	1333	1
59	2930	1690	922	5519	2580	1041.0	2400	1422	1333	1
59	2928	1689	921	5513	2578	1041.0	2400	1422	1333	1
59	2928	1689	921	5519	2581	1041.0	2400	1422	1333	1
59	2930	1690	922	5518	2579	1041.0	2400	1422	1333	1
59	2929	1689	921	5515	2578	1040.0	2400	1422	1333	1
59	2930	1690	922	5518	2579	1041.0	2400	1422	1333	1
59	2929	1689	922	5516	2579	1040.0	2400	1422	1333	1
59	2986	1719	936	5618	2575	1058.0	2400	1422	1333	1
59	3024	1742	947	5688	2573	1074.0	2400	1422	1333	1
59	3030	1740	947	5690	2570	1069.0	2400	1422	1333	1
59	3026	1742	948	5690	2573	1073.0	2400	1422	1333	1
59	3028	1740	946	5688	2570	1070.0	2400	1422	1333	1
59	3016	1736	945	5672	2574	1069.0	2400	1422	1333	1
59	3025	1740	946	5686	2572	1071.0	2400	1422	1333	1
59	3030	1742	948	5694	2571	1071.0	2400	1422	1333	1
59	3024	1740	946	5685	2572	1072.0	2400	1422	1333	1
59	3020	1739	946	5680	2574	1071.0	2400	1422	1333	1
59	3023	1740	946	5684	2572	1072.0	2400	1422	1333	1
59	3031	1741	947	5694	2570	1070.0	2400	1422	1333	1
59	2928	1688	921	5513	2578	1039.0	2400	1422	1333	1
59	2942	1697	925	5539	2578	1046.0	2400	1422	1333	1
59	2930	1691	923	5519	2580	1042.0	2400	1422	1333	1
59	2928	1688	921	5512	2578	1039.0	2400	1422	1333	1
59	2930	1691	922	5519	2579	1042.0	2400	1422	1333	1
59	2927	1688	921	5512	2579	1039.0	2400	1422	1333	1
59	2930	1691	922	5519	2579	1042.0	2400	1422	1333	1
59	2928	1688	921	5512	2578	1039.0	2400	1422	1333	1
59	2930	1691	922	5519	2579	1042.0	2400	1422	1333	1
59	2939	1694	924	5533	2578	1043.0	2400	1422	1333	1
59	2930	1691	922	5519	2579	1042.0	2400	1422	1333	1
59	3029	1740	946	5689	2569	1070.0	2400	1422	1333	1
59	3025	1742	947	5689	2573	1074.0	2400	1422	1333	1
59	3029	1740	946	5689	2569	1070.0	2400	1422	1333	1
59	3024	1743	947	5688	2572	1076.0	2400	1422	1333	0
59	3030	1740	946	5690	2569	1070.0	2400	1422	1333	0
59	5592	3090	1607	10209	2466	1885.0	2400	1422	1333	0
59	5598	3086	1606	10209	2464	1877.0	2400	1422	1333	0
59	5591	3089	1607	10205	2466	1884.0	2400	1422	1333	0
60	5597	3086	1606	10208	2464	1878.0	2400	1777	1111	1
60	3177	1816	984	5947	2558	1114.0	2400	1777	1111	1
60	3244	1575	902	5655	2422	772.0	2400	1777	1111	1
60	3292	1591	911	5727	2417	775.0	2400	1777	1111	1
60	3288	1592	911	5725	2418	778.0	2400	1777	1111	1
60	3279	1589	909	5712	2420	778.0	2400	1777	1111	1
60	3289	1592	911	5726	2418	778.0	2400	1777	1111	1
60	3291	1592	911	5728	2417	777.0	2400	1777	1111	1
60	3290	1592	911	5726	2418	777.0	2400	1777	1111	1
60	3289	1592	912	5728	2420	777.0	2400	1777	1111	1
60	3290	1591	911	5727	2418	776.0	2400	1777	1111	1
60	3289	1593	912	5728	2419	779.0	2400	1777	1111	1
60	3291	1591	910	5727	2417	776.0	2400	1777	1111	1
60	3288	1593	912	5728	2420	779.0	2400	1777	1111	1
60	3180	1544	886	5549	2426	756.0	2400	1777	1111	1
60	3183	1547	888	5556	2426	758.0	2400	1777	1111	1
60	3180	1544	886	5549	2426	756.0	2400	1777	1111	1
60	3183	1547	888	5556	2426	758.0	2400	1777	1111	1
60	3193	1550	889	5569	2424	759.0	2400	1777	1111	1
60	3181	1544	886	5550	2426	755.0	2400	1777	1111	1
60	3183	1547	888	5556	2426	758.0	2400	1777	1111	1
60	3193	1550	889	5569	2424	759.0	2400	1777	1111	1
60	3183	1547	888	5555	2426	758.0	2400	1777	1111	1
60	3181	1545	886	5550	2425	757.0	2400	1777	1111	1
60	3183	1549	889	5559	2428	760.0	2400	1777	1111	1
60	3280	1585	908	5708	2418	772.0	2400	1777	1111	1
60	3288	1593	912	5727	2419	779.0	2400	1777	1111	1
60	3292	1590	910	5727	2417	774.0	2400	1777	1111	1
60	3288	1593	912	5727	2419	779.0	2400	1777	1111	1
60	3291	1590	910	5725	2416	775.0	2400	1777	1111	1
60	3289	1593	911	5728	2419	779.0	2400	1777	1111	1
60	3289	1591	911	5725	2418	776.0	2400	1777	1111	1
60	3291	1592	911	5729	2418	777.0	2400	1777	1111	1
60	3289	1591	911	5726	2419	776.0	2400	1777	1111	1
60	3291	1589	910	5723	2416	773.0	2400	1777	1111	1
60	3288	1592	911	5726	2419	778.0	2400	1777	1111	1
60	3204	1552	891	5584	2423	757.0	2400	1777	1111	1
60	3183	1545	886	5555	2426	756.0	2400	1777	1111	1
60	3183	1546	888	5555	2426	756.0	2400	1777	1111	1
60	3181	1544	886	5550	2426	755.0	2400	1777	1111	1
60	3183	1547	888	5556	2426	758.0	2400	1777	1111	1
60	3193	1550	889	5569	2424	759.0	2400	1777	1111	1
60	3183	1547	888	5555	2426	758.0	2400	1777	1111	1
60	3181	1544	886	5549	2425	755.0	2400	1777	1111	1
60	3183	1547	888	5556	2426	758.0	2400	1777	1111	1
60	3180	1544	886	5548	2425	756.0	2400	1777	1111	0
60	3183	1547	888	5556	2426	758.0	2400	1777	1111	0
60	354	338	260	982	4189	228.0	2400	1777	1111	0
60	357	340	262	988	4187	228.0	2400	1777	1111	0
60	354	338	260	981	4189	228.0	2400	1777	1111	0
61	357	340	262	988	4187	228.0	2400	2133	888	1
61	354	338	260	982	4189	228.0	2400	2133	888	1
61	3441	1404	854	5599	2294	473.0	2400	2133	888	1
61	3438	1401	852	5592	2293	471.0	2400	2133	888	1
61	3440	1403	854	5596	2294	472.0	2400	2133	888	1
61	3438	1401	852	5591	2292	471.0	2400	2133	888	1
61	3438	1402	853	5592	2294	472.0	2400	2133	888	1
61	3466	1412	859	5636	2293	474.0	2400	2133	888	1
61	3551	1443	875	5764	2287	484.0	2400	2133	888	1
61	3562	1443	876	5775	2284	479.0	2400	2133	888	1
61	3551	1443	875	5765	2287	484.0	2400	2133	888	1
61	3561	1440	875	5770	2283	476.0	2400	2133	888	1
61	3551	1443	875	5765	2287	484.0	2400	2133	888	1
61	3560	1442	875	5771	2284	479.0	2400	2133	888	1
61	3553	1444	876	5767	2286	484.0	2400	2133	888	1
61	3544	1437	872	5747	2284	479.0	2400	2133	888	1
61	3555	1444	876	5770	2287	483.0	2400	2133	888	1
61	3555	1441	874	5765	2285	480.0	2400	2133	888	1
61	3557	1445	877	5773	2286	484.0	2400	2133	888	1
61	3451	1406	855	5611	2292	473.0	2400	2133	888	1
61	3439	1403	854	5596	2294	472.0	2400	2133	888	1
61	3437	1401	852	5590	2293	471.0	2400	2133	888	1
61	3440	1403	854	5596	2294	472.0	2400	2133	888	1
61	3437	1401	852	5589	2293	471.0	2400	2133	888	1
61	3437	1401	852	5589	2293	471.0	2400	2133	888	1
61	3439	1403	854	5596	2294	472.0	2400	2133	888	1
61	3437	1401	852	5589	2293	471.0	2400	2133	888	1
61	3440	1403	854	5596	2294	472.0	2400	2133	888	1
61	3437	1401	852	5589	2293	471.0	2400	2133	888	1
61	3440	1403	854	5597	2294	472.0	2400	2133	888	1
61	3553	1443	875	5765	2285	483.0	2400	2133	888	1
61	3559	1443	876	5773	2286	480.0	2400	2133	888	1
61	3554	1443	875	5767	2286	483.0	2400	2133	888	1
61	3557	1443	876	5770	2285	481.0	2400	2133	888	1
61	3556	1443	875	5769	2285	482.0	2400	2133	888	1
61	3541	1438	873	5748	2287	481.0	2400	2133	888	1
61	3558	1442	875	5770	2285	480.0	2400	2133	888	1
61	3553	1443	876	5767	2287	482.0	2400	2133	888	1
61	3561	1442	875	5772	2283	479.0	2400	2133	888	1
61	3538	1441	874	5748	2289	486.0	2400	2133	888	1
61	3561	1442	876	5773	2284	478.0	2400	2133	888	1
61	3523	1431	869	5719	2287	478.0	2400	2133	888	1
61	3452	1407	855	5613	2292	474.0	2400	2133	888	1
61	3439	1403	853	5594	2293	473.0	2400	2133	888	1
61	3438	1402	853	5592	2294	472.0	2400	2133	888	1
61	3439	1403	853	5594	2293	473.0	2400	2133	888	0
61	5061	1963	1165	8020	2218	602.0	2400	2133	888	0
61	6631	2503	1467	10366	2180	724.0	2400	2133	888	0
61	6633	2502	1466	10365	2179	722.0	2400	2133	888	0
61	6629	2504	1467	10364	2180	726.0	2400	2133	888	0
62	6633	2501	1466	10364	2179	721.0	2400	2488	666	1
62	6626	2504	1467	10361	2180	727.0	2400	2488	666	1
62	3717	1262	821	5660	2175	184.0	2400	2488	666	1
62	3720	1265	823	5668	2177	186.0	2400	2488	666	1
62	3717	1263	821	5661	2175	185.0	2400	2488	666	1
62	3720	1265	823	5668	2177	186.0	2400	2488	666	1
62	3718	1263	821	5661	2175	185.0	2400	2488	666	1
62	3721	1265	823	5669	2176	186.0	2400	2488	666	1
62	3718	1263	821	5662	2175	185.0	2400	2488	666	1
62	3735	1269	825	5690	2176	186.0	2400	2488	666	1
62	3718	1263	823	5662	2176	184.0	2400	2488	666	1
62	3718	1263	821	5663	2176	185.0	2400	2488	666	1
62	3721	1265	823	5669	2176	186.0	2400	2488	666	1
62	3843	1299	843	5839	2169	185.0	2400	2488	666	1
62	3854	1301	845	5853	2168	183.0	2400	2488	666	1
62	3843	1299	843	5839	2169	185.0	2400	2488	666	1
62	3840	1298	843	5835	2169	185.0	2400	2488	666	1
62	3843	1299	843	5839	2169	185.0	2400	2488	666	1
62	3854	1300	844	5851	2167	182.0	2400	2488	666	1
62	3843	1299	843	5839	2169	185.0	2400	2488	666	1
62	3851	1299	844	5848	2168	182.0	2400	2488	666	1
62	3845	1300	844	5843	2169	185.0	2400	2488	666	1
62	3849	1299	843	5845	2167	183.0	2400	2488	666	1
62	3848	1300	844	5846	2169	184.0	2400	2488	666	1
62	3794	1283	834	5768	2171	182.0	2400	2488	666	1
62	3720	1264	822	5667	2176	185.0	2400	2488	666	1
62	3719	1263	822	5664	2176	184.0	2400	2488	666	1
62	3720	1265	822	5668	2176	187.0	2400	2488	666	1
62	3718	1263	821	5664	2176	185.0	2400	2488	666	1
62	3719	1263	821	5664	2175	185.0	2400	2488	666	1
62	3721	1265	823	5669	2176	186.0	2400	2488	666	1
62	3718	1263	821	5663	2176	185.0	2400	2488	666	1
62	3736	1269	825	5690	2175	186.0	2400	2488	666	1
62	3718	1263	821	5663	2176	185.0	2400	2488	666	1
62	3721	1265	823	5669	2176	186.0	2400	2488	666	1
62	3852	1298	843	5847	2167	181.0	2400	2488	666	1
62	3830	1296	842	5823	2171	185.0	2400	2488	666	1
62	3852	1298	843	5847	2167	181.0	2400	2488	666	1
62	3845	1301	844	5844	2169	187.0	2400	2488	666	1
62	3849	1298	843	5843	2167	182.0	2400	2488	666	1
62	3846	1301	844	5845	2169	187.0	2400	2488	666	1
62	3847	1297	842	5841	2168	181.0	2400	2488	666	1
62	3849	1301	845	5849	2169	185.0	2400	2488	666	1
62	3845	1297	842	5839	2168	182.0	2400	2488	666	1
62	3851	1301	845	5850	2169	184.0	2400	2488	666	1
62	3838	1294	841	5827	2168	180.0	2400	2488	666	0
62	3853	1300	844	5851	2168	183.0	2400	2488	666	0
62	356	340	262	987	4194	229.0	2400	2488	666	0
62	355	338	260	983	4181	227.0	2400	2488	666	0
62	356	340	261	987	4184	230.0	2400	2488	666	0
63	355	339	260	984	4181	229.0	2400	2844	444	1
63	2203	737	529	3394	2256	60.0	2400	2844	444	1
63	4149	1155	812	5929	2066	0.0	2400	2844	444	1
63	4164	1158	814	5948	2065	0.0	2400	2844	444	1
63	4166	1159	815	5952	2065	0.0	2400	2844	444	1
63	4161	1158	814	5945	2065	0.0	2400	2844	444	1
63	4169	1159	815	5953	2064	0.0	2400	2844	444	1
63	4108	1146	806	5874	2067	0.0	2400	2844	444	1
63	4025	1129	794	5767	2072	0.0	2400	2844	444	1
63	4024	1128	794	5764	2072	0.0	2400	2844	444	1
63	4041	1132	797	5789	2072	0.0	2400	2844	444	1
63	4024	1127	793	5763	2071	0.0	2400	2844	444	1
63	4025	1129	794	5768	2072	0.0	2400	2844	444	1
63	4024	1127	793	5763	2071	0.0	2400	2844	444	1
63	4026	1129	795	5768	2072	0.0	2400	2844	444	1
63	4026	1129	795	5762	2070	0.0	2400	2844	444	1
63	4023	1127	793	5762	2072	0.0	2400	2844	444	1
63	4025	1129	795	5768	2073	0.0	2400	2844	444	1
63	4167	1157	814	5948	2063	0.0	2400	2844	444	1
63	4163	1160	815	5949	2066	0.0	2400	2844	444	1
63	4165	1157	813	5945	2063	0.0	2400	2844	444	1
63	4165	1160	815	5951	2065	0.0	2400	2844	444	1
63	4158	1154	812	5934	2063	0.0	2400	2844	444	1
63	4167	1160	815	5953	2065	0.0	2400	2844	444	1
63	4161	1157	813	5942	2064	0.0	2400	2844	444	1
63	4168	1160	815	5955	2065	0.0	2400	2844	444	1
63	4143	1153	811	5918	2065	0.0	2400	2844	444	1
63	4170	1160	815	5956	2064	0.0	2400	2844	444	1
63	4159	1157	813	5940	2064	0.0	2400	2844	444	1
63	4169	1159	815	5954	2065	0.0	2400	2844	444	1
63	4039	1131	796	5784	2071	0.0	2400	2844	444	1
63	4025	1129	794	5768	2072	0.0	2400	2844	444	1
63	4023	1127	793	5763	2072	0.0	2400	2844	444	1
63	4025	1129	794	5767	2072	0.0	2400	2844	444	1
63	4025	1129	794	5766	2071	0.0	2400	2844	444	1
63	4024	1128	794	5764	2072	0.0	2400	2844	444	1
63	4024	1128	794	5765	2072	0.0	2400	2844	444	1
63	4024	1128	794	5765	2072	0.0	2400	2844	444	1
63	4024	1128	794	5765	2072	0.0	2400	2844	444	1
63	4025	1128	794	5766	2072	0.0	2400	2844	444	1
63	4089	1143	803	5851	2068	0.0	2400	2844	444	1
63	4163	1158	814	5946	2065	0.0	2400	2844	444	1
63	4167	1158	814	5950	2064	0.0	2400	2844	444	1
63	4160	1158	814	5944	2065	0.0	2400	2844	444	1
63	4168	1158	814	5950	2063	0.0	2400	2844	444	1
63	4161	1159	814	5945	2065	0.0	2400	2844	444	0
63	4149	1154	811	5926	2064	0.0	2400	2844	444	0
63	7825	1946	1347	10718	1964	0.0	2400	2844	444	0
63	7823	1943	1345	10710	1963	0.0	2400	2844	444	0
63	7825	1946	1347	10719	1964	0.0	2400	2844	444	0
64	7818	1943	1345	10706	1963	0.0	2400	3200	222	1
64	7827	1945	1347	10719	1963	0.0	2400	3200	222	1
64	4506	1032	794	6099	1979	0.0	2400	3200	222	1
64	4480	1026	790	6063	1979	0.0	2400	3200	222	1
64	4506	1032	794	6098	1978	0.0	2400	3200	222	1
64	4499	1030	792	6088	1978	0.0	2400	3200	222	1
64	4504	1032	794	6096	1978	0.0	2400	3200	222	1
64	4502	1030	793	6091	1978	0.0	2400	3200	222	1
64	4502	1031	794	6094	1979	0.0	2400	3200	222	1
64	4504	1030	793	6094	1978	0.0	2400	3200	222	1
64	4501	1031	794	6093	1980	0.0	2400	3200	222	1
64	4506	1030	793	6095	1977	0.0	2400	3200	222	1
64	4482	1028	791	6070	1980	0.0	2400	3200	222	1
64	4349	1004	773	5903	1986	0.0	2400	3200	222	1
64	4351	1006	774	5908	1986	0.0	2400	3200	222	1
64	4350	1005	773	5904	1985	0.0	2400	3200	222	1
64	4351	1006	774	5907	1986	0.0	2400	3200	222	1
64	4350	1005	773	5905	1986	0.0	2400	3200	222	1
64	4351	1006	774	5907	1986	0.0	2400	3200	222	1
64	4350	1005	774	5905	1986	0.0	2400	3200	222	1
64	4350	1005	774	5905	1986	0.0	2400	3200	222	1
64	4350	1005	774	5905	1986	0.0	2400	3200	222	1
64	4350	1005	774	5906	1986	0.0	2400	3200	222	1
64	4419	1016	782	5989	1982	0.0	2400	3200	222	1
64	4501	1031	793	6091	1978	0.0	2400	3200	222	1
64	4505	1030	793	6095	1978	0.0	2400	3200	222	1
64	4501	1031	794	6093	1980	0.0	2400	3200	222	1
64	4491	1029	791	6079	1978	0.0	2400	3200	222	1
64	4504	1032	794	6096	1978	0.0	2400	3200	222	1
64	4500	1029	792	6087	1977	0.0	2400	3200	222	1
64	4506	1032	794	6099	1979	0.0	2400	3200	222	1
64	4497	1028	792	6083	1978	0.0	2400	3200	222	1
64	4507	1032	794	6099	1978	0.0	2400	3200	222	1
64	4498	1029	792	6085	1978	0.0	2400	3200	222	1
64	4506	1032	794	6098	1978	0.0	2400	3200	222	1
64	4349	1004	773	5902	1985	0.0	2400	3200	222	1
64	4351	1006	775	5909	1987	0.0	2400	3200	222	1
64	4349	1004	773	5902	1985	0.0	2400	3200	222	1
64	4349	1004	773	5909	1988	0.0	2400	3200	222	1
64	4369	1010	777	5931	1986	0.0	2400	3200	222	1
64	4349	1004	773	5902	1985	0.0	2400	3200	222	1
64	4351	1006	775	5908	1986	0.0	2400	3200	222	1
64	4349	1004	773	5902	1985	0.0	2400	3200	222	1
64	4369	1009	777	5930	1986	0.0	2400	3200	222	1
64	4349	1004	773	5903	1986	0.0	2400	3200	222	1
64	4351	1006	775	5909	1987	0.0	2400	3200	222	0
64	4190	978	753	5707	1993	0.0	2400	3200	222	0
64	357	340	262	988	4187	228.0	2400	3200	222	0
64	355	339	261	984	4192	228.0	2400	3200	222	0
64	356	340	261	987	4184	230.0	2400	3200	222	0
65	355	339	261	984	4192	228.0	2400	711	2000	1
65	356	340	261	987	4184	230.0	2400	711	2000	1
65	2446	2113	1047	5663	3021	1774.0	2400	711	2000	1
65	2445	2113	1047	5661	3022	1774.0	2400	711	2000	1
65	2445	2113	1047	5660	3022	1774.0	2400	711	2000	1
65	2444	2112	1046	5659	3021	1774.0	2400	711	2000	1
65	2452	2121	1050	5678	3022	1783.0	2400	711	2000	1
65	2525	2180	1077	5839	3016	1832.0	2400	711	2000	1
65	2523	2179	1076	5836	3015	1832.0	2400	711	2000	1
65	2523	2181	1077	5838	3017	1835.0	2400	711	2000	1
65	2524	2178	1075	5834	3013	1831.0	2400	711	2000	1
65	2522	2182	1078	5839	3019	1836.0	2400	711	2000	1
65	2525	2177	1075	5834	3013	1829.0	2400	711	2000	1
65	2513	2174	1074	5818	3019	1829.0	2400	711	2000	1
65	2523	2178	1075	5833	3014	1831.0	2400	711	2000	1
65	2524	2181	1077	5839	3016	1834.0	2400	711	2000	1
65	2521	2179	1075	5833	3015	1833.0	2400	711	2000	1
65	2526	2180	1077	5840	3015	1832.0	2400	711	2000	1
65	2443	2111	1045	5655	3020	1773.0	2400	711	2000	1
65	2445	2113	1047	5662	3022	1774.0	2400	711	2000	1
65	2443	2111	1045	5655	3020	1773.0	2400	711	2000	1
65	2454	2121	1051	5683	3022	1781.0	2400	711	2000	1
65	2443	2111	1045	5655	3020	1773.0	2400	711	2000	1
65	2445	2113	1047	5662	3022	1774.0	2400	711	2000	1
65	2443	2111	1045	5655	3020	1773.0	2400	711	2000	1
65	2443	2111	1046	5655	3022	1773.0	2400	711	2000	1
65	2445	2113	1047	5661	3022	1774.0	2400	711	2000	1
65	2443	2111	1046	5656	3022	1773.0	2400	711	2000	1
65	2445	2113	1047	5662	3022	1774.0	2400	711	2000	1
65	2526	2177	1075	5835	3012	1829.0	2400	711	2000	1
65	2523	2182	1077	5840	3017	1836.0	2400	711	2000	1
65	2523	2178	1075	5834	3014	1831.0	2400	711	2000	1
65	2525	2180	1077	5839	3016	1832.0	2400	711	2000	1
65	2515	2172	1073	5816	3016	1826.0	2400	711	2000	1
65	2525	2179	1076	5837	3014	1831.0	2400	711	2000	1
65	2520	2181	1077	5835	3019	1836.0	2400	711	2000	1
65	2527	2178	1076	5838	3013	1829.0	2400	711	2000	1
65	2512	2173	1073	5816	3018	1828.0	2400	711	2000	1
65	2525	2179	1076	5837	3014	1831.0	2400	711	2000	1
65	2523	2180	1076	5836	3015	1834.0	2400	711	2000	1
65	2480	2141	1059	5737	3017	1799.0	2400	711	2000	1
65	2453	2120	1050	5679	3021	1781.0	2400	711	2000	1
65	2443	2112	1046	5657	3022	1774.0	2400	711	2000	1
65	2443	2112	1046	5657	3022	1774.0	2400	711	2000	1
65	2444	2112	1047	5659	3023	1773.0	2400	711	2000	1
65	2443	2111	1046	5656	3022	1773.0	2400	711	2000	0
65	3735	3211	1533	8552	2954	2733.0	2400	711	2000	0
65	4605	3947	1859	10494	2929	3374.0	2400	711	2000	0
65	4605	3950	1861	10498	2930	3377.0	2400	711	2000	0
65	4605	3945	1858	10491	2928	3371.0	2400	711	2000	0
66	4603	3950	1861	10497	2931	3378.0	2400	1066	1777	1
66	4504	3857	1819	10261	2929	3294.0	2400	1066	1777	1
66	2700	1979	1018	5716	2827	1501.0	2400	1066	1777	1
66	2699	1977	1016	5710	2825	1500.0	2400	1066	1777	1
66	2701	1980	1018	5717	2826	1503.0	2400	1066	1777	1
66	2699	1977	1016	5711	2825	1500.0	2400	1066	1777	1
66	2701	1980	1018	5718	2826	1503.0	2400	1066	1777	1
66	2710	1985	1020	5732	2825	1506.0	2400	1066	1777	1
66	2702	1980	1018	5719	2826	1502.0	2400	1066	1777	1
66	2699	1978	1016	5712	2825	1502.0	2400	1066	1777	1
66	2701	1980	1018	5718	2826	1503.0	2400	1066	1777	1
66	2702	1980	1018	5716	2826	1502.0	2400	1066	1777	1
66	2789	2041	1046	5894	2819	1550.0	2400	1066	1777	1
66	2790	2043	1047	5898	2820	1552.0	2400	1066	1777	1
66	2780	2033	1042	5873	2819	1543.0	2400	1066	1777	1
66	2789	2043	1047	5898	2821	1552.0	2400	1066	1777	1
66	2791	2040	1045	5894	2817	1548.0	2400	1066	1777	1
66	2787	2044	1047	5897	2822	1555.0	2400	1066	1777	1
66	2793	2039	1045	5894	2816	1546.0	2400	1066	1777	1
66	2788	2044	1047	5897	2821	1554.0	2400	1066	1777	1
66	2791	2040	1045	5894	2817	1548.0	2400	1066	1777	1
66	2790	2042	1047	5897	2820	1550.0	2400	1066	1777	1
66	2788	2041	1046	5893	2820	1550.0	2400	1066	1777	1
66	2739	2002	1028	5788	2820	1518.0	2400	1066	1777	1
66	2700	1979	1017	5715	2826	1502.0	2400	1066	1777	1
66	2701	1979	1017	5716	2825	1502.0	2400	1066	1777	1
66	2701	1979	1017	5716	2825	1502.0	2400	1066	1777	1
66	2701	1979	1017	5715	2825	1502.0	2400	1066	1777	1
66	2701	1979	1018	5716	2826	1501.0	2400	1066	1777	1
66	2700	1979	1017	5715	2826	1502.0	2400	1066	1777	1
66	2711	1986	1020	5735	2824	1507.0	2400	1066	1777	1
66	2701	1980	1018	5717	2826	1503.0	2400	1066	1777	1
66	2700	1978	1017	5713	2826	1501.0	2400	1066	1777	1
66	2701	1980	1018	5717	2826	1503.0	2400	1066	1777	1
66	2776	2035	1043	5872	2822	1547.0	2400	1066	1777	1
66	2795	2041	1046	5900	2816	1548.0	2400	1066	1777	1
66	2787	2042	1046	5893	2820	1552.0	2400	1066	1777	1
66	2792	2042	1047	5899	2819	1550.0	2400	1066	1777	1
66	2786	2041	1045	5890	2820	1552.0	2400	1066	1777	1
66	2790	2043	1047	5897	2820	1552.0	2400	1066	1777	1
66	2790	2040	1045	5893	2818	1549.0	2400	1066	1777	1
66	2789	2043	1047	5898	2821	1552.0	2400	1066	1777	1
66	2791	2039	1045	5892	2817	1547.0	2400	1066	1777	1
66	2788	2044	1047	5898	2821	1554.0	2400	1066	1777	1
66	2792	2039	1045	5893	2817	1546.0	2400	1066	1777	1
66	2789	2044	1047	5899	2821	1554.0	2400	1066	1777	0
66	2699	1978	1016	5712	2825	1502.0	2400	1066	1777	0
66	358	341	262	990	4179	230.0	2400	1066	1777	0
66	358	341	262	990	4179	230.0	2400	1066	1777	0
66	355	338	260	983	4181	227.0	2400	1066	1777	0
67	357	341	262	990	4187	230.0	2400	1422	1555	1
67	1896	1231	691	3819	2779	821.0	2400	1422	1555	1
67	3068	1902	1015	5965	2643	1263.0	2400	1422	1555	1
67	3061	1903	1015	5958	2646	1266.0	2400	1422	1555	1
67	3053	1896	1012	5941	2645	1260.0	2400	1422	1555	1
67	3064	1902	1015	5959	2643	1264.0	2400	1422	1555	1
67	3011	1871	1000	5862	2647	1243.0	2400	1422	1555	1
67	2963	1844	987	5775	2652	1226.0	2400	1422	1555	1
67	2976	1852	991	5800	2652	1231.0	2400	1422	1555	1
67	2963	1845	987	5776	2652	1227.0	2400	1422	1555	1
67	2964	1845	988	5778	2653	1226.0	2400	1422	1555	1
67	2964	1845	987	5776	2651	1227.0	2400	1422	1555	1
67	2964	1845	987	5778	2651	1227.0	2400	1422	1555	1
67	2964	1845	987	5777	2651	1227.0	2400	1422	1555	1
67	2964	1845	987	5777	2651	1227.0	2400	1422	1555	1
67	2964	1845	987	5777	2651	1227.0	2400	1422	1555	1
67	2971	1852	990	5794	2652	1233.0	2400	1422	1555	1
67	3066	1901	1014	5960	2642	1262.0	2400	1422	1555	1
67	3062	1904	1016	5961	2646	1267.0	2400	1422	1555	1
67	3063	1901	1014	5958	2643	1263.0	2400	1422	1555	1
67	3065	1903	1016	5963	2645	1264.0	2400	1422	1555	1
67	3061	1902	1014	5956	2644	1266.0	2400	1422	1555	1
67	3067	1903	1016	5963	2643	1264.0	2400	1422	1555	1
67	3059	1903	1014	5955	2645	1268.0	2400	1422	1555	1
67	3056	1895	1012	5942	2644	1258.0	2400	1422	1555	1
67	3058	1903	1015	5955	2647	1267.0	2400	1422	1555	1
67	3067	1902	1015	5963	2643	1263.0	2400	1422	1555	1
67	3061	1903	1015	5957	2645	1266.0	2400	1422	1555	1
67	3064	1903	1015	5961	2644	1265.0	2400	1422	1555	1
67	2963	1844	987	5774	2651	1226.0	2400	1422	1555	1
67	2965	1846	988	5780	2652	1227.0	2400	1422	1555	1
67	2962	1844	986	5773	2651	1227.0	2400	1422	1555	1
67	2976	1852	991	5800	2652	1231.0	2400	1422	1555	1
67	2962	1844	986	5772	2650	1227.0	2400	1422	1555	1
67	2962	1843	986	5779	2654	1225.0	2400	1422	1555	1
67	2964	1846	988	5778	2652	1228.0	2400	1422	1555	1
67	2962	1843	986	5772	2651	1225.0	2400	1422	1555	1
67	2964	1846	988	5778	2652	1228.0	2400	1422	1555	1
67	2962	1843	986	5772	2651	1225.0	2400	1422	1555	1
67	3022	1879	1004	5885	2648	1249.0	2400	1422	1555	1
67	3058	1902	1014	5953	2646	1267.0	2400	1422	1555	1
67	3066	1902	1015	5962	2643	1263.0	2400	1422	1555	1
67	3060	1902	1014	5954	2644	1266.0	2400	1422	1555	1
67	3062	1902	1015	5959	2645	1265.0	2400	1422	1555	1
67	3057	1894	1011	5941	2642	1256.0	2400	1422	1555	1
67	3060	1903	1015	5958	2646	1267.0	2400	1422	1555	0
67	3065	1900	1014	5956	2642	1261.0	2400	1422	1555	0
67	5661	3406	1741	10737	2546	2263.0	2400	1422	1555	0
67	5665	3401	1738	10734	2543	2256.0	2400	1422	1555	0
67	5662	3405	1740	10737	2545	2262.0	2400	1422	1555	0
68	5662	3402	1738	10732	2544	2259.0	2400	1777	1333	1
68	5663	3404	1740	10736	2545	2260.0	2400	1777	1333	1
68	3078	1874	1006	5931	2625	1222.0	2400	1777	1333	1
68	3316	1752	978	5986	2490	972.0	2400	1777	1333	1
68	3326	1750	978	5994	2486	966.0	2400	1777	1333	1
68	3318	1752	978	5988	2489	972.0	2400	1777	1333	1
68	3325	1749	978	5991	2487	965.0	2400	1777	1333	1
68	3320	1752	979	5992	2490	970.0	2400	1777	1333	1
68	3322	1750	978	5989	2488	967.0	2400	1777	1333	1
68	3323	1751	978	5992	2487	969.0	2400	1777	1333	1
68	3318	1751	978	5986	2489	970.0	2400	1777	1333	1
68	3326	1750	978	5994	2486	966.0	2400	1777	1333	1
68	3212	1699	951	5805	2495	942.0	2400	1777	1333	1
68	3213	1700	952	5808	2496	943.0	2400	1777	1333	1
68	3212	1699	951	5804	2494	942.0	2400	1777	1333	1
68	3214	1700	952	5808	2495	942.0	2400	1777	1333	1
68	3212	1698	951	5804	2495	941.0	2400	1777	1333	1
68	3214	1700	953	5809	2496	942.0	2400	1777	1333	1
68	3225	1704	954	5825	2493	944.0	2400	1777	1333	1
68	3214	1700	953	5809	2496	942.0	2400	1777	1333	1
68	3212	1698	951	5804	2495	941.0	2400	1777	1333	1
68	3219	1698	952	5811	2493	938.0	2400	1777	1333	1
68	3265	1726	965	5898	2493	957.0	2400	1777	1333	1
68	3317	1751	978	5985	2489	971.0	2400	1777	1333	1
68	3328	1751	979	5997	2487	966.0	2400	1777	1333	1
68	3304	1745	974	5963	2489	968.0	2400	1777	1333	1
68	3327	1751	979	5997	2487	967.0	2400	1777	1333	1
68	3318	1751	978	5986	2489	970.0	2400	1777	1333	1
68	3326	1751	979	5996	2487	967.0	2400	1777	1333	1
68	3320	1751	978	5988	2488	970.0	2400	1777	1333	1
68	3325	1752	979	5995	2488	969.0	2400	1777	1333	1
68	3321	1751	978	5990	2488	969.0	2400	1777	1333	1
68	3324	1752	979	5994	2488	969.0	2400	1777	1333	1
68	3322	1751	978	5990	2488	969.0	2400	1777	1333	1
68	3214	1700	953	5811	2497	942.0	2400	1777	1333	1
68	3212	1698	951	5804	2495	941.0	2400	1777	1333	1
68	3214	1700	953	5810	2497	942.0	2400	1777	1333	1
68	3212	1698	951	5805	2495	941.0	2400	1777	1333	1
68	3214	1700	953	5810	2497	942.0	2400	1777	1333	1
68	3214	1700	953	5810	2497	942.0	2400	1777	1333	1
68	3212	1698	951	5805	2495	941.0	2400	1777	1333	1
68	3227	1706	956	5831	2495	945.0	2400	1777	1333	1
68	3213	1699	951	5806	2495	942.0	2400	1777	1333	1
68	3214	1700	952	5809	2495	942.0	2400	1777	1333	1
68	3212	1699	951	5805	2495	942.0	2400	1777	1333	1
68	3307	1747	976	5970	2490	969.0	2400	1777	1333	0
68	2854	1525	864	5196	2522	848.0	2400	1777	1333	0
68	356	340	261	986	4184	230.0	2400	1777	1333	0
68	355	339	261	984	4192	228.0	2400	1777	1333	0
68	356	339	261	986	4184	228.0	2400	1777	1333	0
69	356	339	261	985	4184	228.0	2400	2133	1111	1
69	356	339	261	986	4184	228.0	2400	2133	1111	1
69	3472	1557	918	5852	2359	658.0	2400	2133	1111	1
69	3470	1556	918	5849	2360	657.0	2400	2133	1111	1
69	3470	1557	918	5850	2360	659.0	2400	2133	1111	1
69	3469	1556	918	5848	2360	657.0	2400	2133	1111	1
69	3543	1587	934	5967	2356	670.0	2400	2133	1111	1
69	3592	1604	943	6037	2350	675.0	2400	2133	1111	1
69	3592	1601	942	6036	2351	671.0	2400	2133	1111	1
69	3585	1604	944	6033	2354	676.0	2400	2133	1111	1
69	3591	1601	942	6033	2350	671.0	2400	2133	1111	1
69	3573	1599	941	6013	2354	675.0	2400	2133	1111	1
69	3589	1601	942	6031	2351	672.0	2400	2133	1111	1
69	3588	1605	944	6037	2353	677.0	2400	2133	1111	1
69	3587	1601	942	6030	2351	672.0	2400	2133	1111	1
69	3576	1599	941	6016	2353	674.0	2400	2133	1111	1
69	3585	1601	942	6028	2352	673.0	2400	2133	1111	1
69	3470	1557	919	5851	2361	658.0	2400	2133	1111	1
69	3468	1555	917	5844	2359	657.0	2400	2133	1111	1
69	3484	1563	922	5873	2360	661.0	2400	2133	1111	1
69	3468	1555	917	5844	2359	657.0	2400	2133	1111	1
69	3470	1557	919	5851	2361	658.0	2400	2133	1111	1
69	3468	1555	917	5844	2359	657.0	2400	2133	1111	1
69	3471	1557	919	5852	2361	658.0	2400	2133	1111	1
69	3468	1555	917	5845	2359	657.0	2400	2133	1111	1
69	3470	1557	919	5851	2361	658.0	2400	2133	1111	1
69	3470	1558	919	5851	2360	659.0	2400	2133	1111	1
69	3475	1560	919	5859	2360	661.0	2400	2133	1111	1
69	3588	1604	944	6036	2353	675.0	2400	2133	1111	1
69	3590	1602	942	6034	2351	673.0	2400	2133	1111	1
69	3586	1604	944	6034	2354	676.0	2400	2133	1111	1
69	3592	1601	942	6034	2350	671.0	2400	2133	1111	1
69	3584	1604	944	6032	2354	677.0	2400	2133	1111	1
69	3592	1601	942	6034	2350	671.0	2400	2133	1111	1
69	3585	1604	944	6033	2354	676.0	2400	2133	1111	1
69	3577	1595	939	6011	2351	668.0	2400	2133	1111	1
69	3586	1604	944	6035	2355	676.0	2400	2133	1111	1
69	3589	1601	942	6032	2351	672.0	2400	2133	1111	1
69	3587	1604	944	6036	2354	676.0	2400	2133	1111	1
69	3510	1570	925	5907	2355	661.0	2400	2133	1111	1
69	3470	1557	918	5850	2360	659.0	2400	2133	1111	1
69	3469	1556	918	5847	2359	657.0	2400	2133	1111	1
69	3470	1557	918	5850	2360	659.0	2400	2133	1111	1
69	3483	1561	921	5869	2359	658.0	2400	2133	1111	1
69	3469	1556	918	5847	2359	657.0	2400	2133	1111	1
69	3469	1557	918	5849	2360	659.0	2400	2133	1111	0
69	5695	2428	1389	9326	2272	966.0	2400	2133	1111	0
69	6700	2816	1599	10889	2250	1099.0	2400	2133	1111	0
69	6689	2817	1599	10879	2251	1104.0	2400	2133	1111	0
69	6699	2815	1599	10886	2250	1097.0	2400	2133	1111	0
70	6690	2817	1599	10879	2251	1103.0	2400	2488	888	1
70	6254	2642	1505	10192	2258	1038.0	2400	2488	888	1
70	3749	1417	887	5918	2239	370.0	2400	2488	888	1
70	3749	1417	886	5917	2238	370.0	2400	2488	888	1
70	3750	1418	887	5920	2239	371.0	2400	2488	888	1
70	3756	1421	888	5930	2238	373.0	2400	2488	888	1
70	3751	1418	887	5921	2239	371.0	2400	2488	888	1
70	3749	1417	886	5917	2238	370.0	2400	2488	888	1
70	3751	1418	887	5921	2239	371.0	2400	2488	888	1
70	3764	1421	889	5938	2237	370.0	2400	2488	888	1
70	3751	1418	887	5921	2239	371.0	2400	2488	888	1
70	3757	1420	888	5929	2237	371.0	2400	2488	888	1
70	3863	1452	907	6082	2231	373.0	2400	2488	888	1
70	3882	1461	912	6114	2232	378.0	2400	2488	888	1
70	3877	1457	910	6104	2231	374.0	2400	2488	888	1
70	3883	1460	912	6114	2232	376.0	2400	2488	888	1
70	3877	1457	910	6103	2231	374.0	2400	2488	888	1
70	3883	1460	912	6114	2232	376.0	2400	2488	888	1
70	3876	1457	910	6102	2231	375.0	2400	2488	888	1
70	3884	1460	912	6114	2231	375.0	2400	2488	888	1
70	3875	1458	910	6101	2231	377.0	2400	2488	888	1
70	3885	1459	912	6115	2231	374.0	2400	2488	888	1
70	3764	1421	889	5938	2237	370.0	2400	2488	888	1
70	3752	1419	888	5923	2239	371.0	2400	2488	888	1
70	3749	1416	886	5915	2237	369.0	2400	2488	888	1
70	3752	1418	888	5923	2239	370.0	2400	2488	888	1
70	3749	1416	886	5916	2238	369.0	2400	2488	888	1
70	3752	1418	888	5923	2239	370.0	2400	2488	888	1
70	3749	1416	886	5917	2238	369.0	2400	2488	888	1
70	3767	1423	891	5945	2238	370.0	2400	2488	888	1
70	3749	1416	888	5917	2239	367.0	2400	2488	888	1
70	3749	1416	886	5916	2238	369.0	2400	2488	888	1
70	3751	1418	888	5922	2240	370.0	2400	2488	888	1
70	3875	1458	910	6103	2232	377.0	2400	2488	888	1
70	3885	1459	911	6114	2230	374.0	2400	2488	888	1
70	3876	1458	910	6104	2231	376.0	2400	2488	888	1
70	3869	1454	908	6091	2231	374.0	2400	2488	888	1
70	3876	1458	910	6103	2231	376.0	2400	2488	888	1
70	3885	1459	911	6114	2230	374.0	2400	2488	888	1
70	3875	1458	910	6104	2232	377.0	2400	2488	888	1
70	3884	1458	911	6113	2231	373.0	2400	2488	888	1
70	3876	1458	910	6104	2231	376.0	2400	2488	888	1
70	3884	1458	911	6112	2231	373.0	2400	2488	888	1
70	3875	1459	911	6104	2233	378.0	2400	2488	888	1
70	3841	1444	903	6048	2232	371.0	2400	2488	888	1
70	3750	1417	887	5919	2239	369.0	2400	2488	888	0
70	3750	1417	887	5919	2239	369.0	2400	2488	888	0
70	356	339	261	986	4184	228.0	2400	2488	888	0
70	356	339	261	985	4184	228.0	2400	2488	888	0
70	355	339	261	984	4192	228.0	2400	2488	888	0
71	356	340	261	986	4184	230.0	2400	2844	666	1
71	2947	1000	679	4512	2211	124.0	2400	2844	666	1
71	4180	1315	880	6192	2126	74.0	2400	2844	666	1
71	4198	1317	881	6211	2123	70.0	2400	2844	666	1
71	4197	1320	883	6215	2125	74.0	2400	2844	666	1
71	4055	1282	858	6018	2130	78.0	2400	2844	666	1
71	4073	1287	862	6045	2131	78.0	2400	2844	666	1
71	4054	1281	858	6018	2131	77.0	2400	2844	666	1
71	4056	1283	860	6023	2132	78.0	2400	2844	666	1
71	4054	1281	858	6018	2131	77.0	2400	2844	666	1
71	4056	1283	860	6023	2132	78.0	2400	2844	666	1
71	4054	1281	858	6017	2130	77.0	2400	2844	666	1
71	4056	1283	860	6023	2132	78.0	2400	2844	666	1
71	4054	1281	858	6017	2130	77.0	2400	2844	666	1
71	4056	1283	860	6023	2132	78.0	2400	2844	666	1
71	4054	1281	858	6016	2130	77.0	2400	2844	666	1
71	4056	1283	860	6023	2132	78.0	2400	2844	666	1
71	4203	1320	883	6221	2124	72.0	2400	2844	666	1
71	4191	1317	881	6205	2124	73.0	2400	2844	666	1
71	4202	1319	883	6220	2124	71.0	2400	2844	666	1
71	4192	1317	881	6205	2124	72.0	2400	2844	666	1
71	4202	1319	883	6220	2124	71.0	2400	2844	666	1
71	4176	1313	878	6184	2125	74.0	2400	2844	666	1
71	4201	1319	883	6219	2124	71.0	2400	2844	666	1
71	4193	1318	881	6207	2124	74.0	2400	2844	666	1
71	4201	1319	883	6219	2124	71.0	2400	2844	666	1
71	4176	1313	878	6185	2125	74.0	2400	2844	666	1
71	4139	1303	872	6133	2126	74.0	2400	2844	666	1
71	4054	1281	858	6018	2131	77.0	2400	2844	666	1
71	4056	1283	860	6023	2132	78.0	2400	2844	666	1
71	4071	1286	861	6040	2129	77.0	2400	2844	666	1
71	4056	1283	860	6023	2132	78.0	2400	2844	666	1
71	4054	1281	858	6017	2130	77.0	2400	2844	666	1
71	4056	1283	860	6022	2132	78.0	2400	2844	666	1
71	4054	1281	858	6017	2130	77.0	2400	2844	666	1
71	4054	1282	858	6023	2133	79.0	2400	2844	666	1
71	4056	1283	860	6022	2132	78.0	2400	2844	666	1
71	4054	1282	859	6018	2131	78.0	2400	2844	666	1
71	4194	1319	882	6211	2124	74.0	2400	2844	666	1
71	4201	1318	882	6216	2123	70.0	2400	2844	666	1
71	4193	1319	882	6210	2124	75.0	2400	2844	666	1
71	4201	1318	882	6216	2123	70.0	2400	2844	666	1
71	4193	1319	882	6209	2124	75.0	2400	2844	666	1
71	4200	1318	882	6215	2123	71.0	2400	2844	666	1
71	4194	1319	882	6211	2124	74.0	2400	2844	666	1
71	4198	1318	882	6213	2124	71.0	2400	2844	666	0
71	4179	1315	880	6190	2125	74.0	2400	2844	666	0
71	7889	2258	1479	11235	2026	0.0	2400	2844	666	0
71	7887	2259	1479	11234	2026	0.0	2400	2844	666	0
71	7885	2258	1479	11231	2027	0.0	2400	2844	666	0
72	7886	2259	1479	11233	2027	0.0	2400	3200	444	1
72	7882	2258	1479	11228	2027	0.0	2400	3200	444	1
72	4276	1284	875	6239	2099	0.0	2400	3200	444	1
72	4529	1179	855	6333	2029	0.0	2400	3200	444	1
72	4529	1179	855	6334	2030	0.0	2400	3200	444	1
72	4535	1179	855	6340	2029	0.0	2400	3200	444	1
72	4530	1180	855	6337	2030	0.0	2400	3200	444	1
72	4535	1179	855	6339	2028	0.0	2400	3200	444	1
72	4531	1180	855	6337	2030	0.0	2400	3200	444	1
72	4534	1178	854	6337	2028	0.0	2400	3200	444	1
72	4442	1161	842	6223	2034	0.0	2400	3200	444	1
72	4378	1148	832	6139	2036	0.0	2400	3200	444	1
72	4380	1149	834	6144	2037	0.0	2400	3200	444	1
72	4378	1148	832	6139	2036	0.0	2400	3200	444	1
72	4380	1149	834	6144	2037	0.0	2400	3200	444	1
72	4378	1147	832	6138	2036	0.0	2400	3200	444	1
72	4398	1153	836	6167	2036	0.0	2400	3200	444	1
72	4378	1147	832	6138	2036	0.0	2400	3200	444	1
72	4380	1149	834	6144	2037	0.0	2400	3200	444	1
72	4378	1147	832	6138	2036	0.0	2400	3200	444	1
72	4398	1153	836	6167	2036	0.0	2400	3200	444	1
72	4378	1147	832	6138	2036	0.0	2400	3200	444	1
72	4530	1179	854	6334	2029	0.0	2400	3200	444	1
72	4516	1176	853	6317	2030	0.0	2400	3200	444	1
72	4532	1179	854	6336	2029	0.0	2400	3200	444	1
72	4533	1180	856	6340	2030	0.0	2400	3200	444	1
72	4533	1179	854	6337	2029	0.0	2400	3200	444	1
72	4531	1180	856	6338	2031	0.0	2400	3200	444	1
72	4534	1178	854	6338	2028	0.0	2400	3200	444	1
72	4530	1180	855	6337	2030	0.0	2400	3200	444	1
72	4535	1178	854	6339	2028	0.0	2400	3200	444	1
72	4530	1180	855	6338	2031	0.0	2400	3200	444	1
72	4534	1178	854	6337	2028	0.0	2400	3200	444	1
72	4380	1150	834	6145	2037	0.0	2400	3200	444	1
72	4378	1147	832	6137	2035	0.0	2400	3200	444	1
72	4380	1150	834	6144	2037	0.0	2400	3200	444	1
72	4378	1147	832	6138	2036	0.0	2400	3200	444	1
72	4380	1149	834	6144	2037	0.0	2400	3200	444	1
72	4378	1147	832	6138	2036	0.0	2400	3200	444	1
72	4380	1149	834	6144	2037	0.0	2400	3200	444	1
72	4380	1149	834	6143	2037	0.0	2400	3200	444	1
72	4378	1148	832	6139	2036	0.0	2400	3200	444	1
72	4380	1149	834	6144	2037	0.0	2400	3200	444	1
72	4471	1167	846	6258	2031	0.0	2400	3200	444	1
72	4536	1180	856	6344	2030	0.0	2400	3200	444	1
72	4529	1179	854	6334	2029	0.0	2400	3200	444	0
72	3390	949	693	4873	2097	0.0	2400	3200	444	0
72	355	339	261	984	4192	228.0	2400	3200	444	0
72	356	340	261	987	4184	230.0	2400	3200	444	0
72	355	339	261	984	4192	228.0	2400	3200	444	0
73	356	340	261	986	4184	230.0	2400	1066	2000	1
73	356	339	261	985	4184	228.0	2400	1066	2000	1
73	2730	2123	1077	5953	2894	1676.0	2400	1066	2000	1
73	2728	2123	1077	5949	2895	1676.0	2400	1066	2000	1
73	2728	2122	1077	5950	2895	1675.0	2400	1066	2000	1
73	2821	2189	1107	6140	2886	1728.0	2400	1066	2000	1
73	2816	2191	1108	6138	2890	1733.0	2400	1066	2000	1
73	2819	2190	1108	6139	2888	1730.0	2400	1066	2000	1
73	2817	2190	1108	6138	2889	1731.0	2400	1066	2000	1
73	2818	2190	1108	6137	2889	1730.0	2400	1066	2000	1
73	2817	2191	1108	6139	2889	1732.0	2400	1066	2000	1
73	2819	2189	1107	6137	2887	1729.0	2400	1066	2000	1
73	2816	2192	1108	6139	2890	1734.0	2400	1066	2000	1
73	2808	2180	1103	6114	2887	1721.0	2400	1066	2000	1
73	2816	2192	1109	6140	2891	1733.0	2400	1066	2000	1
73	2819	2187	1106	6134	2885	1727.0	2400	1066	2000	1
73	2728	2123	1077	5951	2895	1676.0	2400	1066	2000	1
73	2737	2129	1079	5968	2893	1682.0	2400	1066	2000	1
73	2728	2123	1077	5951	2895	1676.0	2400	1066	2000	1
73	2726	2121	1076	5945	2894	1675.0	2400	1066	2000	1
73	2728	2123	1077	5951	2895	1676.0	2400	1066	2000	1
73	2726	2121	1076	5945	2894	1675.0	2400	1066	2000	1
73	2728	2123	1077	5951	2895	1676.0	2400	1066	2000	1
73	2726	2121	1076	5945	2894	1675.0	2400	1066	2000	1
73	2728	2123	1077	5951	2895	1676.0	2400	1066	2000	1
73	2726	2121	1076	5945	2894	1675.0	2400	1066	2000	1
73	2728	2123	1077	5951	2895	1676.0	2400	1066	2000	1
73	2821	2190	1108	6142	2887	1729.0	2400	1066	2000	1
73	2814	2190	1107	6134	2889	1732.0	2400	1066	2000	1
73	2821	2190	1108	6141	2887	1729.0	2400	1066	2000	1
73	2813	2191	1107	6134	2890	1734.0	2400	1066	2000	1
73	2822	2189	1108	6142	2886	1727.0	2400	1066	2000	1
73	2813	2191	1107	6134	2890	1734.0	2400	1066	2000	1
73	2812	2182	1104	6120	2886	1723.0	2400	1066	2000	1
73	2814	2190	1107	6134	2889	1732.0	2400	1066	2000	1
73	2821	2190	1108	6142	2887	1729.0	2400	1066	2000	1
73	2815	2190	1107	6134	2889	1732.0	2400	1066	2000	1
73	2810	2183	1105	6120	2889	1724.0	2400	1066	2000	1
73	2726	2121	1076	5945	2894	1675.0	2400	1066	2000	1
73	2728	2123	1077	5951	2895	1676.0	2400	1066	2000	1
73	2726	2121	1076	5946	2894	1675.0	2400	1066	2000	1
73	2739	2131	1081	5973	2894	1683.0	2400	1066	2000	1
73	2726	2121	1076	5946	2894	1675.0	2400	1066	2000	1
73	2728	2123	1077	5951	2895	1676.0	2400	1066	2000	1
73	2726	2121	1076	5946	2894	1675.0	2400	1066	2000	1
73	2726	2121	1076	5946	2894	1675.0	2400	1066	2000	0
73	4699	3608	1757	10080	2815	2883.0	2400	1066	2000	0
73	5185	3967	1921	11086	2802	3172.0	2400	1066	2000	0
73	5180	3971	1923	11087	2805	3178.0	2400	1066	2000	0
73	5184	3966	1920	11085	2802	3171.0	2400	1066	2000	0
74	5179	3970	1922	11086	2804	3177.0	2400	1422	1777	1
74	4561	3497	1706	9780	2816	2790.0	2400	1422	1777	1
74	2983	1988	1047	6004	2722	1403.0	2400	1422	1777	1
74	2983	1988	1047	6003	2722	1403.0	2400	1422	1777	1
74	2984	1988	1047	6004	2722	1402.0	2400	1422	1777	1
74	2984	1988	1047	6004	2722	1402.0	2400	1422	1777	1
74	2984	1988	1047	6005	2722	1402.0	2400	1422	1777	1
74	2996	1996	1051	6027	2720	1408.0	2400	1422	1777	1
74	2984	1988	1047	6004	2722	1402.0	2400	1422	1777	1
74	2984	1989	1047	6005	2722	1404.0	2400	1422	1777	1
74	3077	2048	1075	6184	2715	1446.0	2400	1422	1777	1
74	3069	2046	1074	6173	2717	1446.0	2400	1422	1777	1
74	3088	2049	1076	6197	2712	1443.0	2400	1422	1777	1
74	3085	2050	1077	6195	2714	1445.0	2400	1422	1777	1
74	3073	2045	1075	6176	2717	1443.0	2400	1422	1777	1
74	3084	2050	1077	6194	2715	1446.0	2400	1422	1777	1
74	3086	2052	1078	6199	2715	1447.0	2400	1422	1777	1
74	3081	2051	1077	6192	2716	1448.0	2400	1422	1777	1
74	3088	2051	1078	6200	2714	1445.0	2400	1422	1777	1
74	3080	2052	1077	6192	2716	1450.0	2400	1422	1777	1
74	3089	2051	1078	6200	2713	1445.0	2400	1422	1777	1
74	2983	1988	1047	6002	2721	1403.0	2400	1422	1777	1
74	2985	1989	1048	6007	2722	1403.0	2400	1422	1777	1
74	2983	1987	1046	6002	2721	1402.0	2400	1422	1777	1
74	2985	1990	1048	6008	2722	1404.0	2400	1422	1777	1
74	2983	1987	1046	6001	2721	1402.0	2400	1422	1777	1
74	2985	1990	1048	6008	2722	1404.0	2400	1422	1777	1
74	2995	1995	1050	6024	2720	1407.0	2400	1422	1777	1
74	2985	1990	1048	6008	2722	1404.0	2400	1422	1777	1
74	2983	1987	1046	6002	2721	1402.0	2400	1422	1777	1
74	2986	1990	1048	6009	2722	1404.0	2400	1422	1777	1
74	2995	1995	1054	6024	2723	1405.0	2400	1422	1777	1
74	3087	2049	1076	6195	2712	1444.0	2400	1422	1777	1
74	3082	2054	1079	6199	2718	1451.0	2400	1422	1777	1
74	3075	2041	1072	6172	2712	1438.0	2400	1422	1777	1
74	3082	2054	1079	6199	2718	1451.0	2400	1422	1777	1
74	3087	2049	1076	6195	2712	1444.0	2400	1422	1777	1
74	3083	2054	1079	6200	2717	1451.0	2400	1422	1777	1
74	3087	2049	1076	6196	2712	1444.0	2400	1422	1777	1
74	3083	2054	1079	6199	2717	1451.0	2400	1422	1777	1
74	3086	2050	1076	6195	2712	1446.0	2400	1422	1777	1
74	3084	2053	1079	6199	2717	1449.0	2400	1422	1777	1
74	3085	2050	1076	6194	2713	1446.0	2400	1422	1777	1
74	2991	1990	1049	6014	2720	1402.0	2400	1422	1777	1
74	2983	1988	1047	6003	2722	1403.0	2400	1422	1777	1
74	2985	1989	1048	6007	2722	1403.0	2400	1422	1777	0
74	2983	1988	1047	6003	2722	1403.0	2400	1422	1777	0
74	356	340	261	987	4184	230.0	2400	1422	1777	0
74	355	339	260	983	4181	229.0	2400	1422	1777	0
74	356	340	261	987	4184	230.0	2400	1422	1777	0
75	356	340	261	986	4184	230.0	2400	1777	1555	1
75	2696	1569	874	5103	2608	961.0	2400	1777	1555	1
75	3362	1912	1046	6264	2554	1160.0	2400	1777	1555	1
75	3352	1913	1046	6256	2558	1165.0	2400	1777	1555	1
75	3260	1861	1021	6089	2563	1131.0	2400	1777	1555	1
75	3247	1855	1017	6066	2563	1129.0	2400	1777	1555	1
75	3247	1854	1017	6066	2563	1127.0	2400	1777	1555	1
75	3247	1855	1017	6066	2563	1129.0	2400	1777	1555	1
75	3260	1861	1021	6088	2562	1131.0	2400	1777	1555	1
75	3247	1855	1018	6066	2563	1128.0	2400	1777	1555	1
75	3246	1854	1017	6064	2563	1128.0	2400	1777	1555	1
75	3247	1855	1018	6067	2564	1128.0	2400	1777	1555	1
75	3246	1854	1017	6064	2563	1128.0	2400	1777	1555	1
75	3247	1855	1018	6067	2564	1128.0	2400	1777	1555	1
75	3246	1854	1017	6064	2563	1128.0	2400	1777	1555	1
75	3285	1875	1028	6135	2562	1140.0	2400	1777	1555	1
75	3352	1912	1046	6255	2558	1164.0	2400	1777	1555	1
75	3361	1911	1046	6263	2555	1159.0	2400	1777	1555	1
75	3359	1913	1047	6262	2556	1162.0	2400	1777	1555	1
75	3356	1912	1046	6257	2556	1162.0	2400	1777	1555	1
75	3355	1909	1045	6253	2555	1159.0	2400	1777	1555	1
75	3359	1910	1045	6258	2554	1159.0	2400	1777	1555	1
75	3354	1914	1047	6260	2559	1165.0	2400	1777	1555	1
75	3360	1910	1045	6260	2554	1158.0	2400	1777	1555	1
75	3341	1909	1045	6240	2561	1163.0	2400	1777	1555	1
75	3360	1911	1046	6261	2555	1159.0	2400	1777	1555	1
75	3249	1857	1019	6073	2564	1130.0	2400	1777	1555	1
75	3247	1855	1017	6066	2563	1129.0	2400	1777	1555	1
75	3262	1864	1022	6095	2563	1135.0	2400	1777	1555	1
75	3246	1855	1017	6065	2563	1129.0	2400	1777	1555	1
75	3248	1857	1019	6071	2565	1130.0	2400	1777	1555	1
75	3245	1854	1017	6064	2563	1128.0	2400	1777	1555	1
75	3248	1857	1019	6071	2565	1130.0	2400	1777	1555	1
75	3246	1855	1017	6065	2563	1129.0	2400	1777	1555	1
75	3248	1857	1019	6071	2565	1130.0	2400	1777	1555	1
75	3246	1855	1017	6064	2562	1129.0	2400	1777	1555	1
75	3246	1855	1017	6072	2566	1129.0	2400	1777	1555	1
75	3360	1915	1048	6266	2557	1164.0	2400	1777	1555	1
75	3357	1913	1046	6260	2556	1163.0	2400	1777	1555	1
75	3357	1915	1048	6264	2558	1165.0	2400	1777	1555	1
75	3359	1912	1046	6261	2555	1161.0	2400	1777	1555	1
75	3355	1915	1048	6262	2559	1166.0	2400	1777	1555	1
75	3361	1912	1046	6262	2554	1161.0	2400	1777	1555	1
75	3353	1916	1048	6261	2559	1168.0	2400	1777	1555	1
75	3348	1905	1043	6240	2555	1156.0	2400	1777	1555	1
75	3355	1915	1048	6262	2559	1166.0	2400	1777	1555	0
75	3359	1912	1046	6261	2555	1161.0	2400	1777	1555	0
75	6242	3427	1803	11332	2460	2062.0	2400	1777	1555	0
75	6240	3424	1802	11327	2460	2059.0	2400	1777	1555	0
75	6242	3425	1802	11330	2460	2060.0	2400	1777	1555	0
76	6238	3425	1802	11326	2461	2061.0	2400	2133	1333	1
76	6243	3425	1802	11330	2459	2060.0	2400	2133	1333	1
76	3429	1855	1031	6246	2509	1060.0	2400	2133	1333	1
76	3623	1763	1011	6301	2417	866.0	2400	2133	1333	1
76	3615	1764	1011	6295	2420	870.0	2400	2133	1333	1
76	3615	1765	1011	6296	2420	872.0	2400	2133	1333	1
76	3625	1762	1011	6301	2416	864.0	2400	2133	1333	1
76	3617	1765	1011	6298	2419	871.0	2400	2133	1333	1
76	3622	1762	1010	6298	2416	865.0	2400	2133	1333	1
76	3501	1712	984	6105	2425	845.0	2400	2133	1333	1
76	3500	1711	983	6102	2424	844.0	2400	2133	1333	1
76	3501	1712	984	6105	2425	845.0	2400	2133	1333	1
76	3499	1711	983	6101	2424	845.0	2400	2133	1333	1
76	3501	1712	984	6106	2426	845.0	2400	2133	1333	1
76	3499	1710	983	6101	2425	843.0	2400	2133	1333	1
76	3501	1712	984	6106	2426	845.0	2400	2133	1333	1
76	3499	1711	983	6101	2424	845.0	2400	2133	1333	1
76	3501	1712	984	6107	2426	845.0	2400	2133	1333	1
76	3514	1717	986	6124	2423	847.0	2400	2133	1333	1
76	3502	1713	984	6107	2425	846.0	2400	2133	1333	1
76	3499	1710	983	6101	2425	843.0	2400	2133	1333	1
76	3624	1764	1012	6303	2418	866.0	2400	2133	1333	1
76	3605	1758	1007	6274	2418	867.0	2400	2133	1333	1
76	3620	1763	1010	6297	2417	868.0	2400	2133	1333	1
76	3620	1765	1012	6301	2419	869.0	2400	2133	1333	1
76	3609	1760	1009	6282	2419	867.0	2400	2133	1333	1
76	3617	1766	1012	6300	2420	872.0	2400	2133	1333	1
76	3625	1762	1010	6300	2415	864.0	2400	2133	1333	1
76	3617	1766	1012	6299	2420	872.0	2400	2133	1333	1
76	3623	1761	1010	6298	2416	864.0	2400	2133	1333	1
76	3619	1766	1012	6301	2419	871.0	2400	2133	1333	1
76	3569	1738	997	6210	2418	854.0	2400	2133	1333	1
76	3502	1712	984	6107	2425	845.0	2400	2133	1333	1
76	3499	1710	982	6100	2424	844.0	2400	2133	1333	1
76	3502	1712	984	6107	2425	845.0	2400	2133	1333	1
76	3499	1710	983	6101	2425	843.0	2400	2133	1333	1
76	3502	1712	984	6107	2425	845.0	2400	2133	1333	1
76	3500	1710	983	6101	2424	843.0	2400	2133	1333	1
76	3516	1719	987	6130	2424	849.0	2400	2133	1333	1
76	3500	1711	983	6101	2424	844.0	2400	2133	1333	1
76	3501	1712	984	6107	2426	845.0	2400	2133	1333	1
76	3515	1718	987	6129	2425	848.0	2400	2133	1333	1
76	3624	1762	1010	6300	2415	865.0	2400	2133	1333	1
76	3617	1765	1012	6299	2420	870.0	2400	2133	1333	1
76	3621	1762	1010	6297	2416	866.0	2400	2133	1333	1
76	3606	1759	1008	6278	2419	867.0	2400	2133	1333	0
76	2404	1232	731	4317	2521	629.0	2400	2133	1333	0
76	357	341	262	990	4187	230.0	2400	2133	1333	0
76	356	340	261	988	4184	230.0	2400	2133	1333	0
76	357	341	262	990	4187	230.0	2400	2133	1333	0
77	357	341	261	988	4176	231.0	2400	2488	1111	1
77	357	341	262	989	4187	230.0	2400	2488	1111	1
77	3784	1573	953	6179	2300	556.0	2400	2488	1111	1
77	3782	1573	953	6177	2301	557.0	2400	2488	1111	1
77	3916	1619	979	6377	2293	567.0	2400	2488	1111	1
77	3907	1620	979	6369	2295	571.0	2400	2488	1111	1
77	3917	1619	979	6378	2292	567.0	2400	2488	1111	1
77	3909	1620	979	6372	2294	571.0	2400	2488	1111	1
77	3913	1619	979	6374	2293	568.0	2400	2488	1111	1
77	3910	1621	979	6373	2294	572.0	2400	2488	1111	1
77	3914	1619	978	6375	2292	568.0	2400	2488	1111	1
77	3893	1616	976	6348	2295	572.0	2400	2488	1111	1
77	3917	1619	978	6376	2291	567.0	2400	2488	1111	1
77	3908	1621	979	6372	2294	573.0	2400	2488	1111	1
77	3856	1597	966	6285	2294	561.0	2400	2488	1111	1
77	3798	1579	956	6202	2300	559.0	2400	2488	1111	1
77	3781	1572	952	6173	2299	556.0	2400	2488	1111	1
77	3782	1574	953	6179	2301	558.0	2400	2488	1111	1
77	3780	1572	952	6173	2300	557.0	2400	2488	1111	1
77	3798	1579	956	6202	2300	559.0	2400	2488	1111	1
77	3780	1572	952	6173	2300	557.0	2400	2488	1111	1
77	3782	1574	953	6178	2301	558.0	2400	2488	1111	1
77	3780	1571	951	6172	2299	556.0	2400	2488	1111	1
77	3782	1574	953	6179	2301	558.0	2400	2488	1111	1
77	3780	1571	952	6172	2300	555.0	2400	2488	1111	1
77	3783	1574	953	6180	2300	558.0	2400	2488	1111	1
77	3915	1618	978	6373	2291	566.0	2400	2488	1111	1
77	3908	1622	980	6373	2295	574.0	2400	2488	1111	1
77	3912	1622	980	6377	2294	572.0	2400	2488	1111	1
77	3909	1618	978	6369	2293	568.0	2400	2488	1111	1
77	3915	1621	980	6378	2293	570.0	2400	2488	1111	1
77	3906	1616	977	6362	2293	567.0	2400	2488	1111	1
77	3918	1620	980	6380	2292	567.0	2400	2488	1111	1
77	3906	1619	978	6367	2294	571.0	2400	2488	1111	1
77	3914	1620	979	6376	2293	569.0	2400	2488	1111	1
77	3895	1614	975	6349	2294	569.0	2400	2488	1111	1
77	3911	1621	980	6375	2295	571.0	2400	2488	1111	1
77	3780	1572	952	6174	2300	557.0	2400	2488	1111	1
77	3782	1574	953	6180	2301	558.0	2400	2488	1111	1
77	3796	1578	955	6197	2299	559.0	2400	2488	1111	1
77	3782	1574	953	6179	2301	558.0	2400	2488	1111	1
77	3780	1572	952	6174	2300	557.0	2400	2488	1111	1
77	3782	1574	953	6178	2301	558.0	2400	2488	1111	1
77	3781	1572	952	6174	2300	556.0	2400	2488	1111	1
77	3782	1574	953	6178	2301	558.0	2400	2488	1111	1
77	3781	1572	952	6174	2300	556.0	2400	2488	1111	0
77	6958	2717	1594	10990	2203	862.0	2400	2488	1111	0
77	7327	2849	1669	11548	2198	896.0	2400	2488	1111	0
77	7330	2847	1668	11548	2197	893.0	2400	2488	1111	0
77	7322	2849	1669	11542	2198	898.0	2400	2488	1111	0
78	7329	2847	1668	11546	2197	893.0	2400	2844	888	1
78	6118	2413	1424	9714	2219	780.0	2400	2844	888	1
78	4085	1437	924	6274	2189	265.0	2400	2844	888	1
78	4086	1437	924	6275	2189	265.0	2400	2844	888	1
78	4086	1437	925	6276	2190	264.0	2400	2844	888	1
78	4103	1442	927	6299	2188	265.0	2400	2844	888	1
78	4087	1437	925	6277	2189	264.0	2400	2844	888	1
78	4086	1437	924	6275	2189	265.0	2400	2844	888	1
78	4087	1438	925	6278	2189	265.0	2400	2844	888	1
78	4226	1476	948	6470	2181	263.0	2400	2844	888	1
78	4233	1479	950	6482	2181	264.0	2400	2844	888	1
78	4224	1478	949	6471	2182	266.0	2400	2844	888	1
78	4233	1479	950	6482	2181	264.0	2400	2844	888	1
78	4208	1474	946	6449	2183	267.0	2400	2844	888	1
78	4228	1478	949	6475	2181	265.0	2400	2844	888	1
78	4226	1480	950	6477	2183	268.0	2400	2844	888	1
78	4231	1477	949	6478	2182	263.0	2400	2844	888	1
78	4226	1480	950	6476	2183	268.0	2400	2844	888	1
78	4231	1477	949	6477	2181	263.0	2400	2844	888	1
78	4226	1480	951	6478	2184	267.0	2400	2844	888	1
78	4085	1436	923	6272	2188	264.0	2400	2844	888	1
78	4087	1438	925	6279	2190	265.0	2400	2844	888	1
78	4085	1436	923	6271	2188	264.0	2400	2844	888	1
78	4087	1438	925	6278	2189	265.0	2400	2844	888	1
78	4085	1436	924	6272	2189	264.0	2400	2844	888	1
78	4088	1438	926	6280	2190	264.0	2400	2844	888	1
78	4086	1436	924	6273	2189	263.0	2400	2844	888	1
78	4088	1438	926	6280	2190	264.0	2400	2844	888	1
78	4086	1436	924	6274	2189	263.0	2400	2844	888	1
78	4105	1443	928	6303	2189	265.0	2400	2844	888	1
78	4086	1436	924	6273	2189	263.0	2400	2844	888	1
78	4123	1450	932	6331	2188	267.0	2400	2844	888	1
78	4211	1476	948	6457	2184	268.0	2400	2844	888	1
78	4228	1477	949	6474	2181	264.0	2400	2844	888	1
78	4232	1480	951	6483	2182	265.0	2400	2844	888	1
78	4224	1478	949	6472	2183	266.0	2400	2844	888	1
78	4218	1477	949	6465	2184	267.0	2400	2844	888	1
78	4225	1479	949	6473	2182	268.0	2400	2844	888	1
78	4231	1479	950	6480	2182	265.0	2400	2844	888	1
78	4229	1479	950	6477	2182	266.0	2400	2844	888	1
78	4227	1480	951	6478	2183	267.0	2400	2844	888	1
78	4232	1478	949	6479	2181	264.0	2400	2844	888	1
78	4089	1438	925	6281	2190	265.0	2400	2844	888	1
78	4087	1437	924	6275	2188	264.0	2400	2844	888	1
78	4088	1438	925	6278	2189	265.0	2400	2844	888	1
78	4087	1437	924	6275	2188	264.0	2400	2844	888	0
78	4088	1438	925	6278	2189	265.0	2400	2844	888	0
78	357	341	262	989	4187	230.0	2400	2844	888	0
78	358	341	262	991	4179	230.0	2400	2844	888	0
78	357	341	262	989	4187	230.0	2400	2844	888	0
79	357	341	262	990	4187	230.0	2400	3200	666	1
79	3994	1205	833	5842	2112	0.0	2400	3200	666	1
79	4555	1337	921	6589	2084	0.0	2400	3200	666	1
79	4415	1304	899	6404	2091	0.0	2400	3200	666	1
79	4416	1305	900	6405	2091	0.0	2400	3200	666	1
79	4415	1304	899	6403	2091	0.0	2400	3200	666	1
79	4434	1309	903	6429	2091	0.0	2400	3200	666	1
79	4414	1304	899	6402	2091	0.0	2400	3200	666	1
79	4416	1305	900	6405	2091	0.0	2400	3200	666	1
79	4414	1303	899	6401	2091	0.0	2400	3200	666	1
79	4416	1305	900	6405	2091	0.0	2400	3200	666	1
79	4414	1303	899	6400	2090	0.0	2400	3200	666	1
79	4416	1305	900	6405	2091	0.0	2400	3200	666	1
79	4414	1303	899	6400	2090	0.0	2400	3200	666	1
79	4434	1311	904	6432	2092	0.0	2400	3200	666	1
79	4565	1340	923	6603	2084	0.0	2400	3200	666	1
79	4574	1342	925	6616	2085	0.0	2400	3200	666	1
79	4565	1340	923	6603	2084	0.0	2400	3200	666	1
79	4573	1341	924	6614	2084	0.0	2400	3200	666	1
79	4571	1341	924	6612	2084	0.0	2400	3200	666	1
79	4570	1340	923	6608	2084	0.0	2400	3200	666	1
79	4567	1342	924	6609	2085	0.0	2400	3200	666	1
79	4553	1335	920	6585	2084	0.0	2400	3200	666	1
79	4567	1342	924	6609	2085	0.0	2400	3200	666	1
79	4570	1339	923	6607	2084	0.0	2400	3200	666	1
79	4423	1307	901	6415	2091	0.0	2400	3200	666	1
79	4432	1307	901	6424	2089	0.0	2400	3200	666	1
79	4416	1305	900	6406	2092	0.0	2400	3200	666	1
79	4414	1303	899	6399	2090	0.0	2400	3200	666	1
79	4416	1305	900	6406	2092	0.0	2400	3200	666	1
79	4431	1307	901	6423	2089	0.0	2400	3200	666	1
79	4416	1305	900	6406	2092	0.0	2400	3200	666	1
79	4414	1303	899	6400	2090	0.0	2400	3200	666	1
79	4415	1305	900	6405	2092	0.0	2400	3200	666	1
79	4413	1303	899	6400	2091	0.0	2400	3200	666	1
79	4416	1305	900	6405	2091	0.0	2400	3200	666	1
79	4413	1304	899	6401	2091	0.0	2400	3200	666	1
79	4571	1340	923	6609	2083	0.0	2400	3200	666	1
79	4568	1342	924	6609	2085	0.0	2400	3200	666	1
79	4568	1340	923	6605	2083	0.0	2400	3200	666	1
79	4570	1341	924	6610	2084	0.0	2400	3200	666	1
79	4565	1340	923	6603	2084	0.0	2400	3200	666	1
79	4572	1339	923	6610	2083	0.0	2400	3200	666	1
79	4566	1341	923	6605	2084	0.0	2400	3200	666	1
79	4572	1341	924	6612	2084	0.0	2400	3200	666	1
79	4567	1341	924	6607	2085	0.0	2400	3200	666	0
79	4554	1336	921	6586	2084	0.0	2400	3200	666	0
79	8615	2302	1561	12007	1993	0.0	2400	3200	666	0
79	8617	2299	1560	12004	1992	0.0	2400	3200	666	0
79	8612	2301	1560	12002	1993	0.0	2400	3200	666	0
80	8613	2298	1559	11999	1993	0.0	2400	1422	2000	1
80	8612	2302	1560	12003	1993	0.0	2400	1422	2000	1
80	3951	1702	1014	6530	2319	661.0	2400	1422	2000	1
80	3116	2201	1140	6445	2780	1627.0	2400	1422	2000	1
80	3109	2203	1140	6439	2783	1633.0	2400	1422	2000	1
80	3109	2203	1140	6438	2782	1633.0	2400	1422	2000	1
80	3118	2202	1140	6447	2779	1628.0	2400	1422	2000	1
80	3108	2203	1140	6439	2783	1633.0	2400	1422	2000	1
80	3024	2137	1110	6261	2785	1578.0	2400	1422	2000	1
80	3011	2133	1107	6240	2787	1578.0	2400	1422	2000	1
80	3014	2135	1109	6247	2788	1579.0	2400	1422	2000	1
80	3011	2133	1107	6240	2787	1578.0	2400	1422	2000	1
80	3014	2135	1109	6248	2788	1579.0	2400	1422	2000	1
80	3011	2133	1107	6241	2787	1578.0	2400	1422	2000	1
80	3014	2135	1109	6247	2788	1579.0	2400	1422	2000	1
80	3012	2133	1107	6241	2787	1578.0	2400	1422	2000	1
80	3026	2143	1113	6271	2788	1585.0	2400	1422	2000	1
80	3012	2133	1107	6241	2787	1578.0	2400	1422	2000	1
80	3014	2135	1109	6247	2788	1579.0	2400	1422	2000	1
80	3012	2133	1107	6241	2787	1578.0	2400	1422	2000	1
80	3111	2200	1139	6438	2781	1628.0	2400	1422	2000	1
80	3117	2200	1139	6444	2778	1626.0	2400	1422	2000	1
80	3111	2205	1142	6446	2784	1634.0	2400	1422	2000	1
80	3117	2200	1138	6444	2778	1627.0	2400	1422	2000	1
80	3117	2201	1140	6444	2779	1627.0	2400	1422	2000	1
80	3113	2204	1141	6445	2782	1632.0	2400	1422	2000	1
80	3115	2202	1140	6444	2780	1629.0	2400	1422	2000	1
80	3115	2203	1141	6446	2781	1630.0	2400	1422	2000	1
80	3114	2203	1140	6444	2781	1631.0	2400	1422	2000	1
80	3116	2202	1141	6446	2781	1628.0	2400	1422	2000	1
80	3083	2180	1130	6382	2783	1612.0	2400	1422	2000	1
80	3013	2134	1108	6244	2788	1579.0	2400	1422	2000	1
80	3013	2134	1108	6244	2788	1579.0	2400	1422	2000	1
80	3013	2134	1108	6243	2787	1579.0	2400	1422	2000	1
80	3014	2135	1108	6245	2786	1580.0	2400	1422	2000	1
80	3012	2134	1108	6242	2787	1579.0	2400	1422	2000	1
80	3013	2134	1108	6245	2788	1579.0	2400	1422	2000	1
80	3012	2133	1108	6242	2788	1577.0	2400	1422	2000	1
80	3014	2135	1109	6246	2788	1579.0	2400	1422	2000	1
80	3012	2133	1108	6242	2788	1577.0	2400	1422	2000	1
80	3026	2143	1112	6270	2787	1586.0	2400	1422	2000	1
80	3012	2133	1107	6241	2787	1578.0	2400	1422	2000	1
80	3114	2201	1139	6442	2779	1629.0	2400	1422	2000	1
80	3104	2196	1138	6425	2783	1625.0	2400	1422	2000	1
80	3113	2201	1139	6441	2780	1629.0	2400	1422	2000	1
80	3117	2203	1141	6448	2781	1630.0	2400	1422	2000	0
80	1861	1354	740	3961	2905	991.0	2400	1422	2000	0
80	359	343	263	995	4182	232.0	2400	1422	2000	0
80	357	340	261	987	4176	229.0	2400	1422	2000	0
80	359	342	263	994	4182	230.0	2400	1422	2000	0
81	356	340	261	987	4184	230.0	2400	1777	1777	1
81	359	343	263	994	4182	232.0	2400	1777	1777	1
81	3270	2000	1078	6300	2628	1306.0	2400	1777	1777	1
81	3386	2064	1111	6509	2621	1345.0	2400	1777	1777	1
81	3377	2064	1109	6499	2623	1349.0	2400	1777	1777	1
81	3383	2064	1110	6505	2621	1347.0	2400	1777	1777	1
81	3379	2063	1109	6499	2621	1347.0	2400	1777	1777	1
81	3380	2064	1110	6503	2623	1347.0	2400	1777	1777	1
81	3381	2062	1109	6499	2620	1345.0	2400	1777	1777	1
81	3378	2065	1110	6501	2623	1350.0	2400	1777	1777	1
81	3376	2065	1111	6501	2625	1350.0	2400	1777	1777	1
81	3384	2061	1109	6503	2620	1342.0	2400	1777	1777	1
81	3377	2065	1111	6501	2624	1349.0	2400	1777	1777	1
81	3333	2033	1095	6411	2623	1325.0	2400	1777	1777	1
81	3269	2000	1079	6300	2629	1305.0	2400	1777	1777	1
81	3269	2000	1079	6299	2629	1305.0	2400	1777	1777	1
81	3269	2000	1079	6299	2629	1305.0	2400	1777	1777	1
81	3282	2008	1083	6324	2629	1311.0	2400	1777	1777	1
81	3269	2000	1078	6298	2628	1306.0	2400	1777	1777	1
81	3270	2001	1079	6301	2629	1306.0	2400	1777	1777	1
81	3269	2000	1078	6298	2628	1306.0	2400	1777	1777	1
81	3270	2001	1079	6302	2629	1306.0	2400	1777	1777	1
81	3268	1999	1078	6297	2628	1305.0	2400	1777	1777	1
81	3270	2001	1079	6302	2629	1306.0	2400	1777	1777	1
81	3268	1999	1078	6297	2628	1305.0	2400	1777	1777	1
81	3364	2064	1109	6487	2627	1353.0	2400	1777	1777	1
81	3383	2061	1109	6501	2620	1343.0	2400	1777	1777	1
81	3379	2065	1111	6504	2624	1349.0	2400	1777	1777	1
81	3381	2065	1111	6499	2620	1348.0	2400	1777	1777	1
81	3379	2063	1109	6499	2621	1347.0	2400	1777	1777	1
81	3383	2064	1111	6506	2622	1346.0	2400	1777	1777	1
81	3376	2063	1109	6497	2623	1348.0	2400	1777	1777	1
81	3385	2063	1110	6507	2621	1344.0	2400	1777	1777	1
81	3361	2056	1106	6472	2625	1344.0	2400	1777	1777	1
81	3386	2063	1110	6507	2620	1344.0	2400	1777	1777	1
81	3375	2064	1109	6497	2623	1350.0	2400	1777	1777	1
81	3270	2002	1080	6303	2630	1307.0	2400	1777	1777	1
81	3281	2007	1082	6320	2627	1310.0	2400	1777	1777	1
81	3271	2001	1080	6303	2630	1305.0	2400	1777	1777	1
81	3268	1999	1078	6297	2628	1305.0	2400	1777	1777	1
81	3271	2001	1080	6303	2630	1305.0	2400	1777	1777	1
81	3282	2007	1082	6321	2627	1310.0	2400	1777	1777	1
81	3270	2001	1079	6302	2629	1306.0	2400	1777	1777	1
81	3268	2000	1078	6297	2628	1306.0	2400	1777	1777	1
81	3270	2001	1079	6301	2629	1306.0	2400	1777	1777	1
81	3269	2000	1078	6298	2628	1306.0	2400	1777	1777	0
81	3270	2001	1079	6300	2628	1306.0	2400	1777	1777	0
81	6282	3719	1925	11797	2531	2421.0	2400	1777	1777	0
81	6285	3718	1925	11797	2530	2418.0	2400	1777	1777	0
81	6283	3718	1925	11795	2530	2419.0	2400	1777	1777	0
82	6281	3718	1925	11794	2531	2420.0	2400	2133	1555	1
82	4987	2976	1559	9426	2556	1937.0	2400	2133	1555	1
82	3534	1867	1049	6363	2488	1031.0	2400	2133	1555	1
82	3534	1870	1050	6369	2490	1035.0	2400	2133	1555	1
82	3535	1867	1049	6365	2488	1031.0	2400	2133	1555	1
82	3534	1866	1048	6362	2487	1030.0	2400	2133	1555	1
82	3535	1867	1050	6366	2489	1030.0	2400	2133	1555	1
82	3548	1873	1052	6385	2487	1034.0	2400	2133	1555	1
82	3654	1927	1080	6571	2483	1064.0	2400	2133	1555	1
82	3656	1923	1078	6567	2480	1059.0	2400	2133	1555	1
82	3657	1926	1080	6572	2482	1062.0	2400	2133	1555	1
82	3640	1917	1075	6541	2482	1057.0	2400	2133	1555	1
82	3659	1926	1080	6574	2482	1061.0	2400	2133	1555	1
82	3651	1925	1078	6563	2482	1064.0	2400	2133	1555	1
82	3662	1925	1080	6575	2480	1058.0	2400	2133	1555	1
82	3662	1925	1080	6575	2480	1058.0	2400	2133	1555	1
82	3650	1925	1078	6563	2482	1064.0	2400	2133	1555	1
82	3660	1925	1080	6574	2481	1059.0	2400	2133	1555	1
82	3653	1924	1078	6565	2481	1061.0	2400	2133	1555	1
82	3536	1868	1050	6367	2489	1031.0	2400	2133	1555	1
82	3534	1866	1048	6361	2487	1030.0	2400	2133	1555	1
82	3536	1868	1050	6367	2489	1031.0	2400	2133	1555	1
82	3534	1866	1048	6361	2487	1030.0	2400	2133	1555	1
82	3536	1868	1050	6367	2489	1031.0	2400	2133	1555	1
82	3534	1866	1048	6362	2487	1030.0	2400	2133	1555	1
82	3536	1867	1050	6366	2489	1030.0	2400	2133	1555	1
82	3534	1866	1048	6362	2487	1030.0	2400	2133	1555	1
82	3549	1874	1053	6390	2488	1034.0	2400	2133	1555	1
82	3534	1866	1049	6363	2488	1030.0	2400	2133	1555	1
82	3535	1867	1049	6366	2489	1031.0	2400	2133	1555	1
82	3601	1899	1066	6477	2485	1048.0	2400	2133	1555	1
82	3655	1921	1077	6563	2480	1057.0	2400	2133	1555	1
82	3656	1925	1079	6569	2481	1061.0	2400	2133	1555	1
82	3654	1926	1079	6569	2482	1063.0	2400	2133	1555	1
82	3644	1917	1075	6546	2481	1055.0	2400	2133	1555	1
82	3652	1926	1080	6568	2484	1063.0	2400	2133	1555	1
82	3660	1923	1078	6570	2479	1057.0	2400	2133	1555	1
82	3652	1926	1080	6567	2484	1063.0	2400	2133	1555	1
82	3660	1922	1078	6569	2479	1056.0	2400	2133	1555	1
82	3653	1927	1080	6569	2483	1065.0	2400	2133	1555	1
82	3658	1923	1078	6567	2479	1058.0	2400	2133	1555	1
82	3536	1868	1050	6367	2489	1031.0	2400	2133	1555	1
82	3534	1866	1048	6361	2487	1030.0	2400	2133	1555	1
82	3536	1868	1050	6368	2489	1031.0	2400	2133	1555	1
82	3534	1866	1048	6361	2487	1030.0	2400	2133	1555	1
82	3536	1868	1050	6368	2489	1031.0	2400	2133	1555	0
82	3534	1866	1048	6361	2487	1030.0	2400	2133	1555	0
82	359	343	263	995	4182	232.0	2400	2133	1555	0
82	356	340	261	987	4184	230.0	2400	2133	1555	0
82	359	343	263	994	4182	232.0	2400	2133	1555	0
83	356	340	261	987	4184	230.0	2400	2488	1333	1
83	358	1717	1012	992	5239	1853.0	2400	2488	1333	1
83	3815	1727	1018	6435	2361	742.0	2400	2488	1333	1
83	3813	1725	1017	6428	2360	740.0	2400	2488	1333	1
83	3830	1733	1021	6458	2359	744.0	2400	2488	1333	1
83	3812	1725	1017	6428	2360	740.0	2400	2488	1333	1
83	3814	1727	1018	6432	2361	742.0	2400	2488	1333	1
83	3812	1725	1017	6428	2360	740.0	2400	2488	1333	1
83	3823	1727	1019	6442	2359	738.0	2400	2488	1333	1
83	3813	1725	1017	6428	2360	740.0	2400	2488	1333	1
83	3813	1726	1017	6430	2360	741.0	2400	2488	1333	1
83	3812	1725	1017	6428	2360	740.0	2400	2488	1333	1
83	3812	1725	1017	6428	2360	740.0	2400	2488	1333	1
83	3889	1756	1034	6550	2357	752.0	2400	2488	1333	1
83	3940	1779	1046	6634	2355	763.0	2400	2488	1333	1
83	3950	1778	1046	6642	2352	758.0	2400	2488	1333	1
83	3940	1779	1046	6634	2355	763.0	2400	2488	1333	1
83	3951	1779	1046	6644	2352	759.0	2400	2488	1333	1
83	3940	1779	1046	6633	2354	763.0	2400	2488	1333	1
83	3950	1778	1046	6642	2352	758.0	2400	2488	1333	1
83	3933	1773	1043	6617	2353	758.0	2400	2488	1333	1
83	3943	1779	1045	6635	2353	762.0	2400	2488	1333	1
83	3947	1780	1047	6641	2354	761.0	2400	2488	1333	1
83	3944	1778	1045	6636	2353	761.0	2400	2488	1333	1
83	3814	1727	1018	6434	2361	742.0	2400	2488	1333	1
83	3811	1725	1016	6427	2360	741.0	2400	2488	1333	1
83	3815	1727	1018	6434	2360	742.0	2400	2488	1333	1
83	3812	1725	1016	6427	2359	741.0	2400	2488	1333	1
83	3830	1734	1022	6459	2360	745.0	2400	2488	1333	1
83	3812	1725	1016	6428	2360	741.0	2400	2488	1333	1
83	3814	1727	1018	6434	2361	742.0	2400	2488	1333	1
83	3812	1725	1016	6427	2359	741.0	2400	2488	1333	1
83	3814	1727	1018	6434	2361	742.0	2400	2488	1333	1
83	3812	1725	1017	6428	2360	740.0	2400	2488	1333	1
83	3814	1727	1018	6434	2361	742.0	2400	2488	1333	1
83	3812	1725	1017	6429	2361	740.0	2400	2488	1333	1
83	3937	1780	1046	6633	2356	765.0	2400	2488	1333	1
83	3943	1778	1046	6636	2354	760.0	2400	2488	1333	1
83	3941	1779	1046	6635	2355	762.0	2400	2488	1333	1
83	3950	1778	1046	6642	2352	758.0	2400	2488	1333	1
83	3940	1780	1046	6634	2354	764.0	2400	2488	1333	1
83	3950	1778	1046	6642	2352	758.0	2400	2488	1333	1
83	3941	1780	1046	6636	2355	764.0	2400	2488	1333	1
83	3948	1777	1046	6639	2352	757.0	2400	2488	1333	1
83	3927	1774	1043	6614	2355	761.0	2400	2488	1333	1
83	3945	1778	1046	6637	2353	759.0	2400	2488	1333	0
83	3945	1780	1047	6640	2354	762.0	2400	2488	1333	0
83	7393	3161	1801	12066	2261	1270.0	2400	2488	1333	0
83	7396	3161	1801	12070	2261	1269.0	2400	2488	1333	0
83	7388	3161	1800	12061	2261	1273.0	2400	2488	1333	0
84	7396	3161	1801	12070	2261	1269.0	2400	2844	1111	1
84	7385	3160	1800	12057	2262	1272.0	2400	2844	1111	1
84	4099	1699	1028	6673	2292	598.0	2400	2844	1111	1
84	4259	1638	1017	6738	2239	458.0	2400	2844	1111	1
84	4269	1639	1018	6751	2239	455.0	2400	2844	1111	1
84	4260	1638	1017	6740	2240	457.0	2400	2844	1111	1
84	4261	1638	1017	6741	2239	457.0	2400	2844	1111	1
84	4122	1592	991	6537	2246	449.0	2400	2844	1111	1
84	4120	1590	989	6531	2245	448.0	2400	2844	1111	1
84	4122	1592	991	6538	2247	449.0	2400	2844	1111	1
84	4120	1590	989	6531	2245	448.0	2400	2844	1111	1
84	4122	1592	991	6538	2247	449.0	2400	2844	1111	1
84	4120	1590	989	6531	2245	448.0	2400	2844	1111	1
84	4122	1592	990	6537	2246	449.0	2400	2844	1111	1
84	4127	1595	991	6546	2246	452.0	2400	2844	1111	1
84	4122	1591	990	6535	2245	448.0	2400	2844	1111	1
84	4120	1590	989	6531	2245	448.0	2400	2844	1111	1
84	4121	1591	990	6535	2246	448.0	2400	2844	1111	1
84	4138	1596	993	6557	2244	448.0	2400	2844	1111	1
84	4263	1640	1018	6746	2240	459.0	2400	2844	1111	1
84	4267	1638	1017	6747	2238	455.0	2400	2844	1111	1
84	4263	1640	1018	6746	2240	459.0	2400	2844	1111	1
84	4249	1633	1014	6722	2239	455.0	2400	2844	1111	1
84	4264	1639	1018	6746	2240	457.0	2400	2844	1111	1
84	4266	1639	1017	6747	2238	457.0	2400	2844	1111	1
84	4264	1639	1018	6746	2240	457.0	2400	2844	1111	1
84	4266	1638	1017	6745	2238	456.0	2400	2844	1111	1
84	4262	1640	1018	6745	2240	459.0	2400	2844	1111	1
84	4268	1637	1017	6746	2237	453.0	2400	2844	1111	1
84	4158	1603	997	6589	2244	450.0	2400	2844	1111	1
84	4121	1590	989	6532	2245	447.0	2400	2844	1111	1
84	4123	1592	991	6539	2247	448.0	2400	2844	1111	1
84	4121	1590	989	6532	2245	447.0	2400	2844	1111	1
84	4123	1592	991	6538	2246	448.0	2400	2844	1111	1
84	4120	1590	989	6531	2245	448.0	2400	2844	1111	1
84	4123	1592	991	6538	2246	448.0	2400	2844	1111	1
84	4120	1590	989	6531	2245	448.0	2400	2844	1111	1
84	4122	1592	991	6538	2247	449.0	2400	2844	1111	1
84	4137	1595	992	6556	2244	448.0	2400	2844	1111	1
84	4122	1592	991	6538	2247	449.0	2400	2844	1111	1
84	4120	1590	989	6531	2245	448.0	2400	2844	1111	1
84	4271	1639	1018	6754	2238	455.0	2400	2844	1111	1
84	4255	1633	1015	6728	2239	453.0	2400	2844	1111	1
84	4261	1639	1017	6742	2239	459.0	2400	2844	1111	1
84	4269	1638	1018	6750	2239	454.0	2400	2844	1111	1
84	4245	1634	1014	6718	2240	458.0	2400	2844	1111	0
84	2104	920	599	3560	2434	330.0	2400	2844	1111	0
84	356	340	261	987	4184	230.0	2400	2844	1111	0
84	357	341	262	990	4187	230.0	2400	2844	1111	0
84	357	340	261	988	4176	229.0	2400	2844	1111	0
85	357	341	262	989	4187	230.0	2400	3200	888	1
85	374	345	265	1012	4090	229.0	2400	3200	888	1
85	4592	1495	988	6855	2137	145.0	2400	3200	888	1
85	4597	1494	988	6859	2136	142.0	2400	3200	888	1
85	4589	1494	987	6851	2137	145.0	2400	3200	888	1
85	4595	1494	988	6857	2136	143.0	2400	3200	888	1
85	4588	1494	987	6850	2137	146.0	2400	3200	888	1
85	4594	1493	987	6856	2136	142.0	2400	3200	888	1
85	4588	1493	987	6850	2137	144.0	2400	3200	888	1
85	4592	1494	988	6854	2137	144.0	2400	3200	888	1
85	4590	1493	987	6850	2136	143.0	2400	3200	888	1
85	4574	1487	983	6826	2136	142.0	2400	3200	888	1
85	4456	1458	965	6666	2143	148.0	2400	3200	888	1
85	4434	1450	960	6634	2143	146.0	2400	3200	888	1
85	4437	1452	961	6640	2143	147.0	2400	3200	888	1
85	4452	1455	963	6658	2142	146.0	2400	3200	888	1
85	4437	1453	961	6641	2143	149.0	2400	3200	888	1
85	4434	1450	960	6634	2143	146.0	2400	3200	888	1
85	4437	1452	961	6641	2144	147.0	2400	3200	888	1
85	4447	1451	961	6648	2142	143.0	2400	3200	888	1
85	4436	1452	961	6640	2144	148.0	2400	3200	888	1
85	4434	1450	960	6634	2143	146.0	2400	3200	888	1
85	4436	1452	961	6640	2144	148.0	2400	3200	888	1
85	4434	1450	960	6634	2143	146.0	2400	3200	888	1
85	4592	1496	988	6857	2138	147.0	2400	3200	888	1
85	4590	1493	987	6850	2136	143.0	2400	3200	888	1
85	4593	1495	988	6857	2137	145.0	2400	3200	888	1
85	4588	1494	987	6849	2137	146.0	2400	3200	888	1
85	4595	1494	988	6856	2136	143.0	2400	3200	888	1
85	4595	1494	988	6857	2136	143.0	2400	3200	888	1
85	4588	1494	987	6849	2137	146.0	2400	3200	888	1
85	4576	1488	984	6830	2137	142.0	2400	3200	888	1
85	4588	1494	987	6850	2137	146.0	2400	3200	888	1
85	4593	1493	987	6853	2136	142.0	2400	3200	888	1
85	4551	1482	980	6796	2138	144.0	2400	3200	888	1
85	4434	1451	960	6635	2143	148.0	2400	3200	888	1
85	4435	1452	961	6637	2144	148.0	2400	3200	888	1
85	4434	1451	960	6634	2143	148.0	2400	3200	888	1
85	4435	1452	961	6638	2144	148.0	2400	3200	888	1
85	4452	1455	963	6659	2143	146.0	2400	3200	888	1
85	4435	1452	961	6638	2144	148.0	2400	3200	888	1
85	4433	1450	960	6633	2143	146.0	2400	3200	888	1
85	4436	1452	961	6639	2144	148.0	2400	3200	888	1
85	4433	1450	960	6633	2143	146.0	2400	3200	888	1
85	4436	1452	961	6639	2144	148.0	2400	3200	888	1
85	4434	1450	960	6633	2143	146.0	2400	3200	888	0
85	4595	1494	988	6857	2136	143.0	2400	3200	888	0
85	8661	2602	1686	12488	2048	61.0	2400	3200	888	0
85	8654	2601	1684	12479	2048	63.0	2400	3200	888	0
85	8658	2602	1686	12485	2049	62.0	2400	3200	888	0
86	8654	2600	1684	12477	2048	61.0	2400	1777	2000	1
86	6410	1989	1300	9372	2084	106.0	2400	1777	2000	1
86	3293	2141	1136	6525	2688	1478.0	2400	1777	2000	1
86	3295	2143	1138	6532	2690	1479.0	2400	1777	2000	1
86	3294	2141	1137	6526	2688	1477.0	2400	1777	2000	1
86	3309	2151	1142	6557	2689	1484.0	2400	1777	2000	1
86	3294	2141	1137	6527	2689	1477.0	2400	1777	2000	1
86	3405	2214	1172	6744	2685	1531.0	2400	1777	2000	1
86	3410	2210	1170	6742	2680	1524.0	2400	1777	2000	1
86	3392	2205	1168	6718	2685	1524.0	2400	1777	2000	1
86	3409	2210	1170	6742	2681	1525.0	2400	1777	2000	1
86	3407	2212	1171	6742	2682	1528.0	2400	1777	2000	1
86	3408	2211	1171	6743	2683	1526.0	2400	1777	2000	1
86	3394	2203	1167	6718	2683	1521.0	2400	1777	2000	1
86	3407	2211	1171	6742	2683	1526.0	2400	1777	2000	1
86	3408	2211	1171	6742	2682	1526.0	2400	1777	2000	1
86	3409	2210	1170	6742	2681	1525.0	2400	1777	2000	1
86	3374	2190	1161	6678	2684	1511.0	2400	1777	2000	1
86	3294	2142	1137	6529	2689	1479.0	2400	1777	2000	1
86	3295	2143	1138	6531	2690	1479.0	2400	1777	2000	1
86	3294	2142	1137	6528	2689	1479.0	2400	1777	2000	1
86	3295	2143	1138	6532	2690	1479.0	2400	1777	2000	1
86	3294	2142	1137	6528	2689	1479.0	2400	1777	2000	1
86	3296	2143	1138	6533	2689	1479.0	2400	1777	2000	1
86	3294	2141	1137	6528	2689	1477.0	2400	1777	2000	1
86	3303	2151	1141	6552	2691	1487.0	2400	1777	2000	1
86	3294	2141	1137	6527	2689	1477.0	2400	1777	2000	1
86	3296	2143	1138	6533	2689	1479.0	2400	1777	2000	1
86	3294	2141	1137	6527	2689	1477.0	2400	1777	2000	1
86	3408	2212	1172	6745	2684	1527.0	2400	1777	2000	1
86	3406	2210	1170	6740	2682	1526.0	2400	1777	2000	1
86	3409	2212	1172	6746	2683	1526.0	2400	1777	2000	1
86	3405	2211	1170	6738	2682	1527.0	2400	1777	2000	1
86	3398	2203	1168	6722	2683	1519.0	2400	1777	2000	1
86	3412	2211	1171	6747	2681	1524.0	2400	1777	2000	1
86	3402	2212	1170	6737	2684	1530.0	2400	1777	2000	1
86	3412	2210	1171	6746	2681	1523.0	2400	1777	2000	1
86	3402	2212	1170	6737	2684	1530.0	2400	1777	2000	1
86	3413	2210	1171	6747	2681	1523.0	2400	1777	2000	1
86	3402	2211	1170	6737	2684	1528.0	2400	1777	2000	1
86	3309	2151	1142	6558	2689	1484.0	2400	1777	2000	1
86	3294	2141	1137	6528	2689	1477.0	2400	1777	2000	1
86	3296	2143	1138	6532	2689	1479.0	2400	1777	2000	1
86	3294	2141	1137	6528	2689	1477.0	2400	1777	2000	1
86	3296	2143	1138	6532	2689	1479.0	2400	1777	2000	1
86	3294	2142	1137	6528	2689	1479.0	2400	1777	2000	0
86	3296	2143	1138	6531	2688	1479.0	2400	1777	2000	0
86	356	340	261	986	4184	230.0	2400	1777	2000	0
86	357	341	261	988	4176	231.0	2400	1777	2000	0
86	356	340	261	987	4184	230.0	2400	1777	2000	0
87	356	340	261	988	4184	230.0	2400	2133	1777	1
87	357	340	261	988	4176	229.0	2400	2133	1777	1
87	3567	2017	1113	6599	2543	1210.0	2400	2133	1777	1
87	3559	2010	1109	6596	2547	1205.0	2400	2133	1777	1
87	3560	2010	1110	6598	2548	1204.0	2400	2133	1777	1
87	3559	2009	1109	6594	2547	1203.0	2400	2133	1777	1
87	3574	2018	1113	6623	2547	1210.0	2400	2133	1777	1
87	3559	2009	1109	6594	2547	1203.0	2400	2133	1777	1
87	3560	2011	1110	6598	2548	1205.0	2400	2133	1777	1
87	3558	2009	1109	6593	2547	1204.0	2400	2133	1777	1
87	3560	2011	1110	6598	2548	1205.0	2400	2133	1777	1
87	3558	2009	1109	6593	2547	1204.0	2400	2133	1777	1
87	3684	2074	1142	6815	2541	1241.0	2400	2133	1777	1
87	3680	2073	1141	6807	2541	1242.0	2400	2133	1777	1
87	3683	2075	1143	6814	2542	1242.0	2400	2133	1777	1
87	3681	2072	1141	6807	2540	1240.0	2400	2133	1777	1
87	3681	2075	1143	6812	2543	1243.0	2400	2133	1777	1
87	3683	2071	1140	6807	2539	1238.0	2400	2133	1777	1
87	3680	2076	1143	6812	2543	1245.0	2400	2133	1777	1
87	3684	2071	1140	6808	2538	1238.0	2400	2133	1777	1
87	3678	2076	1143	6811	2543	1246.0	2400	2133	1777	1
87	3678	2076	1143	6811	2543	1246.0	2400	2133	1777	1
87	3671	2064	1137	6784	2539	1233.0	2400	2133	1777	1
87	3561	2011	1110	6600	2548	1205.0	2400	2133	1777	1
87	3559	2009	1108	6593	2546	1204.0	2400	2133	1777	1
87	3561	2011	1110	6599	2548	1205.0	2400	2133	1777	1
87	3572	2016	1112	6617	2546	1208.0	2400	2133	1777	1
87	3560	2011	1110	6599	2548	1205.0	2400	2133	1777	1
87	3558	2009	1108	6593	2546	1204.0	2400	2133	1777	1
87	3561	2011	1110	6599	2548	1205.0	2400	2133	1777	1
87	3567	2009	1109	6602	2545	1201.0	2400	2133	1777	1
87	3560	2011	1110	6598	2548	1205.0	2400	2133	1777	1
87	3559	2009	1109	6594	2547	1203.0	2400	2133	1777	1
87	3560	2010	1110	6598	2548	1204.0	2400	2133	1777	1
87	3622	2045	1127	6709	2545	1226.0	2400	2133	1777	1
87	3685	2073	1142	6813	2540	1239.0	2400	2133	1777	1
87	3679	2075	1142	6809	2542	1244.0	2400	2133	1777	1
87	3685	2073	1142	6813	2540	1239.0	2400	2133	1777	1
87	3679	2075	1142	6809	2542	1244.0	2400	2133	1777	1
87	3679	2075	1142	6809	2542	1244.0	2400	2133	1777	1
87	3685	2072	1141	6811	2539	1238.0	2400	2133	1777	1
87	3679	2075	1142	6809	2542	1244.0	2400	2133	1777	1
87	3671	2064	1137	6786	2539	1233.0	2400	2133	1777	1
87	3679	2075	1142	6810	2542	1244.0	2400	2133	1777	1
87	3685	2072	1141	6810	2538	1238.0	2400	2133	1777	1
87	3560	2010	1110	6597	2548	1204.0	2400	2133	1777	0
87	4002	2241	1226	7370	2525	1340.0	2400	2133	1777	0
87	6874	3742	1989	12405	2453	2218.0	2400	2133	1777	0
87	6880	3737	1987	12403	2451	2210.0	2400	2133	1777	0
87	6872	3741	1989	12403	2454	2217.0	2400	2133	1777	0
88	6879	3736	1987	12401	2451	2209.0	2400	2488	1555	1
88	6871	3741	1989	12401	2453	2218.0	2400	2488	1555	1
88	3868	1985	1122	6862	2456	1056.0	2400	2488	1555	1
88	3970	1941	1114	6899	2415	959.0	2400	2488	1555	1
88	3977	1936	1112	6898	2412	950.0	2400	2488	1555	1
88	3971	1941	1114	6900	2415	959.0	2400	2488	1555	1
88	3977	1936	1111	6897	2411	951.0	2400	2488	1555	1
88	3849	1879	1082	6688	2417	924.0	2400	2488	1555	1
88	3842	1881	1083	6685	2421	928.0	2400	2488	1555	1
88	3839	1879	1081	6678	2420	928.0	2400	2488	1555	1
88	3842	1881	1083	6685	2421	928.0	2400	2488	1555	1
88	3839	1879	1081	6678	2420	928.0	2400	2488	1555	1
88	3841	1881	1082	6685	2421	929.0	2400	2488	1555	1
88	3839	1879	1081	6678	2420	928.0	2400	2488	1555	1
88	3841	1881	1083	6685	2421	929.0	2400	2488	1555	1
88	3839	1879	1081	6678	2420	928.0	2400	2488	1555	1
88	3857	1888	1086	6710	2420	932.0	2400	2488	1555	1
88	3948	1927	1106	6856	2414	950.0	2400	2488	1555	1
88	3971	1942	1114	6901	2415	960.0	2400	2488	1555	1
88	3978	1937	1112	6900	2411	951.0	2400	2488	1555	1
88	3955	1934	1110	6875	2416	956.0	2400	2488	1555	1
88	3978	1937	1112	6901	2411	951.0	2400	2488	1555	1
88	3971	1941	1114	6899	2415	959.0	2400	2488	1555	1
88	3978	1937	1112	6900	2411	951.0	2400	2488	1555	1
88	3955	1934	1110	6873	2415	956.0	2400	2488	1555	1
88	3979	1937	1113	6902	2412	950.0	2400	2488	1555	1
88	3978	1937	1113	6901	2412	951.0	2400	2488	1555	1
88	3970	1940	1113	6897	2414	958.0	2400	2488	1555	1
88	3840	1880	1082	6682	2421	928.0	2400	2488	1555	1
88	3840	1880	1082	6681	2421	928.0	2400	2488	1555	1
88	3841	1880	1082	6682	2420	928.0	2400	2488	1555	1
88	3840	1880	1081	6681	2420	929.0	2400	2488	1555	1
88	3841	1881	1082	6683	2420	929.0	2400	2488	1555	1
88	3840	1880	1081	6679	2419	929.0	2400	2488	1555	1
88	3841	1881	1082	6682	2420	929.0	2400	2488	1555	1
88	3840	1880	1081	6679	2419	929.0	2400	2488	1555	1
88	3848	1887	1085	6700	2421	934.0	2400	2488	1555	1
88	3840	1879	1081	6679	2420	927.0	2400	2488	1555	1
88	3841	1881	1082	6683	2420	929.0	2400	2488	1555	1
88	3870	1893	1088	6729	2418	935.0	2400	2488	1555	1
88	3971	1941	1114	6899	2415	959.0	2400	2488	1555	1
88	3978	1937	1112	6899	2411	951.0	2400	2488	1555	1
88	3971	1941	1114	6900	2415	959.0	2400	2488	1555	1
88	3978	1937	1112	6899	2411	951.0	2400	2488	1555	1
88	3978	1937	1112	6899	2411	951.0	2400	2488	1555	1
88	3970	1941	1114	6899	2415	959.0	2400	2488	1555	0
88	1551	864	541	2933	2702	464.0	2400	2488	1555	0
88	358	342	262	991	4179	231.0	2400	2488	1555	0
88	355	339	260	984	4181	229.0	2400	2488	1555	0
88	358	342	262	992	4179	231.0	2400	2488	1555	0
89	356	340	261	987	4184	230.0	2400	2844	1333	1
89	818	515	360	1699	3067	283.0	2400	2844	1333	1
89	4288	1788	1079	6986	2292	640.0	2400	2844	1333	1
89	4285	1792	1081	6988	2294	646.0	2400	2844	1333	1
89	4286	1788	1079	6983	2292	640.0	2400	2844	1333	1
89	4285	1791	1081	6988	2295	644.0	2400	2844	1333	1
89	4284	1788	1079	6981	2292	641.0	2400	2844	1333	1
89	4286	1790	1081	6988	2294	642.0	2400	2844	1333	1
89	4282	1789	1079	6981	2294	643.0	2400	2844	1333	1
89	4288	1790	1080	6989	2293	642.0	2400	2844	1333	1
89	4264	1783	1076	6955	2295	642.0	2400	2844	1333	1
89	4289	1789	1080	6989	2293	640.0	2400	2844	1333	1
89	4141	1737	1050	6766	2300	628.0	2400	2844	1333	1
89	4146	1741	1052	6778	2301	631.0	2400	2844	1333	1
89	4140	1737	1050	6766	2301	629.0	2400	2844	1333	1
89	4140	1736	1050	6763	2300	627.0	2400	2844	1333	1
89	4141	1737	1050	6765	2300	628.0	2400	2844	1333	1
89	4157	1742	1053	6789	2299	629.0	2400	2844	1333	1
89	4140	1736	1050	6764	2300	627.0	2400	2844	1333	1
89	4140	1736	1050	6764	2300	627.0	2400	2844	1333	1
89	4140	1736	1050	6764	2300	627.0	2400	2844	1333	1
89	4140	1736	1050	6764	2300	627.0	2400	2844	1333	1
89	4180	1753	1059	6827	2299	634.0	2400	2844	1333	1
89	4288	1789	1080	6987	2292	641.0	2400	2844	1333	1
89	4281	1790	1080	6981	2294	644.0	2400	2844	1333	1
89	4289	1789	1080	6988	2292	640.0	2400	2844	1333	1
89	4280	1790	1080	6980	2294	645.0	2400	2844	1333	1
89	4289	1788	1080	6987	2292	639.0	2400	2844	1333	1
89	4280	1790	1079	6980	2294	646.0	2400	2844	1333	1
89	4289	1789	1080	6988	2292	640.0	2400	2844	1333	1
89	4287	1789	1080	6980	2291	641.0	2400	2844	1333	1
89	4282	1789	1079	6980	2293	643.0	2400	2844	1333	1
89	4286	1790	1081	6987	2294	642.0	2400	2844	1333	1
89	4139	1735	1049	6760	2299	626.0	2400	2844	1333	1
89	4141	1737	1051	6767	2301	627.0	2400	2844	1333	1
89	4139	1735	1049	6760	2299	626.0	2400	2844	1333	1
89	4141	1737	1051	6767	2301	627.0	2400	2844	1333	1
89	4156	1741	1052	6786	2298	628.0	2400	2844	1333	1
89	4141	1737	1051	6767	2301	627.0	2400	2844	1333	1
89	4139	1735	1049	6759	2299	626.0	2400	2844	1333	1
89	4141	1737	1051	6766	2301	627.0	2400	2844	1333	1
89	4150	1735	1050	6772	2298	622.0	2400	2844	1333	1
89	4141	1737	1051	6767	2301	627.0	2400	2844	1333	1
89	4139	1735	1049	6760	2299	626.0	2400	2844	1333	1
89	4141	1737	1051	6766	2301	627.0	2400	2844	1333	1
89	4269	1781	1075	6956	2293	638.0	2400	2844	1333	0
89	4284	1791	1081	6986	2294	644.0	2400	2844	1333	0
89	8059	3180	1866	12743	2205	1037.0	2400	2844	1333	0
89	8058	3181	1867	12744	2206	1038.0	2400	2844	1333	0
89	8059	3179	1866	12742	2205	1035.0	2400	2844	1333	0
90	8048	3179	1865	12730	2206	1039.0	2400	3200	1111	1
90	5515	2241	1336	8859	2251	768.0	2400	3200	1111	1
90	4454	1594	1019	6861	2193	324.0	2400	3200	1111	1
90	4475	1601	1024	6894	2193	324.0	2400	3200	1111	1
90	4455	1594	1019	6863	2193	323.0	2400	3200	1111	1
90	4523	1616	1033	6964	2191	326.0	2400	3200	1111	1
90	4612	1643	1048	7089	2186	328.0	2400	3200	1111	1
90	4614	1643	1049	7093	2187	327.0	2400	3200	1111	1
90	4613	1642	1048	7090	2187	326.0	2400	3200	1111	1
90	4612	1644	1049	7092	2188	329.0	2400	3200	1111	1
90	4615	1642	1048	7091	2186	326.0	2400	3200	1111	1
90	4592	1638	1046	7064	2189	328.0	2400	3200	1111	1
90	4617	1642	1048	7093	2185	325.0	2400	3200	1111	1
90	4610	1643	1049	7089	2188	328.0	2400	3200	1111	1
90	4617	1642	1049	7093	2186	324.0	2400	3200	1111	1
90	4610	1643	1049	7089	2188	328.0	2400	3200	1111	1
90	4616	1642	1049	7092	2186	325.0	2400	3200	1111	1
90	4457	1595	1020	6867	2194	323.0	2400	3200	1111	1
90	4470	1595	1021	6879	2191	318.0	2400	3200	1111	1
90	4458	1595	1020	6868	2193	323.0	2400	3200	1111	1
90	4456	1594	1019	6865	2193	323.0	2400	3200	1111	1
90	4457	1595	1020	6868	2194	323.0	2400	3200	1111	1
90	4456	1594	1019	6864	2193	323.0	2400	3200	1111	1
90	4457	1595	1020	6868	2194	323.0	2400	3200	1111	1
90	4456	1594	1019	6864	2193	323.0	2400	3200	1111	1
90	4458	1596	1020	6869	2193	325.0	2400	3200	1111	1
90	4456	1594	1019	6863	2192	323.0	2400	3200	1111	1
90	4476	1601	1024	6895	2193	324.0	2400	3200	1111	1
90	4617	1641	1048	7091	2185	324.0	2400	3200	1111	1
90	4612	1644	1050	7092	2188	329.0	2400	3200	1111	1
90	4616	1641	1048	7090	2186	324.0	2400	3200	1111	1
90	4594	1639	1046	7066	2188	329.0	2400	3200	1111	1
90	4616	1640	1048	7089	2186	322.0	2400	3200	1111	1
90	4612	1645	1050	7093	2188	330.0	2400	3200	1111	1
90	4615	1640	1048	7088	2186	323.0	2400	3200	1111	1
90	4615	1641	1048	7088	2185	324.0	2400	3200	1111	1
90	4613	1645	1050	7093	2188	330.0	2400	3200	1111	1
90	4613	1641	1048	7088	2186	325.0	2400	3200	1111	1
90	4540	1620	1035	6986	2190	325.0	2400	3200	1111	1
90	4456	1594	1019	6863	2192	323.0	2400	3200	1111	1
90	4458	1596	1021	6870	2194	324.0	2400	3200	1111	1
90	4456	1594	1019	6863	2192	323.0	2400	3200	1111	1
90	4458	1596	1021	6869	2194	324.0	2400	3200	1111	1
90	4455	1594	1019	6863	2193	323.0	2400	3200	1111	1
90	4458	1596	1021	6869	2194	324.0	2400	3200	1111	1
90	4456	1594	1019	6863	2192	323.0	2400	3200	1111	0
90	4458	1596	1021	6869	2194	324.0	2400	3200	1111	0
90	358	341	262	990	4179	230.0	2400	3200	1111	0
90	360	343	263	995	4174	232.0	2400	3200	1111	0
90	358	341	262	991	4179	230.0	2400	3200	1111	0
91	360	343	263	995	4174	232.0	2400	2133	2000	1
91	358	341	262	991	4179	230.0	2400	2133	2000	1
91	3579	2153	1168	6822	2606	1381.0	2400	2133	2000	1
91	3576	2152	1168	6817	2607	1380.0	2400	2133	2000	1
91	3591	2159	1171	6843	2605	1384.0	2400	2133	2000	1
91	3576	2151	1167	6817	2606	1379.0	2400	2133	2000	1
91	3576	2151	1167	6816	2606	1379.0	2400	2133	2000	1
91	3576	2151	1167	6816	2606	1379.0	2400	2133	2000	1
91	3576	2151	1167	6816	2606	1379.0	2400	2133	2000	1
91	3576	2151	1167	6816	2606	1379.0	2400	2133	2000	1
91	3576	2151	1167	6817	2606	1379.0	2400	2133	2000	1
91	3695	2221	1202	7036	2601	1426.0	2400	2133	2000	1
91	3687	2212	1198	7015	2600	1417.0	2400	2133	2000	1
91	3697	2220	1201	7036	2599	1424.0	2400	2133	2000	1
91	3700	2221	1202	7041	2599	1424.0	2400	2133	2000	1
91	3697	2219	1201	7036	2600	1423.0	2400	2133	2000	1
91	3700	2221	1202	7042	2600	1424.0	2400	2133	2000	1
91	3699	2219	1201	7036	2599	1422.0	2400	2133	2000	1
91	3698	2222	1203	7041	2601	1426.0	2400	2133	2000	1
91	3700	2218	1201	7037	2598	1420.0	2400	2133	2000	1
91	3698	2223	1203	7042	2601	1427.0	2400	2133	2000	1
91	3686	2210	1196	7010	2598	1416.0	2400	2133	2000	1
91	3574	2150	1166	6812	2605	1379.0	2400	2133	2000	1
91	3577	2152	1168	6819	2606	1380.0	2400	2133	2000	1
91	3589	2158	1170	6839	2604	1384.0	2400	2133	2000	1
91	3577	2152	1168	6819	2606	1380.0	2400	2133	2000	1
91	3574	2150	1166	6812	2605	1379.0	2400	2133	2000	1
91	3577	2152	1168	6819	2606	1380.0	2400	2133	2000	1
91	3589	2158	1170	6838	2604	1384.0	2400	2133	2000	1
91	3577	2152	1168	6820	2607	1380.0	2400	2133	2000	1
91	3574	2150	1166	6813	2606	1379.0	2400	2133	2000	1
91	3577	2152	1168	6820	2607	1380.0	2400	2133	2000	1
91	3575	2150	1166	6813	2605	1379.0	2400	2133	2000	1
91	3698	2222	1203	7040	2601	1426.0	2400	2133	2000	1
91	3699	2219	1201	7037	2599	1422.0	2400	2133	2000	1
91	3700	2221	1202	7041	2599	1424.0	2400	2133	2000	1
91	3697	2219	1201	7035	2599	1423.0	2400	2133	2000	1
91	3701	2220	1202	7041	2599	1422.0	2400	2133	2000	1
91	3695	2220	1201	7035	2601	1425.0	2400	2133	2000	1
91	3703	2219	1202	7042	2598	1420.0	2400	2133	2000	1
91	3704	2219	1202	7043	2598	1420.0	2400	2133	2000	1
91	3693	2220	1201	7033	2601	1425.0	2400	2133	2000	1
91	3704	2219	1202	7044	2599	1420.0	2400	2133	2000	1
91	3693	2215	1199	7025	2599	1419.0	2400	2133	2000	1
91	3576	2151	1168	6818	2607	1379.0	2400	2133	2000	1
91	3575	2150	1166	6813	2605	1379.0	2400	2133	2000	0
91	4404	2619	1401	8319	2571	1678.0	2400	2133	2000	0
91	6908	4025	2104	12847	2514	2570.0	2400	2133	2000	0
91	6907	4026	2105	12849	2515	2571.0	2400	2133	2000	0
91	6907	4024	2104	12845	2514	2568.0	2400	2133	2000	0
92	6904	4026	2105	12846	2516	2572.0	2400	2488	1777	1
92	6908	4022	2103	12844	2514	2566.0	2400	2488	1777	1
92	3911	2114	1178	7092	2500	1204.0	2400	2488	1777	1
92	3994	2075	1170	7116	2465	1122.0	2400	2488	1777	1
92	3985	2079	1170	7112	2467	1131.0	2400	2488	1777	1
92	3887	2024	1143	6937	2470	1096.0	2400	2488	1777	1
92	3872	2021	1141	6916	2472	1097.0	2400	2488	1777	1
92	3857	2014	1137	6892	2473	1094.0	2400	2488	1777	1
92	3857	2014	1137	6892	2473	1094.0	2400	2488	1777	1
92	3856	2013	1137	6889	2473	1093.0	2400	2488	1777	1
92	3857	2014	1137	6893	2473	1094.0	2400	2488	1777	1
92	3856	2013	1136	6889	2472	1093.0	2400	2488	1777	1
92	3857	2014	1138	6893	2474	1093.0	2400	2488	1777	1
92	3856	2013	1136	6889	2472	1093.0	2400	2488	1777	1
92	3873	2022	1141	6920	2472	1098.0	2400	2488	1777	1
92	3856	2013	1136	6889	2472	1093.0	2400	2488	1777	1
92	3987	2080	1171	7118	2468	1131.0	2400	2488	1777	1
92	3993	2076	1169	7117	2465	1124.0	2400	2488	1777	1
92	3988	2079	1171	7117	2468	1129.0	2400	2488	1777	1
92	3992	2076	1170	7115	2465	1124.0	2400	2488	1777	1
92	3990	2079	1171	7118	2467	1128.0	2400	2488	1777	1
92	3990	2076	1170	7114	2466	1124.0	2400	2488	1777	1
92	3976	2071	1167	7093	2468	1123.0	2400	2488	1777	1
92	3988	2077	1170	7113	2466	1127.0	2400	2488	1777	1
92	3993	2078	1171	7120	2466	1126.0	2400	2488	1777	1
92	3987	2077	1170	7112	2467	1127.0	2400	2488	1777	1
92	3995	2077	1167	7121	2463	1127.0	2400	2488	1777	1
92	3858	2015	1138	6895	2473	1094.0	2400	2488	1777	1
92	3856	2013	1136	6888	2472	1093.0	2400	2488	1777	1
92	3858	2015	1138	6895	2473	1094.0	2400	2488	1777	1
92	3856	2013	1136	6888	2472	1093.0	2400	2488	1777	1
92	3858	2015	1138	6895	2473	1094.0	2400	2488	1777	1
92	3856	2013	1136	6888	2472	1093.0	2400	2488	1777	1
92	3858	2015	1138	6895	2473	1094.0	2400	2488	1777	1
92	3856	2013	1136	6888	2472	1093.0	2400	2488	1777	1
92	3858	2015	1138	6894	2473	1094.0	2400	2488	1777	1
92	3856	2013	1136	6888	2472	1093.0	2400	2488	1777	1
92	3858	2015	1138	6894	2473	1094.0	2400	2488	1777	1
92	3981	2074	1168	7102	2467	1126.0	2400	2488	1777	1
92	3989	2079	1171	7118	2468	1129.0	2400	2488	1777	1
92	3993	2075	1169	7115	2464	1123.0	2400	2488	1777	1
92	3986	2080	1171	7115	2468	1131.0	2400	2488	1777	1
92	3978	2068	1166	7090	2465	1119.0	2400	2488	1777	1
92	3987	2079	1171	7115	2468	1129.0	2400	2488	1777	1
92	3991	2076	1170	7115	2466	1124.0	2400	2488	1777	1
92	3972	2071	1166	7088	2468	1125.0	2400	2488	1777	0
92	1182	732	467	2376	2892	429.0	2400	2488	1777	0
92	359	342	262	992	4171	231.0	2400	2488	1777	0
92	359	342	262	993	4171	231.0	2400	2488	1777	0
92	359	342	262	992	4171	231.0	2400	2488	1777	0
93	359	342	262	992	4171	231.0	2400	2844	1555	1
93	1244	701	460	2392	2788	365.0	2400	2844	1555	1
93	4307	1939	1141	7223	2345	827.0	2400	2844	1555	1
93	4311	1936	1140	7224	2344	821.0	2400	2844	1555	1
93	4302	1938	1141	7217	2347	827.0	2400	2844	1555	1
93	4311	1936	1141	7224	2345	821.0	2400	2844	1555	1
93	4303	1938	1140	7217	2345	827.0	2400	2844	1555	1
93	4310	1937	1141	7223	2345	822.0	2400	2844	1555	1
93	4288	1930	1136	7191	2346	822.0	2400	2844	1555	1
93	4306	1938	1141	7221	2346	825.0	2400	2844	1555	1
93	4291	1928	1136	7191	2345	818.0	2400	2844	1555	1
93	4163	1879	1109	6994	2352	802.0	2400	2844	1555	1
93	4161	1878	1108	6989	2351	802.0	2400	2844	1555	1
93	4160	1878	1108	6989	2352	802.0	2400	2844	1555	1
93	4163	1880	1109	6994	2351	804.0	2400	2844	1555	1
93	4177	1884	1111	7015	2351	804.0	2400	2844	1555	1
93	4163	1879	1109	6995	2352	802.0	2400	2844	1555	1
93	4160	1877	1107	6988	2351	801.0	2400	2844	1555	1
93	4163	1880	1109	6995	2352	804.0	2400	2844	1555	1
93	4161	1877	1107	6989	2351	801.0	2400	2844	1555	1
93	4163	1880	1109	6996	2352	804.0	2400	2844	1555	1
93	4281	1929	1136	7183	2348	823.0	2400	2844	1555	1
93	4311	1938	1141	7226	2345	824.0	2400	2844	1555	1
93	4286	1929	1136	7188	2346	821.0	2400	2844	1555	1
93	4308	1938	1142	7225	2347	824.0	2400	2844	1555	1
93	4306	1935	1139	7216	2344	822.0	2400	2844	1555	1
93	4306	1939	1142	7223	2347	826.0	2400	2844	1555	1
93	4308	1935	1139	7218	2343	821.0	2400	2844	1555	1
93	4303	1939	1142	7221	2348	827.0	2400	2844	1555	1
93	4309	1935	1139	7219	2343	821.0	2400	2844	1555	1
93	4304	1939	1142	7221	2347	827.0	2400	2844	1555	1
93	4290	1931	1138	7196	2347	822.0	2400	2844	1555	1
93	4161	1878	1108	6989	2351	802.0	2400	2844	1555	1
93	4163	1880	1109	6995	2352	804.0	2400	2844	1555	1
93	4161	1878	1108	6989	2351	802.0	2400	2844	1555	1
93	4179	1886	1113	7021	2352	805.0	2400	2844	1555	1
93	4161	1878	1108	6989	2351	802.0	2400	2844	1555	1
93	4162	1879	1109	6993	2352	802.0	2400	2844	1555	1
93	4161	1878	1108	6990	2352	802.0	2400	2844	1555	1
93	4179	1886	1112	7020	2351	806.0	2400	2844	1555	1
93	4161	1878	1108	6990	2352	802.0	2400	2844	1555	1
93	4162	1879	1109	6993	2352	802.0	2400	2844	1555	1
93	4161	1878	1108	6991	2352	802.0	2400	2844	1555	1
93	4164	1883	1110	7001	2353	807.0	2400	2844	1555	1
93	4310	1936	1140	7222	2344	822.0	2400	2844	1555	1
93	4304	1938	1141	7219	2346	826.0	2400	2844	1555	0
93	4308	1937	1140	7221	2344	824.0	2400	2844	1555	0
93	8104	3471	1986	13209	2260	1393.0	2400	2844	1555	0
93	8098	3471	1986	13204	2261	1395.0	2400	2844	1555	0
93	8101	3468	1985	13202	2260	1390.0	2400	2844	1555	0
94	8100	3467	1984	13201	2260	1390.0	2400	3200	1333	1
94	5159	2281	1331	8564	2316	951.0	2400	3200	1333	1
94	4465	1734	1076	7077	2243	499.0	2400	3200	1333	1
94	4467	1735	1077	7080	2244	499.0	2400	3200	1333	1
94	4605	1782	1104	7285	2238	509.0	2400	3200	1333	1
94	4623	1788	1108	7313	2238	510.0	2400	3200	1333	1
94	4621	1788	1107	7309	2237	511.0	2400	3200	1333	1
94	4627	1787	1108	7314	2236	507.0	2400	3200	1333	1
94	4619	1788	1107	7307	2238	512.0	2400	3200	1333	1
94	4610	1781	1104	7289	2237	506.0	2400	3200	1333	1
94	4620	1788	1107	7307	2237	511.0	2400	3200	1333	1
94	4628	1788	1108	7316	2236	508.0	2400	3200	1333	1
94	4621	1787	1107	7308	2237	510.0	2400	3200	1333	1
94	4626	1789	1108	7316	2237	510.0	2400	3200	1333	1
94	4622	1786	1106	7308	2236	508.0	2400	3200	1333	1
94	4624	1790	1109	7315	2238	512.0	2400	3200	1333	1
94	4466	1734	1076	7076	2242	499.0	2400	3200	1333	1
94	4487	1742	1081	7110	2242	501.0	2400	3200	1333	1
94	4469	1736	1077	7084	2243	500.0	2400	3200	1333	1
94	4466	1734	1076	7077	2243	499.0	2400	3200	1333	1
94	4469	1736	1078	7084	2244	500.0	2400	3200	1333	1
94	4466	1734	1076	7076	2242	499.0	2400	3200	1333	1
94	4469	1736	1077	7084	2243	500.0	2400	3200	1333	1
94	4466	1734	1076	7077	2243	499.0	2400	3200	1333	1
94	4469	1736	1077	7083	2243	500.0	2400	3200	1333	1
94	4485	1740	1080	7104	2242	499.0	2400	3200	1333	1
94	4485	1742	1081	7108	2243	502.0	2400	3200	1333	1
94	4620	1788	1107	7308	2237	511.0	2400	3200	1333	1
94	4627	1788	1108	7316	2237	508.0	2400	3200	1333	1
94	4621	1788	1107	7308	2237	511.0	2400	3200	1333	1
94	4625	1789	1108	7315	2237	511.0	2400	3200	1333	1
94	4624	1787	1107	7309	2236	509.0	2400	3200	1333	1
94	4623	1790	1109	7314	2238	512.0	2400	3200	1333	1
94	4608	1780	1103	7285	2236	506.0	2400	3200	1333	1
94	4621	1790	1108	7312	2238	514.0	2400	3200	1333	1
94	4626	1786	1107	7311	2236	506.0	2400	3200	1333	1
94	4625	1787	1107	7311	2236	508.0	2400	3200	1333	1
94	4495	1743	1082	7119	2242	499.0	2400	3200	1333	1
94	4467	1735	1077	7080	2244	499.0	2400	3200	1333	1
94	4468	1735	1077	7081	2243	499.0	2400	3200	1333	1
94	4468	1735	1077	7080	2243	499.0	2400	3200	1333	1
94	4467	1735	1077	7080	2244	499.0	2400	3200	1333	1
94	4467	1735	1077	7080	2244	499.0	2400	3200	1333	1
94	4467	1735	1077	7080	2244	499.0	2400	3200	1333	1
94	4468	1735	1077	7080	2243	499.0	2400	3200	1333	1
94	4467	1735	1077	7079	2243	499.0	2400	3200	1333	0
94	4468	1735	1077	7081	2243	499.0	2400	3200	1333	0
94	358	342	262	991	4179	231.0	2400	3200	1333	0
94	359	342	263	994	4182	230.0	2400	3200	1333	0
94	358	341	262	991	4179	230.0	2400	3200	1333	0
95	359	343	263	994	4182	232.0	2400	2488	2000	1
95	358	341	262	990	4179	230.0	2400	2488	2000	1
95	3862	2144	1189	7084	2525	1259.0	2400	2488	2000	1
95	3874	2150	1192	7104	2524	1263.0	2400	2488	2000	1
95	3857	2141	1187	7074	2525	1258.0	2400	2488	2000	1
95	3859	2143	1188	7079	2525	1260.0	2400	2488	2000	1
95	3871	2143	1189	7091	2522	1255.0	2400	2488	2000	1
95	3859	2143	1188	7079	2525	1260.0	2400	2488	2000	1
95	3857	2141	1187	7074	2525	1258.0	2400	2488	2000	1
95	3874	2151	1192	7105	2524	1264.0	2400	2488	2000	1
95	3970	2202	1218	7275	2521	1295.0	2400	2488	2000	1
95	3995	2211	1224	7314	2519	1296.0	2400	2488	2000	1
95	3989	2209	1222	7303	2519	1297.0	2400	2488	2000	1
95	3991	2213	1224	7311	2520	1301.0	2400	2488	2000	1
95	3993	2207	1221	7305	2517	1293.0	2400	2488	2000	1
95	3987	2213	1224	7309	2522	1302.0	2400	2488	2000	1
95	3994	2208	1222	7308	2517	1293.0	2400	2488	2000	1
95	3988	2212	1224	7309	2522	1300.0	2400	2488	2000	1
95	3991	2209	1222	7306	2518	1296.0	2400	2488	2000	1
95	3977	2203	1219	7283	2519	1293.0	2400	2488	2000	1
95	3989	2210	1222	7305	2519	1298.0	2400	2488	2000	1
95	3885	2153	1194	7120	2523	1263.0	2400	2488	2000	1
95	3856	2143	1189	7073	2526	1260.0	2400	2488	2000	1
95	3857	2141	1187	7074	2525	1258.0	2400	2488	2000	1
95	3859	2143	1189	7081	2526	1259.0	2400	2488	2000	1
95	3857	2141	1187	7075	2525	1258.0	2400	2488	2000	1
95	3875	2151	1193	7107	2525	1263.0	2400	2488	2000	1
95	3857	2141	1187	7074	2525	1258.0	2400	2488	2000	1
95	3859	2143	1188	7080	2525	1260.0	2400	2488	2000	1
95	3857	2141	1187	7075	2525	1258.0	2400	2488	2000	1
95	3859	2143	1188	7080	2525	1260.0	2400	2488	2000	1
95	3857	2141	1187	7075	2525	1258.0	2400	2488	2000	1
95	3988	2212	1224	7308	2521	1300.0	2400	2488	2000	1
95	3992	2210	1222	7308	2518	1297.0	2400	2488	2000	1
95	3977	2208	1221	7291	2522	1300.0	2400	2488	2000	1
95	3988	2211	1223	7307	2521	1299.0	2400	2488	2000	1
95	3996	2209	1223	7311	2518	1294.0	2400	2488	2000	1
95	3986	2211	1223	7304	2521	1300.0	2400	2488	2000	1
95	3995	2210	1223	7312	2518	1296.0	2400	2488	2000	1
95	3989	2210	1223	7305	2520	1298.0	2400	2488	2000	1
95	3991	2211	1223	7309	2519	1298.0	2400	2488	2000	1
95	3986	2212	1223	7305	2521	1302.0	2400	2488	2000	1
95	3980	2201	1219	7284	2518	1289.0	2400	2488	2000	1
95	3858	2142	1188	7077	2526	1258.0	2400	2488	2000	1
95	3858	2142	1188	7078	2526	1258.0	2400	2488	2000	1
95	3857	2142	1187	7076	2525	1259.0	2400	2488	2000	0
95	5065	2767	1509	9182	2483	1618.0	2400	2488	2000	0
95	7487	4005	2146	13380	2435	2319.0	2400	2488	2000	0
95	7477	4008	2147	13376	2437	2327.0	2400	2488	2000	0
95	7482	4005	2146	13376	2436	2321.0	2400	2488	2000	0
96	7478	4006	2146	13373	2437	2324.0	2400	2844	1777	1
96	7476	4004	2145	13369	2436	2322.0	2400	2844	1777	1
96	4249	2096	1199	7394	2416	1051.0	2400	2844	1777	1
96	4301	2074	1195	7412	2398	1002.0	2400	2844	1777	1
96	4206	2028	1171	7252	2401	978.0	2400	2844	1777	1
96	4159	2009	1160	7176	2402	971.0	2400	2844	1777	1
96	4161	2011	1161	7183	2403	973.0	2400	2844	1777	1
96	4159	2009	1160	7177	2403	971.0	2400	2844	1777	1
96	4161	2011	1162	7183	2404	972.0	2400	2844	1777	1
96	4161	2011	1162	7183	2404	972.0	2400	2844	1777	1
96	4159	2009	1160	7177	2403	971.0	2400	2844	1777	1
96	4162	2011	1161	7184	2403	973.0	2400	2844	1777	1
96	4160	2014	1162	7185	2404	977.0	2400	2844	1777	1
96	4162	2011	1162	7185	2404	972.0	2400	2844	1777	1
96	4160	2009	1160	7178	2402	971.0	2400	2844	1777	1
96	4303	2077	1197	7420	2400	1005.0	2400	2844	1777	1
96	4309	2072	1194	7417	2395	997.0	2400	2844	1777	1
96	4304	2076	1196	7419	2398	1003.0	2400	2844	1777	1
96	4307	2073	1194	7416	2395	999.0	2400	2844	1777	1
96	4306	2075	1196	7419	2397	1001.0	2400	2844	1777	1
96	4288	2066	1191	7387	2397	997.0	2400	2844	1777	1
96	4308	2074	1196	7420	2397	999.0	2400	2844	1777	1
96	4303	2074	1195	7415	2398	1001.0	2400	2844	1777	1
96	4310	2074	1196	7421	2396	998.0	2400	2844	1777	1
96	4302	2075	1195	7414	2397	1003.0	2400	2844	1777	1
96	4312	2074	1196	7423	2396	998.0	2400	2844	1777	1
96	4299	2070	1193	7404	2396	998.0	2400	2844	1777	1
96	4178	2017	1165	7207	2402	974.0	2400	2844	1777	1
96	4162	2012	1162	7185	2404	973.0	2400	2844	1777	1
96	4161	2010	1161	7180	2402	971.0	2400	2844	1777	1
96	4162	2011	1162	7184	2404	972.0	2400	2844	1777	1
96	4161	2010	1161	7180	2402	971.0	2400	2844	1777	1
96	4162	2011	1162	7184	2404	972.0	2400	2844	1777	1
96	4161	2010	1161	7181	2403	971.0	2400	2844	1777	1
96	4162	2011	1162	7184	2404	972.0	2400	2844	1777	1
96	4161	2010	1161	7181	2403	971.0	2400	2844	1777	1
96	4179	2018	1165	7211	2402	975.0	2400	2844	1777	1
96	4278	2062	1189	7372	2398	995.0	2400	2844	1777	1
96	4303	2075	1195	7416	2398	1003.0	2400	2844	1777	1
96	4309	2074	1195	7420	2396	999.0	2400	2844	1777	1
96	4304	2069	1193	7408	2395	995.0	2400	2844	1777	1
96	4307	2075	1196	7420	2397	1001.0	2400	2844	1777	1
96	4307	2073	1195	7417	2396	999.0	2400	2844	1777	1
96	4305	2076	1196	7419	2398	1003.0	2400	2844	1777	1
96	4291	2065	1191	7389	2396	994.0	2400	2844	1777	1
96	4303	2076	1194	7418	2398	1005.0	2400	2844	1777	0
96	921	589	395	1908	3025	341.0	2400	2844	1777	0
96	358	341	262	991	4179	230.0	2400	2844	1777	0
96	360	343	263	995	4174	232.0	2400	2844	1777	0
96	358	341	262	990	4179	230.0	2400	2844	1777	0
97	360	343	263	995	4174	232.0	2400	3200	1555	1
97	1677	834	541	3010	2587	375.0	2400	3200	1555	1
97	4637	1935	1167	7538	2287	694.0	2400	3200	1555	1
97	4634	1934	1166	7533	2286	694.0	2400	3200	1555	1
97	4637	1934	1167	7538	2287	692.0	2400	3200	1555	1
97	4631	1934	1166	7531	2287	695.0	2400	3200	1555	1
97	4639	1934	1167	7539	2286	692.0	2400	3200	1555	1
97	4630	1934	1166	7529	2287	695.0	2400	3200	1555	1
97	4639	1934	1167	7538	2285	692.0	2400	3200	1555	1
97	4609	1923	1160	7493	2287	689.0	2400	3200	1555	1
97	4478	1877	1134	7296	2293	678.0	2400	3200	1555	1
97	4476	1874	1132	7290	2292	676.0	2400	3200	1555	1
97	4478	1877	1134	7297	2293	678.0	2400	3200	1555	1
97	4476	1874	1132	7290	2292	676.0	2400	3200	1555	1
97	4476	1874	1132	7291	2292	676.0	2400	3200	1555	1
97	4478	1877	1134	7297	2293	678.0	2400	3200	1555	1
97	4476	1874	1132	7290	2292	676.0	2400	3200	1555	1
97	4497	1880	1136	7319	2290	675.0	2400	3200	1555	1
97	4476	1875	1132	7290	2292	677.0	2400	3200	1555	1
97	4478	1877	1134	7297	2293	678.0	2400	3200	1555	1
97	4615	1928	1162	7505	2287	694.0	2400	3200	1555	1
97	4618	1928	1163	7509	2287	692.0	2400	3200	1555	1
97	4631	1935	1166	7531	2287	697.0	2400	3200	1555	1
97	4639	1934	1167	7538	2285	692.0	2400	3200	1555	1
97	4630	1935	1166	7529	2286	697.0	2400	3200	1555	1
97	4638	1934	1167	7538	2286	692.0	2400	3200	1555	1
97	4631	1934	1166	7530	2287	695.0	2400	3200	1555	1
97	4638	1935	1167	7538	2286	694.0	2400	3200	1555	1
97	4632	1934	1166	7530	2286	695.0	2400	3200	1555	1
97	4635	1936	1167	7537	2287	696.0	2400	3200	1555	1
97	4616	1926	1162	7503	2286	690.0	2400	3200	1555	1
97	4633	1936	1167	7535	2287	697.0	2400	3200	1555	1
97	4478	1876	1134	7295	2293	677.0	2400	3200	1555	1
97	4477	1875	1133	7293	2292	676.0	2400	3200	1555	1
97	4478	1876	1134	7295	2293	677.0	2400	3200	1555	1
97	4477	1876	1133	7294	2292	678.0	2400	3200	1555	1
97	4477	1876	1134	7295	2293	677.0	2400	3200	1555	1
97	4496	1883	1137	7322	2291	680.0	2400	3200	1555	1
97	4477	1876	1133	7293	2292	678.0	2400	3200	1555	1
97	4478	1876	1133	7294	2292	677.0	2400	3200	1555	1
97	4477	1876	1133	7293	2292	678.0	2400	3200	1555	1
97	4478	1876	1133	7294	2292	677.0	2400	3200	1555	1
97	4493	1882	1136	7318	2292	680.0	2400	3200	1555	1
97	4632	1936	1167	7534	2288	697.0	2400	3200	1555	1
97	4636	1933	1166	7534	2286	692.0	2400	3200	1555	1
97	4615	1932	1165	7513	2290	698.0	2400	3200	1555	0
97	4635	1934	1166	7534	2286	694.0	2400	3200	1555	0
97	8745	3466	2037	13824	2205	1140.0	2400	3200	1555	0
97	8740	3465	2036	13817	2205	1141.0	2400	3200	1555	0
97	8742	3464	2036	13818	2205	1139.0	2400	3200	1555	0
98	8741	3462	2035	13815	2205	1137.0	2400	2844	2000	1
98	5184	2139	1283	8374	2268	754.0	2400	2844	2000	1
98	4157	2138	1211	7361	2453	1138.0	2400	2844	2000	1
98	4293	2204	1245	7590	2447	1173.0	2400	2844	2000	1
98	4306	2207	1248	7609	2446	1172.0	2400	2844	2000	1
98	4300	2205	1246	7599	2446	1172.0	2400	2844	2000	1
98	4304	2208	1248	7608	2447	1174.0	2400	2844	2000	1
98	4286	2196	1241	7572	2445	1166.0	2400	2844	2000	1
98	4303	2209	1248	7608	2447	1176.0	2400	2844	2000	1
98	4305	2203	1246	7602	2445	1167.0	2400	2844	2000	1
98	4302	2209	1249	7608	2448	1175.0	2400	2844	2000	1
98	4290	2195	1242	7576	2445	1162.0	2400	2844	2000	1
98	4301	2208	1248	7606	2448	1175.0	2400	2844	2000	1
98	4307	2204	1246	7605	2444	1168.0	2400	2844	2000	1
98	4303	2208	1248	7608	2448	1174.0	2400	2844	2000	1
98	4175	2145	1214	7388	2450	1141.0	2400	2844	2000	1
98	4161	2139	1212	7367	2453	1138.0	2400	2844	2000	1
98	4158	2137	1210	7360	2452	1137.0	2400	2844	2000	1
98	4161	2139	1210	7367	2452	1139.0	2400	2844	2000	1
98	4161	2139	1212	7367	2453	1138.0	2400	2844	2000	1
98	4158	2136	1210	7360	2452	1135.0	2400	2844	2000	1
98	4161	2139	1212	7367	2453	1138.0	2400	2844	2000	1
98	4159	2137	1210	7360	2451	1137.0	2400	2844	2000	1
98	4162	2145	1214	7377	2454	1145.0	2400	2844	2000	1
98	4159	2137	1210	7361	2451	1137.0	2400	2844	2000	1
98	4185	2153	1219	7411	2452	1147.0	2400	2844	2000	1
98	4306	2203	1246	7603	2444	1167.0	2400	2844	2000	1
98	4301	2209	1248	7607	2448	1176.0	2400	2844	2000	1
98	4307	2204	1246	7605	2444	1168.0	2400	2844	2000	1
98	4302	2207	1248	7606	2448	1173.0	2400	2844	2000	1
98	4305	2206	1247	7606	2445	1171.0	2400	2844	2000	1
98	4289	2198	1243	7579	2447	1167.0	2400	2844	2000	1
98	4302	2207	1247	7604	2446	1174.0	2400	2844	2000	1
98	4309	2205	1247	7610	2445	1168.0	2400	2844	2000	1
98	4299	2207	1247	7601	2447	1175.0	2400	2844	2000	1
98	4309	2207	1248	7611	2445	1171.0	2400	2844	2000	1
98	4301	2205	1246	7601	2446	1171.0	2400	2844	2000	1
98	4159	2138	1211	7363	2452	1137.0	2400	2844	2000	1
98	4178	2147	1216	7395	2451	1142.0	2400	2844	2000	1
98	4159	2138	1211	7363	2452	1137.0	2400	2844	2000	1
98	4160	2139	1212	7365	2452	1138.0	2400	2844	2000	1
98	4159	2138	1211	7363	2452	1137.0	2400	2844	2000	1
98	4160	2138	1212	7365	2453	1136.0	2400	2844	2000	1
98	4159	2138	1211	7363	2452	1137.0	2400	2844	2000	1
98	4160	2138	1211	7365	2452	1137.0	2400	2844	2000	1
98	4160	2138	1211	7363	2451	1137.0	2400	2844	2000	0
98	4160	2138	1211	7364	2452	1137.0	2400	2844	2000	0
98	359	342	262	992	4171	231.0	2400	2844	2000	0
98	359	342	262	992	4171	231.0	2400	2844	2000	0
98	359	342	262	992	4171	231.0	2400	2844	2000	0
99	358	342	262	992	4179	231.0	2400	3200	1777	1
99	359	342	262	992	4171	231.0	2400	3200	1777	1
99	4481	2008	1186	7489	2340	846.0	2400	3200	1777	1
99	4479	2008	1186	7487	2340	847.0	2400	3200	1777	1
99	4479	2007	1186	7485	2340	845.0	2400	3200	1777	1
99	4478	2007	1186	7484	2340	845.0	2400	3200	1777	1
99	4479	2008	1186	7486	2340	847.0	2400	3200	1777	1
99	4478	2007	1186	7483	2340	845.0	2400	3200	1777	1
99	4478	2008	1186	7486	2340	847.0	2400	3200	1777	1
99	4631	2072	1221	7729	2335	873.0	2400	3200	1777	1
99	4638	2071	1221	7735	2334	869.0	2400	3200	1777	1
99	4632	2070	1220	7727	2334	870.0	2400	3200	1777	1
99	4635	2072	1222	7734	2335	871.0	2400	3200	1777	1
99	4635	2068	1220	7728	2333	866.0	2400	3200	1777	1
99	4632	2073	1222	7732	2336	873.0	2400	3200	1777	1
99	4637	2069	1220	7730	2332	867.0	2400	3200	1777	1
99	4632	2072	1221	7731	2335	872.0	2400	3200	1777	1
99	4635	2070	1220	7730	2333	869.0	2400	3200	1777	1
99	4635	2071	1221	7732	2334	870.0	2400	3200	1777	1
99	4631	2071	1221	7728	2335	871.0	2400	3200	1777	1
99	4511	2018	1192	7533	2338	848.0	2400	3200	1777	1
99	4477	2006	1185	7481	2340	845.0	2400	3200	1777	1
99	4479	2008	1187	7487	2341	846.0	2400	3200	1777	1
99	4479	2008	1187	7487	2341	846.0	2400	3200	1777	1
99	4495	2014	1189	7510	2338	849.0	2400	3200	1777	1
99	4479	2009	1187	7488	2341	848.0	2400	3200	1777	1
99	4477	2006	1185	7481	2340	845.0	2400	3200	1777	1
99	4479	2009	1186	7487	2340	848.0	2400	3200	1777	1
99	4494	2009	1187	7502	2337	843.0	2400	3200	1777	1
99	4479	2008	1187	7488	2341	846.0	2400	3200	1777	1
99	4477	2006	1185	7481	2340	845.0	2400	3200	1777	1
99	4639	2071	1222	7737	2334	868.0	2400	3200	1777	1
99	4612	2062	1216	7697	2335	867.0	2400	3200	1777	1
99	4637	2072	1222	7736	2335	870.0	2400	3200	1777	1
99	4634	2068	1220	7727	2334	866.0	2400	3200	1777	1
99	4634	2074	1222	7735	2335	874.0	2400	3200	1777	1
99	4638	2068	1220	7730	2332	865.0	2400	3200	1777	1
99	4633	2073	1222	7734	2335	873.0	2400	3200	1777	1
99	4637	2069	1220	7730	2332	867.0	2400	3200	1777	1
99	4634	2072	1222	7733	2335	871.0	2400	3200	1777	1
99	4635	2070	1220	7730	2333	869.0	2400	3200	1777	1
99	4617	2071	1221	7705	2335	876.0	2400	3200	1777	1
99	4479	2009	1187	7488	2341	848.0	2400	3200	1777	1
99	4477	2006	1185	7482	2340	845.0	2400	3200	1777	1
99	4479	2009	1187	7488	2341	848.0	2400	3200	1777	1
99	4477	2007	1185	7482	2340	846.0	2400	3200	1777	0
99	6237	2721	1582	10260	2292	1111.0	2400	3200	1777	0
99	8743	3732	2142	14204	2255	1484.0	2400	3200	1777	0
99	8744	3734	2144	14210	2255	1485.0	2400	3200	1777	0
99	8742	3730	2141	14200	2254	1482.0	2400	3200	1777	0
100	8738	3734	2144	14203	2256	1487.0	2400	3200	2000	1
100	8737	3728	2140	14193	2254	1481.0	2400	3200	2000	1
100	4625	2191	1268	7896	2378	1028.0	2400	3200	2000	1
100	4525	2154	1246	7741	2382	1018.0	2400	3200	2000	1
100	4475	2135	1236	7664	2386	1012.0	2400	3200	2000	1
100	4474	2134	1235	7661	2385	1011.0	2400	3200	2000	1
100	4493	2138	1238	7687	2383	1009.0	2400	3200	2000	1
100	4474	2134	1235	7663	2386	1011.0	2400	3200	2000	1
100	4475	2135	1236	7666	2386	1012.0	2400	3200	2000	1
100	4475	2134	1235	7664	2385	1011.0	2400	3200	2000	1
100	4475	2134	1235	7664	2385	1011.0	2400	3200	2000	1
100	4476	2135	1236	7666	2386	1012.0	2400	3200	2000	1
100	4475	2135	1236	7665	2386	1012.0	2400	3200	2000	1
100	4476	2135	1236	7666	2386	1012.0	2400	3200	2000	1
100	4631	2203	1273	7918	2381	1041.0	2400	3200	2000	1
100	4633	2204	1273	7922	2380	1042.0	2400	3200	2000	1
100	4633	2202	1272	7919	2379	1040.0	2400	3200	2000	1
100	4630	2205	1274	7919	2381	1044.0	2400	3200	2000	1
100	4618	2194	1268	7892	2379	1035.0	2400	3200	2000	1
100	4630	2204	1273	7918	2381	1043.0	2400	3200	2000	1
100	4637	2203	1273	7924	2379	1039.0	2400	3200	2000	1
100	4630	2204	1273	7917	2380	1043.0	2400	3200	2000	1
100	4618	2195	1269	7895	2381	1036.0	2400	3200	2000	1
100	4630	2203	1273	7917	2381	1042.0	2400	3200	2000	1
100	4636	2204	1274	7925	2380	1041.0	2400	3200	2000	1
100	4629	2200	1271	7912	2379	1039.0	2400	3200	2000	1
100	4495	2144	1241	7697	2385	1016.0	2400	3200	2000	1
100	4475	2134	1235	7663	2385	1011.0	2400	3200	2000	1
100	4475	2134	1235	7664	2385	1011.0	2400	3200	2000	1
100	4477	2136	1237	7668	2386	1012.0	2400	3200	2000	1
100	4475	2134	1235	7663	2385	1011.0	2400	3200	2000	1
100	4477	2136	1237	7668	2386	1012.0	2400	3200	2000	1
100	4475	2134	1235	7662	2385	1011.0	2400	3200	2000	1
100	4477	2136	1237	7668	2386	1012.0	2400	3200	2000	1
100	4476	2139	1237	7671	2387	1017.0	2400	3200	2000	1
100	4477	2136	1237	7668	2386	1012.0	2400	3200	2000	1
100	4596	2188	1264	7861	2381	1036.0	2400	3200	2000	1
100	4634	2203	1273	7922	2380	1040.0	2400	3200	2000	1
100	4630	2204	1273	7918	2381	1043.0	2400	3200	2000	1
100	4637	2202	1273	7924	2379	1038.0	2400	3200	2000	1
100	4628	2204	1273	7916	2381	1044.0	2400	3200	2000	1
100	4638	2203	1274	7926	2380	1038.0	2400	3200	2000	1
100	4610	2195	1268	7885	2381	1039.0	2400	3200	2000	1
100	4637	2204	1274	7926	2380	1040.0	2400	3200	2000	1
100	4629	2202	1272	7914	2380	1041.0	2400	3200	2000	1
100	4636	2205	1274	7926	2380	1042.0	2400	3200	2000	0
100	635	462	328	1440	3359	282.0	2400	3200	2000	0
100	357	340	261	988	4176	229.0	2400	3200	2000	0
100	360	343	263	995	4174	232.0	2400	3200	2000	0
100	357	341	261	989	4176	231.0	2400	3200	2000	0
999	360	343	263	995	4174	232.0	2400	3200	2000	1
999	2304	1017	549	3958	2298	455.0	2400	3200	2000	1
999	3181	1322	680	5294	2205	556.0	2400	3200	2000	1
999	3183	1321	679	5295	2203	554.0	2400	3200	2000	1
999	3180	1322	680	5294	2205	556.0	2400	3200	2000	1
999	3181	1321	679	5293	2204	555.0	2400	3200	2000	1
999	3180	1322	680	5294	2205	556.0	2400	3200	2000	1
999	3181	1321	679	5292	2204	555.0	2400	3200	2000	1
999	3181	1322	680	5294	2205	556.0	2400	3200	2000	1
999	3180	1321	679	5291	2204	555.0	2400	3200	2000	1
999	3181	1322	680	5294	2205	556.0	2400	3200	2000	1
999	3180	1321	679	5291	2204	555.0	2400	3200	2000	1
999	3181	1322	680	5294	2205	556.0	2400	3200	2000	1
999	3179	1321	679	5290	2204	555.0	2400	3200	2000	1
999	3182	1322	679	5295	2204	556.0	2400	3200	2000	1
999	3182	1322	680	5296	2205	555.0	2400	3200	2000	1
999	3178	1320	679	5288	2205	554.0	2400	3200	2000	1
999	3182	1322	680	5296	2205	555.0	2400	3200	2000	1
999	3177	1320	679	5288	2205	555.0	2400	3200	2000	1
999	3182	1322	680	5296	2205	555.0	2400	3200	2000	1
999	3178	1320	679	5289	2205	554.0	2400	3200	2000	1
999	3182	1322	680	5294	2205	555.0	2400	3200	2000	1
999	3179	1321	679	5290	2204	555.0	2400	3200	2000	1
999	3181	1321	680	5293	2205	554.0	2400	3200	2000	1
999	3180	1321	680	5292	2205	554.0	2400	3200	2000	1
999	3180	1321	679	5291	2204	555.0	2400	3200	2000	1
999	3180	1322	680	5293	2205	556.0	2400	3200	2000	1
999	3179	1321	679	5290	2204	555.0	2400	3200	2000	1
999	3181	1322	680	5294	2205	556.0	2400	3200	2000	1
999	3178	1320	679	5288	2205	554.0	2400	3200	2000	1
999	3182	1322	680	5295	2205	555.0	2400	3200	2000	1
999	3177	1320	679	5287	2205	555.0	2400	3200	2000	1
999	3182	1322	680	5296	2205	555.0	2400	3200	2000	1
999	3182	1323	680	5297	2205	557.0	2400	3200	2000	1
999	3176	1319	678	5285	2204	554.0	2400	3200	2000	1
999	3183	1323	681	5297	2206	556.0	2400	3200	2000	1
999	3176	1319	678	5285	2204	554.0	2400	3200	2000	1
999	3182	1323	681	5297	2206	556.0	2400	3200	2000	1
999	3177	1319	678	5285	2204	554.0	2400	3200	2000	1
999	3182	1322	680	5296	2205	555.0	2400	3200	2000	1
999	3177	1319	678	5286	2204	554.0	2400	3200	2000	1
999	3181	1322	680	5294	2205	556.0	2400	3200	2000	1
999	3178	1320	678	5287	2203	555.0	2400	3200	2000	1
999	3180	1322	680	5293	2205	556.0	2400	3200	2000	1
999	3179	1320	679	5288	2204	554.0	2400	3200	2000	1
999	3179	1322	680	5292	2205	556.0	2400	3200	2000	0
999	3179	1320	679	5289	2204	554.0	2400	3200	2000	0
999	1070	589	368	2078	2701	312.0	2400	3200	2000	0
999	357	340	261	988	4176	229.0	2400	3200	2000	0
999	360	343	263	995	4174	232.0	2400	3200	2000	0
999	357	341	261	988	4176	231.0	2400	3200	2000	1
999	3068	1283	662	5122	2213	544.0	2400	3200	2000	1
999	3179	1322	680	5292	2205	556.0	2400	3200	2000	1
999	3181	1321	679	5292	2204	555.0	2400	3200	2000	1
999	3178	1321	680	5291	2206	555.0	2400	3200	2000	1
999	3180	1321	679	5291	2204	555.0	2400	3200	2000	1
999	3179	1322	680	5291	2205	556.0	2400	3200	2000	1
999	3179	1321	679	5290	2204	555.0	2400	3200	2000	1
999	3179	1322	680	5292	2205	556.0	2400	3200	2000	1
999	3179	1320	679	5290	2204	554.0	2400	3200	2000	1
999	3179	1322	680	5292	2205	556.0	2400	3200	2000	1
999	3178	1320	679	5288	2205	554.0	2400	3200	2000	1
999	3180	1322	680	5293	2205	556.0	2400	3200	2000	1
999	3178	1320	679	5288	2205	554.0	2400	3200	2000	1
999	3180	1322	680	5293	2205	556.0	2400	3200	2000	1
999	3177	1320	679	5288	2205	555.0	2400	3200	2000	1
999	3180	1322	680	5293	2205	556.0	2400	3200	2000	1
999	3176	1320	679	5287	2205	555.0	2400	3200	2000	1
999	3181	1321	680	5293	2205	554.0	2400	3200	2000	1
999	3181	1322	680	5286	2205	556.0	2400	3200	2000	1
999	3177	1320	679	5287	2205	555.0	2400	3200	2000	1
999	3180	1321	679	5292	2204	555.0	2400	3200	2000	1
999	3177	1321	679	5289	2205	556.0	2400	3200	2000	1
999	3179	1321	679	5290	2204	555.0	2400	3200	2000	1
999	3178	1321	680	5290	2206	555.0	2400	3200	2000	1
999	3178	1320	679	5288	2205	554.0	2400	3200	2000	1
999	3179	1321	680	5292	2205	555.0	2400	3200	2000	1
999	3177	1320	679	5286	2205	555.0	2400	3200	2000	1
999	3180	1322	680	5293	2205	556.0	2400	3200	2000	1
999	3176	1319	678	5285	2204	554.0	2400	3200	2000	1
999	3181	1322	680	5294	2205	556.0	2400	3200	2000	1
999	3175	1319	678	5284	2204	554.0	2400	3200	2000	1
999	3181	1322	680	5295	2205	556.0	2400	3200	2000	1
999	3175	1319	678	5283	2204	554.0	2400	3200	2000	1
999	3181	1322	680	5295	2205	556.0	2400	3200	2000	1
999	3175	1319	678	5283	2204	554.0	2400	3200	2000	1
999	3180	1322	680	5294	2205	556.0	2400	3200	2000	1
999	3175	1319	678	5283	2204	554.0	2400	3200	2000	1
999	3176	1319	678	5284	2204	554.0	2400	3200	2000	1
999	3179	1322	680	5291	2205	556.0	2400	3200	2000	1
999	3177	1320	678	5286	2204	555.0	2400	3200	2000	1
999	3178	1321	680	5290	2206	555.0	2400	3200	2000	1
999	3178	1320	679	5287	2205	554.0	2400	3200	2000	1
999	3177	1321	680	5289	2206	555.0	2400	3200	2000	1
999	3179	1320	679	5289	2204	554.0	2400	3200	2000	1
999	3177	1321	680	5289	2206	555.0	2400	3200	2000	0
999	3178	1320	679	5288	2205	554.0	2400	3200	2000	0
999	360	343	263	995	4174	232.0	2400	3200	2000	0
999	357	341	261	989	4176	231.0	2400	3200	2000	0
999	360	343	263	995	4174	232.0	2400	3200	2000	0
999	357	341	261	989	4176	231.0	2400	3200	2000	1
999	937	544	349	1877	2810	298.0	2400	3200	2000	1
999	3177	1320	679	5287	2205	555.0	2400	3200	2000	1
999	3180	1322	680	5294	2205	556.0	2400	3200	2000	1
999	3175	1319	678	5284	2204	554.0	2400	3200	2000	1
999	3180	1322	680	5294	2205	556.0	2400	3200	2000	1
999	3180	1322	680	5294	2205	556.0	2400	3200	2000	1
999	3174	1319	678	5283	2204	555.0	2400	3200	2000	1
999	3181	1322	680	5294	2205	556.0	2400	3200	2000	1
999	3175	1319	678	5283	2204	554.0	2400	3200	2000	1
999	3179	1321	680	5292	2205	555.0	2400	3200	2000	1
999	3175	1319	679	5284	2205	554.0	2400	3200	2000	1
999	3178	1321	680	5290	2206	555.0	2400	3200	2000	1
999	3177	1320	679	5286	2205	555.0	2400	3200	2000	1
999	3177	1320	679	5288	2205	555.0	2400	3200	2000	1
999	3178	1320	679	5289	2205	554.0	2400	3200	2000	1
999	3175	1320	679	5286	2205	555.0	2400	3200	2000	1
999	3179	1321	679	5291	2204	555.0	2400	3200	2000	1
999	3174	1319	679	5284	2206	554.0	2400	3200	2000	1
999	3179	1321	679	5291	2204	555.0	2400	3200	2000	1
999	3175	1320	679	5285	2205	555.0	2400	3200	2000	1
999	3178	1321	679	5289	2205	556.0	2400	3200	2000	1
999	3176	1320	679	5286	2205	555.0	2400	3200	2000	1
999	3177	1320	679	5288	2205	555.0	2400	3200	2000	1
999	3176	1320	679	5287	2205	555.0	2400	3200	2000	1
999	3178	1320	679	5288	2205	554.0	2400	3200	2000	1
999	3175	1320	679	5285	2205	555.0	2400	3200	2000	1
999	3178	1320	679	5288	2205	554.0	2400	3200	2000	1
999	3175	1320	679	5286	2205	555.0	2400	3200	2000	1
999	3177	1320	679	5286	2205	555.0	2400	3200	2000	1
999	3177	1321	680	5288	2206	555.0	2400	3200	2000	1
999	3176	1319	678	5284	2204	554.0	2400	3200	2000	1
999	3178	1321	680	5290	2206	555.0	2400	3200	2000	1
999	3174	1319	678	5282	2204	555.0	2400	3200	2000	1
999	3179	1321	680	5291	2205	555.0	2400	3200	2000	1
999	3173	1318	678	5280	2205	553.0	2400	3200	2000	1
999	3180	1322	680	5293	2205	556.0	2400	3200	2000	1
999	3173	1318	678	5280	2205	553.0	2400	3200	2000	1
999	3180	1322	680	5293	2205	556.0	2400	3200	2000	1
999	3173	1318	678	5280	2205	553.0	2400	3200	2000	1
999	3178	1322	680	5291	2206	557.0	2400	3200	2000	1
999	3175	1319	678	5283	2204	554.0	2400	3200	2000	1
999	3176	1319	678	5289	2204	554.0	2400	3200	2000	1
999	3175	1320	680	5287	2207	554.0	2400	3200	2000	1
999	3177	1319	678	5286	2204	554.0	2400	3200	2000	1
999	3175	1320	680	5287	2207	554.0	2400	3200	2000	0
999	2443	1065	570	4168	2279	470.0	2400	3200	2000	0
999	360	343	263	995	4174	232.0	2400	3200	2000	0
999	357	340	261	988	4176	229.0	2400	3200	2000	0
999	360	343	263	995	4174	232.0	2400	3200	2000	0
