Stim	HueR	HueG	HueB	HueC	HueCT	HueLux	Yellow	Red	Green	Trig
1	332	446	389	1205	5855	311.0	2400	0	0	1
1	486	502	411	1442	4613	333.0	2400	0	0	1
1	1828	1005	617	3541	2676	541.0	2400	0	0	1
1	1824	1001	614	3530	2673	538.0	2400	0	0	1
1	1826	1004	616	3538	2676	540.0	2400	0	0	1
1	1825	1001	614	3532	2672	538.0	2400	0	0	1
1	1825	1004	616	3537	2677	541.0	2400	0	0	1
1	1826	1002	614	3533	2672	539.0	2400	0	0	1
1	1824	1003	616	3535	2677	540.0	2400	0	0	1
1	1826	1002	614	3534	2672	539.0	2400	0	0	1
1	1818	1001	615	3525	2679	539.0	2400	0	0	1
1	1825	1001	614	3532	2672	538.0	2400	0	0	1
1	1769	981	606	3445	2696	530.0	2400	0	0	1
1	1778	986	609	3463	2696	533.0	2400	0	0	1
1	1769	981	606	3445	2696	530.0	2400	0	0	1
1	1772	984	608	3454	2698	532.0	2400	0	0	1
1	1770	981	606	3446	2695	530.0	2400	0	0	1
1	1772	984	608	3454	2698	532.0	2400	0	0	1
1	1770	981	606	3446	2695	530.0	2400	0	0	1
1	1772	984	608	3454	2698	532.0	2400	0	0	1
1	1770	981	606	3447	2695	530.0	2400	0	0	1
1	1772	984	608	3453	2698	532.0	2400	0	0	1
1	1770	981	606	3446	2695	530.0	2400	0	0	1
1	1825	1003	616	3536	2677	539.0	2400	0	0	1
1	1827	1003	615	3536	2673	539.0	2400	0	0	1
1	1824	1003	616	3535	2677	540.0	2400	0	0	1
1	1826	1002	615	3535	2674	538.0	2400	0	0	1
1	1825	1003	616	3536	2677	539.0	2400	0	0	1
1	1825	1002	615	3533	2674	538.0	2400	0	0	1
1	1826	1003	616	3537	2676	539.0	2400	0	0	1
1	1827	1003	616	3537	2675	539.0	2400	0	0	1
1	1822	1001	614	3528	2674	539.0	2400	0	0	1
1	1827	1003	615	3538	2673	539.0	2400	0	0	1
1	1790	989	609	3478	2687	534.0	2400	0	0	1
1	1770	982	607	3448	2697	531.0	2400	0	0	1
1	1770	981	606	3447	2695	530.0	2400	0	0	1
1	1770	981	606	3447	2695	530.0	2400	0	0	1
1	1776	984	607	3457	2693	532.0	2400	0	0	1
1	1770	981	606	3447	2695	530.0	2400	0	0	1
1	1770	982	607	3448	2697	531.0	2400	0	0	1
1	1770	981	606	3447	2695	530.0	2400	0	0	1
1	1771	982	607	3449	2696	530.0	2400	0	0	1
1	1770	981	606	3446	2695	530.0	2400	0	0	1
1	1770	981	607	3448	2697	529.0	2400	0	0	1
1	1769	980	605	3444	2694	529.0	2400	0	0	1
1	1825	1002	615	3533	2674	538.0	2400	0	0	0
1	1825	1001	614	3531	2672	538.0	2400	0	0	0
1	3258	1536	833	5770	2365	756.0	2400	0	0	0
1	3256	1535	833	5767	2365	756.0	2400	0	0	0
1	3258	1534	832	5766	2363	754.0	2400	0	0	0
2	3256	1535	833	5767	2365	756.0	2400	0	222	1
2	2323	1186	690	4308	2522	612.0	2400	0	222	1
2	1782	1075	642	3592	2763	648.0	2400	0	222	1
2	1787	1076	641	3597	2757	649.0	2400	0	222	1
2	1783	1076	642	3593	2762	649.0	2400	0	222	1
2	1781	1073	640	3586	2760	646.0	2400	0	222	1
2	1841	1101	653	3689	2742	662.0	2400	0	222	1
2	1827	1094	648	3663	2742	659.0	2400	0	222	1
2	1840	1101	653	3688	2743	662.0	2400	0	222	1
2	1834	1097	650	3675	2741	660.0	2400	0	222	1
2	1839	1101	653	3687	2743	662.0	2400	0	222	1
2	1830	1095	649	3667	2742	659.0	2400	0	222	1
2	1838	1100	653	3685	2744	661.0	2400	0	222	1
2	1838	1099	651	3682	2740	661.0	2400	0	222	1
2	1838	1101	653	3687	2744	663.0	2400	0	222	1
2	1840	1099	651	3684	2738	660.0	2400	0	222	1
2	1837	1100	653	3684	2745	661.0	2400	0	222	1
2	1785	1078	644	3599	2765	650.0	2400	0	222	1
2	1782	1075	642	3592	2763	648.0	2400	0	222	1
2	1784	1078	644	3599	2766	650.0	2400	0	222	1
2	1782	1075	641	3591	2761	649.0	2400	0	222	1
2	1784	1078	644	3599	2766	650.0	2400	0	222	1
2	1782	1075	642	3592	2763	648.0	2400	0	222	1
2	1791	1082	646	3611	2765	653.0	2400	0	222	1
2	1783	1076	642	3593	2762	649.0	2400	0	222	1
2	1784	1078	644	3600	2766	650.0	2400	0	222	1
2	1782	1076	642	3592	2763	649.0	2400	0	222	1
2	1791	1081	645	3609	2763	652.0	2400	0	222	1
2	1840	1101	652	3687	2741	663.0	2400	0	222	1
2	1838	1102	654	3687	2746	663.0	2400	0	222	1
2	1841	1101	652	3688	2740	662.0	2400	0	222	1
2	1831	1098	652	3675	2747	661.0	2400	0	222	1
2	1840	1100	652	3686	2741	661.0	2400	0	222	1
2	1838	1101	653	3686	2744	663.0	2400	0	222	1
2	1839	1100	652	3686	2741	661.0	2400	0	222	1
2	1838	1100	652	3684	2742	662.0	2400	0	222	1
2	1840	1102	653	3689	2743	664.0	2400	0	222	1
2	1837	1100	652	3682	2743	662.0	2400	0	222	1
2	1841	1101	653	3689	2742	662.0	2400	0	222	1
2	1783	1076	643	3594	2764	648.0	2400	0	222	1
2	1783	1077	643	3595	2764	650.0	2400	0	222	1
2	1783	1076	643	3595	2764	648.0	2400	0	222	1
2	1783	1076	642	3594	2762	649.0	2400	0	222	1
2	1783	1076	643	3595	2764	648.0	2400	0	222	1
2	1783	1076	642	3593	2762	649.0	2400	0	222	1
2	1783	1077	643	3595	2764	650.0	2400	0	222	0
2	1783	1076	642	3592	2762	649.0	2400	0	222	0
2	332	446	389	1205	5855	311.0	2400	0	222	0
2	331	445	388	1201	5857	310.0	2400	0	222	0
2	333	447	390	1207	5853	311.0	2400	0	222	0
3	331	445	388	1202	5857	310.0	2400	355	0	1
3	333	447	390	1208	5853	311.0	2400	355	0	1
3	1941	987	625	3622	2617	470.0	2400	355	0	1
3	1940	986	624	3619	2616	469.0	2400	355	0	1
3	1949	991	627	3637	2616	472.0	2400	355	0	1
3	1940	986	624	3619	2616	469.0	2400	355	0	1
3	1942	988	626	3626	2619	470.0	2400	355	0	1
3	1940	986	624	3619	2616	469.0	2400	355	0	1
3	1942	989	626	3626	2619	472.0	2400	355	0	1
3	1939	985	624	3617	2617	468.0	2400	355	0	1
3	1942	989	626	3626	2619	472.0	2400	355	0	1
3	2003	1007	633	3713	2595	475.0	2400	355	0	1
3	2002	1009	635	3717	2599	477.0	2400	355	0	1
3	2001	1006	633	3711	2596	474.0	2400	355	0	1
3	2004	1009	636	3719	2600	476.0	2400	355	0	1
3	2000	1006	633	3708	2596	475.0	2400	355	0	1
3	2005	1010	636	3721	2599	477.0	2400	355	0	1
3	1999	1006	633	3707	2597	475.0	2400	355	0	1
3	2006	1011	636	3724	2598	478.0	2400	355	0	1
3	2000	1006	633	3709	2596	475.0	2400	355	0	1
3	2005	1010	636	3722	2599	477.0	2400	355	0	1
3	1994	1010	636	3700	2606	481.0	2400	355	0	1
3	1940	986	624	3620	2616	469.0	2400	355	0	1
3	1942	989	627	3627	2621	471.0	2400	355	0	1
3	1947	989	625	3631	2614	471.0	2400	355	0	1
3	1942	988	626	3625	2619	470.0	2400	355	0	1
3	1940	986	624	3619	2616	469.0	2400	355	0	1
3	1942	988	626	3625	2619	470.0	2400	355	0	1
3	1940	986	624	3620	2616	469.0	2400	355	0	1
3	1941	988	626	3625	2619	471.0	2400	355	0	1
3	1940	986	625	3621	2618	468.0	2400	355	0	1
3	1941	988	626	3625	2619	471.0	2400	355	0	1
3	1941	987	625	3622	2617	470.0	2400	355	0	1
3	1978	1001	632	3680	2608	475.0	2400	355	0	1
3	2002	1008	634	3715	2597	476.0	2400	355	0	1
3	2003	1009	635	3718	2598	477.0	2400	355	0	1
3	2001	1008	634	3715	2598	477.0	2400	355	0	1
3	2004	1009	635	3718	2598	477.0	2400	355	0	1
3	2001	1008	634	3713	2598	477.0	2400	355	0	1
3	2004	1008	635	3718	2598	475.0	2400	355	0	1
3	1997	1005	633	3706	2598	474.0	2400	355	0	1
3	2000	1007	634	3711	2598	476.0	2400	355	0	1
3	2004	1007	634	3716	2596	474.0	2400	355	0	1
3	2000	1007	634	3711	2598	476.0	2400	355	0	1
3	1940	985	624	3618	2616	468.0	2400	355	0	1
3	1941	987	625	3623	2617	470.0	2400	355	0	0
3	2303	1107	677	4164	2511	504.0	2400	355	0	0
3	3605	1545	870	6120	2310	631.0	2400	355	0	0
3	3604	1543	868	6116	2308	630.0	2400	355	0	0
3	3606	1545	870	6122	2310	631.0	2400	355	0	0
4	3603	1543	868	6114	2308	630.0	2400	0	444	1
4	3607	1546	871	6125	2311	631.0	2400	0	444	1
4	1900	1210	704	3905	2802	777.0	2400	0	444	1
4	1865	1296	735	3995	2892	902.0	2400	0	444	1
4	1859	1291	732	3982	2891	898.0	2400	0	444	1
4	1865	1294	734	3993	2890	899.0	2400	0	444	1
4	1805	1260	719	3882	2908	876.0	2400	0	444	1
4	1807	1263	722	3890	2913	878.0	2400	0	444	1
4	1807	1263	721	3889	2911	879.0	2400	0	444	1
4	1804	1260	719	3880	2909	876.0	2400	0	444	1
4	1807	1263	721	3889	2911	879.0	2400	0	444	1
4	1804	1260	719	3880	2909	876.0	2400	0	444	1
4	1806	1263	721	3888	2912	879.0	2400	0	444	1
4	1804	1260	719	3880	2909	876.0	2400	0	444	1
4	1813	1266	723	3900	2910	880.0	2400	0	444	1
4	1804	1259	719	3880	2909	875.0	2400	0	444	1
4	1851	1287	731	3969	2895	895.0	2400	0	444	1
4	1860	1291	732	3983	2890	898.0	2400	0	444	1
4	1857	1289	732	3978	2892	895.0	2400	0	444	1
4	1861	1291	732	3983	2889	897.0	2400	0	444	1
4	1862	1293	733	3988	2890	899.0	2400	0	444	1
4	1861	1292	732	3985	2889	899.0	2400	0	444	1
4	1855	1290	732	3976	2894	898.0	2400	0	444	1
4	1862	1292	732	3985	2888	898.0	2400	0	444	1
4	1860	1292	733	3986	2892	898.0	2400	0	444	1
4	1863	1291	732	3986	2888	897.0	2400	0	444	1
4	1863	1291	732	3986	2888	897.0	2400	0	444	1
4	1806	1261	720	3884	2909	877.0	2400	0	444	1
4	1805	1260	719	3882	2908	876.0	2400	0	444	1
4	1805	1261	720	3884	2910	877.0	2400	0	444	1
4	1805	1260	720	3883	2910	875.0	2400	0	444	1
4	1805	1261	720	3883	2910	877.0	2400	0	444	1
4	1805	1261	720	3884	2910	877.0	2400	0	444	1
4	1805	1261	720	3883	2910	877.0	2400	0	444	1
4	1812	1265	722	3896	2909	879.0	2400	0	444	1
4	1805	1260	719	3882	2908	876.0	2400	0	444	1
4	1805	1261	720	3884	2910	877.0	2400	0	444	1
4	1805	1260	719	3881	2908	876.0	2400	0	444	1
4	1816	1267	723	3905	2907	881.0	2400	0	444	1
4	1861	1291	732	3984	2889	897.0	2400	0	444	1
4	1862	1292	733	3987	2890	898.0	2400	0	444	1
4	1861	1291	732	3984	2889	897.0	2400	0	444	1
4	1855	1288	731	3973	2892	895.0	2400	0	444	1
4	1861	1291	731	3984	2887	898.0	2400	0	444	1
4	1861	1292	731	3986	2887	900.0	2400	0	444	1
4	1860	1293	733	3986	2892	900.0	2400	0	444	0
4	717	657	474	1900	3909	457.0	2400	0	444	0
4	333	446	389	1206	5841	311.0	2400	0	444	0
4	330	444	387	1198	5859	310.0	2400	0	444	0
4	333	447	390	1207	5853	311.0	2400	0	444	0
5	331	444	387	1199	5845	310.0	2400	355	222	1
5	668	579	446	1738	3934	370.0	2400	355	222	1
5	2016	1108	671	3868	2659	603.0	2400	355	222	1
5	2016	1110	673	3873	2662	604.0	2400	355	222	1
5	2014	1107	671	3866	2660	602.0	2400	355	222	1
5	2016	1110	673	3873	2662	604.0	2400	355	222	1
5	2014	1107	671	3865	2660	602.0	2400	355	222	1
5	2016	1110	673	3874	2662	604.0	2400	355	222	1
5	2006	1104	669	3852	2661	601.0	2400	355	222	1
5	2017	1110	673	3874	2662	604.0	2400	355	222	1
5	2012	1106	670	3862	2659	602.0	2400	355	222	1
5	1954	1086	663	3774	2683	594.0	2400	355	222	1
5	1959	1086	662	3779	2678	593.0	2400	355	222	1
5	1952	1083	660	3768	2679	592.0	2400	355	222	1
5	1954	1085	663	3774	2683	592.0	2400	355	222	1
5	1959	1086	662	3780	2678	593.0	2400	355	222	1
5	1954	1085	663	3774	2683	592.0	2400	355	222	1
5	1953	1084	661	3769	2680	593.0	2400	355	222	1
5	1954	1085	662	3774	2681	593.0	2400	355	222	1
5	1953	1084	661	3769	2680	593.0	2400	355	222	1
5	1954	1085	662	3773	2681	593.0	2400	355	222	1
5	1967	1090	663	3792	2675	596.0	2400	355	222	1
5	2014	1109	672	3868	2662	604.0	2400	355	222	1
5	2016	1109	672	3871	2661	604.0	2400	355	222	1
5	2013	1108	672	3867	2662	603.0	2400	355	222	1
5	2017	1109	672	3872	2660	603.0	2400	355	222	1
5	2012	1108	671	3865	2661	604.0	2400	355	222	1
5	2017	1109	672	3871	2660	603.0	2400	355	222	1
5	2013	1107	671	3864	2661	602.0	2400	355	222	1
5	2016	1109	672	3870	2661	604.0	2400	355	222	1
5	2014	1108	671	3866	2660	603.0	2400	355	222	1
5	2007	1105	670	3855	2662	602.0	2400	355	222	1
5	1953	1085	662	3772	2682	593.0	2400	355	222	1
5	1953	1084	661	3769	2680	593.0	2400	355	222	1
5	1954	1085	662	3773	2681	593.0	2400	355	222	1
5	1960	1086	662	3780	2677	593.0	2400	355	222	1
5	1954	1085	662	3773	2681	593.0	2400	355	222	1
5	1952	1083	661	3768	2681	591.0	2400	355	222	1
5	1954	1085	663	3774	2683	592.0	2400	355	222	1
5	1952	1083	661	3768	2681	591.0	2400	355	222	1
5	1954	1086	663	3774	2683	594.0	2400	355	222	1
5	1952	1083	661	3767	2681	591.0	2400	355	222	1
5	1954	1085	662	3774	2681	593.0	2400	355	222	1
5	1952	1083	660	3767	2679	592.0	2400	355	222	1
5	2018	1110	673	3874	2661	604.0	2400	355	222	1
5	2011	1106	670	3861	2660	602.0	2400	355	222	0
5	2019	1111	673	3876	2661	605.0	2400	355	222	0
5	3629	1743	943	6421	2381	882.0	2400	355	222	0
5	3634	1746	946	6433	2382	883.0	2400	355	222	0
5	3632	1746	946	6418	2383	884.0	2400	355	222	0
6	3628	1742	943	6420	2381	881.0	2400	711	0	1
6	2414	1266	740	4501	2558	672.0	2400	711	0	1
6	2236	995	655	3919	2507	365.0	2400	711	0	1
6	2238	998	657	3928	2509	367.0	2400	711	0	1
6	2261	1002	658	3956	2499	365.0	2400	711	0	1
6	2308	1018	667	4028	2492	369.0	2400	711	0	1
6	2312	1017	665	4028	2486	367.0	2400	711	0	1
6	2309	1018	667	4029	2491	368.0	2400	711	0	1
6	2309	1016	665	4025	2488	367.0	2400	711	0	1
6	2303	1016	667	4019	2494	367.0	2400	711	0	1
6	2308	1016	665	4024	2488	367.0	2400	711	0	1
6	2312	1019	668	4032	2491	368.0	2400	711	0	1
6	2307	1015	665	4021	2489	366.0	2400	711	0	1
6	2313	1019	668	4033	2491	368.0	2400	711	0	1
6	2306	1015	665	4021	2489	366.0	2400	711	0	1
6	2313	1019	668	4034	2491	368.0	2400	711	0	1
6	2236	995	655	3921	2507	365.0	2400	711	0	1
6	2238	997	657	3927	2509	366.0	2400	711	0	1
6	2238	997	657	3927	2509	366.0	2400	711	0	1
6	2237	996	656	3922	2508	365.0	2400	711	0	1
6	2238	997	657	3926	2509	366.0	2400	711	0	1
6	2237	996	656	3923	2508	365.0	2400	711	0	1
6	2238	997	657	3926	2509	366.0	2400	711	0	1
6	2237	996	656	3922	2508	365.0	2400	711	0	1
6	2238	997	657	3925	2509	366.0	2400	711	0	1
6	2245	998	657	3935	2505	365.0	2400	711	0	1
6	2238	997	656	3925	2507	366.0	2400	711	0	1
6	2312	1018	667	4031	2490	367.0	2400	711	0	1
6	2310	1017	666	4027	2489	367.0	2400	711	0	1
6	2301	1015	665	4016	2492	368.0	2400	711	0	1
6	2310	1017	666	4027	2489	367.0	2400	711	0	1
6	2308	1017	666	4026	2490	368.0	2400	711	0	1
6	2311	1017	666	4028	2488	367.0	2400	711	0	1
6	2299	1014	665	4013	2493	367.0	2400	711	0	1
6	2312	1017	666	4030	2488	367.0	2400	711	0	1
6	2307	1017	666	4024	2490	368.0	2400	711	0	1
6	2308	1017	667	4026	2492	367.0	2400	711	0	1
6	2288	1010	663	3995	2495	366.0	2400	711	0	1
6	2238	997	657	3926	2509	366.0	2400	711	0	1
6	2237	995	655	3922	2506	364.0	2400	711	0	1
6	2238	997	657	3927	2509	366.0	2400	711	0	1
6	2237	995	655	3921	2506	364.0	2400	711	0	1
6	2238	997	657	3927	2509	366.0	2400	711	0	1
6	2236	995	655	3921	2507	365.0	2400	711	0	1
6	2238	997	657	3927	2509	366.0	2400	711	0	1
6	2245	997	656	3933	2504	364.0	2400	711	0	0
6	2238	998	657	3928	2509	367.0	2400	711	0	0
6	331	444	387	1199	5845	310.0	2400	711	0	0
6	332	446	389	1206	5855	311.0	2400	711	0	0
6	330	444	387	1198	5859	310.0	2400	711	0	0
7	332	446	389	1206	5855	311.0	2400	0	666	1
7	330	444	387	1198	5859	310.0	2400	0	666	1
7	1832	1461	806	4202	3067	1121.0	2400	0	666	1
7	1835	1463	806	4206	3064	1123.0	2400	0	666	1
7	1828	1458	804	4194	3066	1119.0	2400	0	666	1
7	1830	1461	807	4202	3071	1121.0	2400	0	666	1
7	1828	1458	804	4193	3066	1119.0	2400	0	666	1
7	1830	1461	807	4202	3071	1121.0	2400	0	666	1
7	1828	1458	804	4194	3066	1119.0	2400	0	666	1
7	1831	1462	807	4203	3070	1122.0	2400	0	666	1
7	1878	1495	819	4298	3052	1150.0	2400	0	666	1
7	1889	1500	822	4318	3048	1152.0	2400	0	666	1
7	1883	1497	820	4306	3050	1151.0	2400	0	666	1
7	1890	1500	823	4319	3050	1151.0	2400	0	666	1
7	1884	1498	820	4308	3049	1152.0	2400	0	666	1
7	1888	1499	822	4316	3049	1151.0	2400	0	666	1
7	1886	1499	821	4311	3049	1152.0	2400	0	666	1
7	1886	1500	823	4315	3053	1152.0	2400	0	666	1
7	1887	1497	820	4311	3046	1150.0	2400	0	666	1
7	1879	1496	821	4301	3055	1150.0	2400	0	666	1
7	1887	1497	820	4310	3046	1150.0	2400	0	666	1
7	1866	1485	816	4272	3057	1140.0	2400	0	666	1
7	1837	1466	808	4195	3066	1126.0	2400	0	666	1
7	1829	1459	805	4196	3067	1119.0	2400	0	666	1
7	1830	1461	806	4201	3069	1121.0	2400	0	666	1
7	1828	1459	804	4194	3066	1120.0	2400	0	666	1
7	1836	1465	808	4213	3067	1124.0	2400	0	666	1
7	1828	1458	804	4194	3066	1119.0	2400	0	666	1
7	1830	1460	806	4199	3069	1120.0	2400	0	666	1
7	1828	1458	804	4194	3066	1119.0	2400	0	666	1
7	1829	1460	806	4198	3069	1120.0	2400	0	666	1
7	1828	1459	804	4195	3066	1120.0	2400	0	666	1
7	1885	1499	822	4311	3052	1152.0	2400	0	666	1
7	1888	1497	820	4311	3045	1149.0	2400	0	666	1
7	1886	1499	822	4312	3051	1152.0	2400	0	666	1
7	1886	1497	820	4309	3047	1150.0	2400	0	666	1
7	1887	1500	822	4315	3050	1153.0	2400	0	666	1
7	1885	1497	821	4308	3050	1149.0	2400	0	666	1
7	1888	1498	821	4314	3047	1150.0	2400	0	666	1
7	1883	1496	820	4306	3050	1149.0	2400	0	666	1
7	1888	1498	821	4313	3047	1150.0	2400	0	666	1
7	1886	1498	821	4310	3049	1151.0	2400	0	666	1
7	1881	1495	820	4302	3051	1148.0	2400	0	666	1
7	1829	1460	805	4198	3067	1121.0	2400	0	666	1
7	1830	1460	806	4199	3069	1120.0	2400	0	666	1
7	1829	1460	805	4197	3067	1121.0	2400	0	666	0
7	2323	1795	943	5186	2937	1388.0	2400	0	666	0
7	3376	2509	1237	7293	2787	1958.0	2400	0	666	0
7	3379	2509	1237	7296	2785	1957.0	2400	0	666	0
7	3377	2509	1237	7293	2786	1958.0	2400	0	666	0
8	3378	2509	1237	7294	2786	1958.0	2400	355	444	1
8	3377	2509	1237	7294	2786	1958.0	2400	355	444	1
8	2008	1338	766	4197	2844	899.0	2400	355	444	1
8	2039	1301	753	4172	2798	840.0	2400	355	444	1
8	2020	1293	750	4142	2805	836.0	2400	355	444	1
8	1975	1269	739	4060	2816	820.0	2400	355	444	1
8	1977	1271	741	4066	2819	821.0	2400	355	444	1
8	1975	1268	738	4058	2814	820.0	2400	355	444	1
8	1976	1271	740	4064	2817	822.0	2400	355	444	1
8	1976	1271	740	4064	2817	822.0	2400	355	444	1
8	1974	1268	738	4057	2815	820.0	2400	355	444	1
8	1976	1270	740	4064	2817	821.0	2400	355	444	1
8	1982	1271	740	4070	2813	821.0	2400	355	444	1
8	1976	1271	741	4065	2819	822.0	2400	355	444	1
8	1974	1268	738	4057	2815	820.0	2400	355	444	1
8	2043	1303	754	4178	2797	841.0	2400	355	444	1
8	2035	1298	751	4162	2797	838.0	2400	355	444	1
8	2041	1302	754	4176	2798	840.0	2400	355	444	1
8	2035	1299	751	4164	2797	839.0	2400	355	444	1
8	2040	1302	754	4175	2799	840.0	2400	355	444	1
8	2029	1296	750	4153	2799	837.0	2400	355	444	1
8	2039	1302	754	4173	2799	841.0	2400	355	444	1
8	2038	1300	752	4168	2796	839.0	2400	355	444	1
8	2038	1301	754	4171	2800	839.0	2400	355	444	1
8	2039	1300	752	4168	2796	839.0	2400	355	444	1
8	2036	1302	754	4171	2801	842.0	2400	355	444	1
8	2040	1299	751	4169	2793	838.0	2400	355	444	1
8	1975	1268	738	4057	2814	820.0	2400	355	444	1
8	1977	1271	741	4065	2819	821.0	2400	355	444	1
8	1974	1268	738	4057	2815	820.0	2400	355	444	1
8	1976	1270	740	4064	2817	821.0	2400	355	444	1
8	1974	1267	738	4056	2815	818.0	2400	355	444	1
8	1976	1270	740	4064	2817	821.0	2400	355	444	1
8	1974	1268	738	4057	2815	820.0	2400	355	444	1
8	1976	1270	740	4064	2817	821.0	2400	355	444	1
8	1975	1268	738	4058	2814	820.0	2400	355	444	1
8	1984	1274	742	4078	2815	823.0	2400	355	444	1
8	1997	1280	743	4098	2808	828.0	2400	355	444	1
8	2041	1302	754	4176	2798	840.0	2400	355	444	1
8	2036	1300	752	4166	2798	840.0	2400	355	444	1
8	2033	1298	752	4161	2800	838.0	2400	355	444	1
8	2037	1300	752	4168	2797	840.0	2400	355	444	1
8	2039	1301	753	4171	2798	840.0	2400	355	444	1
8	2038	1300	752	4169	2796	839.0	2400	355	444	1
8	2030	1298	752	4158	2802	839.0	2400	355	444	1
8	2036	1301	753	4170	2800	841.0	2400	355	444	0
8	602	579	445	1668	4207	392.0	2400	355	444	0
8	332	445	389	1203	5855	309.0	2400	355	444	0
8	331	444	388	1200	5857	309.0	2400	355	444	0
8	332	445	389	1203	5855	309.0	2400	355	444	0
9	331	444	388	1200	5857	309.0	2400	711	222	1
9	916	643	481	2078	3391	365.0	2400	711	222	1
9	2322	1118	704	4182	2546	495.0	2400	711	222	1
9	2325	1119	705	4186	2546	495.0	2400	711	222	1
9	2321	1117	704	4179	2546	494.0	2400	711	222	1
9	2326	1119	705	4187	2545	495.0	2400	711	222	1
9	2312	1115	702	4166	2547	495.0	2400	711	222	1
9	2326	1119	705	4187	2545	495.0	2400	711	222	1
9	2320	1118	704	4180	2547	496.0	2400	711	222	1
9	2326	1119	705	4187	2545	495.0	2400	711	222	1
9	2251	1094	693	4075	2563	488.0	2400	711	222	1
9	2250	1094	693	4073	2564	489.0	2400	711	222	1
9	2250	1094	693	4075	2564	489.0	2400	711	222	1
9	2250	1094	693	4073	2564	489.0	2400	711	222	1
9	2250	1094	692	4072	2562	489.0	2400	711	222	1
9	2250	1094	693	4075	2564	489.0	2400	711	222	1
9	2250	1093	692	4072	2562	488.0	2400	711	222	1
9	2250	1095	693	4075	2564	490.0	2400	711	222	1
9	2249	1093	692	4072	2563	488.0	2400	711	222	1
9	2251	1095	693	4076	2563	490.0	2400	711	222	1
9	2283	1105	698	4123	2555	492.0	2400	711	222	1
9	2314	1117	704	4172	2550	496.0	2400	711	222	1
9	2324	1118	704	4183	2545	494.0	2400	711	222	1
9	2321	1119	705	4182	2548	496.0	2400	711	222	1
9	2326	1118	704	4185	2544	494.0	2400	711	222	1
9	2321	1119	705	4182	2548	496.0	2400	711	222	1
9	2324	1118	704	4183	2545	494.0	2400	711	222	1
9	2323	1120	705	4185	2547	497.0	2400	711	222	1
9	2322	1117	703	4179	2544	494.0	2400	711	222	1
9	2325	1120	705	4187	2546	496.0	2400	711	222	1
9	2312	1114	702	4164	2547	493.0	2400	711	222	1
9	2326	1120	706	4189	2547	495.0	2400	711	222	1
9	2251	1095	694	4077	2565	489.0	2400	711	222	1
9	2257	1095	693	4082	2560	488.0	2400	711	222	1
9	2251	1095	694	4077	2565	489.0	2400	711	222	1
9	2249	1092	691	4069	2561	487.0	2400	711	222	1
9	2251	1095	694	4078	2565	489.0	2400	711	222	1
9	2257	1095	693	4083	2560	488.0	2400	711	222	1
9	2251	1096	694	4078	2565	491.0	2400	711	222	1
9	2249	1092	692	4070	2563	486.0	2400	711	222	1
9	2251	1095	694	4078	2565	489.0	2400	711	222	1
9	2249	1092	691	4070	2561	487.0	2400	711	222	1
9	2251	1096	694	4078	2565	491.0	2400	711	222	1
9	2325	1118	703	4183	2543	495.0	2400	711	222	1
9	2324	1120	706	4186	2548	496.0	2400	711	222	1
9	2322	1117	703	4179	2544	494.0	2400	711	222	0
9	2325	1120	706	4188	2547	496.0	2400	711	222	0
9	4235	1763	1007	7041	2296	670.0	2400	711	222	0
9	4239	1767	1010	7052	2298	673.0	2400	711	222	0
9	4232	1762	1007	7037	2297	670.0	2400	711	222	0
10	4232	1762	1007	7035	2297	670.0	2400	1066	0	1
10	2616	1217	752	4621	2486	521.0	2400	1066	0	1
10	2528	1003	685	4216	2423	261.0	2400	1066	0	1
10	2575	1018	694	4286	2417	262.0	2400	1066	0	1
10	2613	1025	697	4333	2406	259.0	2400	1066	0	1
10	2612	1028	699	4338	2410	262.0	2400	1066	0	1
10	2614	1026	697	4335	2405	260.0	2400	1066	0	1
10	2601	1024	697	4321	2411	261.0	2400	1066	0	1
10	2616	1025	697	4336	2405	258.0	2400	1066	0	1
10	2610	1026	698	4333	2409	261.0	2400	1066	0	1
10	2616	1026	697	4336	2405	259.0	2400	1066	0	1
10	2612	1027	699	4335	2409	261.0	2400	1066	0	1
10	2615	1026	697	4335	2405	260.0	2400	1066	0	1
10	2613	1027	699	4337	2409	261.0	2400	1066	0	1
10	2612	1025	697	4333	2407	259.0	2400	1066	0	1
10	2540	1009	689	4237	2424	263.0	2400	1066	0	1
10	2528	1004	685	4217	2423	262.0	2400	1066	0	1
10	2530	1006	687	4222	2425	263.0	2400	1066	0	1
10	2530	1006	687	4217	2422	263.0	2400	1066	0	1
10	2529	1004	686	4218	2424	261.0	2400	1066	0	1
10	2530	1005	687	4222	2425	262.0	2400	1066	0	1
10	2529	1004	686	4217	2423	261.0	2400	1066	0	1
10	2530	1005	687	4221	2425	262.0	2400	1066	0	1
10	2538	1007	687	4232	2422	262.0	2400	1066	0	1
10	2530	1006	687	4222	2425	263.0	2400	1066	0	1
10	2529	1004	686	4219	2424	261.0	2400	1066	0	1
10	2612	1027	698	4336	2409	262.0	2400	1066	0	1
10	2615	1026	698	4336	2406	259.0	2400	1066	0	1
10	2611	1026	698	4334	2409	260.0	2400	1066	0	1
10	2616	1026	698	4338	2406	259.0	2400	1066	0	1
10	2610	1026	698	4334	2409	261.0	2400	1066	0	1
10	2607	1024	697	4326	2408	259.0	2400	1066	0	1
10	2609	1026	698	4331	2409	261.0	2400	1066	0	1
10	2617	1027	698	4341	2407	260.0	2400	1066	0	1
10	2611	1026	698	4332	2408	260.0	2400	1066	0	1
10	2615	1027	698	4338	2406	261.0	2400	1066	0	1
10	2613	1026	698	4335	2407	260.0	2400	1066	0	1
10	2529	1005	686	4220	2424	263.0	2400	1066	0	1
10	2530	1005	687	4222	2425	262.0	2400	1066	0	1
10	2529	1005	686	4220	2424	263.0	2400	1066	0	1
10	2530	1005	687	4222	2425	262.0	2400	1066	0	1
10	2529	1005	687	4221	2425	262.0	2400	1066	0	1
10	2530	1006	687	4222	2425	263.0	2400	1066	0	1
10	2529	1005	686	4220	2424	263.0	2400	1066	0	1
10	2530	1006	687	4222	2425	263.0	2400	1066	0	1
10	2529	1005	686	4220	2424	263.0	2400	1066	0	0
10	2530	1006	687	4222	2425	263.0	2400	1066	0	0
10	331	444	387	1199	5845	310.0	2400	1066	0	0
10	332	445	388	1203	5843	310.0	2400	1066	0	0
10	331	444	388	1199	5857	309.0	2400	1066	0	0
11	332	445	389	1203	5855	309.0	2400	0	888	1
11	331	444	387	1199	5845	310.0	2400	0	888	1
11	1856	1659	891	4514	3220	1363.0	2400	0	888	1
11	1853	1657	889	4507	3218	1363.0	2400	0	888	1
11	1854	1659	891	4512	3222	1364.0	2400	0	888	1
11	1854	1659	891	4512	3222	1364.0	2400	0	888	1
11	1852	1657	889	4507	3219	1363.0	2400	0	888	1
11	1854	1659	891	4512	3222	1364.0	2400	0	888	1
11	1852	1656	889	4506	3219	1361.0	2400	0	888	1
11	1910	1706	910	4637	3206	1406.0	2400	0	888	1
11	1912	1702	908	4632	3200	1401.0	2400	0	888	1
11	1911	1706	911	4639	3207	1405.0	2400	0	888	1
11	1910	1701	907	4629	3200	1400.0	2400	0	888	1
11	1912	1706	910	4640	3204	1405.0	2400	0	888	1
11	1909	1702	908	4630	3203	1402.0	2400	0	888	1
11	1913	1705	910	4640	3203	1404.0	2400	0	888	1
11	1909	1703	908	4630	3203	1403.0	2400	0	888	1
11	1907	1699	907	4624	3203	1398.0	2400	0	888	1
11	1908	1703	908	4629	3204	1403.0	2400	0	888	1
11	1914	1704	910	4639	3202	1402.0	2400	0	888	1
11	1873	1672	895	4550	3211	1375.0	2400	0	888	1
11	1854	1659	891	4512	3222	1364.0	2400	0	888	1
11	1852	1656	889	4505	3219	1361.0	2400	0	888	1
11	1852	1656	889	4505	3219	1361.0	2400	0	888	1
11	1861	1664	893	4528	3219	1368.0	2400	0	888	1
11	1852	1656	888	4504	3217	1362.0	2400	0	888	1
11	1854	1659	891	4513	3222	1364.0	2400	0	888	1
11	1852	1656	888	4504	3217	1362.0	2400	0	888	1
11	1854	1659	891	4513	3222	1364.0	2400	0	888	1
11	1852	1656	888	4505	3217	1362.0	2400	0	888	1
11	1854	1659	891	4513	3222	1364.0	2400	0	888	1
11	1911	1701	907	4631	3199	1400.0	2400	0	888	1
11	1912	1707	911	4641	3206	1406.0	2400	0	888	1
11	1910	1701	907	4629	3200	1400.0	2400	0	888	1
11	1913	1706	911	4641	3205	1404.0	2400	0	888	1
11	1909	1702	908	4630	3203	1402.0	2400	0	888	1
11	1914	1705	910	4641	3202	1403.0	2400	0	888	1
11	1907	1703	908	4629	3205	1404.0	2400	0	888	1
11	1914	1705	910	4640	3202	1403.0	2400	0	888	1
11	1908	1703	908	4631	3204	1403.0	2400	0	888	1
11	1913	1704	910	4638	3203	1402.0	2400	0	888	1
11	1903	1704	910	4618	3212	1405.0	2400	0	888	1
11	1852	1656	889	4505	3219	1361.0	2400	0	888	1
11	1854	1659	891	4513	3222	1364.0	2400	0	888	1
11	1859	1662	892	4522	3219	1366.0	2400	0	888	1
11	1855	1660	892	4515	3223	1364.0	2400	0	888	0
11	2496	2170	1102	5907	3073	1808.0	2400	0	888	0
11	3426	2915	1411	7935	2960	2455.0	2400	0	888	0
11	3427	2910	1408	7927	2956	2449.0	2400	0	888	0
11	3427	2915	1411	7935	2959	2455.0	2400	0	888	0
12	3425	2910	1408	7926	2957	2450.0	2400	355	666	1
12	3428	2915	1411	7936	2959	2455.0	2400	355	666	1
12	2046	1524	847	4503	2968	1121.0	2400	355	666	1
12	2028	1486	832	4430	2954	1078.0	2400	355	666	1
12	1999	1468	824	4372	2961	1064.0	2400	355	666	1
12	2000	1470	826	4378	2964	1066.0	2400	355	666	1
12	1999	1468	824	4373	2961	1064.0	2400	355	666	1
12	2000	1470	826	4378	2964	1066.0	2400	355	666	1
12	1999	1468	824	4373	2961	1064.0	2400	355	666	1
12	2000	1470	826	4378	2964	1066.0	2400	355	666	1
12	2007	1474	827	4391	2960	1069.0	2400	355	666	1
12	1999	1468	824	4373	2961	1064.0	2400	355	666	1
12	2000	1469	825	4377	2962	1065.0	2400	355	666	1
12	1999	1468	824	4373	2961	1064.0	2400	355	666	1
12	2065	1509	842	4501	2944	1095.0	2400	355	666	1
12	2061	1507	841	4493	2945	1093.0	2400	355	666	1
12	2066	1508	842	4500	2943	1093.0	2400	355	666	1
12	2061	1507	841	4493	2945	1093.0	2400	355	666	1
12	2058	1503	840	4485	2946	1089.0	2400	355	666	1
12	2062	1508	841	4495	2944	1095.0	2400	355	666	1
12	2064	1507	841	4497	2943	1092.0	2400	355	666	1
12	2063	1508	842	4497	2946	1094.0	2400	355	666	1
12	2062	1507	841	4494	2944	1093.0	2400	355	666	1
12	2065	1507	841	4497	2942	1092.0	2400	355	666	1
12	2060	1508	841	4494	2946	1095.0	2400	355	666	1
12	2065	1507	841	4497	2942	1092.0	2400	355	666	1
12	2007	1473	827	4390	2960	1068.0	2400	355	666	1
12	2000	1469	825	4376	2962	1065.0	2400	355	666	1
12	2000	1469	825	4376	2962	1065.0	2400	355	666	1
12	1999	1468	825	4375	2963	1064.0	2400	355	666	1
12	1999	1469	825	4376	2963	1065.0	2400	355	666	1
12	1999	1468	824	4375	2961	1064.0	2400	355	666	1
12	2000	1469	825	4376	2962	1065.0	2400	355	666	1
12	1999	1468	824	4375	2961	1064.0	2400	355	666	1
12	2007	1473	827	4391	2960	1068.0	2400	355	666	1
12	1999	1468	824	4375	2961	1064.0	2400	355	666	1
12	2035	1491	835	4445	2954	1081.0	2400	355	666	1
12	2062	1508	841	4496	2944	1095.0	2400	355	666	1
12	2056	1503	840	4483	2947	1089.0	2400	355	666	1
12	2064	1508	841	4497	2943	1094.0	2400	355	666	1
12	2061	1508	842	4495	2947	1094.0	2400	355	666	1
12	2065	1506	841	4496	2942	1091.0	2400	355	666	1
12	2054	1504	840	4482	2949	1092.0	2400	355	666	1
12	2063	1506	840	4494	2942	1092.0	2400	355	666	1
12	2063	1509	843	4500	2947	1094.0	2400	355	666	1
12	2062	1505	840	4492	2943	1091.0	2400	355	666	0
12	457	521	420	1438	4892	366.0	2400	355	666	0
12	332	446	389	1204	5855	311.0	2400	355	666	0
12	330	444	387	1198	5859	310.0	2400	355	666	0
12	332	446	389	1204	5855	311.0	2400	355	666	0
13	330	444	387	1198	5859	310.0	2400	711	444	1
13	1091	773	539	2443	3273	471.0	2400	711	444	1
13	2349	1311	785	4486	2664	732.0	2400	711	444	1
13	2345	1312	786	4485	2668	734.0	2400	711	444	1
13	2349	1310	784	4486	2662	731.0	2400	711	444	1
13	2346	1312	786	4487	2667	733.0	2400	711	444	1
13	2346	1309	784	4482	2664	730.0	2400	711	444	1
13	2348	1313	787	4490	2668	734.0	2400	711	444	1
13	2336	1305	782	4465	2666	729.0	2400	711	444	1
13	2274	1281	772	4369	2684	718.0	2400	711	444	1
13	2272	1278	770	4361	2682	715.0	2400	711	444	1
13	2274	1281	772	4368	2684	718.0	2400	711	444	1
13	2280	1281	771	4375	2679	717.0	2400	711	444	1
13	2274	1281	772	4368	2684	718.0	2400	711	444	1
13	2274	1281	772	4360	2684	718.0	2400	711	444	1
13	2274	1278	770	4363	2681	715.0	2400	711	444	1
13	2274	1280	772	4368	2684	717.0	2400	711	444	1
13	2272	1278	770	4361	2682	715.0	2400	711	444	1
13	2274	1281	772	4369	2684	718.0	2400	711	444	1
13	2302	1292	776	4411	2675	723.0	2400	711	444	1
13	2349	1313	787	4491	2667	733.0	2400	711	444	1
13	2343	1308	784	4478	2665	730.0	2400	711	444	1
13	2350	1313	787	4493	2666	733.0	2400	711	444	1
13	2342	1309	784	4477	2666	731.0	2400	711	444	1
13	2349	1312	787	4490	2667	732.0	2400	711	444	1
13	2345	1310	784	4481	2664	732.0	2400	711	444	1
13	2346	1312	786	4486	2667	733.0	2400	711	444	1
13	2347	1310	784	4484	2663	731.0	2400	711	444	1
13	2336	1308	785	4471	2671	731.0	2400	711	444	1
13	2347	1309	784	4483	2663	730.0	2400	711	444	1
13	2347	1313	787	4489	2668	734.0	2400	711	444	1
13	2272	1278	770	4361	2682	715.0	2400	711	444	1
13	2274	1281	772	4370	2684	718.0	2400	711	444	1
13	2274	1281	772	4369	2684	718.0	2400	711	444	1
13	2272	1278	770	4361	2682	715.0	2400	711	444	1
13	2282	1285	774	4383	2683	720.0	2400	711	444	1
13	2272	1278	770	4361	2682	715.0	2400	711	444	1
13	2274	1281	772	4369	2684	718.0	2400	711	444	1
13	2272	1278	770	4361	2682	715.0	2400	711	444	1
13	2274	1281	772	4369	2684	718.0	2400	711	444	1
13	2272	1278	770	4362	2682	715.0	2400	711	444	1
13	2274	1281	772	4368	2684	718.0	2400	711	444	1
13	2343	1309	784	4478	2665	731.0	2400	711	444	1
13	2348	1312	786	4488	2666	733.0	2400	711	444	1
13	2345	1309	784	4480	2664	730.0	2400	711	444	1
13	2346	1311	786	4485	2667	732.0	2400	711	444	0
13	2347	1310	785	4484	2665	731.0	2400	711	444	0
13	4281	2143	1168	7637	2430	1137.0	2400	711	444	0
13	4284	2141	1166	7636	2427	1135.0	2400	711	444	0
13	4282	2143	1168	7638	2430	1137.0	2400	711	444	0
14	4280	2140	1166	7631	2428	1134.0	2400	1066	222	1
14	2485	1369	812	4708	2635	759.0	2400	1066	222	1
14	2570	1112	728	4412	2470	387.0	2400	1066	222	1
14	2624	1127	735	4487	2458	388.0	2400	1066	222	1
14	2625	1128	737	4490	2460	388.0	2400	1066	222	1
14	2618	1125	734	4477	2459	388.0	2400	1066	222	1
14	2623	1128	736	4488	2460	390.0	2400	1066	222	1
14	2629	1128	736	4493	2457	388.0	2400	1066	222	1
14	2626	1129	737	4492	2460	390.0	2400	1066	222	1
14	2615	1125	734	4475	2460	389.0	2400	1066	222	1
14	2629	1130	738	4497	2460	389.0	2400	1066	222	1
14	2622	1127	736	4486	2460	388.0	2400	1066	222	1
14	2631	1130	738	4499	2459	389.0	2400	1066	222	1
14	2623	1127	736	4487	2460	388.0	2400	1066	222	1
14	2543	1104	724	4374	2475	387.0	2400	1066	222	1
14	2542	1103	724	4371	2476	385.0	2400	1066	222	1
14	2543	1104	724	4373	2475	387.0	2400	1066	222	1
14	2542	1103	724	4371	2476	385.0	2400	1066	222	1
14	2543	1104	724	4373	2475	387.0	2400	1066	222	1
14	2543	1104	724	4372	2475	387.0	2400	1066	222	1
14	2542	1103	724	4371	2476	385.0	2400	1066	222	1
14	2549	1106	725	4383	2474	387.0	2400	1066	222	1
14	2542	1103	724	4371	2476	385.0	2400	1066	222	1
14	2543	1103	724	4372	2475	385.0	2400	1066	222	1
14	2542	1103	724	4372	2476	385.0	2400	1066	222	1
14	2622	1128	736	4487	2460	390.0	2400	1066	222	1
14	2628	1129	737	4494	2459	389.0	2400	1066	222	1
14	2627	1128	737	4493	2459	388.0	2400	1066	222	1
14	2624	1128	736	4489	2459	389.0	2400	1066	222	1
14	2620	1126	735	4481	2459	388.0	2400	1066	222	1
14	2624	1128	736	4489	2459	389.0	2400	1066	222	1
14	2626	1128	736	4491	2458	389.0	2400	1066	222	1
14	2628	1129	737	4495	2459	389.0	2400	1066	222	1
14	2623	1127	735	4485	2458	389.0	2400	1066	222	1
14	2630	1129	737	4497	2458	388.0	2400	1066	222	1
14	2624	1127	736	4487	2459	388.0	2400	1066	222	1
14	2612	1124	734	4471	2461	388.0	2400	1066	222	1
14	2543	1104	725	4374	2477	386.0	2400	1066	222	1
14	2542	1103	723	4370	2474	386.0	2400	1066	222	1
14	2543	1104	724	4374	2475	387.0	2400	1066	222	1
14	2542	1103	723	4370	2474	386.0	2400	1066	222	1
14	2543	1104	724	4374	2475	387.0	2400	1066	222	1
14	2542	1103	723	4370	2474	386.0	2400	1066	222	1
14	2543	1104	725	4374	2477	386.0	2400	1066	222	1
14	2542	1102	723	4370	2474	384.0	2400	1066	222	1
14	2553	1107	726	4389	2474	387.0	2400	1066	222	0
14	2542	1102	723	4370	2474	384.0	2400	1066	222	0
14	332	446	389	1204	5855	311.0	2400	1066	222	0
14	331	444	387	1199	5845	310.0	2400	1066	222	0
14	332	446	389	1204	5855	311.0	2400	1066	222	0
15	330	444	387	1198	5859	310.0	2400	1422	0	1
15	332	446	389	1204	5855	311.0	2400	1422	0	1
15	2824	1014	717	4520	2341	158.0	2400	1422	0	1
15	2836	1018	720	4539	2341	159.0	2400	1422	0	1
15	2823	1013	717	4517	2340	157.0	2400	1422	0	1
15	2824	1013	717	4524	2343	157.0	2400	1422	0	1
15	2824	1016	719	4524	2343	160.0	2400	1422	0	1
15	2822	1013	717	4517	2341	157.0	2400	1422	0	1
15	2922	1038	732	4654	2326	153.0	2400	1422	0	1
15	2913	1034	728	4637	2324	153.0	2400	1422	0	1
15	2923	1039	732	4656	2326	155.0	2400	1422	0	1
15	2914	1034	729	4639	2325	152.0	2400	1422	0	1
15	2918	1038	731	4650	2327	155.0	2400	1422	0	1
15	2920	1035	729	4646	2323	152.0	2400	1422	0	1
15	2915	1037	731	4646	2328	155.0	2400	1422	0	1
15	2921	1036	730	4649	2324	152.0	2400	1422	0	1
15	2916	1037	731	4646	2327	155.0	2400	1422	0	1
15	2917	1035	729	4643	2324	153.0	2400	1422	0	1
15	2921	1038	732	4653	2327	154.0	2400	1422	0	1
15	2902	1032	727	4623	2326	154.0	2400	1422	0	1
15	2824	1016	719	4525	2343	160.0	2400	1422	0	1
15	2822	1013	717	4516	2340	157.0	2400	1422	0	1
15	2824	1016	719	4524	2343	160.0	2400	1422	0	1
15	2833	1015	718	4530	2338	156.0	2400	1422	0	1
15	2822	1013	716	4515	2339	158.0	2400	1422	0	1
15	2824	1016	719	4524	2343	160.0	2400	1422	0	1
15	2828	1013	717	4522	2338	155.0	2400	1422	0	1
15	2824	1016	719	4524	2343	160.0	2400	1422	0	1
15	2822	1013	716	4516	2340	158.0	2400	1422	0	1
15	2824	1016	719	4524	2343	160.0	2400	1422	0	1
15	2877	1026	724	4590	2331	155.0	2400	1422	0	1
15	2918	1038	732	4650	2328	155.0	2400	1422	0	1
15	2920	1035	729	4646	2323	152.0	2400	1422	0	1
15	2914	1037	731	4644	2328	155.0	2400	1422	0	1
15	2919	1035	729	4646	2324	152.0	2400	1422	0	1
15	2918	1037	731	4649	2327	154.0	2400	1422	0	1
15	2913	1034	728	4638	2325	153.0	2400	1422	0	1
15	2923	1038	732	4655	2326	153.0	2400	1422	0	1
15	2912	1034	728	4636	2324	153.0	2400	1422	0	1
15	2908	1036	730	4637	2329	156.0	2400	1422	0	1
15	2918	1035	729	4645	2325	152.0	2400	1422	0	1
15	2915	1037	731	4647	2328	155.0	2400	1422	0	1
15	2824	1016	719	4525	2343	160.0	2400	1422	0	1
15	2822	1013	717	4517	2341	157.0	2400	1422	0	1
15	2824	1016	719	4525	2343	160.0	2400	1422	0	1
15	2822	1014	717	4517	2340	159.0	2400	1422	0	0
15	4025	1290	878	6123	2195	86.0	2400	1422	0	0
15	5398	1600	1058	7945	2106	0.0	2400	1422	0	0
15	5407	1605	1061	7961	2106	1.0	2400	1422	0	0
15	5401	1601	1058	7948	2105	0.0	2400	1422	0	0
16	5403	1604	1060	7956	2106	1.0	2400	0	1111	1
16	5404	1602	1059	7953	2105	0.0	2400	0	1111	1
16	1978	1875	988	4952	3294	1594.0	2400	0	1111	1
16	1876	1856	974	4820	3369	1607.0	2400	0	1111	1
16	1878	1859	977	4828	3373	1609.0	2400	0	1111	1
16	1876	1857	975	4823	3371	1608.0	2400	0	1111	1
16	1879	1859	977	4830	3372	1609.0	2400	0	1111	1
16	1877	1858	976	4825	3372	1608.0	2400	0	1111	1
16	1878	1859	977	4829	3373	1609.0	2400	0	1111	1
16	1877	1857	975	4824	3370	1608.0	2400	0	1111	1
16	1877	1857	975	4824	3370	1608.0	2400	0	1111	1
16	1878	1859	977	4829	3373	1609.0	2400	0	1111	1
16	1883	1863	978	4839	3369	1613.0	2400	0	1111	1
16	1910	1889	989	4905	3363	1637.0	2400	0	1111	1
16	1936	1912	998	4964	3355	1658.0	2400	0	1111	1
16	1936	1912	999	4965	3357	1658.0	2400	0	1111	1
16	1930	1905	995	4948	3355	1651.0	2400	0	1111	1
16	1935	1914	1000	4966	3359	1660.0	2400	0	1111	1
16	1939	1911	998	4965	3352	1656.0	2400	0	1111	1
16	1935	1914	1000	4966	3359	1660.0	2400	0	1111	1
16	1931	1904	995	4947	3354	1650.0	2400	0	1111	1
16	1936	1914	1000	4968	3358	1660.0	2400	0	1111	1
16	1936	1911	998	4963	3355	1657.0	2400	0	1111	1
16	1937	1913	999	4967	3355	1659.0	2400	0	1111	1
16	1935	1912	999	4964	3358	1658.0	2400	0	1111	1
16	1878	1858	976	4827	3371	1608.0	2400	0	1111	1
16	1878	1858	976	4827	3371	1608.0	2400	0	1111	1
16	1878	1858	976	4827	3371	1608.0	2400	0	1111	1
16	1878	1858	976	4828	3371	1608.0	2400	0	1111	1
16	1878	1858	976	4828	3371	1608.0	2400	0	1111	1
16	1877	1858	976	4826	3372	1608.0	2400	0	1111	1
16	1878	1858	976	4827	3371	1608.0	2400	0	1111	1
16	1884	1864	979	4842	3370	1613.0	2400	0	1111	1
16	1878	1859	977	4828	3373	1609.0	2400	0	1111	1
16	1877	1858	976	4825	3372	1608.0	2400	0	1111	1
16	1878	1859	977	4828	3373	1609.0	2400	0	1111	1
16	1936	1912	998	4965	3355	1658.0	2400	0	1111	1
16	1936	1913	999	4965	3357	1659.0	2400	0	1111	1
16	1938	1910	997	4962	3351	1655.0	2400	0	1111	1
16	1934	1913	999	4964	3359	1660.0	2400	0	1111	1
16	1929	1903	994	4943	3354	1649.0	2400	0	1111	1
16	1936	1913	999	4965	3357	1659.0	2400	0	1111	1
16	1934	1911	998	4960	3357	1657.0	2400	0	1111	1
16	1938	1911	998	4965	3353	1656.0	2400	0	1111	1
16	1933	1911	997	4959	3356	1658.0	2400	0	1111	1
16	1938	1910	998	4964	3353	1655.0	2400	0	1111	0
16	1935	1911	998	4962	3356	1657.0	2400	0	1111	0
16	331	444	388	1200	5857	309.0	2400	0	1111	0
16	333	447	390	1207	5853	311.0	2400	0	1111	0
16	331	444	388	1200	5857	309.0	2400	0	1111	0
17	333	447	389	1206	5841	312.0	2400	355	888	1
17	1092	995	623	2771	3564	759.0	2400	355	888	1
17	2090	1717	932	4829	3090	1349.0	2400	355	888	1
17	2086	1713	929	4818	3087	1346.0	2400	355	888	1
17	2092	1715	931	4828	3086	1346.0	2400	355	888	1
17	2085	1714	930	4819	3090	1347.0	2400	355	888	1
17	2083	1709	929	4811	3090	1341.0	2400	355	888	1
17	2087	1714	930	4821	3088	1347.0	2400	355	888	1
17	2025	1670	912	4695	3106	1310.0	2400	355	888	1
17	2023	1667	910	4688	3104	1308.0	2400	355	888	1
17	2032	1675	914	4710	3104	1315.0	2400	355	888	1
17	2023	1667	910	4688	3104	1308.0	2400	355	888	1
17	2025	1670	912	4696	3106	1310.0	2400	355	888	1
17	2023	1666	909	4686	3102	1307.0	2400	355	888	1
17	2032	1675	914	4709	3104	1315.0	2400	355	888	1
17	2025	1669	911	4693	3105	1310.0	2400	355	888	1
17	2022	1666	909	4685	3103	1307.0	2400	355	888	1
17	2025	1669	911	4693	3105	1310.0	2400	355	888	1
17	2022	1666	909	4685	3103	1307.0	2400	355	888	1
17	2089	1714	931	4824	3088	1345.0	2400	355	888	1
17	2088	1713	929	4821	3086	1345.0	2400	355	888	1
17	2087	1716	931	4825	3090	1349.0	2400	355	888	1
17	2089	1712	928	4819	3083	1344.0	2400	355	888	1
17	2087	1716	932	4825	3092	1348.0	2400	355	888	1
17	2087	1711	928	4817	3085	1343.0	2400	355	888	1
17	2089	1717	932	4828	3090	1349.0	2400	355	888	1
17	2086	1712	928	4816	3085	1345.0	2400	355	888	1
17	2091	1716	932	4829	3089	1347.0	2400	355	888	1
17	2085	1713	929	4817	3088	1346.0	2400	355	888	1
17	2092	1715	931	4829	3086	1346.0	2400	355	888	1
17	2054	1688	919	4751	3095	1324.0	2400	355	888	1
17	2025	1669	912	4694	3106	1309.0	2400	355	888	1
17	2023	1666	909	4686	3102	1307.0	2400	355	888	1
17	2030	1672	911	4702	3100	1313.0	2400	355	888	1
17	2025	1669	912	4694	3106	1309.0	2400	355	888	1
17	2023	1666	909	4686	3102	1307.0	2400	355	888	1
17	2025	1669	912	4694	3106	1309.0	2400	355	888	1
17	2024	1666	909	4688	3102	1307.0	2400	355	888	1
17	2025	1669	911	4694	3105	1310.0	2400	355	888	1
17	2022	1666	909	4686	3103	1307.0	2400	355	888	1
17	2024	1669	911	4693	3105	1310.0	2400	355	888	1
17	2078	1708	927	4803	3090	1342.0	2400	355	888	1
17	2092	1715	931	4829	3086	1346.0	2400	355	888	1
17	2086	1714	929	4819	3087	1348.0	2400	355	888	1
17	2090	1714	930	4825	3086	1346.0	2400	355	888	1
17	2086	1714	930	4820	3089	1347.0	2400	355	888	0
17	2088	1713	930	4822	3087	1345.0	2400	355	888	0
17	3775	2933	1451	8299	2855	2341.0	2400	355	888	0
17	3773	2933	1451	8298	2856	2342.0	2400	355	888	0
17	3775	2931	1450	8297	2854	2339.0	2400	355	888	0
18	3772	2934	1452	8298	2857	2343.0	2400	711	666	1
18	2105	1726	936	8295	3085	1355.0	2400	711	666	1
18	2372	1517	873	4811	2793	985.0	2400	711	666	1
18	2372	1519	875	4814	2796	987.0	2400	711	666	1
18	2370	1517	873	4809	2794	985.0	2400	711	666	1
18	2373	1520	876	4818	2797	987.0	2400	711	666	1
18	2369	1518	874	4809	2796	987.0	2400	711	666	1
18	2366	1515	873	4802	2796	984.0	2400	711	666	1
18	2368	1518	874	4809	2797	987.0	2400	711	666	1
18	2375	1519	875	4817	2794	986.0	2400	711	666	1
18	2370	1518	874	4811	2796	986.0	2400	711	666	1
18	2372	1518	874	4813	2794	986.0	2400	711	666	1
18	2372	1519	875	4814	2796	987.0	2400	711	666	1
18	2340	1500	866	4755	2801	974.0	2400	711	666	1
18	2297	1479	857	4681	2812	961.0	2400	711	666	1
18	2299	1479	857	4683	2811	960.0	2400	711	666	1
18	2297	1479	857	4681	2812	961.0	2400	711	666	1
18	2297	1479	857	4680	2812	961.0	2400	711	666	1
18	2297	1479	857	4681	2812	961.0	2400	711	666	1
18	2297	1479	856	4680	2810	962.0	2400	711	666	1
18	2297	1479	856	4679	2810	962.0	2400	711	666	1
18	2297	1479	857	4682	2812	961.0	2400	711	666	1
18	2297	1479	856	4679	2810	962.0	2400	711	666	1
18	2306	1484	859	4697	2810	964.0	2400	711	666	1
18	2375	1518	874	4815	2793	985.0	2400	711	666	1
18	2370	1519	875	4812	2797	987.0	2400	711	666	1
18	2372	1517	873	4810	2793	985.0	2400	711	666	1
18	2364	1515	873	4800	2797	984.0	2400	711	666	1
18	2369	1516	873	4807	2795	984.0	2400	711	666	1
18	2374	1520	875	4817	2795	987.0	2400	711	666	1
18	2368	1517	873	4807	2795	986.0	2400	711	666	1
18	2367	1514	873	4802	2796	982.0	2400	711	666	1
18	2369	1517	874	4807	2796	985.0	2400	711	666	1
18	2372	1519	875	4814	2796	987.0	2400	711	666	1
18	2371	1518	874	4811	2795	986.0	2400	711	666	1
18	2371	1518	875	4812	2797	985.0	2400	711	666	1
18	2296	1478	856	4678	2811	960.0	2400	711	666	1
18	2298	1480	858	4684	2813	961.0	2400	711	666	1
18	2298	1480	858	4683	2813	961.0	2400	711	666	1
18	2296	1478	856	4677	2811	960.0	2400	711	666	1
18	2298	1480	858	4684	2813	961.0	2400	711	666	1
18	2296	1478	856	4677	2811	960.0	2400	711	666	1
18	2298	1480	858	4684	2813	961.0	2400	711	666	1
18	2303	1482	857	4690	2808	964.0	2400	711	666	1
18	2298	1481	858	4685	2813	963.0	2400	711	666	1
18	2296	1478	856	4677	2811	960.0	2400	711	666	0
18	2298	1481	858	4685	2813	963.0	2400	711	666	0
18	331	444	388	1200	5857	309.0	2400	711	666	0
18	333	447	390	1208	5853	311.0	2400	711	666	0
18	331	444	388	1200	5857	309.0	2400	711	666	0
19	333	447	390	1208	5853	311.0	2400	1066	444	1
19	331	444	388	1200	5857	309.0	2400	1066	444	1
19	2569	1292	804	4672	2583	616.0	2400	1066	444	1
19	2565	1288	801	4662	2580	613.0	2400	1066	444	1
19	2567	1291	804	4670	2584	615.0	2400	1066	444	1
19	2565	1288	801	4661	2580	613.0	2400	1066	444	1
19	2565	1288	801	4660	2580	613.0	2400	1066	444	1
19	2655	1324	820	4805	2567	627.0	2400	1066	444	1
19	2636	1316	815	4774	2568	624.0	2400	1066	444	1
19	2656	1324	820	4806	2567	627.0	2400	1066	444	1
19	2647	1320	817	4790	2566	626.0	2400	1066	444	1
19	2655	1324	820	4804	2567	627.0	2400	1066	444	1
19	2649	1321	817	4793	2566	627.0	2400	1066	444	1
19	2651	1323	819	4800	2568	628.0	2400	1066	444	1
19	2652	1321	818	4796	2566	625.0	2400	1066	444	1
19	2649	1322	819	4797	2568	627.0	2400	1066	444	1
19	2653	1321	817	4797	2564	625.0	2400	1066	444	1
19	2638	1319	817	4781	2570	627.0	2400	1066	444	1
19	2654	1321	817	4798	2563	625.0	2400	1066	444	1
19	2567	1291	804	4669	2584	615.0	2400	1066	444	1
19	2565	1288	801	4662	2580	613.0	2400	1066	444	1
19	2577	1295	805	4684	2581	618.0	2400	1066	444	1
19	2565	1288	801	4662	2580	613.0	2400	1066	444	1
19	2567	1291	804	4669	2584	615.0	2400	1066	444	1
19	2577	1295	805	4662	2574	618.0	2400	1066	444	1
19	2565	1288	802	4662	2582	613.0	2400	1066	444	1
19	2567	1291	804	4669	2584	615.0	2400	1066	444	1
19	2565	1289	802	4662	2582	614.0	2400	1066	444	1
19	2567	1291	803	4669	2582	616.0	2400	1066	444	1
19	2594	1299	807	4707	2576	617.0	2400	1066	444	1
19	2650	1323	819	4799	2568	628.0	2400	1066	444	1
19	2649	1320	817	4793	2566	625.0	2400	1066	444	1
19	2654	1324	820	4803	2568	627.0	2400	1066	444	1
19	2647	1320	817	4791	2566	626.0	2400	1066	444	1
19	2655	1323	819	4804	2566	626.0	2400	1066	444	1
19	2647	1321	817	4791	2566	627.0	2400	1066	444	1
19	2651	1322	819	4798	2568	626.0	2400	1066	444	1
19	2652	1321	818	4797	2566	625.0	2400	1066	444	1
19	2648	1321	818	4795	2567	626.0	2400	1066	444	1
19	2654	1321	818	4799	2565	624.0	2400	1066	444	1
19	2648	1322	819	4796	2569	627.0	2400	1066	444	1
19	2565	1289	802	4664	2582	614.0	2400	1066	444	1
19	2566	1290	802	4667	2581	616.0	2400	1066	444	1
19	2566	1290	803	4668	2583	615.0	2400	1066	444	1
19	2576	1293	804	4680	2580	616.0	2400	1066	444	1
19	2566	1290	803	4667	2583	615.0	2400	1066	444	0
19	3801	1757	1031	6580	2421	784.0	2400	1066	444	0
19	4878	2163	1231	8248	2345	929.0	2400	1066	444	0
19	4880	2163	1231	8249	2345	928.0	2400	1066	444	0
19	4876	2163	1232	8247	2346	929.0	2400	1066	444	0
20	4881	2163	1232	8252	2345	927.0	2400	1422	222	1
20	4874	2162	1231	8242	2346	929.0	2400	1422	222	1
20	2846	1116	757	4687	2388	283.0	2400	1422	222	1
20	2836	1114	755	4673	2389	284.0	2400	1422	222	1
20	2836	1114	756	4673	2390	284.0	2400	1422	222	1
20	2836	1114	756	4673	2390	284.0	2400	1422	222	1
20	2836	1114	756	4673	2390	284.0	2400	1422	222	1
20	2836	1114	756	4673	2390	284.0	2400	1422	222	1
20	2836	1114	756	4673	2390	284.0	2400	1422	222	1
20	2836	1114	755	4673	2389	284.0	2400	1422	222	1
20	2836	1114	756	4674	2390	284.0	2400	1422	222	1
20	2837	1114	756	4675	2390	283.0	2400	1422	222	1
20	2860	1120	759	4705	2385	283.0	2400	1422	222	1
20	2937	1140	770	4812	2373	282.0	2400	1422	222	1
20	2928	1138	769	4800	2375	282.0	2400	1422	222	1
20	2932	1140	770	4806	2374	283.0	2400	1422	222	1
20	2933	1139	769	4806	2373	282.0	2400	1422	222	1
20	2928	1139	769	4802	2375	284.0	2400	1422	222	1
20	2925	1136	768	4793	2373	281.0	2400	1422	222	1
20	2928	1139	770	4802	2376	283.0	2400	1422	222	1
20	2933	1139	769	4805	2372	282.0	2400	1422	222	1
20	2932	1140	770	4807	2375	283.0	2400	1422	222	1
20	2928	1138	768	4799	2373	283.0	2400	1422	222	1
20	2936	1141	771	4811	2374	283.0	2400	1422	222	1
20	2836	1113	755	4670	2388	283.0	2400	1422	222	1
20	2837	1115	756	4675	2390	285.0	2400	1422	222	1
20	2835	1113	755	4670	2389	283.0	2400	1422	222	1
20	2837	1115	756	4676	2390	285.0	2400	1422	222	1
20	2835	1112	754	4670	2389	282.0	2400	1422	222	1
20	2835	1112	754	4670	2389	282.0	2400	1422	222	1
20	2837	1115	756	4676	2390	285.0	2400	1422	222	1
20	2835	1112	754	4670	2389	282.0	2400	1422	222	1
20	2837	1115	756	4676	2390	285.0	2400	1422	222	1
20	2835	1112	754	4669	2388	282.0	2400	1422	222	1
20	2849	1118	758	4692	2388	284.0	2400	1422	222	1
20	2927	1137	768	4797	2374	282.0	2400	1422	222	1
20	2937	1141	771	4814	2374	283.0	2400	1422	222	1
20	2927	1137	768	4797	2374	282.0	2400	1422	222	1
20	2923	1138	769	4795	2376	284.0	2400	1422	222	1
20	2931	1138	768	4802	2372	282.0	2400	1422	222	1
20	2931	1140	770	4807	2375	284.0	2400	1422	222	1
20	2934	1138	769	4805	2372	280.0	2400	1422	222	1
20	2917	1136	768	4787	2377	283.0	2400	1422	222	1
20	2935	1138	769	4806	2371	280.0	2400	1422	222	1
20	2929	1140	770	4804	2376	284.0	2400	1422	222	1
20	2933	1138	768	4804	2372	281.0	2400	1422	222	0
20	2921	1137	769	4792	2377	283.0	2400	1422	222	0
20	333	447	390	1208	5853	311.0	2400	1422	222	0
20	331	444	388	1200	5857	309.0	2400	1422	222	0
20	333	447	390	1208	5853	311.0	2400	1422	222	0
21	331	444	387	1199	5845	310.0	2400	1777	0	1
21	1789	751	579	3101	2611	180.0	2400	1777	0	1
21	3219	1045	762	4952	2259	46.0	2400	1777	0	1
21	3226	1049	765	4967	2261	48.0	2400	1777	0	1
21	3209	1043	761	4939	2260	47.0	2400	1777	0	1
21	3223	1049	765	4962	2261	49.0	2400	1777	0	1
21	3225	1046	763	4959	2258	45.0	2400	1777	0	1
21	3118	1027	751	4826	2275	59.0	2400	1777	0	1
21	3116	1024	748	4817	2272	57.0	2400	1777	0	1
21	3118	1027	751	4826	2275	59.0	2400	1777	0	1
21	3116	1024	748	4818	2272	57.0	2400	1777	0	1
21	3118	1027	751	4826	2275	59.0	2400	1777	0	1
21	3128	1026	750	4834	2271	54.0	2400	1777	0	1
21	3118	1027	751	4826	2275	59.0	2400	1777	0	1
21	3116	1024	749	4818	2273	56.0	2400	1777	0	1
21	3118	1027	749	4826	2274	60.0	2400	1777	0	1
21	3118	1027	751	4826	2275	59.0	2400	1777	0	1
21	3115	1024	749	4818	2274	56.0	2400	1777	0	1
21	3224	1049	765	4964	2261	49.0	2400	1777	0	1
21	3212	1043	761	4943	2260	46.0	2400	1777	0	1
21	3220	1048	764	4958	2261	49.0	2400	1777	0	1
21	3227	1047	763	4962	2258	46.0	2400	1777	0	1
21	3219	1048	764	4957	2261	49.0	2400	1777	0	1
21	3224	1046	763	4959	2258	45.0	2400	1777	0	1
21	3223	1048	764	4961	2260	48.0	2400	1777	0	1
21	3220	1046	762	4955	2259	47.0	2400	1777	0	1
21	3227	1049	765	4966	2260	48.0	2400	1777	0	1
21	3216	1045	762	4950	2260	47.0	2400	1777	0	1
21	3216	1047	764	4953	2262	49.0	2400	1777	0	1
21	3206	1042	760	4935	2261	47.0	2400	1777	0	1
21	3118	1026	751	4825	2275	57.0	2400	1777	0	1
21	3116	1024	749	4819	2273	56.0	2400	1777	0	1
21	3130	1029	752	4841	2273	57.0	2400	1777	0	1
21	3116	1024	749	4819	2273	56.0	2400	1777	0	1
21	3116	1024	749	4819	2273	56.0	2400	1777	0	1
21	3130	1029	752	4840	2273	57.0	2400	1777	0	1
21	3116	1024	749	4819	2273	56.0	2400	1777	0	1
21	3117	1026	751	4824	2276	57.0	2400	1777	0	1
21	3116	1024	749	4819	2273	56.0	2400	1777	0	1
21	3117	1026	750	4824	2275	58.0	2400	1777	0	1
21	3203	1042	760	4932	2261	48.0	2400	1777	0	1
21	3224	1048	764	4963	2261	48.0	2400	1777	0	1
21	3223	1047	763	4958	2259	47.0	2400	1777	0	1
21	3219	1047	764	4956	2261	48.0	2400	1777	0	1
21	3227	1048	763	4964	2258	48.0	2400	1777	0	1
21	3219	1047	763	4956	2261	49.0	2400	1777	0	0
21	3224	1047	763	4959	2258	47.0	2400	1777	0	0
21	6005	1624	1124	8570	2056	0.0	2400	1777	0	0
21	5997	1622	1123	8559	2056	0.0	2400	1777	0	0
21	6007	1624	1125	8573	2056	0.0	2400	1777	0	0
22	5996	1621	1122	8558	2056	0.0	2400	0	1333	1
22	6001	1623	1124	8566	2056	0.0	2400	0	1333	1
22	1961	2120	1088	5292	3504	1913.0	2400	0	1333	1
22	1964	2116	1086	5289	3497	1907.0	2400	0	1333	1
22	1960	2120	1088	5291	3505	1913.0	2400	0	1333	1
22	1955	2109	1083	5270	3501	1901.0	2400	0	1333	1
22	1962	2119	1087	5291	3501	1911.0	2400	0	1333	1
22	1960	2119	1087	5289	3503	1912.0	2400	0	1333	1
22	1963	2116	1086	5289	3498	1907.0	2400	0	1333	1
22	1959	2119	1087	5290	3505	1912.0	2400	0	1333	1
22	1963	2116	1086	5288	3498	1907.0	2400	0	1333	1
22	1961	2119	1087	5291	3502	1912.0	2400	0	1333	1
22	1958	2112	1084	5277	3500	1904.0	2400	0	1333	1
22	1909	2064	1064	5158	3514	1859.0	2400	0	1333	1
22	1902	2057	1061	5140	3516	1852.0	2400	0	1333	1
22	1902	2057	1061	5140	3516	1852.0	2400	0	1333	1
22	1902	2057	1061	5140	3516	1852.0	2400	0	1333	1
22	1902	2057	1062	5141	3518	1851.0	2400	0	1333	1
22	1901	2056	1061	5138	3517	1851.0	2400	0	1333	1
22	1902	2057	1061	5140	3516	1852.0	2400	0	1333	1
22	1902	2057	1062	5141	3518	1851.0	2400	0	1333	1
22	1908	2064	1064	5156	3515	1859.0	2400	0	1333	1
22	1902	2057	1062	5141	3518	1851.0	2400	0	1333	1
22	1949	2106	1081	5259	3504	1900.0	2400	0	1333	1
22	1961	2120	1088	5293	3504	1913.0	2400	0	1333	1
22	1961	2117	1086	5287	3500	1909.0	2400	0	1333	1
22	1962	2119	1087	5292	3501	1911.0	2400	0	1333	1
22	1960	2118	1086	5287	3502	1911.0	2400	0	1333	1
22	1963	2118	1087	5292	3500	1910.0	2400	0	1333	1
22	1952	2111	1084	5270	3506	1904.0	2400	0	1333	1
22	1964	2117	1087	5292	3499	1908.0	2400	0	1333	1
22	1959	2119	1087	5287	3505	1912.0	2400	0	1333	1
22	1964	2117	1087	5291	3499	1908.0	2400	0	1333	1
22	1960	2118	1086	5288	3502	1911.0	2400	0	1333	1
22	1962	2119	1087	5292	3501	1911.0	2400	0	1333	1
22	1901	2055	1060	5136	3515	1850.0	2400	0	1333	1
22	1903	2058	1062	5143	3517	1853.0	2400	0	1333	1
22	1901	2055	1060	5137	3515	1850.0	2400	0	1333	1
22	1902	2055	1060	5142	3514	1850.0	2400	0	1333	1
22	1903	2058	1062	5143	3517	1853.0	2400	0	1333	1
22	1901	2055	1060	5136	3515	1850.0	2400	0	1333	1
22	1902	2058	1062	5143	3518	1853.0	2400	0	1333	1
22	1901	2055	1060	5136	3515	1850.0	2400	0	1333	1
22	1903	2058	1062	5143	3517	1853.0	2400	0	1333	1
22	1901	2055	1060	5136	3515	1850.0	2400	0	1333	1
22	1910	2065	1066	5161	3517	1859.0	2400	0	1333	0
22	1825	1977	1028	4946	3537	1775.0	2400	0	1333	0
22	333	447	390	1207	5853	311.0	2400	0	1333	0
22	331	444	387	1199	5845	310.0	2400	0	1333	0
22	333	447	390	1208	5853	311.0	2400	0	1333	0
23	331	444	388	1200	5857	309.0	2400	355	1111	1
23	333	447	390	1208	5853	311.0	2400	355	1111	1
23	2049	1867	995	5005	3241	1553.0	2400	355	1111	1
23	2057	1876	1000	5028	3243	1561.0	2400	355	1111	1
23	2047	1866	995	5002	3242	1552.0	2400	355	1111	1
23	2050	1869	998	5010	3245	1553.0	2400	355	1111	1
23	2047	1866	995	5002	3242	1552.0	2400	355	1111	1
23	2110	1921	1018	5146	3229	1601.0	2400	355	1111	1
23	2117	1922	1020	5157	3226	1599.0	2400	355	1111	1
23	2111	1922	1019	5147	3230	1602.0	2400	355	1111	1
23	2115	1922	1020	5153	3228	1600.0	2400	355	1111	1
23	2113	1921	1018	5148	3226	1600.0	2400	355	1111	1
23	2113	1923	1021	5153	3231	1601.0	2400	355	1111	1
23	2114	1919	1018	5147	3225	1597.0	2400	355	1111	1
23	2112	1924	1021	5154	3232	1603.0	2400	355	1111	1
23	2106	1913	1015	5129	3227	1592.0	2400	355	1111	1
23	2114	1925	1021	5157	3231	1604.0	2400	355	1111	1
23	2112	1919	1018	5144	3227	1598.0	2400	355	1111	1
23	2049	1869	997	5010	3244	1555.0	2400	355	1111	1
23	2047	1866	995	5002	3242	1552.0	2400	355	1111	1
23	2049	1869	998	5010	3246	1554.0	2400	355	1111	1
23	2047	1866	995	5002	3242	1552.0	2400	355	1111	1
23	2049	1869	997	5010	3244	1555.0	2400	355	1111	1
23	2055	1873	998	5020	3241	1558.0	2400	355	1111	1
23	2049	1869	997	5010	3244	1555.0	2400	355	1111	1
23	2049	1869	997	5010	3244	1555.0	2400	355	1111	1
23	2047	1866	995	5003	3242	1552.0	2400	355	1111	1
23	2049	1869	997	5010	3244	1555.0	2400	355	1111	1
23	2047	1866	995	5003	3242	1552.0	2400	355	1111	1
23	2114	1924	1021	5156	3231	1603.0	2400	355	1111	1
23	2105	1917	1017	5135	3231	1597.0	2400	355	1111	1
23	2115	1924	1021	5156	3230	1602.0	2400	355	1111	1
23	2111	1921	1018	5147	3228	1601.0	2400	355	1111	1
23	2116	1922	1020	5154	3227	1600.0	2400	355	1111	1
23	2110	1921	1019	5147	3230	1601.0	2400	355	1111	1
23	2116	1922	1020	5154	3227	1600.0	2400	355	1111	1
23	2112	1922	1019	5149	3229	1602.0	2400	355	1111	1
23	2114	1921	1020	5151	3229	1599.0	2400	355	1111	1
23	2113	1922	1019	5150	3228	1601.0	2400	355	1111	1
23	2105	1917	1018	5135	3233	1597.0	2400	355	1111	1
23	2069	1881	1002	5047	3236	1563.0	2400	355	1111	1
23	2049	1868	997	5008	3244	1553.0	2400	355	1111	1
23	2048	1867	996	5004	3243	1552.0	2400	355	1111	1
23	2048	1867	996	5004	3243	1552.0	2400	355	1111	1
23	2049	1868	997	5008	3244	1553.0	2400	355	1111	1
23	2048	1867	996	5004	3243	1552.0	2400	355	1111	0
23	3128	2762	1379	7398	3070	2334.0	2400	355	1111	0
23	3822	3340	1626	8940	3011	2840.0	2400	355	1111	0
23	3826	3339	1625	8941	3009	2838.0	2400	355	1111	0
23	3823	3340	1626	8941	3011	2840.0	2400	355	1111	0
24	3824	3338	1625	8938	3010	2837.0	2400	711	888	1
24	3732	3261	1592	8733	3016	2770.0	2400	711	888	1
24	2321	1678	942	4994	2937	1205.0	2400	711	888	1
24	2321	1678	942	4994	2937	1205.0	2400	711	888	1
24	2321	1678	942	4995	2937	1205.0	2400	711	888	1
24	2321	1678	942	4994	2937	1205.0	2400	711	888	1
24	2321	1678	942	4994	2937	1205.0	2400	711	888	1
24	2321	1678	942	4995	2937	1205.0	2400	711	888	1
24	2321	1678	942	4994	2937	1205.0	2400	711	888	1
24	2322	1681	944	5000	2939	1208.0	2400	711	888	1
24	2321	1678	942	4994	2937	1205.0	2400	711	888	1
24	2322	1678	942	4996	2936	1205.0	2400	711	888	1
24	2398	1727	964	5142	2922	1241.0	2400	711	888	1
24	2396	1723	962	5135	2920	1237.0	2400	711	888	1
24	2399	1727	964	5145	2921	1241.0	2400	711	888	1
24	2395	1724	962	5135	2921	1239.0	2400	711	888	1
24	2391	1720	961	5127	2922	1235.0	2400	711	888	1
24	2393	1725	963	5135	2924	1240.0	2400	711	888	1
24	2401	1725	964	5144	2920	1237.0	2400	711	888	1
24	2395	1725	963	5136	2922	1240.0	2400	711	888	1
24	2398	1725	963	5140	2921	1239.0	2400	711	888	1
24	2397	1725	963	5139	2921	1239.0	2400	711	888	1
24	2397	1725	963	5139	2921	1239.0	2400	711	888	1
24	2345	1690	947	5035	2929	1212.0	2400	711	888	1
24	2331	1684	945	5014	2935	1209.0	2400	711	888	1
24	2320	1677	941	4991	2936	1204.0	2400	711	888	1
24	2322	1679	943	4998	2938	1206.0	2400	711	888	1
24	2320	1677	941	4992	2936	1204.0	2400	711	888	1
24	2322	1679	943	4998	2938	1206.0	2400	711	888	1
24	2321	1677	941	4992	2935	1204.0	2400	711	888	1
24	2320	1676	941	4991	2936	1203.0	2400	711	888	1
24	2322	1679	943	4999	2938	1206.0	2400	711	888	1
24	2329	1682	943	5008	2933	1208.0	2400	711	888	1
24	2323	1679	943	4999	2937	1205.0	2400	711	888	1
24	2397	1725	963	5138	2921	1239.0	2400	711	888	1
24	2397	1725	964	5141	2923	1238.0	2400	711	888	1
24	2398	1722	961	5134	2917	1236.0	2400	711	888	1
24	2396	1727	964	5142	2923	1242.0	2400	711	888	1
24	2399	1723	962	5138	2918	1236.0	2400	711	888	1
24	2395	1727	965	5141	2926	1241.0	2400	711	888	1
24	2390	1717	959	5120	2919	1232.0	2400	711	888	1
24	2398	1727	965	5144	2924	1241.0	2400	711	888	1
24	2396	1722	961	5133	2919	1236.0	2400	711	888	1
24	2399	1728	965	5147	2923	1242.0	2400	711	888	1
24	2394	1723	962	5133	2922	1238.0	2400	711	888	1
24	2401	1727	965	5146	2922	1240.0	2400	711	888	0
24	2321	1677	941	4991	2935	1204.0	2400	711	888	0
24	333	447	390	1208	5853	311.0	2400	711	888	0
24	333	447	390	1208	5853	311.0	2400	711	888	0
24	331	444	387	1200	5845	310.0	2400	711	888	0
25	333	447	390	1208	5853	311.0	2400	1066	666	1
25	1684	1070	687	3464	2945	639.0	2400	1066	666	1
25	2674	1531	908	5125	2684	883.0	2400	1066	666	1
25	2680	1527	906	5124	2679	876.0	2400	1066	666	1
25	2675	1530	908	5126	2684	881.0	2400	1066	666	1
25	2676	1527	905	5120	2679	879.0	2400	1066	666	1
25	2618	1501	894	5026	2692	864.0	2400	1066	666	1
25	2589	1488	887	4976	2696	858.0	2400	1066	666	1
25	2591	1490	889	4984	2698	859.0	2400	1066	666	1
25	2589	1488	887	4976	2696	858.0	2400	1066	666	1
25	2601	1495	891	5001	2696	863.0	2400	1066	666	1
25	2589	1488	887	4977	2696	858.0	2400	1066	666	1
25	2591	1490	889	4984	2698	859.0	2400	1066	666	1
25	2590	1488	887	4978	2695	858.0	2400	1066	666	1
25	2601	1493	890	4997	2694	860.0	2400	1066	666	1
25	2590	1488	887	4978	2695	858.0	2400	1066	666	1
25	2590	1488	887	4978	2695	858.0	2400	1066	666	1
25	2664	1526	906	5108	2686	880.0	2400	1066	666	1
25	2677	1528	906	5122	2680	879.0	2400	1066	666	1
25	2678	1531	908	5129	2682	882.0	2400	1066	666	1
25	2673	1527	906	5118	2682	879.0	2400	1066	666	1
25	2680	1530	908	5130	2681	880.0	2400	1066	666	1
25	2672	1528	906	5118	2682	881.0	2400	1066	666	1
25	2679	1529	908	5128	2682	878.0	2400	1066	666	1
25	2676	1529	907	5124	2682	880.0	2400	1066	666	1
25	2675	1528	907	5122	2682	879.0	2400	1066	666	1
25	2668	1524	905	5109	2683	876.0	2400	1066	666	1
25	2673	1530	907	5122	2683	883.0	2400	1066	666	1
25	2679	1528	907	5126	2680	878.0	2400	1066	666	1
25	2590	1490	888	4981	2697	860.0	2400	1066	666	1
25	2590	1489	888	4980	2697	859.0	2400	1066	666	1
25	2591	1490	888	4981	2696	860.0	2400	1066	666	1
25	2590	1489	888	4979	2697	859.0	2400	1066	666	1
25	2590	1489	888	4981	2697	859.0	2400	1066	666	1
25	2600	1489	888	4996	2692	856.0	2400	1066	666	1
25	2590	1489	888	4980	2697	859.0	2400	1066	666	1
25	2590	1489	888	4980	2697	859.0	2400	1066	666	1
25	2590	1489	888	4981	2697	859.0	2400	1066	666	1
25	2590	1489	888	4980	2697	859.0	2400	1066	666	1
25	2640	1512	899	5064	2688	871.0	2400	1066	666	1
25	2673	1529	907	5120	2683	881.0	2400	1066	666	1
25	2668	1526	906	5112	2684	879.0	2400	1066	666	1
25	2676	1529	907	5124	2682	880.0	2400	1066	666	1
25	2674	1528	907	5122	2683	879.0	2400	1066	666	1
25	2678	1530	907	5127	2681	881.0	2400	1066	666	1
25	2673	1529	907	5122	2683	881.0	2400	1066	666	0
25	2679	1528	907	5125	2680	878.0	2400	1066	666	0
25	4926	2570	1406	8889	2475	1428.0	2400	1066	666	0
25	4929	2568	1405	8888	2473	1424.0	2400	1066	666	0
25	4929	2570	1406	8891	2473	1427.0	2400	1066	666	0
26	4925	2566	1404	8882	2473	1423.0	2400	1422	444	1
26	4930	2571	1407	8894	2474	1427.0	2400	1422	444	1
26	2705	1499	898	5109	2655	830.0	2400	1422	444	1
26	2939	1326	847	5083	2476	518.0	2400	1422	444	1
26	2959	1333	851	5113	2472	520.0	2400	1422	444	1
26	2954	1330	849	5103	2472	518.0	2400	1422	444	1
26	2955	1332	851	5108	2474	520.0	2400	1422	444	1
26	2946	1327	848	5091	2473	517.0	2400	1422	444	1
26	2953	1332	851	5106	2475	520.0	2400	1422	444	1
26	2959	1330	850	5109	2471	516.0	2400	1422	444	1
26	2953	1332	851	5107	2476	520.0	2400	1422	444	1
26	2956	1330	849	5105	2471	518.0	2400	1422	444	1
26	2861	1300	835	4969	2490	511.0	2400	1422	444	1
26	2858	1298	832	4961	2487	511.0	2400	1422	444	1
26	2861	1300	835	4968	2489	511.0	2400	1422	444	1
26	2858	1297	832	4960	2487	510.0	2400	1422	444	1
26	2861	1300	835	4969	2490	511.0	2400	1422	444	1
26	2858	1297	832	4960	2487	510.0	2400	1422	444	1
26	2860	1300	835	4968	2491	512.0	2400	1422	444	1
26	2858	1297	832	4960	2487	510.0	2400	1422	444	1
26	2861	1302	835	4970	2489	515.0	2400	1422	444	1
26	2860	1301	835	4969	2491	513.0	2400	1422	444	1
26	2915	1317	842	5046	2478	516.0	2400	1422	444	1
26	2952	1333	851	5107	2476	522.0	2400	1422	444	1
26	2959	1330	849	5109	2471	517.0	2400	1422	444	1
26	2954	1333	852	5109	2476	521.0	2400	1422	444	1
26	2955	1330	849	5104	2471	518.0	2400	1422	444	1
26	2947	1330	850	5098	2476	520.0	2400	1422	444	1
26	2953	1329	849	5101	2472	517.0	2400	1422	444	1
26	2960	1334	852	5117	2474	520.0	2400	1422	444	1
26	2950	1330	849	5099	2473	520.0	2400	1422	444	1
26	2961	1333	852	5117	2474	519.0	2400	1422	444	1
26	2951	1330	849	5100	2473	519.0	2400	1422	444	1
26	2959	1333	852	5114	2474	519.0	2400	1422	444	1
26	2859	1298	832	4961	2486	511.0	2400	1422	444	1
26	2872	1304	837	4986	2489	513.0	2400	1422	444	1
26	2859	1298	833	4962	2487	510.0	2400	1422	444	1
26	2860	1300	835	4968	2491	512.0	2400	1422	444	1
26	2859	1298	832	4962	2487	511.0	2400	1422	444	1
26	2859	1298	833	4962	2487	510.0	2400	1422	444	1
26	2860	1300	834	4968	2489	512.0	2400	1422	444	1
26	2858	1298	833	4962	2489	511.0	2400	1422	444	1
26	2860	1300	834	4967	2489	512.0	2400	1422	444	1
26	2870	1302	835	4979	2486	512.0	2400	1422	444	1
26	2860	1300	834	4967	2489	512.0	2400	1422	444	1
26	2951	1330	849	5101	2474	519.0	2400	1422	444	0
26	2543	1192	778	4494	2547	486.0	2400	1422	444	0
26	331	445	388	1202	5857	310.0	2400	1422	444	0
26	332	446	389	1205	5855	311.0	2400	1422	444	0
26	331	445	388	1202	5857	310.0	2400	1422	444	0
27	332	446	389	1205	5855	311.0	2400	1777	222	1
27	332	445	389	1203	5855	309.0	2400	1777	222	1
27	3133	1124	787	4977	2317	180.0	2400	1777	222	1
27	3130	1123	787	4973	2318	180.0	2400	1777	222	1
27	3131	1123	787	4974	2318	179.0	2400	1777	222	1
27	3130	1123	787	4973	2318	180.0	2400	1777	222	1
27	3179	1136	794	5040	2311	179.0	2400	1777	222	1
27	3242	1150	802	5112	2296	175.0	2400	1777	222	1
27	3232	1148	801	5111	2303	176.0	2400	1777	222	1
27	3241	1149	802	5121	2302	174.0	2400	1777	222	1
27	3236	1149	802	5115	2303	175.0	2400	1777	222	1
27	3236	1149	801	5115	2302	176.0	2400	1777	222	1
27	3240	1150	803	5121	2303	175.0	2400	1777	222	1
27	3232	1148	801	5109	2302	176.0	2400	1777	222	1
27	3242	1150	802	5122	2301	175.0	2400	1777	222	1
27	3231	1147	800	5107	2302	175.0	2400	1777	222	1
27	3239	1149	802	5119	2303	174.0	2400	1777	222	1
27	3130	1122	786	4970	2316	179.0	2400	1777	222	1
27	3130	1123	787	4974	2318	180.0	2400	1777	222	1
27	3129	1122	785	4969	2316	180.0	2400	1777	222	1
27	3131	1123	787	4974	2318	179.0	2400	1777	222	1
27	3142	1125	787	4986	2314	179.0	2400	1777	222	1
27	3131	1124	787	4975	2318	181.0	2400	1777	222	1
27	3129	1122	785	4969	2316	180.0	2400	1777	222	1
27	3131	1124	787	4974	2317	181.0	2400	1777	222	1
27	3142	1124	787	4984	2314	177.0	2400	1777	222	1
27	3129	1121	785	4968	2316	178.0	2400	1777	222	1
27	3131	1124	787	4975	2318	181.0	2400	1777	222	1
27	3220	1143	798	5091	2303	174.0	2400	1777	222	1
27	3239	1150	802	5120	2303	176.0	2400	1777	222	1
27	3236	1147	800	5112	2301	174.0	2400	1777	222	1
27	3235	1149	802	5116	2304	176.0	2400	1777	222	1
27	3239	1148	800	5116	2300	174.0	2400	1777	222	1
27	3232	1149	802	5112	2305	177.0	2400	1777	222	1
27	3240	1148	801	5116	2300	173.0	2400	1777	222	1
27	3235	1149	802	5116	2304	176.0	2400	1777	222	1
27	3236	1147	800	5111	2300	174.0	2400	1777	222	1
27	3226	1147	801	5104	2305	176.0	2400	1777	222	1
27	3232	1146	799	5106	2301	174.0	2400	1777	222	1
27	3192	1138	796	5056	2309	177.0	2400	1777	222	1
27	3129	1121	785	4967	2315	178.0	2400	1777	222	1
27	3131	1124	788	4975	2318	180.0	2400	1777	222	1
27	3129	1121	785	4967	2315	178.0	2400	1777	222	1
27	3131	1124	788	4976	2319	180.0	2400	1777	222	1
27	3144	1127	789	4993	2316	180.0	2400	1777	222	1
27	3129	1121	785	4968	2316	178.0	2400	1777	222	0
27	5092	1599	1067	7617	2147	89.0	2400	1777	222	0
27	6030	1822	1198	8873	2102	41.0	2400	1777	222	0
27	6022	1824	1199	8868	2104	46.0	2400	1777	222	0
27	6025	1821	1197	8867	2102	42.0	2400	1777	222	0
28	6025	1824	1199	8872	2103	45.0	2400	2133	0	1
28	5654	1732	1144	8367	2117	60.0	2400	2133	0	1
28	3425	1039	784	5142	2216	0.0	2400	2133	0	1
28	3410	1033	779	5118	2215	0.0	2400	2133	0	1
28	3412	1036	782	5126	2218	0.0	2400	2133	0	1
28	3410	1033	780	5118	2216	0.0	2400	2133	0	1
28	3415	1036	782	5128	2218	0.0	2400	2133	0	1
28	3413	1034	780	5122	2216	0.0	2400	2133	0	1
28	3415	1036	782	5128	2218	0.0	2400	2133	0	1
28	3413	1034	780	5122	2216	0.0	2400	2133	0	1
28	3415	1036	782	5128	2218	0.0	2400	2133	0	1
28	3427	1037	782	5140	2214	0.0	2400	2133	0	1
28	3533	1057	796	5276	2202	0.0	2400	2133	0	1
28	3531	1058	797	5277	2205	0.0	2400	2133	0	1
28	3516	1054	794	5254	2204	0.0	2400	2133	0	1
28	3535	1059	797	5280	2203	0.0	2400	2133	0	1
28	3525	1056	795	5265	2203	0.0	2400	2133	0	1
28	3537	1059	797	5283	2202	0.0	2400	2133	0	1
28	3513	1054	793	5251	2204	0.0	2400	2133	0	1
28	3534	1059	797	5278	2202	0.0	2400	2133	0	1
28	3531	1057	796	5273	2203	0.0	2400	2133	0	1
28	3530	1058	796	5274	2203	0.0	2400	2133	0	1
28	3492	1050	791	5224	2207	0.0	2400	2133	0	1
28	3414	1035	781	5125	2217	0.0	2400	2133	0	1
28	3413	1035	781	5124	2217	0.0	2400	2133	0	1
28	3414	1035	781	5125	2217	0.0	2400	2133	0	1
28	3414	1035	781	5125	2217	0.0	2400	2133	0	1
28	3414	1035	781	5124	2216	0.0	2400	2133	0	1
28	3414	1035	781	5125	2217	0.0	2400	2133	0	1
28	3414	1035	781	5124	2216	0.0	2400	2133	0	1
28	3414	1035	781	5126	2217	0.0	2400	2133	0	1
28	3414	1036	781	5126	2217	0.0	2400	2133	0	1
28	3413	1035	780	5123	2216	0.0	2400	2133	0	1
28	3529	1058	796	5273	2203	0.0	2400	2133	0	1
28	3532	1057	795	5274	2201	0.0	2400	2133	0	1
28	3531	1058	797	5275	2204	0.0	2400	2133	0	1
28	3528	1056	795	5268	2202	0.0	2400	2133	0	1
28	3535	1059	797	5280	2203	0.0	2400	2133	0	1
28	3513	1053	793	5249	2204	0.0	2400	2133	0	1
28	3537	1059	797	5283	2202	0.0	2400	2133	0	1
28	3525	1055	794	5264	2202	0.0	2400	2133	0	1
28	3538	1059	797	5284	2202	0.0	2400	2133	0	1
28	3526	1055	794	5265	2202	0.0	2400	2133	0	1
28	3534	1059	797	5280	2203	0.0	2400	2133	0	1
28	3529	1056	794	5269	2201	0.0	2400	2133	0	1
28	3414	1036	782	5128	2218	0.0	2400	2133	0	0
28	3426	1036	781	5138	2214	0.0	2400	2133	0	0
28	333	446	389	1206	5841	311.0	2400	2133	0	0
28	330	443	387	1198	5859	308.0	2400	2133	0	0
28	330	443	387	1197	5859	308.0	2400	2133	0	0
29	332	446	389	1206	5855	311.0	2400	0	1555	1
29	1407	1665	898	4067	3822	1513.0	2400	0	1555	1
29	1992	2328	1177	5626	3642	2166.0	2400	0	1555	1
29	1988	2326	1175	5618	3642	2165.0	2400	0	1555	1
29	1985	2318	1173	5606	3642	2155.0	2400	0	1555	1
29	1964	2296	1162	5549	3645	2135.0	2400	0	1555	1
29	1930	2259	1148	5463	3657	2098.0	2400	0	1555	1
29	1928	2255	1145	5455	3653	2095.0	2400	0	1555	1
29	1931	2264	1150	5472	3660	2104.0	2400	0	1555	1
29	1928	2255	1145	5455	3653	2095.0	2400	0	1555	1
29	1930	2258	1148	5463	3657	2097.0	2400	0	1555	1
29	1928	2255	1145	5455	3653	2095.0	2400	0	1555	1
29	1937	2266	1151	5482	3654	2105.0	2400	0	1555	1
29	1928	2255	1145	5455	3653	2095.0	2400	0	1555	1
29	1930	2258	1148	5462	3657	2097.0	2400	0	1555	1
29	1928	2255	1145	5455	3653	2095.0	2400	0	1555	1
29	1930	2258	1148	5462	3657	2097.0	2400	0	1555	1
29	1990	2328	1177	5625	3644	2166.0	2400	0	1555	1
29	1989	2325	1175	5619	3641	2163.0	2400	0	1555	1
29	1991	2326	1176	5622	3641	2164.0	2400	0	1555	1
29	1987	2327	1176	5619	3645	2167.0	2400	0	1555	1
29	1992	2325	1175	5622	3638	2162.0	2400	0	1555	1
29	1988	2327	1175	5619	3642	2167.0	2400	0	1555	1
29	1991	2326	1176	5622	3641	2164.0	2400	0	1555	1
29	1989	2325	1175	5618	3641	2163.0	2400	0	1555	1
29	1989	2327	1176	5622	3643	2166.0	2400	0	1555	1
29	1991	2323	1174	5617	3637	2160.0	2400	0	1555	1
29	1988	2328	1176	5621	3644	2168.0	2400	0	1555	1
29	1929	2256	1146	5457	3654	2095.0	2400	0	1555	1
29	1929	2257	1147	5459	3656	2096.0	2400	0	1555	1
29	1929	2256	1146	5457	3654	2095.0	2400	0	1555	1
29	1929	2257	1146	5458	3654	2097.0	2400	0	1555	1
29	1936	2265	1150	5477	3654	2104.0	2400	0	1555	1
29	1929	2257	1146	5458	3654	2097.0	2400	0	1555	1
29	1929	2257	1147	5458	3656	2096.0	2400	0	1555	1
29	1935	2260	1148	5469	3651	2098.0	2400	0	1555	1
29	1929	2257	1146	5457	3654	2097.0	2400	0	1555	1
29	1929	2258	1147	5460	3656	2098.0	2400	0	1555	1
29	1952	2286	1159	5524	3653	2126.0	2400	0	1555	1
29	1986	2317	1172	5604	3639	2154.0	2400	0	1555	1
29	1989	2327	1176	5621	3643	2166.0	2400	0	1555	1
29	1992	2327	1177	5624	3642	2164.0	2400	0	1555	1
29	1990	2326	1175	5620	3640	2165.0	2400	0	1555	1
29	1990	2329	1177	5625	3644	2168.0	2400	0	1555	1
29	1991	2324	1174	5618	3637	2162.0	2400	0	1555	1
29	1989	2329	1177	5625	3645	2168.0	2400	0	1555	0
29	1991	2323	1174	5617	3637	2160.0	2400	0	1555	0
29	3582	4136	1934	9869	3448	3949.0	2400	0	1555	0
29	3580	4132	1931	9860	3446	3946.0	2400	0	1555	0
29	3583	4134	1934	9867	3447	3946.0	2400	0	1555	0
30	3579	4133	1932	9861	3447	3947.0	2400	355	1333	1
30	3583	4132	1933	9866	3446	3943.0	2400	355	1333	1
30	2015	2284	1161	5583	3586	2101.0	2400	355	1333	1
30	2136	2128	1107	5480	3365	1855.0	2400	355	1333	1
30	2140	2128	1108	5479	3363	1853.0	2400	355	1333	1
30	2130	2120	1103	5455	3363	1847.0	2400	355	1333	1
30	2139	2130	1109	5481	3366	1855.0	2400	355	1333	1
30	2139	2125	1106	5472	3361	1850.0	2400	355	1333	1
30	2138	2131	1110	5481	3369	1856.0	2400	355	1333	1
30	2139	2125	1106	5472	3361	1850.0	2400	355	1333	1
30	2140	2132	1110	5483	3367	1857.0	2400	355	1333	1
30	2072	2065	1080	5317	3376	1796.0	2400	355	1333	1
30	2074	2068	1083	5325	3380	1798.0	2400	355	1333	1
30	2079	2067	1081	5328	3372	1796.0	2400	355	1333	1
30	2074	2068	1083	5325	3380	1798.0	2400	355	1333	1
30	2072	2065	1080	5317	3376	1796.0	2400	355	1333	1
30	2074	2068	1083	5325	3380	1798.0	2400	355	1333	1
30	2072	2065	1080	5317	3376	1796.0	2400	355	1333	1
30	2074	2068	1083	5325	3380	1798.0	2400	355	1333	1
30	2072	2065	1080	5317	3376	1796.0	2400	355	1333	1
30	2074	2068	1083	5324	3380	1798.0	2400	355	1333	1
30	2072	2065	1094	5318	3402	1785.0	2400	355	1333	1
30	2139	2126	1106	5473	3361	1851.0	2400	355	1333	1
30	2140	2130	1109	5482	3365	1855.0	2400	355	1333	1
30	2138	2128	1107	5475	3363	1854.0	2400	355	1333	1
30	2134	2121	1105	5462	3363	1846.0	2400	355	1333	1
30	2136	2129	1108	5475	3367	1855.0	2400	355	1333	1
30	2141	2127	1108	5479	3362	1851.0	2400	355	1333	1
30	2138	2129	1108	5478	3365	1855.0	2400	355	1333	1
30	2132	2121	1105	5459	3365	1846.0	2400	355	1333	1
30	2139	2128	1108	5477	3364	1853.0	2400	355	1333	1
30	2138	2129	1108	5478	3365	1855.0	2400	355	1333	1
30	2141	2127	1107	5477	3360	1851.0	2400	355	1333	1
30	2081	2074	1085	5340	3377	1803.0	2400	355	1333	1
30	2073	2066	1081	5320	3377	1796.0	2400	355	1333	1
30	2073	2067	1081	5321	3377	1798.0	2400	355	1333	1
30	2073	2067	1082	5321	3379	1797.0	2400	355	1333	1
30	2073	2066	1081	5320	3377	1796.0	2400	355	1333	1
30	2073	2067	1082	5321	3379	1797.0	2400	355	1333	1
30	2073	2066	1081	5319	3377	1796.0	2400	355	1333	1
30	2073	2066	1081	5319	3377	1796.0	2400	355	1333	1
30	2074	2072	1084	5330	3382	1803.0	2400	355	1333	1
30	2072	2066	1081	5318	3378	1797.0	2400	355	1333	1
30	2074	2067	1082	5323	3378	1797.0	2400	355	1333	1
30	2137	2129	1108	5476	3366	1855.0	2400	355	1333	1
30	2141	2127	1108	5478	3362	1851.0	2400	355	1333	0
30	1725	1740	942	4494	3471	1496.0	2400	355	1333	0
30	333	447	390	1207	5853	311.0	2400	355	1333	0
30	331	445	388	1201	5857	310.0	2400	355	1333	0
30	333	447	390	1208	5853	311.0	2400	355	1333	0
31	331	445	388	1200	5857	310.0	2400	711	1111	1
31	333	447	390	1208	5853	311.0	2400	711	1111	1
31	2347	1877	1027	5310	3058	1448.0	2400	711	1111	1
31	2347	1879	1029	5315	3061	1450.0	2400	711	1111	1
31	2345	1876	1027	5308	3059	1448.0	2400	711	1111	1
31	2361	1891	1034	5345	3059	1461.0	2400	711	1111	1
31	2422	1932	1051	5465	3044	1493.0	2400	711	1111	1
31	2412	1928	1051	5451	3051	1490.0	2400	711	1111	1
31	2423	1935	1054	5471	3048	1496.0	2400	711	1111	1
31	2420	1929	1050	5459	3044	1490.0	2400	711	1111	1
31	2425	1934	1053	5472	3045	1494.0	2400	711	1111	1
31	2418	1932	1051	5461	3047	1495.0	2400	711	1111	1
31	2426	1932	1053	5471	3044	1491.0	2400	711	1111	1
31	2421	1932	1051	5465	3044	1494.0	2400	711	1111	1
31	2422	1932	1053	5468	3047	1492.0	2400	711	1111	1
31	2414	1924	1048	5446	3045	1486.0	2400	711	1111	1
31	2356	1886	1032	5333	3059	1456.0	2400	711	1111	1
31	2345	1876	1027	5307	3059	1448.0	2400	711	1111	1
31	2347	1879	1029	5315	3061	1450.0	2400	711	1111	1
31	2346	1880	1028	5313	3060	1453.0	2400	711	1111	1
31	2347	1879	1029	5315	3061	1450.0	2400	711	1111	1
31	2345	1877	1027	5308	3059	1449.0	2400	711	1111	1
31	2347	1879	1029	5314	3061	1450.0	2400	711	1111	1
31	2354	1883	1030	5326	3058	1453.0	2400	711	1111	1
31	2347	1879	1029	5314	3061	1450.0	2400	711	1111	1
31	2346	1877	1027	5308	3058	1449.0	2400	711	1111	1
31	2346	1877	1027	5309	3058	1449.0	2400	711	1111	1
31	2422	1934	1053	5470	3047	1495.0	2400	711	1111	1
31	2422	1930	1051	5462	3044	1490.0	2400	711	1111	1
31	2424	1934	1053	5471	3046	1494.0	2400	711	1111	1
31	2420	1932	1052	5464	3047	1493.0	2400	711	1111	1
31	2426	1932	1052	5470	3043	1491.0	2400	711	1111	1
31	2420	1933	1052	5465	3047	1495.0	2400	711	1111	1
31	2424	1931	1052	5467	3044	1490.0	2400	711	1111	1
31	2423	1933	1053	5468	3046	1493.0	2400	711	1111	1
31	2421	1931	1052	5464	3046	1491.0	2400	711	1111	1
31	2424	1932	1052	5468	3044	1492.0	2400	711	1111	1
31	2419	1933	1052	5465	3047	1495.0	2400	711	1111	1
31	2417	1925	1049	5451	3044	1485.0	2400	711	1111	1
31	2346	1877	1028	5310	3060	1448.0	2400	711	1111	1
31	2346	1878	1028	5312	3060	1450.0	2400	711	1111	1
31	2346	1877	1027	5309	3058	1449.0	2400	711	1111	1
31	2346	1878	1028	5312	3060	1450.0	2400	711	1111	1
31	2354	1883	1030	5327	3058	1453.0	2400	711	1111	1
31	2346	1877	1027	5312	3058	1449.0	2400	711	1111	1
31	2346	1878	1028	5313	3060	1450.0	2400	711	1111	0
31	3901	2986	1522	8484	2877	2332.0	2400	711	1111	0
31	4434	3360	1690	9565	2843	2626.0	2400	711	1111	0
31	4428	3360	1689	9557	2844	2629.0	2400	711	1111	0
31	4431	3359	1690	9560	2844	2626.0	2400	711	1111	0
32	4430	3359	1689	9558	2843	2627.0	2400	1066	888	1
32	4031	3076	1563	8747	2868	2402.0	2400	1066	888	1
32	2613	1686	972	5288	2808	1101.0	2400	1066	888	1
32	2615	1689	974	5296	2810	1104.0	2400	1066	888	1
32	2613	1686	972	5289	2808	1101.0	2400	1066	888	1
32	2616	1689	974	5297	2809	1103.0	2400	1066	888	1
32	2613	1686	972	5290	2808	1101.0	2400	1066	888	1
32	2616	1689	975	5298	2811	1102.0	2400	1066	888	1
32	2613	1686	972	5289	2808	1101.0	2400	1066	888	1
32	2626	1695	977	5316	2808	1107.0	2400	1066	888	1
32	2613	1686	972	5290	2808	1101.0	2400	1066	888	1
32	2704	1736	996	5454	2794	1133.0	2400	1066	888	1
32	2701	1735	995	5448	2794	1133.0	2400	1066	888	1
32	2703	1734	994	5448	2792	1131.0	2400	1066	888	1
32	2699	1737	997	5451	2798	1135.0	2400	1066	888	1
32	2704	1733	994	5448	2791	1129.0	2400	1066	888	1
32	2689	1731	994	5433	2799	1131.0	2400	1066	888	1
32	2701	1732	994	5445	2793	1129.0	2400	1066	888	1
32	2703	1738	997	5456	2796	1135.0	2400	1066	888	1
32	2698	1732	994	5442	2794	1130.0	2400	1066	888	1
32	2705	1737	997	5457	2795	1133.0	2400	1066	888	1
32	2697	1734	994	5444	2795	1133.0	2400	1066	888	1
32	2616	1689	974	5298	2809	1103.0	2400	1066	888	1
32	2614	1686	972	5291	2807	1101.0	2400	1066	888	1
32	2620	1689	975	5302	2808	1101.0	2400	1066	888	1
32	2614	1687	972	5292	2807	1102.0	2400	1066	888	1
32	2616	1689	974	5297	2809	1103.0	2400	1066	888	1
32	2614	1687	973	5292	2809	1101.0	2400	1066	888	1
32	2616	1688	974	5296	2809	1102.0	2400	1066	888	1
32	2614	1687	973	5293	2809	1101.0	2400	1066	888	1
32	2615	1688	974	5296	2810	1102.0	2400	1066	888	1
32	2615	1688	974	5296	2810	1102.0	2400	1066	888	1
32	2684	1725	991	5418	2797	1125.0	2400	1066	888	1
32	2701	1736	996	5451	2795	1134.0	2400	1066	888	1
32	2701	1733	995	5447	2794	1130.0	2400	1066	888	1
32	2704	1736	996	5454	2794	1133.0	2400	1066	888	1
32	2689	1729	993	5429	2797	1129.0	2400	1066	888	1
32	2704	1735	995	5453	2792	1132.0	2400	1066	888	1
32	2698	1736	996	5448	2797	1135.0	2400	1066	888	1
32	2705	1734	995	5452	2792	1130.0	2400	1066	888	1
32	2690	1731	994	5433	2798	1131.0	2400	1066	888	1
32	2702	1733	994	5448	2792	1130.0	2400	1066	888	1
32	2703	1737	997	5455	2796	1134.0	2400	1066	888	1
32	2699	1733	994	5445	2794	1131.0	2400	1066	888	1
32	2626	1694	976	5315	2807	1106.0	2400	1066	888	1
32	2614	1687	972	5292	2807	1102.0	2400	1066	888	0
32	2616	1689	974	5297	2809	1103.0	2400	1066	888	0
32	331	445	388	1201	5857	310.0	2400	1066	888	0
32	333	447	390	1208	5853	311.0	2400	1066	888	0
32	333	447	390	1208	5853	311.0	2400	1066	888	0
33	331	445	388	1201	5857	310.0	2400	1422	666	1
33	2233	1232	785	4244	2727	645.0	2400	1422	666	1
33	2978	1534	937	5424	2579	768.0	2400	1422	666	1
33	2981	1539	940	5437	2582	773.0	2400	1422	666	1
33	2984	1536	938	5434	2578	769.0	2400	1422	666	1
33	2886	1500	920	5285	2596	757.0	2400	1422	666	1
33	2884	1497	918	5277	2593	754.0	2400	1422	666	1
33	2886	1500	920	5285	2596	757.0	2400	1422	666	1
33	2884	1497	918	5277	2593	754.0	2400	1422	666	1
33	2886	1500	920	5285	2596	757.0	2400	1422	666	1
33	2895	1502	920	5295	2591	757.0	2400	1422	666	1
33	2886	1500	920	5285	2596	757.0	2400	1422	666	1
33	2884	1497	918	5277	2593	754.0	2400	1422	666	1
33	2886	1500	920	5285	2596	757.0	2400	1422	666	1
33	2884	1497	918	5278	2594	754.0	2400	1422	666	1
33	2886	1500	920	5285	2596	757.0	2400	1422	666	1
33	2953	1528	933	5391	2585	770.0	2400	1422	666	1
33	2987	1533	936	5443	2579	764.0	2400	1422	666	1
33	2984	1539	940	5440	2581	772.0	2400	1422	666	1
33	2982	1539	939	5435	2580	773.0	2400	1422	666	1
33	2982	1539	940	5436	2581	772.0	2400	1422	666	1
33	2984	1539	939	5438	2579	773.0	2400	1422	666	1
33	2980	1539	940	5434	2582	773.0	2400	1422	666	1
33	2985	1539	939	5440	2579	772.0	2400	1422	666	1
33	2978	1539	940	5434	2583	774.0	2400	1422	666	1
33	2986	1539	939	5440	2578	772.0	2400	1422	666	1
33	2967	1535	937	5415	2583	773.0	2400	1422	666	1
33	2885	1499	919	5281	2594	756.0	2400	1422	666	1
33	2885	1499	919	5282	2595	756.0	2400	1422	666	1
33	2885	1499	919	5282	2595	756.0	2400	1422	666	1
33	2891	1503	921	5294	2595	759.0	2400	1422	666	1
33	2885	1499	919	5282	2595	756.0	2400	1422	666	1
33	2884	1498	919	5280	2596	755.0	2400	1422	666	1
33	2885	1499	920	5282	2596	755.0	2400	1422	666	1
33	2895	1503	921	5297	2593	758.0	2400	1422	666	1
33	2885	1499	920	5283	2596	755.0	2400	1422	666	1
33	2885	1500	920	5284	2596	757.0	2400	1422	666	1
33	2884	1498	918	5278	2593	756.0	2400	1422	666	1
33	2981	1540	941	5439	2584	774.0	2400	1422	666	1
33	2982	1537	938	5434	2579	771.0	2400	1422	666	1
33	2983	1541	941	5441	2582	775.0	2400	1422	666	1
33	2979	1536	938	5429	2580	770.0	2400	1422	666	1
33	2986	1541	941	5445	2582	774.0	2400	1422	666	1
33	2977	1537	938	5428	2580	772.0	2400	1422	666	1
33	2987	1540	941	5444	2580	772.0	2400	1422	666	1
33	2976	1537	938	5428	2582	773.0	2400	1422	666	0
33	2988	1540	941	5445	2580	771.0	2400	1422	666	0
33	5525	2587	1468	9497	2382	1215.0	2400	1422	666	0
33	5532	2590	1470	9508	2382	1216.0	2400	1422	666	0
33	5526	2587	1468	9497	2381	1214.0	2400	1422	666	0
34	5528	2589	1470	9503	2382	1215.0	2400	1777	444	1
34	5528	2588	1468	9500	2381	1215.0	2400	1777	444	1
34	3055	1483	924	5427	2528	672.0	2400	1777	444	1
34	3264	1340	882	5420	2392	409.0	2400	1777	444	1
34	3264	1340	882	5420	2392	409.0	2400	1777	444	1
34	3260	1343	884	5421	2395	414.0	2400	1777	444	1
34	3261	1340	882	5417	2393	410.0	2400	1777	444	1
34	3257	1343	884	5419	2397	415.0	2400	1777	444	1
34	3259	1340	881	5414	2392	412.0	2400	1777	444	1
34	3265	1344	884	5427	2394	414.0	2400	1777	444	1
34	3153	1308	864	5263	2407	408.0	2400	1777	444	1
34	3167	1314	868	5286	2407	410.0	2400	1777	444	1
34	3153	1308	864	5263	2407	408.0	2400	1777	444	1
34	3154	1310	865	5267	2408	410.0	2400	1777	444	1
34	3154	1308	864	5264	2407	408.0	2400	1777	444	1
34	3154	1309	865	5267	2409	409.0	2400	1777	444	1
34	3154	1308	864	5264	2407	408.0	2400	1777	444	1
34	3154	1309	865	5266	2408	409.0	2400	1777	444	1
34	3154	1309	865	5265	2408	409.0	2400	1777	444	1
34	3154	1309	865	5265	2408	409.0	2400	1777	444	1
34	3167	1312	867	5283	2406	408.0	2400	1777	444	1
34	3154	1309	865	5266	2408	409.0	2400	1777	444	1
34	3260	1341	882	5418	2394	412.0	2400	1777	444	1
34	3262	1341	883	5420	2393	411.0	2400	1777	444	1
34	3263	1342	883	5421	2393	412.0	2400	1777	444	1
34	3258	1342	883	5417	2395	414.0	2400	1777	444	1
34	3266	1341	883	5423	2392	409.0	2400	1777	444	1
34	3245	1338	881	5399	2397	413.0	2400	1777	444	1
34	3265	1341	882	5422	2391	411.0	2400	1777	444	1
34	3260	1343	884	5420	2395	414.0	2400	1777	444	1
34	3262	1340	882	5418	2392	410.0	2400	1777	444	1
34	3262	1343	884	5424	2395	413.0	2400	1777	444	1
34	3178	1314	867	5296	2403	407.0	2400	1777	444	1
34	3155	1310	866	5269	2409	409.0	2400	1777	444	1
34	3153	1307	863	5262	2407	407.0	2400	1777	444	1
34	3162	1310	867	5277	2408	406.0	2400	1777	444	1
34	3153	1307	863	5261	2406	407.0	2400	1777	444	1
34	3155	1310	866	5269	2409	409.0	2400	1777	444	1
34	3153	1307	863	5261	2406	407.0	2400	1777	444	1
34	3155	1310	866	5270	2410	409.0	2400	1777	444	1
34	3153	1310	866	5261	2407	410.0	2400	1777	444	1
34	3153	1307	863	5261	2406	407.0	2400	1777	444	1
34	3155	1311	866	5270	2409	411.0	2400	1777	444	1
34	3264	1340	882	5420	2392	409.0	2400	1777	444	1
34	3262	1343	884	5423	2395	413.0	2400	1777	444	1
34	3260	1340	881	5415	2392	411.0	2400	1777	444	0
34	2370	1069	733	4137	2550	381.0	2400	1777	444	0
34	331	445	388	1201	5857	310.0	2400	1777	444	0
34	333	447	390	1208	5853	311.0	2400	1777	444	0
34	331	445	388	1202	5857	310.0	2400	1777	444	0
35	333	447	390	1208	5853	311.0	2400	2133	222	1
35	332	445	388	1202	5843	310.0	2400	2133	222	1
35	3431	1136	820	5285	2257	78.0	2400	2133	222	1
35	3428	1133	818	5278	2257	76.0	2400	2133	222	1
35	3435	1136	820	5289	2256	77.0	2400	2133	222	1
35	3536	1158	833	5419	2243	70.0	2400	2133	222	1
35	3543	1160	835	5430	2243	69.0	2400	2133	222	1
35	3552	1161	835	5440	2241	68.0	2400	2133	222	1
35	3541	1160	835	5428	2244	70.0	2400	2133	222	1
35	3544	1160	835	5430	2243	69.0	2400	2133	222	1
35	3547	1160	835	5434	2242	68.0	2400	2133	222	1
35	3547	1160	835	5434	2242	68.0	2400	2133	222	1
35	3545	1160	835	5432	2243	68.0	2400	2133	222	1
35	3545	1158	834	5428	2242	66.0	2400	2133	222	1
35	3542	1160	835	5429	2244	69.0	2400	2133	222	1
35	3455	1139	821	5311	2251	75.0	2400	2133	222	1
35	3429	1135	819	5281	2257	78.0	2400	2133	222	1
35	3427	1133	818	5275	2256	76.0	2400	2133	222	1
35	3429	1135	819	5281	2257	78.0	2400	2133	222	1
35	3427	1133	817	5275	2255	77.0	2400	2133	222	1
35	3429	1135	819	5281	2257	78.0	2400	2133	222	1
35	3441	1135	819	5293	2254	74.0	2400	2133	222	1
35	3429	1135	819	5281	2257	78.0	2400	2133	222	1
35	3427	1132	817	5274	2255	76.0	2400	2133	222	1
35	3429	1135	819	5282	2258	78.0	2400	2133	222	1
35	3427	1132	817	5274	2255	76.0	2400	2133	222	1
35	3429	1135	820	5282	2258	78.0	2400	2133	222	1
35	3544	1161	836	5434	2245	70.0	2400	2133	222	1
35	3536	1156	832	5417	2243	67.0	2400	2133	222	1
35	3541	1161	836	5431	2246	70.0	2400	2133	222	1
35	3549	1159	834	5435	2242	66.0	2400	2133	222	1
35	3545	1161	836	5435	2245	69.0	2400	2133	222	1
35	3545	1158	833	5429	2242	67.0	2400	2133	222	1
35	3549	1162	836	5440	2244	69.0	2400	2133	222	1
35	3541	1158	833	5424	2242	68.0	2400	2133	222	1
35	3553	1162	837	5444	2243	67.0	2400	2133	222	1
35	3540	1158	833	5424	2243	68.0	2400	2133	222	1
35	3536	1159	834	5422	2245	70.0	2400	2133	222	1
35	3428	1133	817	5275	2255	77.0	2400	2133	222	1
35	3429	1135	820	5282	2258	78.0	2400	2133	222	1
35	3428	1133	818	5275	2255	76.0	2400	2133	222	1
35	3436	1138	820	5291	2256	80.0	2400	2133	222	1
35	3428	1133	818	5276	2256	76.0	2400	2133	222	1
35	3429	1135	819	5281	2257	78.0	2400	2133	222	1
35	3428	1133	818	5277	2256	76.0	2400	2133	222	1
35	3428	1133	818	5277	2256	76.0	2400	2133	222	0
35	6080	1723	1187	8769	2078	0.0	2400	2133	222	0
35	6632	1845	1263	9493	2058	0.0	2400	2133	222	0
35	6640	1846	1264	9503	2058	0.0	2400	2133	222	0
35	6629	1844	1263	9488	2058	0.0	2400	2133	222	0
36	6639	1846	1264	9500	2057	0.0	2400	2488	0	1
36	5748	1648	1141	8329	2091	0.0	2400	2488	0	1
36	3736	1051	816	5462	2166	0.0	2400	2488	0	1
36	3737	1052	817	5465	2167	0.0	2400	2488	0	1
36	3737	1051	816	5462	2165	0.0	2400	2488	0	1
36	3738	1052	817	5466	2166	0.0	2400	2488	0	1
36	3737	1050	816	5462	2166	0.0	2400	2488	0	1
36	3738	1052	817	5467	2166	0.0	2400	2488	0	1
36	3737	1050	816	5462	2166	0.0	2400	2488	0	1
36	3738	1052	817	5467	2166	0.0	2400	2488	0	1
36	3862	1073	831	5618	2152	0.0	2400	2488	0	1
36	3870	1076	834	5633	2154	0.0	2400	2488	0	1
36	3865	1073	832	5622	2152	0.0	2400	2488	0	1
36	3867	1073	832	5629	2154	0.0	2400	2488	0	1
36	3848	1072	832	5605	2157	0.0	2400	2488	0	1
36	3872	1074	832	5629	2151	0.0	2400	2488	0	1
36	3862	1075	833	5623	2155	0.0	2400	2488	0	1
36	3869	1073	832	5626	2151	0.0	2400	2488	0	1
36	3857	1075	833	5619	2156	0.0	2400	2488	0	1
36	3865	1073	831	5622	2152	0.0	2400	2488	0	1
36	3869	1076	834	5632	2154	0.0	2400	2488	0	1
36	3736	1050	815	5460	2165	0.0	2400	2488	0	1
36	3753	1056	820	5487	2166	0.0	2400	2488	0	1
36	3736	1050	815	5460	2165	0.0	2400	2488	0	1
36	3739	1053	818	5469	2167	0.0	2400	2488	0	1
36	3737	1050	815	5461	2165	0.0	2400	2488	0	1
36	3739	1053	818	5469	2167	0.0	2400	2488	0	1
36	3737	1050	816	5462	2166	0.0	2400	2488	0	1
36	3739	1053	818	5468	2166	0.0	2400	2488	0	1
36	3737	1050	816	5462	2166	0.0	2400	2488	0	1
36	3739	1053	817	5468	2166	0.0	2400	2488	0	1
36	3752	1053	818	5481	2164	0.0	2400	2488	0	1
36	3872	1075	833	5631	2152	0.0	2400	2488	0	1
36	3863	1074	833	5623	2155	0.0	2400	2488	0	1
36	3872	1075	833	5632	2152	0.0	2400	2488	0	1
36	3863	1074	833	5622	2154	0.0	2400	2488	0	1
36	3870	1075	833	5629	2152	0.0	2400	2488	0	1
36	3866	1074	833	5626	2154	0.0	2400	2488	0	1
36	3851	1071	831	5606	2155	0.0	2400	2488	0	1
36	3869	1075	833	5629	2153	0.0	2400	2488	0	1
36	3863	1074	832	5621	2153	0.0	2400	2488	0	1
36	3873	1075	833	5633	2152	0.0	2400	2488	0	1
36	3862	1074	832	5620	2153	0.0	2400	2488	0	1
36	3737	1051	816	5462	2165	0.0	2400	2488	0	1
36	3738	1052	817	5466	2166	0.0	2400	2488	0	1
36	3736	1051	816	5462	2166	0.0	2400	2488	0	0
36	3748	1053	818	5477	2165	0.0	2400	2488	0	0
36	331	445	388	1202	5857	310.0	2400	2488	0	0
36	333	447	390	1207	5853	311.0	2400	2488	0	0
36	331	445	388	1201	5857	310.0	2400	2488	0	0
37	331	444	388	1200	5857	309.0	2400	0	1777	1
37	1672	2107	1086	4981	3865	1987.0	2400	0	1777	1
37	2005	2519	1258	5917	3781	2404.0	2400	0	1777	1
37	2003	2516	1258	5912	3783	2400.0	2400	0	1777	1
37	1943	2443	1226	5743	3795	2327.0	2400	0	1777	1
37	1945	2446	1228	5751	3796	2330.0	2400	0	1777	1
37	1943	2443	1226	5742	3795	2327.0	2400	0	1777	1
37	1946	2446	1228	5751	3795	2330.0	2400	0	1777	1
37	1950	2452	1229	5763	3792	2337.0	2400	0	1777	1
37	1946	2446	1228	5751	3795	2330.0	2400	0	1777	1
37	1943	2443	1225	5742	3793	2328.0	2400	0	1777	1
37	1945	2446	1228	5750	3796	2330.0	2400	0	1777	1
37	1950	2452	1229	5762	3792	2337.0	2400	0	1777	1
37	1945	2446	1228	5750	3796	2330.0	2400	0	1777	1
37	1943	2443	1226	5743	3795	2327.0	2400	0	1777	1
37	1996	2508	1254	5892	3784	2392.0	2400	0	1777	1
37	1996	2512	1255	5897	3786	2398.0	2400	0	1777	1
37	2007	2521	1260	5923	3782	2405.0	2400	0	1777	1
37	2006	2523	1260	5923	3784	2408.0	2400	0	1777	1
37	2006	2518	1257	5915	3778	2403.0	2400	0	1777	1
37	2004	2524	1260	5923	3786	2410.0	2400	0	1777	1
37	2007	2517	1257	5916	3777	2401.0	2400	0	1777	1
37	2005	2522	1260	5921	3785	2407.0	2400	0	1777	1
37	2005	2520	1258	5918	3781	2405.0	2400	0	1777	1
37	1999	2511	1255	5899	3782	2395.0	2400	0	1777	1
37	2004	2522	1259	5919	3784	2408.0	2400	0	1777	1
37	1944	2445	1227	5747	3795	2329.0	2400	0	1777	1
37	1944	2444	1227	5746	3795	2328.0	2400	0	1777	1
37	1944	2444	1227	5746	3795	2328.0	2400	0	1777	1
37	1944	2445	1227	5747	3795	2329.0	2400	0	1777	1
37	1944	2444	1227	5745	3795	2328.0	2400	0	1777	1
37	1944	2445	1227	5747	3795	2329.0	2400	0	1777	1
37	1951	2453	1230	5765	3792	2338.0	2400	0	1777	1
37	1945	2445	1227	5748	3794	2329.0	2400	0	1777	1
37	1943	2443	1226	5744	3795	2327.0	2400	0	1777	1
37	1945	2445	1228	5748	3796	2328.0	2400	0	1777	1
37	1943	2445	1227	5743	3797	2330.0	2400	0	1777	1
37	2006	2517	1256	5914	3776	2402.0	2400	0	1777	1
37	2004	2524	1261	5923	3788	2410.0	2400	0	1777	1
37	1999	2508	1253	5894	3779	2392.0	2400	0	1777	1
37	2005	2522	1260	5922	3785	2407.0	2400	0	1777	1
37	2005	2519	1257	5915	3779	2404.0	2400	0	1777	1
37	2007	2521	1259	5922	3781	2406.0	2400	0	1777	1
37	2003	2520	1258	5916	3783	2406.0	2400	0	1777	1
37	2008	2519	1259	5921	3779	2402.0	2400	0	1777	1
37	2002	2521	1258	5915	3785	2408.0	2400	0	1777	0
37	2008	2520	1259	5922	3779	2404.0	2400	0	1777	0
37	3609	4514	2094	10444	3601	4420.0	2400	0	1777	0
37	3612	4515	2096	10451	3601	4419.0	2400	0	1777	0
37	3610	4510	2093	10440	3599	4414.0	2400	0	1777	0
38	3610	4516	2096	10450	3603	4421.0	2400	355	1555	1
38	3611	4509	2092	10439	3598	4413.0	2400	355	1555	1
38	2053	2448	1234	5860	3681	2294.0	2400	355	1555	1
38	2168	2333	1195	5803	3491	2103.0	2400	355	1555	1
38	2169	2339	1198	5814	3495	2110.0	2400	355	1555	1
38	2162	2329	1194	5793	3495	2100.0	2400	355	1555	1
38	2166	2337	1197	5808	3496	2109.0	2400	355	1555	1
38	2171	2336	1197	5812	3491	2106.0	2400	355	1555	1
38	2166	2337	1197	5808	3496	2109.0	2400	355	1555	1
38	2110	2276	1172	5664	3507	2049.0	2400	355	1555	1
38	2100	2266	1167	5640	3508	2040.0	2400	355	1555	1
38	2101	2268	1168	5643	3509	2042.0	2400	355	1555	1
38	2101	2267	1167	5640	3507	2041.0	2400	355	1555	1
38	2101	2267	1167	5642	3507	2041.0	2400	355	1555	1
38	2101	2267	1167	5640	3507	2041.0	2400	355	1555	1
38	2101	2267	1167	5642	3507	2041.0	2400	355	1555	1
38	2101	2267	1167	5642	3507	2041.0	2400	355	1555	1
38	2101	2267	1167	5641	3507	2041.0	2400	355	1555	1
38	2101	2267	1167	5642	3507	2041.0	2400	355	1555	1
38	2101	2267	1167	5639	3507	2041.0	2400	355	1555	1
38	2101	2268	1168	5643	3509	2042.0	2400	355	1555	1
38	2169	2335	1196	5808	3491	2105.0	2400	355	1555	1
38	2167	2339	1198	5812	3497	2111.0	2400	355	1555	1
38	2168	2339	1199	5814	3498	2110.0	2400	355	1555	1
38	2169	2333	1195	5805	3490	2103.0	2400	355	1555	1
38	2161	2330	1195	5794	3497	2101.0	2400	355	1555	1
38	2166	2335	1195	5805	3493	2107.0	2400	355	1555	1
38	2170	2337	1198	5813	3494	2107.0	2400	355	1555	1
38	2165	2337	1196	5806	3495	2110.0	2400	355	1555	1
38	2171	2336	1197	5813	3491	2106.0	2400	355	1555	1
38	2166	2337	1196	5807	3494	2110.0	2400	355	1555	1
38	2125	2287	1177	5696	3501	2058.0	2400	355	1555	1
38	2100	2266	1166	5637	3506	2041.0	2400	355	1555	1
38	2110	2277	1172	5665	3507	2051.0	2400	355	1555	1
38	2100	2266	1166	5637	3506	2041.0	2400	355	1555	1
38	2102	2269	1169	5645	3509	2043.0	2400	355	1555	1
38	2100	2266	1166	5637	3506	2041.0	2400	355	1555	1
38	2102	2269	1169	5646	3509	2043.0	2400	355	1555	1
38	2100	2266	1166	5638	3506	2041.0	2400	355	1555	1
38	2102	2269	1169	5645	3509	2043.0	2400	355	1555	1
38	2100	2266	1166	5638	3506	2041.0	2400	355	1555	1
38	2108	2274	1170	5657	3505	2048.0	2400	355	1555	1
38	2170	2338	1198	5813	3494	2108.0	2400	355	1555	1
38	2167	2336	1196	5808	3493	2108.0	2400	355	1555	1
38	2171	2336	1197	5812	3491	2106.0	2400	355	1555	1
38	2166	2338	1197	5808	3496	2110.0	2400	355	1555	0
38	1468	1611	887	4047	3693	1416.0	2400	355	1555	0
38	332	446	389	1203	5855	311.0	2400	355	1555	0
38	332	446	389	1206	5855	311.0	2400	355	1555	0
38	332	446	389	1204	5855	311.0	2400	355	1555	0
39	332	446	389	1204	5855	311.0	2400	711	1333	1
39	332	446	389	1204	5855	311.0	2400	711	1333	1
39	2373	2077	1113	5627	3177	1693.0	2400	711	1333	1
39	2372	2077	1113	5627	3178	1693.0	2400	711	1333	1
39	2447	2140	1141	5793	3167	1748.0	2400	711	1333	1
39	2450	2138	1140	5794	3163	1744.0	2400	711	1333	1
39	2449	2140	1141	5795	3166	1747.0	2400	711	1333	1
39	2446	2139	1141	5793	3168	1746.0	2400	711	1333	1
39	2450	2137	1139	5792	3162	1743.0	2400	711	1333	1
39	2447	2136	1139	5796	3164	1743.0	2400	711	1333	1
39	2448	2142	1142	5798	3168	1750.0	2400	711	1333	1
39	2447	2136	1138	5787	3162	1744.0	2400	711	1333	1
39	2450	2141	1142	5799	3166	1748.0	2400	711	1333	1
39	2446	2138	1139	5788	3165	1746.0	2400	711	1333	1
39	2398	2095	1122	5679	3173	1706.0	2400	711	1333	1
39	2370	2075	1112	5622	3178	1691.0	2400	711	1333	1
39	2373	2079	1114	5631	3179	1695.0	2400	711	1333	1
39	2370	2075	1112	5622	3178	1691.0	2400	711	1333	1
39	2372	2078	1114	5630	3180	1694.0	2400	711	1333	1
39	2379	2083	1115	5642	3176	1699.0	2400	711	1333	1
39	2373	2079	1114	5631	3179	1695.0	2400	711	1333	1
39	2370	2075	1112	5622	3178	1691.0	2400	711	1333	1
39	2372	2078	1114	5630	3180	1694.0	2400	711	1333	1
39	2379	2082	1115	5641	3176	1697.0	2400	711	1333	1
39	2372	2078	1114	5629	3180	1694.0	2400	711	1333	1
39	2370	2076	1112	5622	3178	1693.0	2400	711	1333	1
39	2452	2140	1141	5799	3163	1746.0	2400	711	1333	1
39	2436	2132	1137	5771	3169	1742.0	2400	711	1333	1
39	2447	2140	1140	5792	3165	1748.0	2400	711	1333	1
39	2449	2138	1140	5793	3164	1745.0	2400	711	1333	1
39	2449	2139	1140	5794	3164	1746.0	2400	711	1333	1
39	2448	2139	1141	5793	3166	1746.0	2400	711	1333	1
39	2450	2138	1140	5794	3163	1744.0	2400	711	1333	1
39	2446	2140	1141	5794	3168	1748.0	2400	711	1333	1
39	2452	2137	1140	5795	3162	1742.0	2400	711	1333	1
39	2438	2133	1138	5775	3169	1742.0	2400	711	1333	1
39	2449	2137	1140	5792	3164	1743.0	2400	711	1333	1
39	2371	2076	1113	5625	3179	1692.0	2400	711	1333	1
39	2372	2077	1113	5628	3178	1693.0	2400	711	1333	1
39	2371	2076	1112	5625	3177	1693.0	2400	711	1333	1
39	2372	2077	1114	5628	3180	1692.0	2400	711	1333	1
39	2370	2076	1112	5623	3178	1693.0	2400	711	1333	1
39	2372	2078	1114	5628	3180	1694.0	2400	711	1333	1
39	2379	2083	1115	5642	3176	1699.0	2400	711	1333	1
39	2372	2078	1114	5629	3180	1694.0	2400	711	1333	1
39	2370	2075	1112	5622	3178	1691.0	2400	711	1333	0
39	4280	3607	1792	9770	2986	2992.0	2400	711	1333	0
39	4484	3765	1864	10206	2974	3122.0	2400	711	1333	0
39	4481	3765	1863	10201	2975	3124.0	2400	711	1333	0
39	4481	3766	1864	10205	2975	3125.0	2400	711	1333	0
40	4482	3763	1862	10198	2973	3121.0	2400	1066	1111	1
40	3742	3174	1601	8599	3021	2623.0	2400	1066	1111	1
40	2638	1885	1057	5604	2917	1345.0	2400	1066	1111	1
40	2640	1888	1060	5614	2920	1347.0	2400	1066	1111	1
40	2638	1885	1057	5605	2917	1345.0	2400	1066	1111	1
40	2640	1888	1060	5614	2920	1347.0	2400	1066	1111	1
40	2638	1886	1057	5606	2917	1346.0	2400	1066	1111	1
40	2641	1889	1060	5614	2920	1348.0	2400	1066	1111	1
40	2638	1886	1057	5606	2917	1346.0	2400	1066	1111	1
40	2729	1942	1084	5780	2904	1385.0	2400	1066	1111	1
40	2728	1942	1084	5777	2904	1386.0	2400	1066	1111	1
40	2725	1943	1085	5777	2908	1387.0	2400	1066	1111	1
40	2730	1940	1083	5776	2902	1383.0	2400	1066	1111	1
40	2714	1937	1082	5758	2909	1384.0	2400	1066	1111	1
40	2729	1944	1086	5782	2907	1387.0	2400	1066	1111	1
40	2725	1941	1083	5773	2905	1386.0	2400	1066	1111	1
40	2720	1936	1081	5761	2905	1381.0	2400	1066	1111	1
40	2723	1943	1084	5774	2907	1389.0	2400	1066	1111	1
40	2730	1941	1084	5778	2903	1383.0	2400	1066	1111	1
40	2727	1943	1085	5779	2906	1387.0	2400	1066	1111	1
40	2650	1893	1061	5629	2916	1350.0	2400	1066	1111	1
40	2640	1887	1059	5611	2919	1346.0	2400	1066	1111	1
40	2639	1887	1058	5608	2918	1347.0	2400	1066	1111	1
40	2640	1888	1059	5611	2919	1347.0	2400	1066	1111	1
40	2639	1886	1058	5607	2918	1345.0	2400	1066	1111	1
40	2640	1888	1059	5612	2919	1347.0	2400	1066	1111	1
40	2639	1886	1058	5607	2918	1345.0	2400	1066	1111	1
40	2640	1888	1059	5612	2919	1347.0	2400	1066	1111	1
40	2639	1886	1057	5606	2917	1346.0	2400	1066	1111	1
40	2640	1888	1060	5613	2920	1347.0	2400	1066	1111	1
40	2638	1886	1057	5605	2917	1346.0	2400	1066	1111	1
40	2682	1917	1073	5696	2915	1369.0	2400	1066	1111	1
40	2732	1943	1085	5771	2904	1385.0	2400	1066	1111	1
40	2723	1941	1083	5770	2906	1386.0	2400	1066	1111	1
40	2731	1942	1085	5781	2904	1384.0	2400	1066	1111	1
40	2726	1942	1083	5775	2904	1387.0	2400	1066	1111	1
40	2717	1936	1082	5759	2908	1381.0	2400	1066	1111	1
40	2729	1940	1083	5776	2902	1383.0	2400	1066	1111	1
40	2725	1944	1086	5779	2909	1388.0	2400	1066	1111	1
40	2730	1939	1083	5776	2902	1381.0	2400	1066	1111	1
40	2726	1945	1086	5781	2908	1390.0	2400	1066	1111	1
40	2726	1939	1082	5771	2903	1383.0	2400	1066	1111	1
40	2641	1889	1060	5614	2920	1348.0	2400	1066	1111	1
40	2639	1886	1058	5606	2918	1345.0	2400	1066	1111	1
40	2651	1895	1063	5632	2918	1352.0	2400	1066	1111	1
40	2639	1886	1058	5607	2918	1345.0	2400	1066	1111	0
40	2641	1888	1059	5612	2918	1347.0	2400	1066	1111	0
40	332	445	388	1202	5843	310.0	2400	1066	1111	0
40	333	447	390	1206	5853	311.0	2400	1066	1111	0
40	332	445	388	1203	5843	310.0	2400	1066	1111	0
41	332	447	389	1206	5855	313.0	2400	1422	888	1
41	2659	1578	946	5172	2741	935.0	2400	1422	888	1
41	2997	1738	1025	5742	2686	1019.0	2400	1422	888	1
41	2910	1697	1004	5595	2698	998.0	2400	1422	888	1
41	2910	1698	1005	5596	2699	999.0	2400	1422	888	1
41	2909	1697	1004	5594	2699	999.0	2400	1422	888	1
41	2910	1698	1005	5596	2699	999.0	2400	1422	888	1
41	2909	1696	1004	5593	2699	997.0	2400	1422	888	1
41	2910	1698	1005	5597	2699	999.0	2400	1422	888	1
41	2909	1696	1003	5592	2697	998.0	2400	1422	888	1
41	2922	1704	1008	5617	2698	1003.0	2400	1422	888	1
41	2908	1696	1003	5591	2698	998.0	2400	1422	888	1
41	2910	1698	1005	5598	2700	999.0	2400	1422	888	1
41	2909	1696	1003	5591	2697	998.0	2400	1422	888	1
41	2938	1713	1012	5647	2696	1009.0	2400	1422	888	1
41	3009	1743	1026	5760	2682	1023.0	2400	1422	888	1
41	3004	1746	1028	5760	2687	1028.0	2400	1422	888	1
41	3010	1742	1026	5759	2682	1021.0	2400	1422	888	1
41	3005	1746	1029	5762	2688	1027.0	2400	1422	888	1
41	3009	1747	1029	5767	2686	1027.0	2400	1422	888	1
41	3003	1741	1025	5752	2684	1022.0	2400	1422	888	1
41	3012	1746	1029	5769	2685	1024.0	2400	1422	888	1
41	3002	1743	1026	5753	2685	1025.0	2400	1422	888	1
41	3013	1745	1029	5769	2684	1022.0	2400	1422	888	1
41	3004	1744	1027	5756	2686	1025.0	2400	1422	888	1
41	2911	1698	1005	5598	2699	999.0	2400	1422	888	1
41	2909	1696	1003	5591	2697	998.0	2400	1422	888	1
41	2911	1699	1006	5599	2700	1000.0	2400	1422	888	1
41	2909	1696	1003	5592	2697	998.0	2400	1422	888	1
41	2911	1698	1005	5598	2699	999.0	2400	1422	888	1
41	2920	1702	1006	5612	2696	1002.0	2400	1422	888	1
41	2910	1698	1005	5597	2699	999.0	2400	1422	888	1
41	2909	1696	1004	5593	2699	997.0	2400	1422	888	1
41	2910	1698	1005	5597	2699	999.0	2400	1422	888	1
41	2921	1702	1007	5613	2697	1001.0	2400	1422	888	1
41	2910	1698	1005	5596	2699	999.0	2400	1422	888	1
41	2910	1697	1004	5595	2698	998.0	2400	1422	888	1
41	2992	1740	1025	5740	2689	1024.0	2400	1422	888	1
41	3012	1744	1027	5765	2682	1023.0	2400	1422	888	1
41	3004	1746	1028	5760	2687	1028.0	2400	1422	888	1
41	3010	1743	1027	5762	2683	1022.0	2400	1422	888	1
41	3007	1746	1028	5763	2685	1027.0	2400	1422	888	1
41	3007	1742	1026	5757	2683	1022.0	2400	1422	888	1
41	3010	1747	1029	5768	2685	1027.0	2400	1422	888	1
41	3004	1743	1026	5755	2684	1024.0	2400	1422	888	1
41	3012	1746	1029	5768	2685	1024.0	2400	1422	888	0
41	2991	1738	1024	5735	2687	1022.0	2400	1422	888	0
41	5585	2994	1644	10150	2495	1709.0	2400	1422	888	0
41	5574	2992	1641	10135	2495	1711.0	2400	1422	888	0
41	5584	2993	1643	10148	2494	1708.0	2400	1422	888	0
42	5574	2991	1641	10133	2495	1710.0	2400	1777	666	1
42	5582	2993	1643	10145	2494	1709.0	2400	1777	666	1
42	3122	1658	1002	5746	2598	869.0	2400	1777	666	1
42	3289	1549	972	5750	2492	665.0	2400	1777	666	1
42	3273	1543	968	5724	2492	664.0	2400	1777	666	1
42	3289	1547	971	5747	2491	663.0	2400	1777	666	1
42	3283	1550	972	5745	2494	669.0	2400	1777	666	1
42	3291	1546	970	5747	2489	661.0	2400	1777	666	1
42	3180	1509	951	5584	2506	653.0	2400	1777	666	1
42	3178	1506	949	5576	2504	650.0	2400	1777	666	1
42	3180	1509	951	5584	2506	653.0	2400	1777	666	1
42	3191	1511	951	5596	2502	652.0	2400	1777	666	1
42	3180	1509	951	5583	2506	653.0	2400	1777	666	1
42	3178	1507	949	5577	2504	652.0	2400	1777	666	1
42	3179	1508	951	5582	2507	652.0	2400	1777	666	1
42	3178	1507	949	5577	2504	652.0	2400	1777	666	1
42	3179	1508	950	5582	2506	652.0	2400	1777	666	1
42	3178	1507	949	5579	2505	652.0	2400	1777	666	1
42	3179	1508	950	5581	2505	652.0	2400	1777	666	1
42	3178	1507	950	5578	2506	651.0	2400	1777	666	1
42	3290	1548	971	5748	2490	664.0	2400	1777	666	1
42	3287	1549	971	5747	2491	667.0	2400	1777	666	1
42	3287	1547	971	5744	2491	663.0	2400	1777	666	1
42	3289	1549	972	5750	2492	665.0	2400	1777	666	1
42	3292	1549	972	5753	2491	664.0	2400	1777	666	1
42	3282	1547	970	5739	2492	666.0	2400	1777	666	1
42	3293	1549	972	5753	2490	664.0	2400	1777	666	1
42	3269	1542	968	5719	2494	664.0	2400	1777	666	1
42	3292	1548	972	5752	2491	663.0	2400	1777	666	1
42	3284	1547	970	5741	2491	665.0	2400	1777	666	1
42	3243	1530	962	5677	2497	657.0	2400	1777	666	1
42	3190	1511	951	5595	2503	653.0	2400	1777	666	1
42	3180	1509	951	5583	2506	653.0	2400	1777	666	1
42	3178	1506	948	5575	2503	651.0	2400	1777	666	1
42	3180	1509	951	5583	2506	653.0	2400	1777	666	1
42	3177	1506	948	5575	2504	651.0	2400	1777	666	1
42	3180	1509	951	5583	2506	653.0	2400	1777	666	1
42	3177	1505	948	5575	2504	650.0	2400	1777	666	1
42	3179	1509	951	5583	2507	653.0	2400	1777	666	1
42	3177	1506	948	5575	2504	651.0	2400	1777	666	1
42	3180	1509	951	5584	2506	653.0	2400	1777	666	1
42	3177	1506	948	5574	2504	651.0	2400	1777	666	1
42	3286	1546	970	5742	2490	663.0	2400	1777	666	1
42	3289	1550	973	5752	2493	666.0	2400	1777	666	1
42	3284	1546	970	5740	2491	664.0	2400	1777	666	1
42	3291	1550	973	5754	2492	665.0	2400	1777	666	0
42	1931	1040	703	3659	2769	500.0	2400	1777	666	0
42	332	446	389	1205	5855	311.0	2400	1777	666	0
42	331	444	388	1200	5857	309.0	2400	1777	666	0
42	332	446	389	1204	5855	311.0	2400	1777	666	0
43	331	444	387	1200	5845	310.0	2400	2133	444	1
43	332	445	389	1203	5855	309.0	2400	2133	444	1
43	3453	1319	896	5570	2339	305.0	2400	2133	444	1
43	3574	1352	915	5739	2325	303.0	2400	2133	444	1
43	3571	1352	915	5736	2326	304.0	2400	2133	444	1
43	3558	1347	913	5716	2327	302.0	2400	2133	444	1
43	3572	1352	916	5737	2326	303.0	2400	2133	444	1
43	3568	1350	914	5730	2325	303.0	2400	2133	444	1
43	3574	1353	916	5741	2326	304.0	2400	2133	444	1
43	3566	1351	914	5728	2326	305.0	2400	2133	444	1
43	3564	1350	914	5726	2326	304.0	2400	2133	444	1
43	3576	1353	916	5741	2325	304.0	2400	2133	444	1
43	3566	1350	914	5728	2326	304.0	2400	2133	444	1
43	3508	1334	905	5647	2333	304.0	2400	2133	444	1
43	3450	1317	895	5565	2339	303.0	2400	2133	444	1
43	3452	1320	897	5571	2340	306.0	2400	2133	444	1
43	3450	1317	895	5564	2338	303.0	2400	2133	444	1
43	3452	1320	897	5571	2340	306.0	2400	2133	444	1
43	3450	1317	894	5563	2337	304.0	2400	2133	444	1
43	3452	1320	897	5571	2340	306.0	2400	2133	444	1
43	3449	1317	894	5563	2338	304.0	2400	2133	444	1
43	3466	1324	899	5591	2338	306.0	2400	2133	444	1
43	3450	1317	894	5563	2337	304.0	2400	2133	444	1
43	3452	1320	897	5572	2341	306.0	2400	2133	444	1
43	3450	1317	894	5563	2337	304.0	2400	2133	444	1
43	3557	1350	914	5720	2329	307.0	2400	2133	444	1
43	3567	1349	913	5728	2325	302.0	2400	2133	444	1
43	3575	1354	917	5744	2327	305.0	2400	2133	444	1
43	3577	1354	917	5727	2319	304.0	2400	2133	444	1
43	3564	1350	914	5725	2326	304.0	2400	2133	444	1
43	3577	1354	917	5745	2326	304.0	2400	2133	444	1
43	3564	1350	914	5726	2326	304.0	2400	2133	444	1
43	3575	1353	916	5742	2326	304.0	2400	2133	444	1
43	3567	1351	914	5729	2326	305.0	2400	2133	444	1
43	3573	1352	916	5739	2326	303.0	2400	2133	444	1
43	3569	1351	915	5733	2326	303.0	2400	2133	444	1
43	3452	1319	896	5570	2340	305.0	2400	2133	444	1
43	3451	1318	895	5567	2339	304.0	2400	2133	444	1
43	3452	1319	896	5569	2339	305.0	2400	2133	444	1
43	3451	1318	896	5567	2339	304.0	2400	2133	444	1
43	3451	1319	896	5569	2340	305.0	2400	2133	444	1
43	3465	1322	898	5587	2337	304.0	2400	2133	444	1
43	3451	1318	896	5568	2340	304.0	2400	2133	444	1
43	3451	1319	896	5568	2339	305.0	2400	2133	444	1
43	3451	1318	895	5567	2339	304.0	2400	2133	444	1
43	3465	1321	898	5587	2338	302.0	2400	2133	444	0
43	3451	1318	895	5566	2338	304.0	2400	2133	444	0
43	6688	2221	1422	10093	2146	293.0	2400	2133	444	0
43	6679	2223	1422	10085	2147	299.0	2400	2133	444	0
43	6684	2221	1421	10087	2146	295.0	2400	2133	444	0
44	6681	2223	1423	10088	2148	298.0	2400	2488	222	1
44	5282	1828	1193	8125	2200	297.0	2400	2488	222	1
44	3750	1150	854	5615	2203	0.0	2400	2488	222	1
44	3749	1147	852	5609	2201	0.0	2400	2488	222	1
44	3751	1150	854	5617	2203	0.0	2400	2488	222	1
44	3749	1147	851	5608	2200	0.0	2400	2488	222	1
44	3751	1150	854	5617	2203	0.0	2400	2488	222	1
44	3764	1150	853	5628	2199	0.0	2400	2488	222	1
44	3888	1178	873	5793	2189	0.0	2400	2488	222	1
44	3875	1173	869	5771	2188	0.0	2400	2488	222	1
44	3886	1177	872	5791	2190	0.0	2400	2488	222	1
44	3876	1173	869	5773	2189	0.0	2400	2488	222	1
44	3884	1177	872	5788	2190	0.0	2400	2488	222	1
44	3879	1174	869	5776	2187	0.0	2400	2488	222	1
44	3883	1177	872	5786	2190	0.0	2400	2488	222	1
44	3880	1176	872	5783	2191	0.0	2400	2488	222	1
44	3882	1175	870	5781	2188	0.0	2400	2488	222	1
44	3878	1176	871	5780	2190	0.0	2400	2488	222	1
44	3885	1175	870	5785	2188	0.0	2400	2488	222	1
44	3751	1150	854	5617	2203	0.0	2400	2488	222	1
44	3750	1148	852	5611	2201	0.0	2400	2488	222	1
44	3751	1150	854	5616	2203	0.0	2400	2488	222	1
44	3765	1151	854	5630	2199	0.0	2400	2488	222	1
44	3751	1149	853	5615	2202	0.0	2400	2488	222	1
44	3750	1148	852	5612	2201	0.0	2400	2488	222	1
44	3750	1149	853	5613	2202	0.0	2400	2488	222	1
44	3750	1148	853	5612	2202	0.0	2400	2488	222	1
44	3750	1149	853	5613	2202	0.0	2400	2488	222	1
44	3750	1148	853	5613	2202	0.0	2400	2488	222	1
44	3750	1148	852	5612	2201	0.0	2400	2488	222	1
44	3826	1165	863	5712	2194	0.0	2400	2488	222	1
44	3883	1175	870	5782	2188	0.0	2400	2488	222	1
44	3880	1176	871	5781	2189	0.0	2400	2488	222	1
44	3882	1176	871	5783	2189	0.0	2400	2488	222	1
44	3862	1170	867	5754	2190	0.0	2400	2488	222	1
44	3884	1177	872	5788	2190	0.0	2400	2488	222	1
44	3874	1173	869	5771	2189	0.0	2400	2488	222	1
44	3886	1177	872	5789	2189	0.0	2400	2488	222	1
44	3859	1170	867	5752	2190	0.0	2400	2488	222	1
44	3885	1177	872	5788	2189	0.0	2400	2488	222	1
44	3878	1174	869	5775	2188	0.0	2400	2488	222	1
44	3752	1150	854	5617	2203	0.0	2400	2488	222	1
44	3765	1150	853	5628	2198	0.0	2400	2488	222	1
44	3752	1150	854	5617	2203	0.0	2400	2488	222	1
44	3749	1147	851	5609	2200	0.0	2400	2488	222	1
44	3752	1150	854	5617	2203	0.0	2400	2488	222	0
44	3749	1147	851	5609	2200	0.0	2400	2488	222	0
44	333	446	389	1206	5841	311.0	2400	2488	222	0
44	330	443	387	1197	5859	308.0	2400	2488	222	0
44	332	446	389	1205	5855	311.0	2400	2488	222	0
45	330	443	387	1197	5859	308.0	2400	2844	0	1
45	332	1064	849	1205	1410	950.0	2400	2844	0	1
45	4088	1071	855	5834	2120	0.0	2400	2844	0	1
45	4085	1068	853	5826	2118	0.0	2400	2844	0	1
45	4087	1070	855	5833	2120	0.0	2400	2844	0	1
45	4085	1068	853	5826	2118	0.0	2400	2844	0	1
45	4087	1070	855	5833	2120	0.0	2400	2844	0	1
45	4085	1068	853	5827	2119	0.0	2400	2844	0	1
45	4104	1073	857	5853	2119	0.0	2400	2844	0	1
45	4085	1068	853	5827	2119	0.0	2400	2844	0	1
45	4087	1070	855	5832	2120	0.0	2400	2844	0	1
45	4085	1068	853	5827	2119	0.0	2400	2844	0	1
45	4086	1070	854	5831	2120	0.0	2400	2844	0	1
45	4163	1081	863	5924	2113	0.0	2400	2844	0	1
45	4229	1094	872	6006	2107	0.0	2400	2844	0	1
45	4227	1092	871	6003	2108	0.0	2400	2844	0	1
45	4215	1091	870	5989	2109	0.0	2400	2844	0	1
45	4225	1092	871	6000	2107	0.0	2400	2844	0	1
45	4234	1094	872	6012	2106	0.0	2400	2844	0	1
45	4224	1092	871	6000	2108	0.0	2400	2844	0	1
45	4225	1092	871	6001	2108	0.0	2400	2844	0	1
45	4230	1092	871	6005	2106	0.0	2400	2844	0	1
45	4228	1093	872	6006	2108	0.0	2400	2844	0	1
45	4226	1092	871	6001	2107	0.0	2400	2844	0	1
45	4086	1070	854	5830	2119	0.0	2400	2844	0	1
45	4085	1068	853	5826	2118	0.0	2400	2844	0	1
45	4086	1070	854	5831	2120	0.0	2400	2844	0	1
45	4085	1068	853	5827	2119	0.0	2400	2844	0	1
45	4087	1070	855	5832	2120	0.0	2400	2844	0	1
45	4085	1068	853	5826	2118	0.0	2400	2844	0	1
45	4087	1070	855	5832	2120	0.0	2400	2844	0	1
45	4084	1068	853	5825	2118	0.0	2400	2844	0	1
45	4103	1073	857	5853	2119	0.0	2400	2844	0	1
45	4084	1067	852	5824	2118	0.0	2400	2844	0	1
45	4086	1070	855	5833	2121	0.0	2400	2844	0	1
45	4084	1068	853	5825	2118	0.0	2400	2844	0	1
45	4210	1091	871	5985	2110	0.0	2400	2844	0	1
45	4229	1092	871	6004	2106	0.0	2400	2844	0	1
45	4227	1091	870	6001	2107	0.0	2400	2844	0	1
45	4232	1095	873	6013	2108	0.0	2400	2844	0	1
45	4223	1090	870	5995	2107	0.0	2400	2844	0	1
45	4235	1095	873	6016	2108	0.0	2400	2844	0	1
45	4223	1091	870	5996	2107	0.0	2400	2844	0	1
45	4234	1095	873	6014	2107	0.0	2400	2844	0	1
45	4225	1091	870	5998	2106	0.0	2400	2844	0	1
45	4231	1094	873	6011	2109	0.0	2400	2844	0	0
45	4227	1092	870	6002	2107	0.0	2400	2844	0	0
45	7975	1715	1337	10622	1947	0.0	2400	2844	0	0
45	7976	1713	1336	10619	1946	0.0	2400	2844	0	0
45	7970	1714	1337	10616	1947	0.0	2400	2844	0	0
46	7975	1713	1336	10619	1946	0.0	2400	0	2000	1
46	7965	1713	1336	10610	1947	0.0	2400	0	2000	1
46	3078	1925	1110	6095	2757	1226.0	2400	0	2000	1
46	2026	2713	1340	6218	3910	2643.0	2400	0	2000	1
46	2026	2711	1338	6216	3907	2641.0	2400	0	2000	1
46	2027	2710	1339	6216	3907	2639.0	2400	0	2000	1
46	2028	2709	1338	6216	3904	2638.0	2400	0	2000	1
46	1964	2628	1304	6032	3920	2555.0	2400	0	2000	1
46	1964	2628	1304	6033	3920	2555.0	2400	0	2000	1
46	1971	2638	1308	6054	3919	2566.0	2400	0	2000	1
46	1964	2628	1304	6032	3920	2555.0	2400	0	2000	1
46	1964	2628	1304	6033	3920	2555.0	2400	0	2000	1
46	1964	2628	1304	6032	3920	2555.0	2400	0	2000	1
46	1964	2628	1304	6033	3920	2555.0	2400	0	2000	1
46	1964	2628	1303	6031	3918	2556.0	2400	0	2000	1
46	1964	2629	1304	6033	3920	2557.0	2400	0	2000	1
46	1963	2627	1303	6030	3920	2555.0	2400	0	2000	1
46	1965	2629	1304	6034	3919	2557.0	2400	0	2000	1
46	1971	2637	1307	6051	3917	2565.0	2400	0	2000	1
46	2027	2714	1340	6221	3909	2644.0	2400	0	2000	1
46	2027	2708	1337	6211	3904	2637.0	2400	0	2000	1
46	2025	2715	1341	6220	3914	2646.0	2400	0	2000	1
46	2027	2708	1337	6213	3904	2637.0	2400	0	2000	1
46	2026	2713	1340	6218	3910	2643.0	2400	0	2000	1
46	2028	2711	1339	6214	3906	2640.0	2400	0	2000	1
46	2016	2702	1334	6192	3912	2633.0	2400	0	2000	1
46	2029	2710	1339	6218	3905	2638.0	2400	0	2000	1
46	2023	2711	1338	6212	3910	2642.0	2400	0	2000	1
46	2028	2712	1340	6221	3908	2641.0	2400	0	2000	1
46	1995	2667	1319	6119	3909	2596.0	2400	0	2000	1
46	1965	2630	1305	6037	3921	2558.0	2400	0	2000	1
46	1963	2627	1303	6029	3920	2555.0	2400	0	2000	1
46	1965	2630	1305	6037	3921	2558.0	2400	0	2000	1
46	1970	2629	1304	6038	3912	2555.0	2400	0	2000	1
46	1965	2630	1305	6037	3921	2558.0	2400	0	2000	1
46	1963	2627	1303	6028	3920	2555.0	2400	0	2000	1
46	1965	2630	1305	6037	3921	2558.0	2400	0	2000	1
46	1963	2627	1303	6028	3920	2555.0	2400	0	2000	1
46	1965	2630	1305	6036	3921	2558.0	2400	0	2000	1
46	1963	2627	1303	6028	3920	2555.0	2400	0	2000	1
46	1965	2630	1305	6036	3921	2558.0	2400	0	2000	1
46	2024	2712	1338	6214	3909	2644.0	2400	0	2000	1
46	2028	2712	1339	6220	3906	2642.0	2400	0	2000	1
46	2027	2714	1340	6220	3909	2644.0	2400	0	2000	1
46	2026	2708	1337	6211	3905	2637.0	2400	0	2000	1
46	2018	2705	1337	6199	3915	2635.0	2400	0	2000	0
46	1108	1479	822	3493	4217	1373.0	2400	0	2000	0
46	332	446	389	1204	5855	311.0	2400	0	2000	0
46	331	444	388	1200	5857	309.0	2400	0	2000	0
46	332	446	389	1203	5855	311.0	2400	0	2000	0
47	331	444	388	1201	5857	309.0	2400	355	1777	1
47	332	445	388	1203	5843	310.0	2400	355	1777	1
47	2182	2532	1280	6108	3626	2351.0	2400	355	1777	1
47	2178	2519	1274	6084	3619	2336.0	2400	355	1777	1
47	2182	2531	1280	6106	3626	2349.0	2400	355	1777	1
47	2184	2529	1278	6104	3620	2347.0	2400	355	1777	1
47	2184	2529	1279	6105	3622	2346.0	2400	355	1777	1
47	2182	2530	1279	6104	3624	2348.0	2400	355	1777	1
47	2185	2528	1278	6104	3619	2345.0	2400	355	1777	1
47	2180	2531	1279	6104	3626	2350.0	2400	355	1777	1
47	2185	2528	1278	6105	3619	2345.0	2400	355	1777	1
47	2183	2523	1277	6096	3619	2338.0	2400	355	1777	1
47	2151	2489	1261	6013	3624	2307.0	2400	355	1777	1
47	2116	2454	1247	5927	3636	2273.0	2400	355	1777	1
47	2114	2452	1245	5922	3634	2272.0	2400	355	1777	1
47	2116	2454	1247	5928	3636	2273.0	2400	355	1777	1
47	2114	2451	1245	5921	3634	2271.0	2400	355	1777	1
47	2116	2454	1247	5928	3636	2273.0	2400	355	1777	1
47	2114	2451	1245	5921	3634	2271.0	2400	355	1777	1
47	2124	2463	1251	5949	3635	2282.0	2400	355	1777	1
47	2114	2451	1245	5921	3634	2271.0	2400	355	1777	1
47	2116	2454	1247	5928	3636	2273.0	2400	355	1777	1
47	2114	2451	1245	5920	3634	2271.0	2400	355	1777	1
47	2116	2454	1248	5929	3638	2272.0	2400	355	1777	1
47	2181	2530	1278	6102	3623	2349.0	2400	355	1777	1
47	2185	2530	1280	6108	3622	2347.0	2400	355	1777	1
47	2182	2528	1277	6100	3620	2347.0	2400	355	1777	1
47	2176	2522	1276	6088	3625	2340.0	2400	355	1777	1
47	2183	2526	1277	6099	3619	2343.0	2400	355	1777	1
47	2184	2525	1277	6099	3618	2341.0	2400	355	1777	1
47	2182	2533	1281	6110	3627	2352.0	2400	355	1777	1
47	2183	2527	1277	6099	3619	2345.0	2400	355	1777	1
47	2184	2530	1280	6107	3623	2347.0	2400	355	1777	1
47	2181	2528	1278	6100	3623	2346.0	2400	355	1777	1
47	2185	2528	1279	6105	3621	2344.0	2400	355	1777	1
47	2114	2452	1245	5922	3634	2272.0	2400	355	1777	1
47	2116	2454	1247	5927	3636	2273.0	2400	355	1777	1
47	2114	2452	1245	5922	3634	2272.0	2400	355	1777	1
47	2116	2454	1247	5926	3636	2273.0	2400	355	1777	1
47	2115	2458	1248	5932	3639	2279.0	2400	355	1777	1
47	2115	2453	1246	5925	3635	2273.0	2400	355	1777	1
47	2114	2452	1246	5922	3636	2271.0	2400	355	1777	1
47	2115	2453	1246	5925	3635	2273.0	2400	355	1777	1
47	2123	2461	1250	5944	3634	2280.0	2400	355	1777	1
47	2115	2453	1246	5925	3635	2273.0	2400	355	1777	1
47	2115	2453	1246	5924	3635	2273.0	2400	355	1777	0
47	2147	2492	1263	6014	3632	2311.0	2400	355	1777	0
47	3961	4531	2134	10821	3443	4303.0	2400	355	1777	0
47	3959	4534	2136	10814	3446	4307.0	2400	355	1777	0
47	3962	4529	2133	10809	3442	4300.0	2400	355	1777	0
48	3959	4534	2136	10814	3446	4307.0	2400	711	1555	1
48	3017	3464	1678	8305	3510	3259.0	2400	711	1555	1
48	2398	2276	1198	5943	3294	1937.0	2400	711	1555	1
48	2397	2274	1197	5938	3293	1934.0	2400	711	1555	1
48	2398	2277	1199	5944	3296	1937.0	2400	711	1555	1
48	2396	2274	1197	5938	3294	1935.0	2400	711	1555	1
48	2398	2277	1199	5944	3296	1937.0	2400	711	1555	1
48	2475	2346	1228	6120	3281	2000.0	2400	711	1555	1
48	2477	2346	1229	6123	3281	1999.0	2400	711	1555	1
48	2476	2344	1227	6118	3279	1997.0	2400	711	1555	1
48	2475	2347	1230	6125	3284	2000.0	2400	711	1555	1
48	2478	2342	1226	6117	3276	1994.0	2400	711	1555	1
48	2474	2349	1230	6125	3285	2004.0	2400	711	1555	1
48	2466	2334	1223	6094	3280	1988.0	2400	711	1555	1
48	2478	2347	1230	6127	3282	1999.0	2400	711	1555	1
48	2473	2344	1227	6116	3281	1998.0	2400	711	1555	1
48	2464	2343	1227	6106	3288	2000.0	2400	711	1555	1
48	2477	2345	1229	6124	3281	1997.0	2400	711	1555	1
48	2397	2274	1196	5938	3292	1935.0	2400	711	1555	1
48	2399	2277	1199	5946	3295	1937.0	2400	711	1555	1
48	2406	2283	1200	5959	3291	1943.0	2400	711	1555	1
48	2399	2278	1199	5946	3295	1939.0	2400	711	1555	1
48	2397	2275	1197	5940	3293	1936.0	2400	711	1555	1
48	2399	2278	1199	5947	3295	1939.0	2400	711	1555	1
48	2397	2275	1197	5940	3293	1936.0	2400	711	1555	1
48	2399	2278	1199	5946	3295	1939.0	2400	711	1555	1
48	2397	2275	1197	5940	3293	1936.0	2400	711	1555	1
48	2399	2277	1199	5946	3295	1937.0	2400	711	1555	1
48	2398	2275	1197	5941	3292	1936.0	2400	711	1555	1
48	2429	2308	1212	6021	3292	1967.0	2400	711	1555	1
48	2479	2344	1228	6122	3278	1996.0	2400	711	1555	1
48	2474	2348	1230	6124	3285	2002.0	2400	711	1555	1
48	2478	2343	1228	6121	3279	1994.0	2400	711	1555	1
48	2477	2347	1230	6125	3282	2000.0	2400	711	1555	1
48	2478	2345	1228	6123	3279	1997.0	2400	711	1555	1
48	2473	2347	1229	6121	3284	2002.0	2400	711	1555	1
48	2470	2335	1224	6100	3279	1987.0	2400	711	1555	1
48	2476	2348	1230	6124	3283	2001.0	2400	711	1555	1
48	2476	2344	1228	6119	3280	1997.0	2400	711	1555	1
48	2478	2346	1229	6125	3280	1998.0	2400	711	1555	1
48	2407	2284	1201	5962	3292	1944.0	2400	711	1555	1
48	2399	2277	1199	5944	3295	1937.0	2400	711	1555	1
48	2397	2275	1197	5940	3293	1936.0	2400	711	1555	1
48	2399	2277	1199	5945	3295	1937.0	2400	711	1555	1
48	2406	2278	1198	5951	3288	1937.0	2400	711	1555	1
48	2399	2277	1199	5946	3295	1937.0	2400	711	1555	0
48	2397	2275	1197	5939	3293	1936.0	2400	711	1555	0
48	333	447	390	1206	5853	311.0	2400	711	1555	0
48	331	444	387	1199	5845	310.0	2400	711	1555	0
48	333	447	390	1207	5853	311.0	2400	711	1555	0
49	331	444	387	1200	5845	310.0	2400	1066	1333	1
49	333	448	390	1209	5853	313.0	2400	1066	1333	1
49	2666	2088	1145	5929	3027	1592.0	2400	1066	1333	1
49	2663	2085	1143	5920	3026	1589.0	2400	1066	1333	1
49	2666	2088	1145	5929	3027	1592.0	2400	1066	1333	1
49	2663	2085	1143	5920	3026	1589.0	2400	1066	1333	1
49	2676	2095	1149	5950	3026	1596.0	2400	1066	1333	1
49	2663	2085	1143	5920	3026	1589.0	2400	1066	1333	1
49	2665	2088	1145	5928	3027	1592.0	2400	1066	1333	1
49	2663	2085	1143	5921	3026	1589.0	2400	1066	1333	1
49	2675	2095	1149	5949	3027	1597.0	2400	1066	1333	1
49	2663	2085	1143	5921	3026	1589.0	2400	1066	1333	1
49	2689	2108	1154	5981	3026	1609.0	2400	1066	1333	1
49	2755	2147	1172	6103	3011	1636.0	2400	1066	1333	1
49	2740	2144	1171	6085	3019	1637.0	2400	1066	1333	1
49	2757	2147	1172	6104	3010	1635.0	2400	1066	1333	1
49	2751	2151	1174	6106	3016	1642.0	2400	1066	1333	1
49	2753	2146	1172	6101	3012	1635.0	2400	1066	1333	1
49	2755	2150	1174	6108	3014	1639.0	2400	1066	1333	1
49	2750	2148	1172	6101	3014	1639.0	2400	1066	1333	1
49	2749	2150	1173	6101	3016	1642.0	2400	1066	1333	1
49	2755	2147	1172	6104	3011	1636.0	2400	1066	1333	1
49	2751	2146	1172	6098	3014	1636.0	2400	1066	1333	1
49	2664	2086	1143	5923	3025	1591.0	2400	1066	1333	1
49	2664	2086	1144	5925	3027	1590.0	2400	1066	1333	1
49	2664	2085	1143	5923	3025	1589.0	2400	1066	1333	1
49	2665	2087	1145	5927	3027	1590.0	2400	1066	1333	1
49	2664	2085	1143	5922	3025	1589.0	2400	1066	1333	1
49	2665	2087	1145	5927	3027	1590.0	2400	1066	1333	1
49	2663	2085	1143	5920	3026	1589.0	2400	1066	1333	1
49	2675	2094	1148	5947	3026	1596.0	2400	1066	1333	1
49	2662	2083	1142	5917	3025	1587.0	2400	1066	1333	1
49	2664	2086	1144	5925	3027	1590.0	2400	1066	1333	1
49	2662	2083	1142	5917	3025	1587.0	2400	1066	1333	1
49	2665	2087	1144	5926	3026	1591.0	2400	1066	1333	1
49	2755	2145	1170	6100	3009	1634.0	2400	1066	1333	1
49	2750	2151	1174	6104	3017	1642.0	2400	1066	1333	1
49	2755	2145	1170	6100	3009	1634.0	2400	1066	1333	1
49	2741	2143	1170	6084	3017	1636.0	2400	1066	1333	1
49	2754	2151	1174	6108	3015	1641.0	2400	1066	1333	1
49	2750	2145	1170	6095	3011	1636.0	2400	1066	1333	1
49	2755	2150	1174	6108	3014	1639.0	2400	1066	1333	1
49	2749	2147	1171	6096	3013	1639.0	2400	1066	1333	1
49	2756	2148	1173	6107	3012	1637.0	2400	1066	1333	1
49	2748	2148	1171	6096	3014	1641.0	2400	1066	1333	1
49	2726	2125	1162	6043	3015	1618.0	2400	1066	1333	0
49	2882	2243	1215	6369	2997	1715.0	2400	1066	1333	0
49	5080	3783	1926	10810	2835	2912.0	2400	1066	1333	0
49	5079	3784	1926	10810	2835	2913.0	2400	1066	1333	0
49	5076	3784	1926	10808	2836	2914.0	2400	1066	1333	0
50	5079	3782	1925	10807	2835	2911.0	2400	1422	1111	1
50	5074	3785	1926	10806	2837	2917.0	2400	1422	1111	1
50	2919	2029	1138	6090	2876	1421.0	2400	1422	1111	1
50	3027	1952	1116	6082	2790	1281.0	2400	1422	1111	1
50	3023	1943	1112	6066	2787	1271.0	2400	1422	1111	1
50	3030	1952	1116	6086	2789	1280.0	2400	1422	1111	1
50	3032	1950	1115	6086	2788	1277.0	2400	1422	1111	1
50	2945	1903	1093	5929	2800	1247.0	2400	1422	1111	1
50	2932	1895	1088	5904	2800	1242.0	2400	1422	1111	1
50	2933	1896	1090	5909	2802	1242.0	2400	1422	1111	1
50	2932	1894	1088	5904	2800	1241.0	2400	1422	1111	1
50	2933	1897	1090	5910	2802	1244.0	2400	1422	1111	1
50	2932	1894	1088	5903	2800	1241.0	2400	1422	1111	1
50	2933	1897	1090	5910	2802	1244.0	2400	1422	1111	1
50	2932	1894	1088	5903	2800	1241.0	2400	1422	1111	1
50	2934	1897	1090	5911	2802	1243.0	2400	1422	1111	1
50	2932	1894	1088	5903	2800	1241.0	2400	1422	1111	1
50	2934	1897	1090	5911	2802	1243.0	2400	1422	1111	1
50	3027	1950	1115	6080	2789	1278.0	2400	1422	1111	1
50	3036	1951	1117	6091	2788	1276.0	2400	1422	1111	1
50	3030	1951	1115	6084	2788	1279.0	2400	1422	1111	1
50	3032	1951	1116	6087	2788	1278.0	2400	1422	1111	1
50	3033	1950	1115	6085	2786	1277.0	2400	1422	1111	1
50	3029	1953	1117	6087	2791	1281.0	2400	1422	1111	1
50	3023	1942	1111	6064	2786	1270.0	2400	1422	1111	1
50	3033	1948	1114	6083	2785	1274.0	2400	1422	1111	1
50	3032	1954	1118	6091	2791	1281.0	2400	1422	1111	1
50	3019	1946	1113	6065	2790	1276.0	2400	1422	1111	1
50	3011	1937	1110	6047	2791	1267.0	2400	1422	1111	1
50	2932	1895	1088	5904	2800	1242.0	2400	1422	1111	1
50	2933	1897	1090	5910	2802	1244.0	2400	1422	1111	1
50	2943	1901	1091	5926	2800	1246.0	2400	1422	1111	1
50	2933	1897	1090	5909	2802	1244.0	2400	1422	1111	1
50	2932	1895	1089	5905	2802	1242.0	2400	1422	1111	1
50	2933	1896	1090	5909	2802	1242.0	2400	1422	1111	1
50	2932	1895	1089	5906	2802	1242.0	2400	1422	1111	1
50	2933	1896	1089	5907	2801	1243.0	2400	1422	1111	1
50	2933	1896	1089	5907	2801	1243.0	2400	1422	1111	1
50	2933	1896	1089	5907	2801	1243.0	2400	1422	1111	1
50	2933	1896	1089	5908	2801	1243.0	2400	1422	1111	1
50	3033	1952	1116	6088	2788	1279.0	2400	1422	1111	1
50	3029	1951	1116	6084	2789	1279.0	2400	1422	1111	1
50	3035	1949	1115	6087	2785	1274.0	2400	1422	1111	1
50	3033	1948	1114	6084	2786	1274.0	2400	1422	1111	1
50	3031	1953	1117	6089	2790	1280.0	2400	1422	1111	1
50	3029	1948	1114	6078	2787	1275.0	2400	1422	1111	0
50	1374	1024	669	3084	3246	680.0	2400	1422	1111	0
50	330	443	387	1198	5859	308.0	2400	1422	1111	0
50	332	446	389	1206	5855	311.0	2400	1422	1111	0
50	330	444	387	1198	5859	310.0	2400	1422	1111	0
51	333	447	389	1206	5841	312.0	2400	1777	888	1
51	510	525	428	1496	4588	349.0	2400	1777	888	1
51	3311	1755	1060	6073	2590	919.0	2400	1777	888	1
51	3315	1752	1058	6071	2585	914.0	2400	1777	888	1
51	3308	1756	1061	6071	2591	921.0	2400	1777	888	1
51	3303	1749	1056	6054	2587	915.0	2400	1777	888	1
51	3309	1756	1061	6071	2591	920.0	2400	1777	888	1
51	3312	1751	1058	6067	2586	914.0	2400	1777	888	1
51	3312	1756	1061	6075	2590	919.0	2400	1777	888	1
51	3309	1751	1058	6063	2587	915.0	2400	1777	888	1
51	3315	1756	1061	6078	2589	918.0	2400	1777	888	1
51	3307	1753	1055	6064	2586	921.0	2400	1777	888	1
51	3202	1705	1034	5889	2600	894.0	2400	1777	888	1
51	3203	1707	1036	5895	2603	896.0	2400	1777	888	1
51	3202	1705	1034	5890	2601	894.0	2400	1777	888	1
51	3203	1707	1036	5895	2603	896.0	2400	1777	888	1
51	3202	1706	1035	5892	2602	895.0	2400	1777	888	1
51	3216	1712	1038	5915	2600	898.0	2400	1777	888	1
51	3203	1706	1035	5893	2601	895.0	2400	1777	888	1
51	3203	1707	1035	5894	2601	896.0	2400	1777	888	1
51	3203	1707	1035	5894	2601	896.0	2400	1777	888	1
51	3216	1713	1038	5915	2599	899.0	2400	1777	888	1
51	3204	1708	1036	5897	2602	897.0	2400	1777	888	1
51	3307	1755	1060	6068	2590	920.0	2400	1777	888	1
51	3317	1755	1061	6078	2588	916.0	2400	1777	888	1
51	3297	1749	1057	6049	2591	916.0	2400	1777	888	1
51	3314	1754	1060	6074	2588	916.0	2400	1777	888	1
51	3312	1755	1060	6072	2589	918.0	2400	1777	888	1
51	3312	1755	1060	6072	2589	918.0	2400	1777	888	1
51	3314	1755	1060	6073	2587	918.0	2400	1777	888	1
51	3316	1753	1059	6073	2586	915.0	2400	1777	888	1
51	3308	1757	1061	6073	2592	922.0	2400	1777	888	1
51	3317	1753	1059	6074	2586	914.0	2400	1777	888	1
51	3309	1753	1060	6068	2590	916.0	2400	1777	888	1
51	3202	1705	1034	5889	2600	894.0	2400	1777	888	1
51	3204	1708	1037	5898	2603	896.0	2400	1777	888	1
51	3202	1705	1034	5888	2600	894.0	2400	1777	888	1
51	3204	1708	1036	5897	2602	897.0	2400	1777	888	1
51	3201	1704	1033	5887	2600	894.0	2400	1777	888	1
51	3203	1707	1036	5894	2602	896.0	2400	1777	888	1
51	3200	1703	1033	5885	2600	892.0	2400	1777	888	1
51	3215	1712	1038	5914	2600	898.0	2400	1777	888	1
51	3200	1703	1033	5885	2600	892.0	2400	1777	888	1
51	3202	1706	1035	5892	2602	895.0	2400	1777	888	1
51	3200	1703	1033	5885	2600	892.0	2400	1777	888	1
51	3220	1716	1040	5924	2600	901.0	2400	1777	888	0
51	3315	1753	1059	6072	2586	915.0	2400	1777	888	0
51	6174	3014	1706	10751	2411	1504.0	2400	1777	888	0
51	6171	3013	1705	10745	2411	1504.0	2400	1777	888	0
51	6179	3010	1704	10748	2409	1497.0	2400	1777	888	0
52	6170	3011	1705	10742	2411	1501.0	2400	2133	666	1
52	4424	2240	1309	7884	2491	1141.0	2400	2133	666	1
52	3473	1517	981	5878	2430	548.0	2400	2133	666	1
52	3474	1517	981	5880	2430	548.0	2400	2133	666	1
52	3474	1516	980	5879	2429	547.0	2400	2133	666	1
52	3475	1517	981	5881	2429	548.0	2400	2133	666	1
52	3596	1558	1003	6060	2416	557.0	2400	2133	666	1
52	3592	1558	1004	6058	2418	558.0	2400	2133	666	1
52	3598	1557	1003	6060	2415	555.0	2400	2133	666	1
52	3591	1559	1004	6057	2419	559.0	2400	2133	666	1
52	3599	1556	1002	6061	2414	554.0	2400	2133	666	1
52	3586	1555	1002	6046	2418	556.0	2400	2133	666	1
52	3598	1556	1002	6059	2414	554.0	2400	2133	666	1
52	3593	1560	1005	6061	2419	560.0	2400	2133	666	1
52	3596	1556	1002	6056	2414	555.0	2400	2133	666	1
52	3582	1556	1002	6044	2419	559.0	2400	2133	666	1
52	3599	1560	1005	6068	2417	558.0	2400	2133	666	1
52	3474	1516	980	5877	2429	547.0	2400	2133	666	1
52	3491	1524	985	5907	2429	551.0	2400	2133	666	1
52	3474	1516	980	5878	2429	547.0	2400	2133	666	1
52	3477	1519	982	5886	2430	549.0	2400	2133	666	1
52	3474	1516	980	5878	2429	547.0	2400	2133	666	1
52	3476	1519	982	5885	2430	550.0	2400	2133	666	1
52	3474	1516	980	5878	2429	547.0	2400	2133	666	1
52	3476	1518	982	5884	2430	548.0	2400	2133	666	1
52	3474	1516	980	5878	2429	547.0	2400	2133	666	1
52	3476	1518	982	5884	2430	548.0	2400	2133	666	1
52	3475	1516	980	5879	2428	547.0	2400	2133	666	1
52	3504	1529	987	5928	2427	553.0	2400	2133	666	1
52	3596	1557	1003	6059	2416	555.0	2400	2133	666	1
52	3595	1559	1004	6062	2417	558.0	2400	2133	666	1
52	3594	1557	1003	6057	2417	556.0	2400	2133	666	1
52	3598	1559	1004	6064	2417	557.0	2400	2133	666	1
52	3591	1558	1003	6056	2417	559.0	2400	2133	666	1
52	3600	1558	1001	6065	2414	557.0	2400	2133	666	1
52	3599	1557	1003	6063	2415	554.0	2400	2133	666	1
52	3593	1559	1004	6060	2418	559.0	2400	2133	666	1
52	3594	1556	1002	6056	2416	555.0	2400	2133	666	1
52	3590	1560	1004	6057	2419	561.0	2400	2133	666	1
52	3474	1516	980	5878	2429	547.0	2400	2133	666	1
52	3476	1518	982	5884	2430	548.0	2400	2133	666	1
52	3474	1516	979	5877	2427	548.0	2400	2133	666	1
52	3490	1523	984	5905	2428	550.0	2400	2133	666	1
52	3474	1515	979	5876	2427	546.0	2400	2133	666	1
52	3476	1518	982	5885	2431	548.0	2400	2133	666	1
52	3474	1515	979	5876	2427	546.0	2400	2133	666	0
52	3476	1518	982	5885	2431	548.0	2400	2133	666	0
52	330	443	386	1196	5847	309.0	2400	2133	666	0
52	332	446	389	1204	5855	311.0	2400	2133	666	0
52	330	443	386	1196	5847	309.0	2400	2133	666	0
53	332	446	389	1204	5855	311.0	2400	2488	444	1
53	330	443	386	1196	5847	309.0	2400	2488	444	1
53	3777	1335	932	5911	2280	198.0	2400	2488	444	1
53	3775	1334	931	5908	2279	198.0	2400	2488	444	1
53	3774	1332	929	5901	2276	197.0	2400	2488	444	1
53	3775	1334	931	5907	2279	198.0	2400	2488	444	1
53	3774	1333	930	5902	2277	198.0	2400	2488	444	1
53	3774	1334	931	5905	2279	198.0	2400	2488	444	1
53	3789	1337	932	5923	2276	198.0	2400	2488	444	1
53	3774	1333	930	5904	2278	198.0	2400	2488	444	1
53	3773	1333	930	5903	2279	198.0	2400	2488	444	1
53	3806	1342	935	5949	2275	198.0	2400	2488	444	1
53	3895	1363	949	6067	2266	192.0	2400	2488	444	1
53	3901	1367	950	6078	2266	195.0	2400	2488	444	1
53	3906	1367	951	6084	2266	193.0	2400	2488	444	1
53	3905	1367	950	6082	2265	194.0	2400	2488	444	1
53	3894	1367	950	6072	2268	198.0	2400	2488	444	1
53	3907	1366	950	6083	2264	192.0	2400	2488	444	1
53	3900	1367	951	6079	2268	195.0	2400	2488	444	1
53	3909	1366	950	6084	2264	191.0	2400	2488	444	1
53	3902	1368	951	6081	2266	196.0	2400	2488	444	1
53	3905	1369	952	6086	2267	196.0	2400	2488	444	1
53	3772	1331	929	5899	2278	196.0	2400	2488	444	1
53	3775	1335	931	5907	2278	200.0	2400	2488	444	1
53	3772	1331	929	5899	2278	196.0	2400	2488	444	1
53	3775	1335	931	5907	2278	200.0	2400	2488	444	1
53	3772	1331	928	5898	2277	196.0	2400	2488	444	1
53	3775	1335	931	5907	2278	200.0	2400	2488	444	1
53	3787	1335	931	5919	2275	196.0	2400	2488	444	1
53	3774	1334	931	5906	2279	198.0	2400	2488	444	1
53	3772	1331	929	5898	2277	196.0	2400	2488	444	1
53	3774	1334	931	5905	2279	198.0	2400	2488	444	1
53	3787	1336	931	5920	2275	197.0	2400	2488	444	1
53	3774	1334	931	5905	2279	198.0	2400	2488	444	1
53	3909	1366	950	6084	2264	191.0	2400	2488	444	1
53	3902	1368	951	6081	2266	196.0	2400	2488	444	1
53	3890	1362	948	6060	2266	192.0	2400	2488	444	1
53	3905	1368	951	6084	2266	195.0	2400	2488	444	1
53	3902	1366	950	6077	2265	193.0	2400	2488	444	1
53	3899	1367	950	6076	2266	196.0	2400	2488	444	1
53	3909	1367	951	6086	2265	192.0	2400	2488	444	1
53	3902	1367	951	6079	2266	194.0	2400	2488	444	1
53	3905	1365	950	6080	2265	191.0	2400	2488	444	1
53	3905	1367	951	6083	2266	193.0	2400	2488	444	1
53	3875	1355	944	6034	2266	189.0	2400	2488	444	1
53	3774	1333	930	5904	2278	198.0	2400	2488	444	0
53	4389	1492	1026	6743	2226	179.0	2400	2488	444	0
53	7346	2254	1494	10781	2100	79.0	2400	2488	444	0
53	7333	2251	1491	10763	2099	80.0	2400	2488	444	0
53	7341	2253	1493	10776	2100	79.0	2400	2488	444	0
54	7336	2251	1491	10766	2099	79.0	2400	2844	222	1
54	7336	2253	1493	10771	2100	81.0	2400	2844	222	1
54	4114	1246	919	6110	2180	0.0	2400	2844	222	1
54	4237	1194	910	6156	2142	0.0	2400	2844	222	1
54	4244	1193	908	6159	2139	0.0	2400	2844	222	1
54	4238	1195	910	6158	2142	0.0	2400	2844	222	1
54	4113	1168	891	5994	2150	0.0	2400	2844	222	1
54	4099	1168	889	5981	2152	0.0	2400	2844	222	1
54	4099	1168	891	5982	2153	0.0	2400	2844	222	1
54	4114	1168	891	5995	2150	0.0	2400	2844	222	1
54	4099	1168	891	5981	2153	0.0	2400	2844	222	1
54	4097	1165	889	5975	2152	0.0	2400	2844	222	1
54	4099	1168	891	5982	2153	0.0	2400	2844	222	1
54	4098	1166	890	5976	2152	0.0	2400	2844	222	1
54	4099	1167	891	5981	2153	0.0	2400	2844	222	1
54	4098	1166	890	5977	2153	0.0	2400	2844	222	1
54	4099	1167	891	5980	2153	0.0	2400	2844	222	1
54	4237	1193	909	6155	2141	0.0	2400	2844	222	1
54	4246	1195	910	6166	2141	0.0	2400	2844	222	1
54	4237	1194	909	6156	2141	0.0	2400	2844	222	1
54	4243	1194	909	6161	2140	0.0	2400	2844	222	1
54	4242	1195	910	6162	2141	0.0	2400	2844	222	1
54	4233	1190	907	6145	2140	0.0	2400	2844	222	1
54	4246	1195	910	6167	2141	0.0	2400	2844	222	1
54	4236	1192	908	6152	2141	0.0	2400	2844	222	1
54	4245	1195	910	6165	2141	0.0	2400	2844	222	1
54	4240	1194	910	6159	2142	0.0	2400	2844	222	1
54	4227	1190	906	6139	2141	0.0	2400	2844	222	1
54	4099	1168	891	5981	2153	0.0	2400	2844	222	1
54	4114	1168	891	5995	2150	0.0	2400	2844	222	1
54	4099	1168	891	5981	2153	0.0	2400	2844	222	1
54	4097	1165	889	5973	2151	0.0	2400	2844	222	1
54	4099	1168	891	5981	2153	0.0	2400	2844	222	1
54	4097	1165	889	5973	2151	0.0	2400	2844	222	1
54	4099	1168	891	5981	2153	0.0	2400	2844	222	1
54	4097	1165	889	5973	2151	0.0	2400	2844	222	1
54	4099	1168	891	5982	2153	0.0	2400	2844	222	1
54	4097	1165	889	5974	2152	0.0	2400	2844	222	1
54	4099	1168	891	5982	2153	0.0	2400	2844	222	1
54	4214	1187	904	6122	2142	0.0	2400	2844	222	1
54	4237	1195	910	6157	2142	0.0	2400	2844	222	1
54	4243	1193	908	6160	2139	0.0	2400	2844	222	1
54	4240	1195	910	6161	2142	0.0	2400	2844	222	1
54	4239	1192	908	6154	2140	0.0	2400	2844	222	1
54	4235	1192	908	6150	2141	0.0	2400	2844	222	1
54	4229	1192	908	6144	2142	0.0	2400	2844	222	0
54	1546	676	549	2739	2718	163.0	2400	2844	222	0
54	331	444	388	1200	5857	309.0	2400	2844	222	0
54	331	444	387	1199	5845	310.0	2400	2844	222	0
54	331	444	387	1200	5845	310.0	2400	2844	222	0
55	331	444	388	1200	5857	309.0	2400	3200	0	1
55	923	537	460	1920	3289	211.0	2400	3200	0	1
55	4615	1115	914	6415	2068	0.0	2400	3200	0	1
55	4593	1111	910	6386	2068	0.0	2400	3200	0	1
55	4610	1114	913	6408	2068	0.0	2400	3200	0	1
55	4614	1114	913	6411	2066	0.0	2400	3200	0	1
55	4608	1114	913	6407	2068	0.0	2400	3200	0	1
55	4613	1113	912	6408	2066	0.0	2400	3200	0	1
55	4612	1115	914	6412	2068	0.0	2400	3200	0	1
55	4606	1112	911	6400	2066	0.0	2400	3200	0	1
55	4615	1116	915	6416	2068	0.0	2400	3200	0	1
55	4605	1111	911	6398	2067	0.0	2400	3200	0	1
55	4453	1088	893	6214	2077	0.0	2400	3200	0	1
55	4456	1091	895	6222	2079	0.0	2400	3200	0	1
55	4453	1088	892	6213	2077	0.0	2400	3200	0	1
55	4456	1091	895	6222	2079	0.0	2400	3200	0	1
55	4453	1088	893	6214	2077	0.0	2400	3200	0	1
55	4455	1091	895	6222	2080	0.0	2400	3200	0	1
55	4453	1088	893	6214	2077	0.0	2400	3200	0	1
55	4474	1094	897	6244	2078	0.0	2400	3200	0	1
55	4453	1088	893	6215	2078	0.0	2400	3200	0	1
55	4455	1091	895	6221	2079	0.0	2400	3200	0	1
55	4563	1106	907	6350	2070	0.0	2400	3200	0	1
55	4593	1112	912	6388	2069	0.0	2400	3200	0	1
55	4613	1114	913	6411	2067	0.0	2400	3200	0	1
55	4607	1114	913	6405	2068	0.0	2400	3200	0	1
55	4614	1115	913	6412	2066	0.0	2400	3200	0	1
55	4596	1113	912	6394	2070	0.0	2400	3200	0	1
55	4612	1114	913	6411	2067	0.0	2400	3200	0	1
55	4610	1114	913	6408	2068	0.0	2400	3200	0	1
55	4607	1114	913	6404	2067	0.0	2400	3200	0	1
55	4608	1114	913	6405	2067	0.0	2400	3200	0	1
55	4611	1113	912	6406	2066	0.0	2400	3200	0	1
55	4454	1090	895	6220	2080	0.0	2400	3200	0	1
55	4453	1088	893	6214	2077	0.0	2400	3200	0	1
55	4454	1090	895	6220	2080	0.0	2400	3200	0	1
55	4452	1088	893	6213	2078	0.0	2400	3200	0	1
55	4454	1091	895	6221	2080	0.0	2400	3200	0	1
55	4452	1088	892	6213	2077	0.0	2400	3200	0	1
55	4473	1094	897	6243	2078	0.0	2400	3200	0	1
55	4452	1088	892	6213	2077	0.0	2400	3200	0	1
55	4455	1091	895	6221	2079	0.0	2400	3200	0	1
55	4452	1088	892	6213	2077	0.0	2400	3200	0	1
55	4473	1094	897	6243	2078	0.0	2400	3200	0	1
55	4452	1088	892	6213	2077	0.0	2400	3200	0	1
55	4614	1116	915	6416	2069	0.0	2400	3200	0	0
55	4606	1112	911	6401	2066	0.0	2400	3200	0	0
55	8729	1758	1420	11420	1919	0.0	2400	3200	0	0
55	8723	1755	1417	11408	1918	0.0	2400	3200	0	0
55	8722	1755	1418	11407	1918	0.0	2400	3200	0	0
56	8718	1756	1419	11406	1919	0.0	2400	355	2000	1
56	5934	1319	1075	8016	1996	0.0	2400	355	2000	1
56	2137	2638	1324	6215	3751	2500.0	2400	355	2000	1
56	2136	2637	1323	6212	3750	2500.0	2400	355	2000	1
56	2137	2638	1324	6214	3751	2500.0	2400	355	2000	1
56	2176	2690	1346	6329	3747	2554.0	2400	355	2000	1
56	2204	2722	1359	6404	3740	2586.0	2400	355	2000	1
56	2207	2718	1358	6402	3735	2579.0	2400	355	2000	1
56	2202	2722	1359	6402	3742	2586.0	2400	355	2000	1
56	2206	2721	1359	6404	3738	2583.0	2400	355	2000	1
56	2205	2719	1358	6400	3737	2581.0	2400	355	2000	1
56	2204	2723	1361	6407	3743	2586.0	2400	355	2000	1
56	2206	2717	1357	6398	3734	2579.0	2400	355	2000	1
56	2196	2713	1356	6384	3743	2576.0	2400	355	2000	1
56	2204	2719	1358	6399	3738	2582.0	2400	355	2000	1
56	2207	2720	1360	6405	3738	2581.0	2400	355	2000	1
56	2201	2722	1359	6400	3743	2587.0	2400	355	2000	1
56	2135	2636	1322	6209	3750	2499.0	2400	355	2000	1
56	2138	2639	1325	6218	3752	2501.0	2400	355	2000	1
56	2135	2636	1322	6209	3750	2499.0	2400	355	2000	1
56	2146	2649	1329	6240	3750	2511.0	2400	355	2000	1
56	2135	2636	1322	6209	3750	2499.0	2400	355	2000	1
56	2137	2639	1325	6217	3753	2501.0	2400	355	2000	1
56	2135	2636	1322	6209	3750	2499.0	2400	355	2000	1
56	2137	2639	1325	6217	3753	2501.0	2400	355	2000	1
56	2136	2636	1323	6210	3750	2498.0	2400	355	2000	1
56	2137	2638	1325	6216	3753	2500.0	2400	355	2000	1
56	2136	2637	1323	6211	3750	2500.0	2400	355	2000	1
56	2205	2723	1361	6408	3742	2585.0	2400	355	2000	1
56	2206	2718	1358	6400	3736	2579.0	2400	355	2000	1
56	2203	2723	1360	6405	3743	2587.0	2400	355	2000	1
56	2206	2720	1359	6403	3738	2582.0	2400	355	2000	1
56	2205	2721	1359	6404	3739	2584.0	2400	355	2000	1
56	2197	2712	1356	6383	3742	2574.0	2400	355	2000	1
56	2206	2719	1358	6401	3736	2581.0	2400	355	2000	1
56	2207	2718	1358	6401	3735	2579.0	2400	355	2000	1
56	2196	2713	1356	6384	3743	2576.0	2400	355	2000	1
56	2205	2720	1358	6402	3737	2583.0	2400	355	2000	1
56	2182	2689	1346	6334	3741	2550.0	2400	355	2000	1
56	2135	2636	1322	6210	3750	2499.0	2400	355	2000	1
56	2145	2649	1329	6239	3751	2511.0	2400	355	2000	1
56	2135	2636	1322	6209	3750	2499.0	2400	355	2000	1
56	2137	2639	1325	6217	3753	2501.0	2400	355	2000	1
56	2135	2636	1322	6208	3750	2499.0	2400	355	2000	1
56	2138	2639	1325	6217	3752	2501.0	2400	355	2000	1
56	2135	2636	1322	6208	3750	2499.0	2400	355	2000	0
56	2138	2639	1325	6217	3752	2501.0	2400	355	2000	0
56	330	443	386	1196	5847	309.0	2400	355	2000	0
56	332	446	389	1204	5855	311.0	2400	355	2000	0
56	330	443	386	1196	5847	309.0	2400	355	2000	0
57	332	446	389	1204	5855	311.0	2400	711	1777	1
57	330	443	387	1197	5859	308.0	2400	711	1777	1
57	2416	2465	1279	6235	3407	2170.0	2400	711	1777	1
57	2414	2463	1278	6227	3408	2168.0	2400	711	1777	1
57	2413	2462	1277	6227	3407	2167.0	2400	711	1777	1
57	2414	2463	1278	6229	3408	2168.0	2400	711	1777	1
57	2422	2471	1281	6250	3406	2176.0	2400	711	1777	1
57	2413	2462	1277	6227	3407	2167.0	2400	711	1777	1
57	2413	2463	1277	6228	3407	2169.0	2400	711	1777	1
57	2413	2462	1277	6227	3407	2167.0	2400	711	1777	1
57	2416	2463	1278	6232	3406	2167.0	2400	711	1777	1
57	2491	2540	1311	6419	3396	2240.0	2400	711	1777	1
57	2496	2538	1311	6422	3392	2236.0	2400	711	1777	1
57	2489	2540	1311	6416	3397	2241.0	2400	711	1777	1
57	2487	2530	1307	6400	3393	2229.0	2400	711	1777	1
57	2491	2539	1310	6417	3394	2239.0	2400	711	1777	1
57	2494	2540	1312	6422	3395	2239.0	2400	711	1777	1
57	2492	2538	1310	6415	3393	2238.0	2400	711	1777	1
57	2492	2541	1312	6423	3396	2241.0	2400	711	1777	1
57	2493	2537	1309	6415	3391	2236.0	2400	711	1777	1
57	2492	2542	1313	6424	3398	2242.0	2400	711	1777	1
57	2494	2536	1309	6414	3390	2234.0	2400	711	1777	1
57	2412	2461	1276	6224	3406	2167.0	2400	711	1777	1
57	2415	2464	1279	6233	3408	2168.0	2400	711	1777	1
57	2413	2462	1277	6226	3407	2167.0	2400	711	1777	1
57	2414	2464	1279	6232	3409	2169.0	2400	711	1777	1
57	2413	2462	1277	6227	3407	2167.0	2400	711	1777	1
57	2414	2464	1279	6233	3409	2169.0	2400	711	1777	1
57	2413	2463	1277	6228	3407	2169.0	2400	711	1777	1
57	2414	2464	1278	6232	3408	2169.0	2400	711	1777	1
57	2422	2472	1282	6251	3407	2177.0	2400	711	1777	1
57	2413	2463	1278	6230	3408	2168.0	2400	711	1777	1
57	2414	2463	1278	6231	3408	2168.0	2400	711	1777	1
57	2491	2541	1312	6422	3397	2241.0	2400	711	1777	1
57	2486	2530	1308	6400	3395	2228.0	2400	711	1777	1
57	2489	2542	1312	6420	3399	2243.0	2400	711	1777	1
57	2496	2539	1311	6423	3392	2237.0	2400	711	1777	1
57	2490	2540	1311	6419	3396	2241.0	2400	711	1777	1
57	2491	2540	1312	6421	3397	2240.0	2400	711	1777	1
57	2492	2539	1311	6418	3395	2238.0	2400	711	1777	1
57	2493	2537	1310	6417	3393	2236.0	2400	711	1777	1
57	2491	2544	1314	6426	3400	2244.0	2400	711	1777	1
57	2494	2536	1309	6417	3390	2234.0	2400	711	1777	1
57	2492	2544	1314	6427	3399	2244.0	2400	711	1777	1
57	2412	2462	1277	6226	3408	2168.0	2400	711	1777	1
57	2414	2465	1279	6234	3409	2170.0	2400	711	1777	0
57	2908	2946	1490	7430	3343	2615.0	2400	711	1777	0
57	4571	4554	2201	11441	3225	4092.0	2400	711	1777	0
57	4565	4553	2199	11431	3226	4094.0	2400	711	1777	0
57	4571	4552	2200	11437	3224	4090.0	2400	711	1777	0
58	4564	4553	2199	11430	3226	4095.0	2400	1066	1555	1
58	4571	4551	2199	11435	3223	4089.0	2400	1066	1555	1
58	2699	2406	1275	6427	3190	1988.0	2400	1066	1555	1
58	2782	2355	1261	6433	3117	1890.0	2400	1066	1555	1
58	2771	2348	1257	6412	3119	1886.0	2400	1066	1555	1
58	2754	2332	1250	6373	3120	1871.0	2400	1066	1555	1
58	2691	2286	1229	6242	3131	1834.0	2400	1066	1555	1
58	2691	2285	1229	6241	3131	1833.0	2400	1066	1555	1
58	2691	2285	1228	6240	3129	1834.0	2400	1066	1555	1
58	2692	2286	1230	6244	3131	1833.0	2400	1066	1555	1
58	2690	2284	1228	6238	3130	1832.0	2400	1066	1555	1
58	2692	2287	1230	6245	3131	1835.0	2400	1066	1555	1
58	2690	2284	1228	6238	3130	1832.0	2400	1066	1555	1
58	2692	2287	1230	6246	3131	1835.0	2400	1066	1555	1
58	2690	2284	1228	6238	3130	1832.0	2400	1066	1555	1
58	2692	2287	1230	6246	3131	1835.0	2400	1066	1555	1
58	2784	2352	1259	6431	3113	1886.0	2400	1066	1555	1
58	2780	2359	1263	6439	3121	1896.0	2400	1066	1555	1
58	2781	2353	1259	6428	3115	1889.0	2400	1066	1555	1
58	2783	2358	1263	6440	3120	1893.0	2400	1066	1555	1
58	2778	2354	1259	6427	3117	1892.0	2400	1066	1555	1
58	2784	2356	1262	6438	3118	1891.0	2400	1066	1555	1
58	2777	2356	1260	6429	3119	1894.0	2400	1066	1555	1
58	2786	2355	1261	6438	3115	1889.0	2400	1066	1555	1
58	2767	2348	1257	6408	3121	1887.0	2400	1066	1555	1
58	2783	2355	1261	6435	3117	1890.0	2400	1066	1555	1
58	2780	2356	1261	6433	3119	1893.0	2400	1066	1555	1
58	2702	2294	1232	6264	3128	1841.0	2400	1066	1555	1
58	2692	2286	1229	6243	3130	1834.0	2400	1066	1555	1
58	2691	2285	1229	6241	3131	1833.0	2400	1066	1555	1
58	2691	2285	1228	6240	3129	1834.0	2400	1066	1555	1
58	2701	2293	1232	6263	3128	1840.0	2400	1066	1555	1
58	2690	2284	1228	6238	3130	1832.0	2400	1066	1555	1
58	2691	2285	1228	6240	3129	1834.0	2400	1066	1555	1
58	2689	2283	1227	6234	3129	1832.0	2400	1066	1555	1
58	2690	2284	1228	6238	3130	1832.0	2400	1066	1555	1
58	2688	2282	1226	6231	3128	1831.0	2400	1066	1555	1
58	2690	2284	1228	6238	3130	1832.0	2400	1066	1555	1
58	2720	2306	1237	6299	3123	1851.0	2400	1066	1555	1
58	2780	2358	1262	6436	3120	1895.0	2400	1066	1555	1
58	2780	2352	1258	6426	3115	1889.0	2400	1066	1555	1
58	2783	2357	1262	6437	3118	1893.0	2400	1066	1555	1
58	2777	2353	1259	6424	3118	1890.0	2400	1066	1555	1
58	2784	2355	1261	6436	3116	1890.0	2400	1066	1555	1
58	2770	2347	1260	6408	3124	1882.0	2400	1066	1555	1
58	2776	2354	1259	6424	3118	1892.0	2400	1066	1555	0
58	930	907	599	2473	3844	691.0	2400	1066	1555	0
58	329	441	385	1192	5849	307.0	2400	1066	1555	0
58	330	443	387	1198	5859	308.0	2400	1066	1555	0
58	328	441	385	1191	5863	307.0	2400	1066	1555	0
59	330	443	387	1197	5859	308.0	2400	1422	1333	1
59	881	789	551	2250	3773	556.0	2400	1422	1333	1
59	3054	2157	1203	6408	2889	1532.0	2400	1422	1333	1
59	3060	2153	1201	6408	2884	1525.0	2400	1422	1333	1
59	3054	2156	1203	6407	2889	1530.0	2400	1422	1333	1
59	3057	2153	1201	6404	2885	1526.0	2400	1422	1333	1
59	3058	2155	1202	6408	2886	1528.0	2400	1422	1333	1
59	3054	2155	1202	6404	2888	1530.0	2400	1422	1333	1
59	3059	2153	1201	6406	2884	1526.0	2400	1422	1333	1
59	3052	2156	1202	6404	2889	1532.0	2400	1422	1333	1
59	3060	2152	1200	6404	2882	1524.0	2400	1422	1333	1
59	2957	2092	1172	6217	2899	1484.0	2400	1422	1333	1
59	2955	2090	1171	6211	2899	1482.0	2400	1422	1333	1
59	2955	2090	1170	6210	2897	1483.0	2400	1422	1333	1
59	2957	2093	1173	6218	2900	1484.0	2400	1422	1333	1
59	2954	2089	1170	6209	2898	1481.0	2400	1422	1333	1
59	2957	2092	1173	6217	2900	1483.0	2400	1422	1333	1
59	2966	2097	1173	6231	2896	1488.0	2400	1422	1333	1
59	2957	2093	1173	6217	2900	1484.0	2400	1422	1333	1
59	2955	2089	1170	6209	2897	1481.0	2400	1422	1333	1
59	2957	2093	1173	6217	2900	1484.0	2400	1422	1333	1
59	2983	2104	1178	6259	2893	1490.0	2400	1422	1333	1
59	3054	2157	1203	6408	2889	1532.0	2400	1422	1333	1
59	3056	2151	1200	6400	2884	1524.0	2400	1422	1333	1
59	3058	2156	1203	6411	2887	1529.0	2400	1422	1333	1
59	3040	2146	1197	6377	2888	1524.0	2400	1422	1333	1
59	3060	2154	1202	6410	2885	1526.0	2400	1422	1333	1
59	3051	2155	1201	6400	2888	1531.0	2400	1422	1333	1
59	3060	2153	1202	6409	2885	1525.0	2400	1422	1333	1
59	3053	2155	1202	6404	2888	1530.0	2400	1422	1333	1
59	3057	2153	1201	6405	2885	1526.0	2400	1422	1333	1
59	3053	2154	1201	6402	2887	1529.0	2400	1422	1333	1
59	2956	2091	1172	6214	2900	1482.0	2400	1422	1333	1
59	2956	2091	1171	6213	2898	1483.0	2400	1422	1333	1
59	2956	2092	1172	6215	2900	1484.0	2400	1422	1333	1
59	2955	2090	1171	6212	2899	1482.0	2400	1422	1333	1
59	2957	2092	1172	6216	2899	1484.0	2400	1422	1333	1
59	2955	2090	1171	6211	2899	1482.0	2400	1422	1333	1
59	2957	2092	1172	6217	2899	1484.0	2400	1422	1333	1
59	2955	2090	1170	6210	2897	1483.0	2400	1422	1333	1
59	2957	2092	1172	6217	2899	1484.0	2400	1422	1333	1
59	2966	2097	1174	6232	2897	1487.0	2400	1422	1333	1
59	2957	2093	1173	6218	2900	1484.0	2400	1422	1333	1
59	2955	2090	1170	6209	2897	1483.0	2400	1422	1333	1
59	3059	2157	1203	6413	2887	1530.0	2400	1422	1333	1
59	3041	2146	1197	6377	2888	1523.0	2400	1422	1333	0
59	3060	2155	1203	6412	2886	1527.0	2400	1422	1333	0
59	5674	3802	1986	11413	2714	2705.0	2400	1422	1333	0
59	5682	3800	1988	11420	2713	2698.0	2400	1422	1333	0
59	5679	3800	1987	11416	2713	2699.0	2400	1422	1333	0
60	5674	3800	1986	11411	2714	2702.0	2400	1777	1111	1
60	3702	2558	1395	7638	2821	1814.0	2400	1777	1111	1
60	3223	1900	1116	6194	2693	1135.0	2400	1777	1111	1
60	3225	1903	1118	6201	2694	1138.0	2400	1777	1111	1
60	3250	1915	1124	6242	2690	1144.0	2400	1777	1111	1
60	3332	1959	1146	6389	2683	1171.0	2400	1777	1111	1
60	3339	1956	1145	6391	2679	1165.0	2400	1777	1111	1
60	3330	1959	1146	6386	2684	1172.0	2400	1777	1111	1
60	3340	1956	1145	6392	2679	1164.0	2400	1777	1111	1
60	3331	1958	1146	6387	2683	1170.0	2400	1777	1111	1
60	3339	1956	1145	6391	2679	1165.0	2400	1777	1111	1
60	3320	1952	1142	6366	2683	1167.0	2400	1777	1111	1
60	3337	1956	1145	6389	2680	1165.0	2400	1777	1111	1
60	3335	1958	1145	6390	2680	1169.0	2400	1777	1111	1
60	3335	1958	1146	6390	2682	1168.0	2400	1777	1111	1
60	3324	1951	1142	6368	2681	1164.0	2400	1777	1111	1
60	3226	1903	1118	6202	2694	1138.0	2400	1777	1111	1
60	3224	1901	1119	6195	2694	1134.0	2400	1777	1111	1
60	3237	1907	1119	6217	2690	1140.0	2400	1777	1111	1
60	3226	1903	1119	6203	2695	1137.0	2400	1777	1111	1
60	3224	1900	1116	6194	2691	1135.0	2400	1777	1111	1
60	3226	1903	1119	6203	2695	1137.0	2400	1777	1111	1
60	3224	1900	1116	6195	2692	1135.0	2400	1777	1111	1
60	3226	1904	1119	6204	2695	1138.0	2400	1777	1111	1
60	3224	1900	1116	6195	2692	1135.0	2400	1777	1111	1
60	3226	1903	1119	6203	2695	1137.0	2400	1777	1111	1
60	3224	1900	1116	6195	2692	1135.0	2400	1777	1111	1
60	3338	1960	1147	6396	2682	1170.0	2400	1777	1111	1
60	3332	1956	1144	6384	2680	1168.0	2400	1777	1111	1
60	3340	1959	1147	6397	2681	1168.0	2400	1777	1111	1
60	3330	1957	1145	6384	2682	1169.0	2400	1777	1111	1
60	3341	1958	1146	6396	2679	1166.0	2400	1777	1111	1
60	3331	1958	1145	6386	2682	1170.0	2400	1777	1111	1
60	3339	1957	1146	6394	2680	1166.0	2400	1777	1111	1
60	3333	1959	1146	6390	2682	1171.0	2400	1777	1111	1
60	3323	1951	1143	6368	2683	1163.0	2400	1777	1111	1
60	3333	1958	1146	6389	2682	1169.0	2400	1777	1111	1
60	3301	1938	1136	6328	2684	1155.0	2400	1777	1111	1
60	3238	1909	1121	6222	2692	1141.0	2400	1777	1111	1
60	3226	1903	1119	6203	2695	1137.0	2400	1777	1111	1
60	3225	1902	1118	6199	2693	1136.0	2400	1777	1111	1
60	3226	1904	1119	6204	2695	1138.0	2400	1777	1111	1
60	3237	1908	1121	6220	2692	1140.0	2400	1777	1111	1
60	3227	1904	1119	6205	2695	1138.0	2400	1777	1111	1
60	3224	1901	1117	6198	2693	1136.0	2400	1777	1111	1
60	3227	1904	1120	6205	2695	1137.0	2400	1777	1111	0
60	3224	1901	1117	6197	2693	1136.0	2400	1777	1111	0
60	331	444	388	1199	5857	309.0	2400	1777	1111	0
60	328	441	385	1191	5863	307.0	2400	1777	1111	0
60	331	444	388	1200	5857	309.0	2400	1777	1111	0
61	328	441	385	1191	5863	307.0	2400	2133	888	1
61	331	444	388	1200	5857	309.0	2400	2133	888	1
61	3499	1713	1063	6189	2515	789.0	2400	2133	888	1
61	3500	1716	1066	6196	2518	791.0	2400	2133	888	1
61	3514	1721	1069	6217	2517	793.0	2400	2133	888	1
61	3498	1713	1063	6188	2515	790.0	2400	2133	888	1
61	3499	1715	1066	6194	2518	790.0	2400	2133	888	1
61	3498	1713	1064	6188	2516	789.0	2400	2133	888	1
61	3513	1720	1068	6216	2517	792.0	2400	2133	888	1
61	3498	1713	1064	6189	2516	789.0	2400	2133	888	1
61	3623	1762	1091	6385	2504	806.0	2400	2133	888	1
61	3617	1763	1090	6380	2505	810.0	2400	2133	888	1
61	3607	1756	1087	6359	2505	804.0	2400	2133	888	1
61	3620	1764	1091	6383	2505	810.0	2400	2133	888	1
61	3619	1761	1090	6379	2505	806.0	2400	2133	888	1
61	3622	1764	1091	6386	2505	809.0	2400	2133	888	1
61	3616	1762	1090	6377	2505	809.0	2400	2133	888	1
61	3624	1763	1091	6387	2504	807.0	2400	2133	888	1
61	3613	1762	1089	6374	2505	811.0	2400	2133	888	1
61	3626	1763	1091	6390	2503	806.0	2400	2133	888	1
61	3614	1762	1089	6375	2505	810.0	2400	2133	888	1
61	3584	1746	1083	6323	2508	799.0	2400	2133	888	1
61	3500	1715	1066	6187	2515	790.0	2400	2133	888	1
61	3498	1712	1063	6187	2515	788.0	2400	2133	888	1
61	3500	1716	1066	6196	2518	791.0	2400	2133	888	1
61	3497	1712	1063	6187	2516	788.0	2400	2133	888	1
61	3500	1716	1066	6195	2518	791.0	2400	2133	888	1
61	3498	1712	1063	6187	2515	788.0	2400	2133	888	1
61	3514	1721	1069	6218	2517	793.0	2400	2133	888	1
61	3498	1713	1063	6187	2515	790.0	2400	2133	888	1
61	3500	1715	1066	6195	2518	790.0	2400	2133	888	1
61	3498	1713	1064	6188	2516	789.0	2400	2133	888	1
61	3601	1759	1088	6359	2509	810.0	2400	2133	888	1
61	3625	1761	1090	6384	2502	804.0	2400	2133	888	1
61	3616	1764	1091	6381	2507	811.0	2400	2133	888	1
61	3623	1761	1090	6382	2503	805.0	2400	2133	888	1
61	3604	1758	1088	6360	2507	808.0	2400	2133	888	1
61	3622	1761	1090	6382	2504	805.0	2400	2133	888	1
61	3619	1764	1091	6382	2505	810.0	2400	2133	888	1
61	3621	1761	1090	6382	2504	806.0	2400	2133	888	1
61	3620	1764	1091	6383	2505	810.0	2400	2133	888	1
61	3620	1763	1091	6384	2505	808.0	2400	2133	888	1
61	3620	1763	1091	6383	2505	808.0	2400	2133	888	1
61	3498	1713	1064	6189	2516	789.0	2400	2133	888	1
61	3500	1715	1066	6194	2518	790.0	2400	2133	888	1
61	3498	1713	1064	6188	2516	789.0	2400	2133	888	0
61	4550	2139	1292	7853	2433	953.0	2400	2133	888	0
61	6787	3029	1767	11367	2337	1284.0	2400	2133	888	0
61	6777	3033	1769	11364	2340	1292.0	2400	2133	888	0
61	6786	3029	1767	11365	2337	1284.0	2400	2133	888	0
62	6777	3033	1769	11363	2339	1292.0	2400	2488	666	1
62	6783	3028	1766	11361	2337	1284.0	2400	2488	666	1
62	3855	1603	1046	6379	2379	512.0	2400	2488	666	1
62	3928	1570	1037	6400	2348	443.0	2400	2488	666	1
62	3868	1553	1028	6317	2355	443.0	2400	2488	666	1
62	3796	1529	1013	6210	2359	439.0	2400	2488	666	1
62	3813	1537	1018	6240	2360	442.0	2400	2488	666	1
62	3796	1530	1013	6211	2359	441.0	2400	2488	666	1
62	3798	1532	1015	6217	2361	442.0	2400	2488	666	1
62	3798	1532	1015	6217	2361	442.0	2400	2488	666	1
62	3797	1530	1014	6212	2360	440.0	2400	2488	666	1
62	3797	1531	1015	6216	2362	440.0	2400	2488	666	1
62	3797	1530	1014	6214	2361	440.0	2400	2488	666	1
62	3797	1531	1015	6215	2361	440.0	2400	2488	666	1
62	3797	1531	1015	6215	2361	440.0	2400	2488	666	1
62	3930	1571	1038	6405	2348	443.0	2400	2488	666	1
62	3931	1574	1039	6409	2349	447.0	2400	2488	666	1
62	3927	1571	1038	6402	2349	444.0	2400	2488	666	1
62	3933	1573	1039	6412	2349	445.0	2400	2488	666	1
62	3924	1572	1037	6399	2349	448.0	2400	2488	666	1
62	3936	1573	1040	6414	2349	443.0	2400	2488	666	1
62	3923	1571	1037	6398	2350	446.0	2400	2488	666	1
62	3919	1568	1037	6390	2350	443.0	2400	2488	666	1
62	3925	1571	1037	6399	2348	446.0	2400	2488	666	1
62	3931	1573	1039	6409	2349	446.0	2400	2488	666	1
62	3928	1572	1037	6403	2348	446.0	2400	2488	666	1
62	3913	1568	1037	6385	2352	445.0	2400	2488	666	1
62	3798	1533	1016	6219	2362	442.0	2400	2488	666	1
62	3796	1529	1013	6210	2359	439.0	2400	2488	666	1
62	3814	1537	1019	6241	2361	441.0	2400	2488	666	1
62	3796	1529	1013	6210	2359	439.0	2400	2488	666	1
62	3798	1532	1016	6218	2362	441.0	2400	2488	666	1
62	3796	1529	1013	6210	2359	439.0	2400	2488	666	1
62	3798	1532	1016	6218	2362	441.0	2400	2488	666	1
62	3796	1530	1014	6211	2360	440.0	2400	2488	666	1
62	3798	1532	1015	6217	2361	442.0	2400	2488	666	1
62	3797	1530	1014	6212	2360	440.0	2400	2488	666	1
62	3873	1555	1029	6325	2354	443.0	2400	2488	666	1
62	3925	1572	1038	6401	2349	447.0	2400	2488	666	1
62	3931	1572	1038	6407	2348	445.0	2400	2488	666	1
62	3929	1573	1039	6406	2349	446.0	2400	2488	666	1
62	3927	1571	1038	6402	2349	444.0	2400	2488	666	1
62	3932	1573	1039	6410	2349	445.0	2400	2488	666	1
62	3925	1572	1038	6401	2349	447.0	2400	2488	666	1
62	3934	1573	1039	6412	2348	445.0	2400	2488	666	1
62	3919	1568	1037	6398	2353	443.0	2400	2488	666	0
62	891	617	487	2005	3473	328.0	2400	2488	666	0
62	331	444	387	1199	5845	310.0	2400	2488	666	0
62	329	441	385	1192	5849	307.0	2400	2488	666	0
62	330	444	387	1199	5859	310.0	2400	2488	666	0
63	328	441	385	1191	5863	307.0	2400	2844	444	1
63	1490	722	565	2752	2816	242.0	2400	2844	444	1
63	4269	1384	988	6461	2209	75.0	2400	2844	444	1
63	4246	1382	988	6437	2214	79.0	2400	2844	444	1
63	4269	1384	988	6460	2209	75.0	2400	2844	444	1
63	4262	1386	990	6459	2213	79.0	2400	2844	444	1
63	4267	1383	988	6459	2210	74.0	2400	2844	444	1
63	4263	1387	990	6461	2213	80.0	2400	2844	444	1
63	4265	1383	988	6456	2210	75.0	2400	2844	444	1
63	4265	1387	990	6463	2213	79.0	2400	2844	444	1
63	4120	1349	966	6263	2222	84.0	2400	2844	444	1
63	4121	1351	968	6269	2224	85.0	2400	2844	444	1
63	4120	1350	966	6264	2222	86.0	2400	2844	444	1
63	4121	1351	968	6268	2223	85.0	2400	2844	444	1
63	4120	1351	967	6267	2223	87.0	2400	2844	444	1
63	4137	1354	969	6288	2221	84.0	2400	2844	444	1
63	4120	1350	967	6265	2223	85.0	2400	2844	444	1
63	4121	1351	967	6267	2222	86.0	2400	2844	444	1
63	4120	1350	967	6264	2223	85.0	2400	2844	444	1
63	4137	1355	970	6290	2222	85.0	2400	2844	444	1
63	4188	1366	977	6356	2217	81.0	2400	2844	444	1
63	4271	1386	990	6467	2211	76.0	2400	2844	444	1
63	4260	1384	988	6453	2212	78.0	2400	2844	444	1
63	4251	1383	988	6443	2213	79.0	2400	2844	444	1
63	4263	1385	989	6457	2211	78.0	2400	2844	444	1
63	4266	1387	991	6464	2213	78.0	2400	2844	444	1
63	4265	1385	989	6459	2211	77.0	2400	2844	444	1
63	4264	1387	991	6463	2214	79.0	2400	2844	444	1
63	4268	1385	989	6462	2210	76.0	2400	2844	444	1
63	4262	1388	991	6462	2214	81.0	2400	2844	444	1
63	4269	1385	989	6463	2210	76.0	2400	2844	444	1
63	4263	1388	991	6463	2214	81.0	2400	2844	444	1
63	4122	1353	969	6273	2225	88.0	2400	2844	444	1
63	4120	1351	967	6266	2223	87.0	2400	2844	444	1
63	4122	1353	969	6273	2225	88.0	2400	2844	444	1
63	4120	1351	967	6267	2223	87.0	2400	2844	444	1
63	4121	1353	969	6271	2224	88.0	2400	2844	444	1
63	4120	1351	968	6267	2224	86.0	2400	2844	444	1
63	4121	1352	969	6271	2225	86.0	2400	2844	444	1
63	4138	1356	970	6291	2222	86.0	2400	2844	444	1
63	4121	1352	968	6269	2223	87.0	2400	2844	444	1
63	4121	1352	968	6270	2224	87.0	2400	2844	444	1
63	4121	1351	968	6269	2224	85.0	2400	2844	444	1
63	4247	1383	988	6440	2214	80.0	2400	2844	444	1
63	4266	1385	989	6461	2211	77.0	2400	2844	444	1
63	4266	1388	991	6466	2213	80.0	2400	2844	444	0
63	4263	1384	989	6457	2212	76.0	2400	2844	444	0
63	8053	2293	1572	11529	2059	0.0	2400	2844	444	0
63	8042	2289	1569	11510	2058	0.0	2400	2844	444	0
63	8052	2292	1571	11526	2058	0.0	2400	2844	444	0
64	8049	2292	1571	11523	2058	0.0	2400	3200	222	1
64	4829	1519	1076	7213	2174	42.0	2400	3200	222	1
64	4466	1189	932	6370	2111	0.0	2400	3200	222	1
64	4555	1203	941	6477	2102	0.0	2400	3200	222	1
64	4623	1217	953	6567	2100	0.0	2400	3200	222	1
64	4624	1216	951	6564	2098	0.0	2400	3200	222	1
64	4621	1217	952	6564	2100	0.0	2400	3200	222	1
64	4626	1215	951	6566	2098	0.0	2400	3200	222	1
64	4621	1217	952	6564	2100	0.0	2400	3200	222	1
64	4626	1215	951	6564	2097	0.0	2400	3200	222	1
64	4622	1217	952	6565	2099	0.0	2400	3200	222	1
64	4624	1215	951	6563	2098	0.0	2400	3200	222	1
64	4623	1217	952	6567	2100	0.0	2400	3200	222	1
64	4603	1211	948	6538	2100	0.0	2400	3200	222	1
64	4626	1217	952	6570	2099	0.0	2400	3200	222	1
64	4465	1188	931	6367	2110	0.0	2400	3200	222	1
64	4465	1187	931	6367	2110	0.0	2400	3200	222	1
64	4484	1191	933	6391	2109	0.0	2400	3200	222	1
64	4465	1188	931	6366	2109	0.0	2400	3200	222	1
64	4465	1187	930	6365	2109	0.0	2400	3200	222	1
64	4466	1188	932	6370	2111	0.0	2400	3200	222	1
64	4465	1186	930	6364	2109	0.0	2400	3200	222	1
64	4466	1189	932	6371	2111	0.0	2400	3200	222	1
64	4464	1186	930	6364	2109	0.0	2400	3200	222	1
64	4466	1189	932	6371	2111	0.0	2400	3200	222	1
64	4464	1186	929	6363	2109	0.0	2400	3200	222	1
64	4625	1217	953	6568	2100	0.0	2400	3200	222	1
64	4623	1215	950	6562	2098	0.0	2400	3200	222	1
64	4621	1217	953	6564	2100	0.0	2400	3200	222	1
64	4625	1215	951	6565	2098	0.0	2400	3200	222	1
64	4621	1217	952	6565	2100	0.0	2400	3200	222	1
64	4625	1215	951	6564	2098	0.0	2400	3200	222	1
64	4622	1217	952	6565	2099	0.0	2400	3200	222	1
64	4604	1211	948	6538	2100	0.0	2400	3200	222	1
64	4624	1218	953	6569	2100	0.0	2400	3200	222	1
64	4621	1214	950	6559	2098	0.0	2400	3200	222	1
64	4626	1218	953	6571	2100	0.0	2400	3200	222	1
64	4461	1188	931	6364	2111	0.0	2400	3200	222	1
64	4460	1187	930	6362	2111	0.0	2400	3200	222	1
64	4461	1188	931	6364	2111	0.0	2400	3200	222	1
64	4479	1191	933	6385	2109	0.0	2400	3200	222	1
64	4461	1187	930	6362	2110	0.0	2400	3200	222	1
64	4460	1188	930	6363	2111	0.0	2400	3200	222	1
64	4460	1187	930	6361	2110	0.0	2400	3200	222	1
64	4461	1188	931	6364	2111	0.0	2400	3200	222	1
64	4460	1186	930	6360	2110	0.0	2400	3200	222	0
64	4461	1188	931	6364	2111	0.0	2400	3200	222	0
64	330	443	387	1196	5859	308.0	2400	3200	222	0
64	332	445	389	1203	5855	309.0	2400	3200	222	0
64	330	443	386	1195	5847	309.0	2400	3200	222	0
65	331	445	388	1202	5857	310.0	2400	711	2000	1
65	329	441	385	1192	5849	307.0	2400	711	2000	1
65	2437	2649	1356	6522	3510	2397.0	2400	711	2000	1
65	2432	2645	1353	6510	3510	2394.0	2400	711	2000	1
65	2435	2648	1355	6518	3511	2397.0	2400	711	2000	1
65	2434	2647	1355	6517	3512	2395.0	2400	711	2000	1
65	2441	2654	1357	6533	3509	2403.0	2400	711	2000	1
65	2435	2647	1355	6517	3511	2395.0	2400	711	2000	1
65	2432	2645	1353	6510	3510	2394.0	2400	711	2000	1
65	2512	2734	1393	6721	3503	2480.0	2400	711	2000	1
65	2505	2717	1385	6689	3497	2461.0	2400	711	2000	1
65	2514	2732	1392	6720	3500	2477.0	2400	711	2000	1
65	2512	2729	1390	6713	3499	2474.0	2400	711	2000	1
65	2515	2729	1391	6718	3498	2472.0	2400	711	2000	1
65	2502	2729	1390	6703	3507	2477.0	2400	711	2000	1
65	2517	2728	1390	6717	3495	2471.0	2400	711	2000	1
65	2512	2731	1391	6716	3500	2476.0	2400	711	2000	1
65	2513	2730	1391	6716	3499	2474.0	2400	711	2000	1
65	2514	2729	1390	6715	3497	2473.0	2400	711	2000	1
65	2511	2731	1391	6715	3501	2477.0	2400	711	2000	1
65	2478	2687	1372	6619	3500	2432.0	2400	711	2000	1
65	2432	2645	1353	6510	3510	2394.0	2400	711	2000	1
65	2434	2646	1354	6514	3510	2395.0	2400	711	2000	1
65	2433	2646	1354	6515	3511	2395.0	2400	711	2000	1
65	2432	2644	1353	6510	3510	2393.0	2400	711	2000	1
65	2434	2647	1355	6516	3512	2395.0	2400	711	2000	1
65	2442	2654	1357	6533	3508	2402.0	2400	711	2000	1
65	2434	2647	1355	6517	3512	2395.0	2400	711	2000	1
65	2432	2644	1352	6510	3509	2394.0	2400	711	2000	1
65	2435	2647	1355	6518	3511	2395.0	2400	711	2000	1
65	2442	2654	1357	6533	3508	2402.0	2400	711	2000	1
65	2517	2730	1391	6721	3496	2473.0	2400	711	2000	1
65	2513	2729	1390	6713	3498	2474.0	2400	711	2000	1
65	2514	2732	1392	6720	3500	2477.0	2400	711	2000	1
65	2504	2716	1384	6687	3496	2460.0	2400	711	2000	1
65	2512	2733	1393	6721	3503	2478.0	2400	711	2000	1
65	2514	2726	1389	6711	3496	2469.0	2400	711	2000	1
65	2514	2732	1392	6720	3500	2477.0	2400	711	2000	1
65	2512	2729	1390	6713	3499	2474.0	2400	711	2000	1
65	2516	2729	1391	6718	3497	2472.0	2400	711	2000	1
65	2510	2731	1391	6715	3502	2477.0	2400	711	2000	1
65	2512	2730	1391	6718	3500	2475.0	2400	711	2000	1
65	2434	2647	1355	6516	3512	2395.0	2400	711	2000	1
65	2433	2646	1354	6514	3511	2395.0	2400	711	2000	1
65	2434	2647	1354	6515	3510	2396.0	2400	711	2000	1
65	2434	2646	1354	6514	3510	2395.0	2400	711	2000	0
65	3298	3556	1754	8707	3417	3258.0	2400	711	2000	0
65	4612	4929	2357	12023	3338	4557.0	2400	711	2000	0
65	4612	4927	2356	12020	3337	4554.0	2400	711	2000	0
65	4610	4930	2357	12022	3338	4559.0	2400	711	2000	0
66	4612	4924	2355	12015	3336	4550.0	2400	1066	1777	1
66	4608	4931	2358	12022	3340	4561.0	2400	1066	1777	1
66	2766	2563	1345	6719	3243	2162.0	2400	1066	1777	1
66	2764	2517	1329	6650	3222	2102.0	2400	1066	1777	1
66	2715	2478	1310	6544	3229	2070.0	2400	1066	1777	1
66	2707	2472	1308	6527	3231	2065.0	2400	1066	1777	1
66	2704	2469	1306	6519	3231	2063.0	2400	1066	1777	1
66	2706	2472	1308	6527	3232	2065.0	2400	1066	1777	1
66	2715	2477	1309	6542	3227	2070.0	2400	1066	1777	1
66	2707	2472	1306	6527	3229	2067.0	2400	1066	1777	1
66	2707	2472	1308	6528	3231	2065.0	2400	1066	1777	1
66	2705	2469	1306	6520	3230	2062.0	2400	1066	1777	1
66	2707	2472	1308	6528	3231	2065.0	2400	1066	1777	1
66	2704	2469	1306	6520	3231	2063.0	2400	1066	1777	1
66	2796	2550	1344	6731	3222	2133.0	2400	1066	1777	1
66	2794	2546	1340	6721	3218	2130.0	2400	1066	1777	1
66	2798	2548	1343	6730	3219	2130.0	2400	1066	1777	1
66	2792	2548	1342	6723	3222	2133.0	2400	1066	1777	1
66	2800	2546	1342	6729	3217	2127.0	2400	1066	1777	1
66	2792	2549	1342	6724	3222	2134.0	2400	1066	1777	1
66	2797	2540	1339	6717	3214	2120.0	2400	1066	1777	1
66	2796	2548	1342	6727	3219	2131.0	2400	1066	1777	1
66	2794	2548	1342	6726	3221	2132.0	2400	1066	1777	1
66	2798	2546	1342	6727	3218	2127.0	2400	1066	1777	1
66	2782	2540	1338	6702	3223	2126.0	2400	1066	1777	1
66	2799	2545	1341	6727	3216	2126.0	2400	1066	1777	1
66	2705	2470	1306	6522	3230	2064.0	2400	1066	1777	1
66	2706	2471	1307	6526	3231	2065.0	2400	1066	1777	1
66	2706	2471	1308	6526	3232	2064.0	2400	1066	1777	1
66	2705	2469	1306	6520	3230	2062.0	2400	1066	1777	1
66	2706	2472	1308	6527	3232	2065.0	2400	1066	1777	1
66	2704	2469	1306	6520	3231	2063.0	2400	1066	1777	1
66	2706	2472	1308	6527	3232	2065.0	2400	1066	1777	1
66	2704	2468	1305	6519	3229	2062.0	2400	1066	1777	1
66	2706	2472	1308	6527	3232	2065.0	2400	1066	1777	1
66	2704	2469	1305	6519	3229	2063.0	2400	1066	1777	1
66	2728	2491	1317	6577	3230	2082.0	2400	1066	1777	1
66	2792	2548	1341	6723	3220	2133.0	2400	1066	1777	1
66	2801	2547	1342	6731	3216	2128.0	2400	1066	1777	1
66	2792	2548	1341	6723	3220	2133.0	2400	1066	1777	1
66	2798	2548	1343	6730	3219	2130.0	2400	1066	1777	1
66	2796	2546	1341	6724	3218	2129.0	2400	1066	1777	1
66	2795	2549	1343	6728	3221	2132.0	2400	1066	1777	1
66	2798	2545	1340	6723	3215	2127.0	2400	1066	1777	1
66	2783	2541	1339	6705	3224	2127.0	2400	1066	1777	1
66	2799	2544	1340	6724	3215	2125.0	2400	1066	1777	0
66	530	610	462	1639	4712	452.0	2400	1066	1777	0
66	330	443	387	1197	5859	308.0	2400	1066	1777	0
66	329	442	386	1195	5861	308.0	2400	1066	1777	0
66	330	442	386	1195	5847	307.0	2400	1066	1777	0
67	330	442	386	1195	5847	307.0	2400	1422	1555	1
67	1337	1145	717	3222	3434	848.0	2400	1422	1555	1
67	3085	2366	1293	6744	2987	1786.0	2400	1422	1555	1
67	3085	2362	1290	6737	2984	1782.0	2400	1422	1555	1
67	3089	2364	1292	6744	2984	1782.0	2400	1422	1555	1
67	3082	2364	1291	6735	2986	1785.0	2400	1422	1555	1
67	3090	2363	1292	6744	2984	1780.0	2400	1422	1555	1
67	3080	2364	1291	6734	2987	1786.0	2400	1422	1555	1
67	3089	2363	1292	6743	2984	1781.0	2400	1422	1555	1
67	2983	2292	1257	6533	2996	1729.0	2400	1422	1555	1
67	2985	2294	1259	6540	2997	1730.0	2400	1422	1555	1
67	2983	2291	1257	6532	2996	1727.0	2400	1422	1555	1
67	2985	2294	1259	6540	2997	1730.0	2400	1422	1555	1
67	2983	2291	1257	6532	2996	1727.0	2400	1422	1555	1
67	2983	2291	1257	6532	2996	1727.0	2400	1422	1555	1
67	2985	2294	1260	6541	2999	1729.0	2400	1422	1555	1
67	2983	2291	1257	6533	2996	1727.0	2400	1422	1555	1
67	2997	2303	1263	6565	2996	1737.0	2400	1422	1555	1
67	2984	2292	1257	6533	2995	1728.0	2400	1422	1555	1
67	3009	2310	1267	6587	2995	1741.0	2400	1422	1555	1
67	3081	2364	1291	6736	2987	1786.0	2400	1422	1555	1
67	3077	2354	1288	6719	2985	1773.0	2400	1422	1555	1
67	3084	2364	1291	6738	2985	1785.0	2400	1422	1555	1
67	3085	2364	1292	6740	2986	1784.0	2400	1422	1555	1
67	3088	2362	1291	6740	2983	1780.0	2400	1422	1555	1
67	3071	2362	1291	6724	2992	1786.0	2400	1422	1555	1
67	3089	2361	1290	6739	2982	1779.0	2400	1422	1555	1
67	3081	2365	1292	6738	2988	1786.0	2400	1422	1555	1
67	3087	2361	1291	6739	2984	1779.0	2400	1422	1555	1
67	3085	2363	1291	6739	2985	1783.0	2400	1422	1555	1
67	3084	2363	1292	6738	2987	1782.0	2400	1422	1555	1
67	2992	2294	1259	6546	2994	1727.0	2400	1422	1555	1
67	2985	2293	1257	6538	2995	1730.0	2400	1422	1555	1
67	2985	2294	1259	6539	2997	1730.0	2400	1422	1555	1
67	2983	2291	1257	6533	2996	1727.0	2400	1422	1555	1
67	2985	2294	1259	6540	2997	1730.0	2400	1422	1555	1
67	2983	2291	1257	6532	2996	1727.0	2400	1422	1555	1
67	2997	2302	1263	6564	2996	1735.0	2400	1422	1555	1
67	2983	2291	1257	6532	2996	1727.0	2400	1422	1555	1
67	2986	2294	1259	6540	2997	1729.0	2400	1422	1555	1
67	2983	2291	1257	6532	2996	1727.0	2400	1422	1555	1
67	2997	2303	1263	6564	2996	1737.0	2400	1422	1555	1
67	3086	2362	1290	6738	2983	1782.0	2400	1422	1555	1
67	3084	2365	1293	6742	2988	1785.0	2400	1422	1555	1
67	3087	2361	1290	6737	2983	1780.0	2400	1422	1555	1
67	3071	2358	1289	6718	2990	1781.0	2400	1422	1555	0
67	3089	2360	1289	6737	2980	1778.0	2400	1422	1555	0
67	5734	4214	2164	12074	2821	3205.0	2400	1422	1555	0
67	5733	4207	2160	12064	2819	3198.0	2400	1422	1555	0
67	5734	4211	2163	12070	2820	3201.0	2400	1422	1555	0
68	5730	4208	2161	12061	2820	3199.0	2400	1777	1333	1
68	3288	2504	1358	7146	2963	1890.0	2400	1777	1333	1
68	3262	2113	1209	6545	2789	1391.0	2400	1777	1333	1
68	3358	2166	1235	6716	2777	1424.0	2400	1777	1333	1
68	3364	2163	1234	6718	2773	1418.0	2400	1777	1333	1
68	3361	2166	1235	6720	2775	1423.0	2400	1777	1333	1
68	3360	2164	1234	6716	2775	1421.0	2400	1777	1333	1
68	3365	2165	1235	6723	2774	1420.0	2400	1777	1333	1
68	3357	2165	1234	6714	2776	1424.0	2400	1777	1333	1
68	3367	2165	1235	6723	2772	1420.0	2400	1777	1333	1
68	3356	2165	1234	6713	2776	1424.0	2400	1777	1333	1
68	3353	2157	1231	6699	2774	1414.0	2400	1777	1333	1
68	3359	2165	1234	6715	2775	1423.0	2400	1777	1333	1
68	3363	2165	1235	6721	2775	1421.0	2400	1777	1333	1
68	3258	2102	1203	6522	2782	1379.0	2400	1777	1333	1
68	3264	2111	1208	6543	2786	1388.0	2400	1777	1333	1
68	3249	2100	1202	6511	2785	1380.0	2400	1777	1333	1
68	3251	2103	1205	6520	2789	1381.0	2400	1777	1333	1
68	3249	2100	1202	6512	2786	1380.0	2400	1777	1333	1
68	3249	2100	1202	6511	2785	1380.0	2400	1777	1333	1
68	3251	2103	1205	6520	2789	1381.0	2400	1777	1333	1
68	3249	2100	1202	6512	2786	1380.0	2400	1777	1333	1
68	3251	2104	1205	6521	2789	1383.0	2400	1777	1333	1
68	3250	2102	1203	6515	2786	1382.0	2400	1777	1333	1
68	3252	2105	1206	6523	2789	1383.0	2400	1777	1333	1
68	3361	2167	1235	6721	2775	1425.0	2400	1777	1333	1
68	3362	2168	1237	6724	2777	1425.0	2400	1777	1333	1
68	3365	2165	1235	6723	2774	1420.0	2400	1777	1333	1
68	3358	2169	1237	6722	2779	1427.0	2400	1777	1333	1
68	3367	2164	1235	6724	2773	1418.0	2400	1777	1333	1
68	3359	2169	1237	6722	2778	1427.0	2400	1777	1333	1
68	3364	2160	1233	6714	2772	1414.0	2400	1777	1333	1
68	3362	2168	1237	6724	2777	1425.0	2400	1777	1333	1
68	3360	2166	1236	6720	2777	1423.0	2400	1777	1333	1
68	3365	2166	1236	6724	2775	1421.0	2400	1777	1333	1
68	3344	2161	1233	6696	2780	1422.0	2400	1777	1333	1
68	3354	2157	1231	6700	2774	1414.0	2400	1777	1333	1
68	3251	2103	1204	6519	2787	1382.0	2400	1777	1333	1
68	3265	2112	1209	6547	2787	1388.0	2400	1777	1333	1
68	3251	2102	1204	6517	2787	1381.0	2400	1777	1333	1
68	3252	2104	1206	6523	2789	1382.0	2400	1777	1333	1
68	3250	2102	1203	6516	2787	1382.0	2400	1777	1333	1
68	3252	2105	1206	6523	2789	1383.0	2400	1777	1333	1
68	3250	2102	1203	6515	2786	1382.0	2400	1777	1333	1
68	3252	2105	1206	6523	2789	1383.0	2400	1777	1333	1
68	3250	2102	1203	6516	2787	1382.0	2400	1777	1333	0
68	3253	2105	1206	6525	2789	1383.0	2400	1777	1333	0
68	330	443	386	1196	5847	309.0	2400	1777	1333	0
68	332	446	389	1204	5855	311.0	2400	1777	1333	0
68	330	443	386	1195	5847	309.0	2400	1777	1333	0
69	332	446	389	1204	5855	311.0	2400	2133	1111	1
69	330	443	386	1196	5847	309.0	2400	2133	1111	1
69	3527	1917	1153	6517	2607	1036.0	2400	2133	1111	1
69	3523	1914	1150	6506	2605	1035.0	2400	2133	1111	1
69	3525	1916	1152	6513	2606	1036.0	2400	2133	1111	1
69	3537	1916	1152	6530	2604	1032.0	2400	2133	1111	1
69	3524	1915	1151	6509	2605	1036.0	2400	2133	1111	1
69	3525	1917	1153	6515	2607	1037.0	2400	2133	1111	1
69	3637	1966	1177	6697	2594	1060.0	2400	2133	1111	1
69	3647	1970	1180	6713	2593	1061.0	2400	2133	1111	1
69	3644	1971	1180	6710	2594	1064.0	2400	2133	1111	1
69	3641	1971	1180	6708	2595	1065.0	2400	2133	1111	1
69	3635	1963	1176	6690	2593	1057.0	2400	2133	1111	1
69	3640	1972	1180	6708	2596	1067.0	2400	2133	1111	1
69	3645	1969	1179	6709	2593	1061.0	2400	2133	1111	1
69	3646	1971	1180	6711	2593	1063.0	2400	2133	1111	1
69	3641	1971	1180	6708	2595	1065.0	2400	2133	1111	1
69	3650	1969	1180	6713	2591	1059.0	2400	2133	1111	1
69	3642	1972	1181	6711	2596	1065.0	2400	2133	1111	1
69	3645	1968	1179	6707	2593	1059.0	2400	2133	1111	1
69	3524	1916	1152	6512	2607	1036.0	2400	2133	1111	1
69	3523	1914	1150	6506	2605	1035.0	2400	2133	1111	1
69	3525	1916	1152	6513	2606	1036.0	2400	2133	1111	1
69	3523	1913	1150	6506	2605	1033.0	2400	2133	1111	1
69	3522	1913	1150	6506	2606	1034.0	2400	2133	1111	1
69	3525	1916	1152	6513	2606	1036.0	2400	2133	1111	1
69	3523	1913	1150	6505	2605	1033.0	2400	2133	1111	1
69	3525	1916	1153	6514	2607	1035.0	2400	2133	1111	1
69	3537	1920	1153	6529	2603	1038.0	2400	2133	1111	1
69	3525	1916	1153	6513	2607	1035.0	2400	2133	1111	1
69	3595	1950	1168	6630	2599	1055.0	2400	2133	1111	1
69	3650	1971	1181	6718	2593	1061.0	2400	2133	1111	1
69	3627	1964	1176	6683	2596	1061.0	2400	2133	1111	1
69	3645	1972	1181	6713	2595	1064.0	2400	2133	1111	1
69	3648	1969	1179	6710	2591	1060.0	2400	2133	1111	1
69	3640	1973	1181	6710	2597	1067.0	2400	2133	1111	1
69	3634	1966	1177	6692	2594	1061.0	2400	2133	1111	1
69	3644	1974	1182	6715	2596	1067.0	2400	2133	1111	1
69	3643	1969	1179	6706	2593	1062.0	2400	2133	1111	1
69	3649	1971	1181	6716	2594	1061.0	2400	2133	1111	1
69	3638	1971	1180	6705	2596	1066.0	2400	2133	1111	1
69	3649	1970	1181	6715	2594	1060.0	2400	2133	1111	1
69	3524	1915	1152	6511	2607	1035.0	2400	2133	1111	1
69	3523	1914	1151	6509	2607	1034.0	2400	2133	1111	1
69	3524	1915	1151	6510	2605	1036.0	2400	2133	1111	1
69	3524	1915	1151	6509	2605	1036.0	2400	2133	1111	0
69	5048	2620	1517	9049	2499	1386.0	2400	2133	1111	0
69	6831	3437	1942	12007	2433	1785.0	2400	2133	1111	0
69	6832	3437	1942	12008	2433	1785.0	2400	2133	1111	0
69	6825	3439	1943	12004	2434	1790.0	2400	2133	1111	0
70	6834	3435	1942	12007	2432	1781.0	2400	2488	888	1
70	6827	3439	1943	12007	2434	1789.0	2400	2488	888	1
70	3924	1779	1125	6702	2438	710.0	2400	2488	888	1
70	3822	1731	1101	6532	2444	685.0	2400	2488	888	1
70	3820	1729	1099	6527	2443	684.0	2400	2488	888	1
70	3822	1732	1101	6533	2444	687.0	2400	2488	888	1
70	3836	1735	1102	6550	2441	686.0	2400	2488	888	1
70	3823	1732	1102	6534	2445	685.0	2400	2488	888	1
70	3821	1729	1099	6527	2442	684.0	2400	2488	888	1
70	3823	1732	1102	6535	2445	685.0	2400	2488	888	1
70	3823	1732	1102	6535	2445	685.0	2400	2488	888	1
70	3820	1729	1099	6526	2443	684.0	2400	2488	888	1
70	3822	1732	1102	6534	2445	686.0	2400	2488	888	1
70	3872	1753	1112	6613	2441	695.0	2400	2488	888	1
70	3959	1780	1129	6741	2433	697.0	2400	2488	888	1
70	3947	1779	1126	6724	2433	702.0	2400	2488	888	1
70	3958	1780	1129	6739	2433	698.0	2400	2488	888	1
70	3951	1779	1127	6730	2433	700.0	2400	2488	888	1
70	3953	1780	1128	6734	2434	700.0	2400	2488	888	1
70	3956	1778	1127	6733	2431	697.0	2400	2488	888	1
70	3948	1781	1129	6731	2436	702.0	2400	2488	888	1
70	3958	1778	1127	6735	2431	696.0	2400	2488	888	1
70	3937	1776	1126	6711	2435	700.0	2400	2488	888	1
70	3953	1778	1127	6729	2432	698.0	2400	2488	888	1
70	3957	1780	1128	6738	2433	699.0	2400	2488	888	1
70	3821	1730	1100	6529	2443	684.0	2400	2488	888	1
70	3837	1736	1104	6554	2443	686.0	2400	2488	888	1
70	3821	1729	1100	6528	2443	683.0	2400	2488	888	1
70	3821	1729	1099	6528	2443	684.0	2400	2488	888	1
70	3836	1734	1102	6549	2441	684.0	2400	2488	888	1
70	3821	1729	1099	6526	2442	684.0	2400	2488	888	1
70	3820	1728	1098	6524	2442	683.0	2400	2488	888	1
70	3821	1729	1099	6526	2442	684.0	2400	2488	888	1
70	3820	1727	1098	6522	2442	682.0	2400	2488	888	1
70	3821	1729	1099	6526	2442	684.0	2400	2488	888	1
70	3819	1727	1097	6521	2441	683.0	2400	2488	888	1
70	3953	1779	1127	6731	2432	699.0	2400	2488	888	1
70	3949	1776	1124	6721	2430	698.0	2400	2488	888	1
70	3958	1778	1127	6734	2431	696.0	2400	2488	888	1
70	3946	1776	1124	6719	2432	699.0	2400	2488	888	1
70	3955	1777	1126	6731	2431	696.0	2400	2488	888	1
70	3952	1776	1125	6725	2430	696.0	2400	2488	888	1
70	3951	1776	1126	6724	2431	696.0	2400	2488	888	1
70	3956	1775	1124	6727	2428	694.0	2400	2488	888	1
70	3948	1779	1127	6726	2433	701.0	2400	2488	888	1
70	3953	1774	1124	6723	2429	693.0	2400	2488	888	0
70	3938	1774	403	6708	1780	1226.0	2400	2488	888	0
70	330	443	387	1197	5859	308.0	2400	2488	888	0
70	328	440	384	1188	5851	306.0	2400	2488	888	0
70	330	443	387	1196	5859	308.0	2400	2488	888	0
71	328	440	384	1189	5851	306.0	2400	2844	666	1
71	2004	930	679	3562	2650	320.0	2400	2844	666	1
71	4289	1589	1076	6781	2288	328.0	2400	2844	666	1
71	4283	1593	1078	6781	2291	334.0	2400	2844	666	1
71	4284	1588	1075	6774	2288	328.0	2400	2844	666	1
71	4288	1591	1077	6783	2289	330.0	2400	2844	666	1
71	4279	1590	1075	6771	2289	333.0	2400	2844	666	1
71	4288	1591	1077	6782	2288	330.0	2400	2844	666	1
71	4146	1549	1051	6581	2299	329.0	2400	2844	666	1
71	4140	1549	1052	6575	2301	330.0	2400	2844	666	1
71	4139	1548	1051	6573	2301	330.0	2400	2844	666	1
71	4139	1549	1051	6574	2301	331.0	2400	2844	666	1
71	4140	1548	1051	6574	2300	329.0	2400	2844	666	1
71	4139	1548	1051	6573	2301	330.0	2400	2844	666	1
71	4140	1549	1051	6574	2300	331.0	2400	2844	666	1
71	4157	1554	1055	6599	2300	331.0	2400	2844	666	1
71	4139	1548	1051	6572	2300	330.0	2400	2844	666	1
71	4140	1549	1052	6575	2301	330.0	2400	2844	666	1
71	4138	1547	1050	6571	2300	329.0	2400	2844	666	1
71	4283	1590	1077	6777	2290	330.0	2400	2844	666	1
71	4283	1588	1075	6773	2288	329.0	2400	2844	666	1
71	4286	1592	1078	6783	2290	332.0	2400	2844	666	1
71	4279	1589	1075	6771	2289	332.0	2400	2844	666	1
71	4272	1587	1075	6762	2291	331.0	2400	2844	666	1
71	4278	1589	1075	6769	2289	332.0	2400	2844	666	1
71	4288	1591	1078	6784	2290	330.0	2400	2844	666	1
71	4281	1590	1075	6773	2289	332.0	2400	2844	666	1
71	4284	1591	1077	6780	2290	332.0	2400	2844	666	1
71	4284	1589	1075	6775	2288	330.0	2400	2844	666	1
71	4281	1592	1078	6778	2291	333.0	2400	2844	666	1
71	4255	1579	1070	6732	2290	327.0	2400	2844	666	1
71	4141	1550	1052	6577	2300	332.0	2400	2844	666	1
71	4138	1547	1050	6569	2299	329.0	2400	2844	666	1
71	4138	1547	1050	6568	2299	329.0	2400	2844	666	1
71	4140	1549	1052	6576	2301	330.0	2400	2844	666	1
71	4137	1547	1050	6568	2299	330.0	2400	2844	666	1
71	4139	1549	1052	6575	2301	331.0	2400	2844	666	1
71	4138	1547	1050	6569	2299	329.0	2400	2844	666	1
71	4139	1549	1052	6575	2301	331.0	2400	2844	666	1
71	4154	1552	1053	6593	2298	330.0	2400	2844	666	1
71	4139	1549	1051	6574	2301	331.0	2400	2844	666	1
71	4272	1587	1074	6759	2289	331.0	2400	2844	666	1
71	4278	1591	1076	6773	2290	334.0	2400	2844	666	1
71	4269	1585	1073	6754	2289	330.0	2400	2844	666	1
71	4281	1591	1077	6777	2291	333.0	2400	2844	666	1
71	4282	1590	1076	6775	2289	331.0	2400	2844	666	0
71	4285	1591	1076	6778	2288	332.0	2400	2844	666	0
71	8081	2695	1741	12141	2140	355.0	2400	2844	666	0
71	8086	2693	1740	12142	2139	351.0	2400	2844	666	0
71	8077	2695	1741	12137	2141	357.0	2400	2844	666	0
72	8081	2692	1739	12135	2139	352.0	2400	3200	444	1
72	4368	1614	1091	6894	2283	330.0	2400	3200	444	1
72	4641	1406	1030	6858	2165	0.0	2400	3200	444	1
72	4633	1403	1028	6844	2164	0.0	2400	3200	444	1
72	4643	1406	1031	6860	2165	0.0	2400	3200	444	1
72	4636	1404	1028	6848	2163	0.0	2400	3200	444	1
72	4642	1406	1031	6858	2165	0.0	2400	3200	444	1
72	4638	1404	1028	6850	2163	0.0	2400	3200	444	1
72	4637	1406	1030	6853	2165	0.0	2400	3200	444	1
72	4622	1399	1025	6828	2164	0.0	2400	3200	444	1
72	4636	1406	1030	6852	2165	0.0	2400	3200	444	1
72	4641	1403	1028	6851	2162	0.0	2400	3200	444	1
72	4638	1407	1031	6855	2165	0.0	2400	3200	444	1
72	4610	1396	1023	6810	2164	0.0	2400	3200	444	1
72	4482	1371	1007	6650	2176	0.0	2400	3200	444	1
72	4479	1368	1004	6641	2174	0.0	2400	3200	444	1
72	4482	1371	1007	6649	2176	0.0	2400	3200	444	1
72	4498	1372	1007	6666	2173	0.0	2400	3200	444	1
72	4482	1371	1007	6650	2176	0.0	2400	3200	444	1
72	4481	1369	1007	6643	2174	0.0	2400	3200	444	1
72	4482	1369	1005	6645	2174	0.0	2400	3200	444	1
72	4482	1371	1007	6649	2176	0.0	2400	3200	444	1
72	4481	1369	1005	6644	2174	0.0	2400	3200	444	1
72	4483	1370	1007	6649	2175	0.0	2400	3200	444	1
72	4613	1401	1025	6821	2165	0.0	2400	3200	444	1
72	4640	1406	1030	6856	2164	0.0	2400	3200	444	1
72	4640	1404	1029	6853	2163	0.0	2400	3200	444	1
72	4645	1406	1030	6860	2163	0.0	2400	3200	444	1
72	4638	1405	1030	6852	2165	0.0	2400	3200	444	1
72	4647	1405	1030	6861	2163	0.0	2400	3200	444	1
72	4643	1406	1030	6857	2163	0.0	2400	3200	444	1
72	4647	1404	1030	6859	2162	0.0	2400	3200	444	1
72	4646	1407	1031	6863	2164	0.0	2400	3200	444	1
72	4624	1400	1026	6831	2164	0.0	2400	3200	444	1
72	4650	1406	1031	6865	2163	0.0	2400	3200	444	1
72	4641	1404	1029	6852	2163	0.0	2400	3200	444	1
72	4488	1371	1007	6655	2175	0.0	2400	3200	444	1
72	4505	1373	1008	6673	2172	0.0	2400	3200	444	1
72	4486	1368	1005	6648	2173	0.0	2400	3200	444	1
72	4488	1371	1007	6656	2175	0.0	2400	3200	444	1
72	4505	1372	1008	6673	2172	0.0	2400	3200	444	1
72	4488	1371	1008	6656	2175	0.0	2400	3200	444	1
72	4486	1368	1005	6648	2173	0.0	2400	3200	444	1
72	4488	1371	1008	6656	2175	0.0	2400	3200	444	1
72	4486	1368	1005	6648	2173	0.0	2400	3200	444	1
72	4489	1371	1008	6657	2175	0.0	2400	3200	444	0
72	4486	1368	1005	6648	2173	0.0	2400	3200	444	0
72	330	443	387	1196	5859	308.0	2400	3200	444	0
72	327	440	384	1188	5865	307.0	2400	3200	444	0
72	330	443	387	1196	5859	308.0	2400	3200	444	0
73	328	440	384	1188	5851	306.0	2400	1066	2000	1
73	330	443	387	1196	5859	308.0	2400	1066	2000	1
73	2728	2655	1384	6812	3323	2291.0	2400	1066	2000	1
73	2735	2666	1390	6838	3327	2302.0	2400	1066	2000	1
73	2726	2654	1383	6809	3323	2291.0	2400	1066	2000	1
73	2728	2656	1385	6815	3325	2292.0	2400	1066	2000	1
73	2738	2665	1389	6839	3323	2300.0	2400	1066	2000	1
73	2793	2721	1413	6974	3318	2353.0	2400	1066	2000	1
73	2822	2737	1422	7027	3310	2363.0	2400	1066	2000	1
73	2815	2740	1422	7023	3315	2370.0	2400	1066	2000	1
73	2809	2728	1417	7001	3312	2356.0	2400	1066	2000	1
73	2818	2739	1422	7025	3313	2367.0	2400	1066	2000	1
73	2816	2740	1422	7025	3314	2369.0	2400	1066	2000	1
73	2820	2737	1422	7025	3312	2363.0	2400	1066	2000	1
73	2814	2741	1423	7025	3317	2371.0	2400	1066	2000	1
73	2821	2736	1421	7025	3310	2362.0	2400	1066	2000	1
73	2814	2740	1422	7023	3316	2370.0	2400	1066	2000	1
73	2820	2738	1422	7026	3312	2365.0	2400	1066	2000	1
73	2817	2738	1422	7022	3314	2366.0	2400	1066	2000	1
73	2727	2655	1385	6813	3326	2291.0	2400	1066	2000	1
73	2726	2654	1383	6808	3323	2291.0	2400	1066	2000	1
73	2727	2656	1385	6814	3326	2293.0	2400	1066	2000	1
73	2726	2653	1383	6808	3323	2290.0	2400	1066	2000	1
73	2727	2656	1385	6814	3326	2293.0	2400	1066	2000	1
73	2727	2656	1385	6815	3326	2293.0	2400	1066	2000	1
73	2725	2653	1383	6807	3324	2290.0	2400	1066	2000	1
73	2738	2666	1390	6839	3325	2301.0	2400	1066	2000	1
73	2725	2653	1383	6807	3324	2290.0	2400	1066	2000	1
73	2727	2656	1385	6815	3326	2293.0	2400	1066	2000	1
73	2725	2657	1384	6813	3326	2296.0	2400	1066	2000	1
73	2811	2731	1419	7008	3314	2359.0	2400	1066	2000	1
73	2818	2736	1420	7020	3310	2364.0	2400	1066	2000	1
73	2816	2742	1424	7029	3317	2371.0	2400	1066	2000	1
73	2820	2735	1420	7021	3309	2361.0	2400	1066	2000	1
73	2805	2732	1420	7003	3319	2362.0	2400	1066	2000	1
73	2817	2737	1421	7021	3312	2365.0	2400	1066	2000	1
73	2820	2740	1423	7029	3313	2367.0	2400	1066	2000	1
73	2815	2739	1421	7021	3314	2369.0	2400	1066	2000	1
73	2821	2738	1423	7028	3312	2364.0	2400	1066	2000	1
73	2813	2740	1422	7022	3316	2370.0	2400	1066	2000	1
73	2822	2737	1422	7028	3310	2363.0	2400	1066	2000	1
73	2750	2674	1393	6862	3320	2308.0	2400	1066	2000	1
73	2727	2654	1383	6813	3323	2291.0	2400	1066	2000	1
73	2727	2655	1385	6813	3326	2291.0	2400	1066	2000	1
73	2726	2654	1384	6810	3325	2291.0	2400	1066	2000	1
73	2727	2655	1385	6813	3326	2291.0	2400	1066	2000	0
73	4019	3849	1923	9841	3213	3362.0	2400	1066	2000	0
73	5209	4948	2420	12631	3161	4347.0	2400	1066	2000	0
73	5208	4947	2419	12628	3160	4346.0	2400	1066	2000	0
73	5210	4945	2418	12628	3159	4343.0	2400	1066	2000	0
74	5206	4948	2419	12628	3161	4349.0	2400	1422	1777	1
74	5210	4943	2417	12625	3158	4341.0	2400	1422	1777	1
74	2999	2479	1337	6821	3089	1960.0	2400	1422	1777	1
74	2998	2478	1337	6819	3090	1959.0	2400	1422	1777	1
74	3011	2489	1342	6848	3089	1968.0	2400	1422	1777	1
74	2999	2478	1336	6819	3088	1959.0	2400	1422	1777	1
74	3000	2480	1338	6824	3090	1961.0	2400	1422	1777	1
74	2998	2478	1336	6818	3088	1960.0	2400	1422	1777	1
74	3006	2480	1339	6831	3088	1958.0	2400	1422	1777	1
74	2999	2477	1336	6818	3088	1958.0	2400	1422	1777	1
74	3001	2480	1339	6826	3090	1960.0	2400	1422	1777	1
74	3001	2480	1339	6826	3090	1960.0	2400	1422	1777	1
74	2999	2477	1336	6818	3088	1958.0	2400	1422	1777	1
74	3105	2557	1375	7042	3078	2021.0	2400	1422	1777	1
74	3100	2556	1373	7033	3078	2022.0	2400	1422	1777	1
74	3103	2558	1375	7041	3079	2023.0	2400	1422	1777	1
74	3102	2556	1373	7034	3077	2022.0	2400	1422	1777	1
74	3101	2559	1375	7041	3080	2025.0	2400	1422	1777	1
74	3103	2554	1372	7034	3075	2019.0	2400	1422	1777	1
74	3099	2560	1376	7040	3082	2027.0	2400	1422	1777	1
74	3092	2545	1368	7009	3076	2011.0	2400	1422	1777	1
74	3098	2560	1376	7039	3083	2027.0	2400	1422	1777	1
74	3105	2553	1372	7034	3074	2017.0	2400	1422	1777	1
74	3099	2560	1375	7040	3081	2028.0	2400	1422	1777	1
74	3022	2491	1343	6861	3084	1967.0	2400	1422	1777	1
74	3000	2480	1338	6825	3090	1961.0	2400	1422	1777	1
74	2999	2478	1337	6819	3089	1958.0	2400	1422	1777	1
74	3000	2480	1338	6824	3090	1961.0	2400	1422	1777	1
74	3011	2487	1341	6845	3087	1966.0	2400	1422	1777	1
74	2999	2478	1337	6821	3089	1958.0	2400	1422	1777	1
74	3000	2479	1338	6823	3090	1959.0	2400	1422	1777	1
74	2999	2479	1337	6821	3089	1960.0	2400	1422	1777	1
74	3000	2479	1337	6822	3088	1960.0	2400	1422	1777	1
74	3000	2479	1337	6822	3088	1960.0	2400	1422	1777	1
74	2999	2479	1337	6821	3089	1960.0	2400	1422	1777	1
74	3100	2555	1373	7034	3078	2021.0	2400	1422	1777	1
74	3097	2558	1374	7034	3081	2026.0	2400	1422	1777	1
74	3106	2554	1373	7038	3075	2017.0	2400	1422	1777	1
74	3097	2557	1374	7033	3081	2024.0	2400	1422	1777	1
74	3103	2556	1374	7038	3078	2021.0	2400	1422	1777	1
74	3100	2556	1373	7034	3078	2022.0	2400	1422	1777	1
74	3100	2557	1374	7037	3079	2023.0	2400	1422	1777	1
74	3103	2554	1372	7033	3075	2019.0	2400	1422	1777	1
74	3098	2559	1375	7037	3082	2026.0	2400	1422	1777	1
74	3092	2543	1367	7006	3075	2009.0	2400	1422	1777	1
74	3098	2559	1375	7038	3082	2026.0	2400	1422	1777	0
74	3102	2553	1371	7031	3074	2019.0	2400	1422	1777	0
74	328	440	384	1189	5851	306.0	2400	1422	1777	0
74	330	443	387	1197	5859	308.0	2400	1422	1777	0
74	328	440	384	1189	5851	306.0	2400	1422	1777	0
75	330	443	387	1197	5859	308.0	2400	1777	1555	1
75	1832	1393	847	4074	3152	983.0	2400	1777	1555	1
75	3396	2372	1324	7056	2864	1672.0	2400	1777	1555	1
75	3388	2373	1322	7046	2865	1677.0	2400	1777	1555	1
75	3392	2373	1324	7053	2865	1675.0	2400	1777	1555	1
75	3391	2371	1322	7046	2863	1673.0	2400	1777	1555	1
75	3389	2375	1325	7052	2868	1678.0	2400	1777	1555	1
75	3314	2319	1297	6895	2870	1635.0	2400	1777	1555	1
75	3279	2303	1290	6838	2877	1626.0	2400	1777	1555	1
75	3277	2300	1288	6830	2876	1623.0	2400	1777	1555	1
75	3279	2303	1290	6838	2877	1626.0	2400	1777	1555	1
75	3277	2301	1288	6831	2876	1625.0	2400	1777	1555	1
75	3279	2303	1290	6837	2877	1626.0	2400	1777	1555	1
75	3278	2301	1288	6832	2875	1624.0	2400	1777	1555	1
75	3286	2311	1293	6855	2878	1634.0	2400	1777	1555	1
75	3278	2302	1289	6833	2876	1625.0	2400	1777	1555	1
75	3278	2301	1288	6834	2876	1624.0	2400	1777	1555	1
75	3292	2310	1293	6860	2875	1630.0	2400	1777	1555	1
75	3388	2374	1324	7049	2867	1678.0	2400	1777	1555	1
75	3391	2372	1323	7050	2865	1674.0	2400	1777	1555	1
75	3392	2372	1323	7050	2864	1674.0	2400	1777	1555	1
75	3374	2365	1319	7023	2868	1672.0	2400	1777	1555	1
75	3395	2371	1323	7052	2863	1671.0	2400	1777	1555	1
75	3385	2374	1323	7046	2867	1679.0	2400	1777	1555	1
75	3395	2371	1323	7052	2863	1671.0	2400	1777	1555	1
75	3388	2373	1323	7047	2866	1677.0	2400	1777	1555	1
75	3391	2373	1324	7051	2866	1675.0	2400	1777	1555	1
75	3391	2372	1323	7048	2864	1674.0	2400	1777	1555	1
75	3388	2375	1324	7051	2867	1679.0	2400	1777	1555	1
75	3393	2370	1322	7048	2863	1671.0	2400	1777	1555	1
75	3279	2303	1290	6839	2878	1626.0	2400	1777	1555	1
75	3277	2301	1288	6833	2877	1625.0	2400	1777	1555	1
75	3279	2304	1290	6839	2877	1627.0	2400	1777	1555	1
75	3277	2301	1288	6832	2876	1625.0	2400	1777	1555	1
75	3277	2300	1288	6831	2876	1623.0	2400	1777	1555	1
75	3279	2304	1290	6840	2878	1627.0	2400	1777	1555	1
75	3277	2300	1288	6831	2876	1623.0	2400	1777	1555	1
75	3293	2312	1294	6865	2876	1632.0	2400	1777	1555	1
75	3277	2301	1288	6832	2876	1625.0	2400	1777	1555	1
75	3280	2304	1291	6841	2878	1626.0	2400	1777	1555	1
75	3357	2356	1314	6992	2870	1667.0	2400	1777	1555	1
75	3389	2366	1322	7040	2864	1666.0	2400	1777	1555	1
75	3389	2373	1323	7049	2865	1676.0	2400	1777	1555	1
75	3392	2375	1325	7056	2866	1677.0	2400	1777	1555	1
75	3392	2372	1323	7050	2864	1674.0	2400	1777	1555	1
75	3376	2367	1321	7029	2870	1673.0	2400	1777	1555	0
75	3394	2371	1322	7050	2862	1672.0	2400	1777	1555	0
75	6331	4233	2228	12684	2710	2995.0	2400	1777	1555	0
75	6337	4226	2224	12678	2706	2985.0	2400	1777	1555	0
75	6329	4232	2227	12680	2710	2994.0	2400	1777	1555	0
76	6334	4226	2224	12675	2707	2986.0	2400	2133	1333	1
76	6331	4231	2226	12680	2709	2993.0	2400	2133	1333	1
76	3670	2177	1268	7036	2680	1316.0	2400	2133	1333	1
76	3668	2175	1266	7030	2679	1315.0	2400	2133	1333	1
76	3673	2176	1268	7037	2678	1313.0	2400	2133	1333	1
76	3665	2176	1267	7030	2681	1317.0	2400	2133	1333	1
76	3675	2174	1267	7037	2677	1310.0	2400	2133	1333	1
76	3664	2176	1267	7029	2681	1317.0	2400	2133	1333	1
76	3673	2174	1267	7034	2677	1311.0	2400	2133	1333	1
76	3668	2177	1268	7034	2681	1317.0	2400	2133	1333	1
76	3668	2175	1267	7031	2680	1314.0	2400	2133	1333	1
76	3659	2167	1263	7010	2679	1307.0	2400	2133	1333	1
76	3664	2176	1267	7028	2681	1317.0	2400	2133	1333	1
76	3548	2112	1235	6821	2691	1277.0	2400	2133	1333	1
76	3547	2111	1234	6818	2690	1277.0	2400	2133	1333	1
76	3562	2120	1239	6847	2690	1282.0	2400	2133	1333	1
76	3547	2111	1234	6816	2689	1277.0	2400	2133	1333	1
76	3548	2112	1235	6820	2691	1277.0	2400	2133	1333	1
76	3547	2111	1234	6818	2690	1277.0	2400	2133	1333	1
76	3557	2114	1237	6833	2689	1276.0	2400	2133	1333	1
76	3549	2113	1236	6824	2691	1278.0	2400	2133	1333	1
76	3547	2111	1234	6816	2689	1277.0	2400	2133	1333	1
76	3549	2113	1236	6824	2691	1278.0	2400	2133	1333	1
76	3621	2153	1255	6952	2685	1304.0	2400	2133	1333	1
76	3677	2176	1268	7042	2678	1312.0	2400	2133	1333	1
76	3664	2175	1266	7027	2680	1316.0	2400	2133	1333	1
76	3674	2175	1268	7038	2679	1312.0	2400	2133	1333	1
76	3668	2175	1266	7030	2679	1315.0	2400	2133	1333	1
76	3670	2177	1268	7036	2680	1316.0	2400	2133	1333	1
76	3671	2173	1266	7031	2678	1311.0	2400	2133	1333	1
76	3666	2178	1269	7035	2683	1318.0	2400	2133	1333	1
76	3660	2165	1262	7008	2677	1305.0	2400	2133	1333	1
76	3668	2179	1269	7036	2681	1319.0	2400	2133	1333	1
76	3671	2172	1266	7030	2678	1309.0	2400	2133	1333	1
76	3671	2178	1269	7039	2681	1317.0	2400	2133	1333	1
76	3547	2111	1234	6816	2689	1277.0	2400	2133	1333	1
76	3549	2114	1236	6824	2691	1279.0	2400	2133	1333	1
76	3547	2111	1234	6817	2690	1277.0	2400	2133	1333	1
76	3549	2118	1238	6823	2691	1284.0	2400	2133	1333	1
76	3549	2113	1236	6824	2691	1278.0	2400	2133	1333	1
76	3547	2111	1234	6817	2690	1277.0	2400	2133	1333	1
76	3549	2113	1236	6823	2691	1278.0	2400	2133	1333	1
76	3547	2111	1234	6818	2690	1277.0	2400	2133	1333	1
76	3548	2113	1236	6822	2692	1278.0	2400	2133	1333	1
76	3547	2111	1234	6818	2690	1277.0	2400	2133	1333	1
76	3548	2113	1236	6822	2692	1278.0	2400	2133	1333	0
76	3403	2034	1195	6563	2703	1230.0	2400	2133	1333	0
76	330	443	387	1196	5859	308.0	2400	2133	1333	0
76	329	442	386	1194	5861	308.0	2400	2133	1333	0
76	329	442	386	1195	5861	308.0	2400	2133	1333	0
77	329	442	386	1195	5861	308.0	2400	2488	1111	1
77	329	442	386	1195	5861	308.0	2400	2488	1111	1
77	3848	1930	1185	6847	2523	929.0	2400	2488	1111	1
77	3846	1928	1185	6843	2524	927.0	2400	2488	1111	1
77	3846	1929	1185	6844	2524	928.0	2400	2488	1111	1
77	3861	1935	1188	6867	2523	931.0	2400	2488	1111	1
77	3846	1929	1185	6845	2525	928.0	2400	2488	1111	1
77	3987	1985	1216	7066	2511	948.0	2400	2488	1111	1
77	3958	1979	1211	7026	2515	952.0	2400	2488	1111	1
77	3984	1985	1216	7062	2512	949.0	2400	2488	1111	1
77	3976	1985	1215	7054	2514	952.0	2400	2488	1111	1
77	3978	1984	1214	7054	2512	951.0	2400	2488	1111	1
77	3964	1977	1210	7029	2512	947.0	2400	2488	1111	1
77	3977	1988	1217	7060	2515	955.0	2400	2488	1111	1
77	3983	1983	1214	7057	2511	948.0	2400	2488	1111	1
77	3975	1988	1217	7058	2516	956.0	2400	2488	1111	1
77	3981	1982	1213	7055	2511	948.0	2400	2488	1111	1
77	3978	1988	1217	7062	2516	955.0	2400	2488	1111	1
77	3844	1927	1184	6838	2524	926.0	2400	2488	1111	1
77	3846	1930	1186	6846	2525	929.0	2400	2488	1111	1
77	3844	1927	1184	6838	2524	926.0	2400	2488	1111	1
77	3847	1930	1186	6847	2525	929.0	2400	2488	1111	1
77	3844	1927	1184	6839	2524	926.0	2400	2488	1111	1
77	3847	1930	1186	6847	2525	929.0	2400	2488	1111	1
77	3844	1927	1183	6838	2523	927.0	2400	2488	1111	1
77	3844	1927	1183	6838	2523	927.0	2400	2488	1111	1
77	3846	1930	1186	6846	2525	929.0	2400	2488	1111	1
77	3844	1927	1183	6838	2523	927.0	2400	2488	1111	1
77	3862	1937	1189	6870	2523	933.0	2400	2488	1111	1
77	3979	1983	1214	7053	2512	949.0	2400	2488	1111	1
77	3980	1987	1216	7061	2513	954.0	2400	2488	1111	1
77	3975	1985	1214	7052	2513	954.0	2400	2488	1111	1
77	3969	1979	1212	7038	2513	947.0	2400	2488	1111	1
77	3973	1985	1215	7051	2514	953.0	2400	2488	1111	1
77	3983	1985	1215	7061	2512	950.0	2400	2488	1111	1
77	3977	1986	1215	7055	2513	954.0	2400	2488	1111	1
77	3978	1985	1215	7056	2513	952.0	2400	2488	1111	1
77	3981	1984	1214	7056	2511	950.0	2400	2488	1111	1
77	3973	1986	1215	7053	2515	955.0	2400	2488	1111	1
77	3982	1984	1215	7058	2512	949.0	2400	2488	1111	1
77	3914	1956	1200	6951	2518	938.0	2400	2488	1111	1
77	3845	1929	1185	6842	2524	929.0	2400	2488	1111	1
77	3845	1929	1185	6842	2524	929.0	2400	2488	1111	1
77	3845	1928	1185	6842	2524	927.0	2400	2488	1111	1
77	3846	1929	1185	6843	2524	928.0	2400	2488	1111	1
77	3845	1928	1184	6841	2523	928.0	2400	2488	1111	0
77	6026	2851	1681	10346	2404	1313.0	2400	2488	1111	0
77	7481	3468	2012	12686	2363	1572.0	2400	2488	1111	0
77	7491	3467	2013	12695	2362	1566.0	2400	2488	1111	0
77	7481	3468	2012	12685	2363	1572.0	2400	2488	1111	0
78	7487	3467	2013	12691	2363	1568.0	2400	2844	888	1
78	7311	3391	1971	12405	2366	1536.0	2400	2844	888	1
78	4175	1754	1140	6909	2377	578.0	2400	2844	888	1
78	4167	1746	1136	6889	2375	571.0	2400	2844	888	1
78	4169	1749	1138	6896	2376	574.0	2400	2844	888	1
78	4167	1746	1136	6889	2375	571.0	2400	2844	888	1
78	4186	1755	1142	6922	2376	575.0	2400	2844	888	1
78	4167	1746	1136	6889	2375	571.0	2400	2844	888	1
78	4169	1749	1138	6897	2377	574.0	2400	2844	888	1
78	4167	1746	1136	6889	2375	571.0	2400	2844	888	1
78	4170	1749	1139	6898	2377	573.0	2400	2844	888	1
78	4170	1749	1139	6889	2374	573.0	2400	2844	888	1
78	4314	1796	1165	7108	2365	581.0	2400	2844	888	1
78	4312	1800	1167	7112	2367	586.0	2400	2844	888	1
78	4318	1795	1165	7110	2363	578.0	2400	2844	888	1
78	4311	1800	1167	7112	2367	587.0	2400	2844	888	1
78	4315	1795	1164	7106	2363	580.0	2400	2844	888	1
78	4316	1800	1167	7116	2366	585.0	2400	2844	888	1
78	4311	1797	1165	7105	2365	584.0	2400	2844	888	1
78	4320	1798	1167	7118	2365	581.0	2400	2844	888	1
78	4309	1797	1165	7104	2366	584.0	2400	2844	888	1
78	4318	1798	1167	7114	2365	581.0	2400	2844	888	1
78	4297	1791	1162	7083	2366	581.0	2400	2844	888	1
78	4255	1778	1155	7024	2370	579.0	2400	2844	888	1
78	4168	1747	1136	6892	2375	572.0	2400	2844	888	1
78	4170	1749	1138	6897	2376	573.0	2400	2844	888	1
78	4185	1753	1140	6918	2374	573.0	2400	2844	888	1
78	4169	1749	1138	6897	2377	574.0	2400	2844	888	1
78	4168	1747	1137	6893	2376	572.0	2400	2844	888	1
78	4169	1749	1138	6896	2376	574.0	2400	2844	888	1
78	4169	1748	1138	6895	2376	572.0	2400	2844	888	1
78	4169	1748	1137	6893	2375	573.0	2400	2844	888	1
78	4169	1748	1138	6895	2376	572.0	2400	2844	888	1
78	4169	1748	1137	6894	2375	573.0	2400	2844	888	1
78	4311	1798	1166	7107	2366	584.0	2400	2844	888	1
78	4319	1797	1166	7115	2365	580.0	2400	2844	888	1
78	4311	1798	1166	7108	2366	584.0	2400	2844	888	1
78	4317	1797	1166	7112	2364	581.0	2400	2844	888	1
78	4314	1798	1166	7110	2365	583.0	2400	2844	888	1
78	4314	1798	1166	7111	2366	583.0	2400	2844	888	1
78	4317	1796	1165	7110	2363	580.0	2400	2844	888	1
78	4311	1799	1167	7108	2367	585.0	2400	2844	888	1
78	4301	1790	1161	7085	2364	579.0	2400	2844	888	1
78	4312	1800	1167	7111	2366	586.0	2400	2844	888	1
78	4315	1795	1164	7106	2363	580.0	2400	2844	888	1
78	4316	1799	1167	7114	2366	584.0	2400	2844	888	0
78	4168	1747	1136	6890	2375	572.0	2400	2844	888	0
78	330	444	387	1198	5859	310.0	2400	2844	888	0
78	330	444	387	1199	5859	310.0	2400	2844	888	0
78	328	441	385	1191	5863	307.0	2400	2844	888	0
79	330	444	387	1199	5859	310.0	2400	3200	666	1
79	2780	1103	799	4578	2434	253.0	2400	3200	666	1
79	4677	1615	1121	7198	2236	210.0	2400	3200	666	1
79	4679	1612	1119	7193	2233	206.0	2400	3200	666	1
79	4673	1615	1121	7195	2237	211.0	2400	3200	666	1
79	4678	1611	1119	7192	2233	204.0	2400	3200	666	1
79	4617	1599	1111	7115	2239	211.0	2400	3200	666	1
79	4529	1570	1093	6984	2242	207.0	2400	3200	666	1
79	4517	1572	1094	6977	2246	213.0	2400	3200	666	1
79	4515	1569	1092	6970	2245	211.0	2400	3200	666	1
79	4518	1572	1095	6978	2247	212.0	2400	3200	666	1
79	4515	1569	1092	6971	2245	211.0	2400	3200	666	1
79	4517	1572	1094	6978	2247	213.0	2400	3200	666	1
79	4515	1569	1092	6970	2245	211.0	2400	3200	666	1
79	4517	1572	1094	6977	2246	213.0	2400	3200	666	1
79	4515	1570	1092	6971	2245	212.0	2400	3200	666	1
79	4515	1570	1092	6971	2245	212.0	2400	3200	666	1
79	4674	1615	1121	7194	2236	211.0	2400	3200	666	1
79	4679	1613	1119	7195	2233	207.0	2400	3200	666	1
79	4656	1610	1117	7169	2236	212.0	2400	3200	666	1
79	4677	1613	1120	7194	2234	207.0	2400	3200	666	1
79	4674	1615	1121	7194	2236	211.0	2400	3200	666	1
79	4675	1613	1120	7192	2235	208.0	2400	3200	666	1
79	4658	1609	1117	7170	2236	209.0	2400	3200	666	1
79	4673	1614	1120	7192	2236	210.0	2400	3200	666	1
79	4679	1613	1120	7196	2234	207.0	2400	3200	666	1
79	4672	1614	1120	7191	2236	210.0	2400	3200	666	1
79	4678	1613	1120	7195	2234	207.0	2400	3200	666	1
79	4673	1615	1121	7193	2236	211.0	2400	3200	666	1
79	4515	1570	1092	6971	2245	212.0	2400	3200	666	1
79	4516	1571	1094	6975	2246	212.0	2400	3200	666	1
79	4515	1569	1092	6970	2245	211.0	2400	3200	666	1
79	4517	1572	1094	6976	2246	213.0	2400	3200	666	1
79	4515	1570	1092	6970	2245	212.0	2400	3200	666	1
79	4514	1569	1092	6976	2247	211.0	2400	3200	666	1
79	4523	1576	1096	6990	2247	216.0	2400	3200	666	1
79	4514	1569	1092	6969	2245	211.0	2400	3200	666	1
79	4516	1572	1094	6977	2247	214.0	2400	3200	666	1
79	4514	1569	1092	6968	2245	211.0	2400	3200	666	1
79	4584	1591	1106	7071	2242	213.0	2400	3200	666	1
79	4673	1613	1119	7190	2235	209.0	2400	3200	666	1
79	4677	1615	1121	7197	2235	210.0	2400	3200	666	1
79	4674	1613	1119	7191	2235	209.0	2400	3200	666	1
79	4656	1610	1118	7170	2237	211.0	2400	3200	666	1
79	4676	1612	1119	7191	2234	207.0	2400	3200	666	1
79	4672	1615	1121	7194	2237	211.0	2400	3200	666	0
79	4677	1612	1119	7193	2234	206.0	2400	3200	666	0
79	8850	2741	1827	12960	2097	115.0	2400	3200	666	0
79	8852	2737	1825	12953	2095	110.0	2400	3200	666	0
79	8845	2740	1827	12953	2097	115.0	2400	3200	666	0
80	8842	2736	1824	12943	2096	112.0	2400	1422	2000	1
80	8841	2740	1826	12948	2097	117.0	2400	1422	2000	1
80	4472	1752	1160	7196	2318	464.0	2400	1422	2000	1
80	3118	2751	1455	7335	3168	2264.0	2400	1422	2000	1
80	3128	2748	1455	7340	3163	2256.0	2400	1422	2000	1
80	3119	2751	1455	7336	3168	2264.0	2400	1422	2000	1
80	3126	2749	1455	7340	3164	2259.0	2400	1422	2000	1
80	3122	2750	1455	7338	3166	2262.0	2400	1422	2000	1
80	3123	2749	1455	7338	3166	2260.0	2400	1422	2000	1
80	3112	2739	1451	7312	3167	2250.0	2400	1422	2000	1
80	3121	2750	1455	7336	3167	2262.0	2400	1422	2000	1
80	3126	2749	1455	7340	3164	2259.0	2400	1422	2000	1
80	3020	2664	1415	7110	3176	2188.0	2400	1422	2000	1
80	3033	2675	1421	7141	3176	2197.0	2400	1422	2000	1
80	3020	2664	1415	7110	3176	2188.0	2400	1422	2000	1
80	3021	2666	1417	7115	3178	2190.0	2400	1422	2000	1
80	3020	2664	1415	7109	3176	2188.0	2400	1422	2000	1
80	3033	2676	1421	7141	3176	2198.0	2400	1422	2000	1
80	3019	2663	1415	7109	3176	2187.0	2400	1422	2000	1
80	3021	2666	1417	7115	3178	2190.0	2400	1422	2000	1
80	3019	2663	1415	7108	3176	2187.0	2400	1422	2000	1
80	3019	2663	1414	7108	3175	2188.0	2400	1422	2000	1
80	3059	2703	1434	7208	3177	2223.0	2400	1422	2000	1
80	3126	2746	1453	7335	3161	2255.0	2400	1422	2000	1
80	3121	2753	1457	7341	3169	2265.0	2400	1422	2000	1
80	3124	2747	1453	7334	3163	2258.0	2400	1422	2000	1
80	3124	2752	1457	7342	3167	2263.0	2400	1422	2000	1
80	3121	2748	1454	7333	3165	2259.0	2400	1422	2000	1
80	3126	2750	1456	7343	3165	2259.0	2400	1422	2000	1
80	3119	2749	1454	7333	3167	2262.0	2400	1422	2000	1
80	3128	2748	1455	7341	3163	2256.0	2400	1422	2000	1
80	3118	2751	1455	7334	3168	2264.0	2400	1422	2000	1
80	3129	2749	1456	7343	3163	2257.0	2400	1422	2000	1
80	3107	2740	1450	7307	3169	2254.0	2400	1422	2000	1
80	3022	2666	1417	7116	3177	2189.0	2400	1422	2000	1
80	3020	2664	1415	7110	3176	2188.0	2400	1422	2000	1
80	3022	2666	1417	7116	3177	2189.0	2400	1422	2000	1
80	3032	2674	1420	7137	3175	2196.0	2400	1422	2000	1
80	3021	2666	1417	7115	3178	2190.0	2400	1422	2000	1
80	3021	2665	1416	7113	3176	2189.0	2400	1422	2000	1
80	3021	2665	1416	7112	3176	2189.0	2400	1422	2000	1
80	3021	2665	1416	7113	3176	2189.0	2400	1422	2000	1
80	3021	2665	1416	7112	3176	2189.0	2400	1422	2000	1
80	3021	2665	1416	7112	3176	2189.0	2400	1422	2000	1
80	3021	2665	1416	7113	3176	2189.0	2400	1422	2000	1
80	3126	2748	1454	7338	3163	2258.0	2400	1422	2000	0
80	2696	2397	1292	6399	3216	1962.0	2400	1422	2000	0
80	329	442	386	1193	5861	308.0	2400	1422	2000	0
80	330	443	387	1197	5859	308.0	2400	1422	2000	0
80	328	441	385	1192	5863	307.0	2400	1422	2000	0
81	330	443	387	1197	5859	308.0	2400	1777	1777	1
81	328	441	385	1191	5863	307.0	2400	1777	1777	1
81	3297	2491	1370	7129	2964	1858.0	2400	1777	1777	1
81	3307	2497	1372	7146	2961	1863.0	2400	1777	1777	1
81	3295	2491	1370	7126	2964	1859.0	2400	1777	1777	1
81	3293	2488	1368	7118	2963	1856.0	2400	1777	1777	1
81	3345	2526	1387	7228	2960	1885.0	2400	1777	1777	1
81	3408	2569	1408	7343	2951	1917.0	2400	1777	1777	1
81	3407	2565	1405	7344	2951	1914.0	2400	1777	1777	1
81	3406	2570	1408	7352	2955	1920.0	2400	1777	1777	1
81	3396	2555	1400	7319	2951	1905.0	2400	1777	1777	1
81	3403	2571	1408	7351	2957	1922.0	2400	1777	1777	1
81	3411	2563	1404	7346	2948	1910.0	2400	1777	1777	1
81	3404	2570	1408	7351	2957	1920.0	2400	1777	1777	1
81	3408	2564	1405	7345	2951	1912.0	2400	1777	1777	1
81	3406	2569	1408	7351	2955	1918.0	2400	1777	1777	1
81	3405	2566	1405	7344	2952	1916.0	2400	1777	1777	1
81	3295	2490	1370	7126	2965	1857.0	2400	1777	1777	1
81	3293	2488	1368	7120	2964	1856.0	2400	1777	1777	1
81	3294	2490	1370	7125	2966	1857.0	2400	1777	1777	1
81	3293	2488	1368	7120	2964	1856.0	2400	1777	1777	1
81	3294	2490	1370	7124	2965	1857.0	2400	1777	1777	1
81	3293	2489	1368	7121	2964	1858.0	2400	1777	1777	1
81	3294	2489	1369	7123	2964	1857.0	2400	1777	1777	1
81	3293	2489	1369	7121	2964	1857.0	2400	1777	1777	1
81	3294	2489	1369	7122	2964	1857.0	2400	1777	1777	1
81	3306	2498	1373	7147	2963	1864.0	2400	1777	1777	1
81	3294	2489	1369	7123	2964	1857.0	2400	1777	1777	1
81	3407	2567	1406	7347	2952	1916.0	2400	1777	1777	1
81	3408	2567	1407	7350	2953	1915.0	2400	1777	1777	1
81	3391	2557	1401	7317	2954	1909.0	2400	1777	1777	1
81	3409	2566	1406	7349	2951	1914.0	2400	1777	1777	1
81	3404	2566	1405	7342	2953	1916.0	2400	1777	1777	1
81	3409	2566	1406	7349	2951	1914.0	2400	1777	1777	1
81	3389	2557	1400	7315	2954	1910.0	2400	1777	1777	1
81	3410	2566	1407	7350	2952	1913.0	2400	1777	1777	1
81	3402	2566	1405	7340	2953	1917.0	2400	1777	1777	1
81	3411	2566	1406	7350	2950	1913.0	2400	1777	1777	1
81	3400	2566	1405	7340	2955	1917.0	2400	1777	1777	1
81	3358	2528	1388	7243	2955	1884.0	2400	1777	1777	1
81	3291	2486	1367	7114	2963	1854.0	2400	1777	1777	1
81	3294	2489	1369	7123	2964	1857.0	2400	1777	1777	1
81	3292	2486	1367	7115	2962	1854.0	2400	1777	1777	1
81	3294	2489	1369	7123	2964	1857.0	2400	1777	1777	1
81	3294	2490	1369	7123	2964	1858.0	2400	1777	1777	1
81	3292	2487	1367	7116	2962	1856.0	2400	1777	1777	0
81	5391	3940	2066	11321	2834	2956.0	2400	1777	1777	0
81	6362	4608	2386	13257	2801	3461.0	2400	1777	1777	0
81	6362	4609	2388	13260	2802	3461.0	2400	1777	1777	0
81	6363	4606	2386	13255	2800	3457.0	2400	1777	1777	0
82	6361	4610	2387	13259	2802	3464.0	2400	2133	1555	1
82	5966	4330	2253	12458	2811	3248.0	2400	2133	1555	1
82	3573	2311	1320	7135	2775	1521.0	2400	2133	1555	1
82	3574	2311	1319	7134	2773	1521.0	2400	2133	1555	1
82	3589	2320	1324	7163	2772	1527.0	2400	2133	1555	1
82	3574	2311	1320	7136	2775	1521.0	2400	2133	1555	1
82	3575	2311	1320	7136	2774	1520.0	2400	2133	1555	1
82	3575	2312	1321	7138	2775	1521.0	2400	2133	1555	1
82	3574	2311	1320	7135	2774	1521.0	2400	2133	1555	1
82	3575	2312	1321	7139	2775	1521.0	2400	2133	1555	1
82	3574	2311	1319	7135	2774	1521.0	2400	2133	1555	1
82	3575	2313	1321	7139	2775	1523.0	2400	2133	1555	1
82	3702	2383	1357	7369	2763	1566.0	2400	2133	1555	1
82	3697	2383	1355	7361	2763	1569.0	2400	2133	1555	1
82	3701	2384	1357	7369	2764	1568.0	2400	2133	1555	1
82	3698	2382	1355	7362	2763	1567.0	2400	2133	1555	1
82	3699	2385	1358	7369	2766	1569.0	2400	2133	1555	1
82	3699	2381	1354	7362	2761	1566.0	2400	2133	1555	1
82	3697	2386	1358	7368	2766	1571.0	2400	2133	1555	1
82	3701	2380	1354	7362	2761	1563.0	2400	2133	1555	1
82	3680	2378	1354	7340	2769	1567.0	2400	2133	1555	1
82	3703	2380	1354	7363	2759	1563.0	2400	2133	1555	1
82	3622	2339	1335	7226	2771	1538.0	2400	2133	1555	1
82	3574	2311	1319	7134	2773	1521.0	2400	2133	1555	1
82	3591	2322	1326	7169	2774	1528.0	2400	2133	1555	1
82	3574	2311	1319	7135	2774	1521.0	2400	2133	1555	1
82	3576	2313	1322	7142	2776	1522.0	2400	2133	1555	1
82	3574	2311	1319	7135	2774	1521.0	2400	2133	1555	1
82	3590	2322	1325	7168	2774	1529.0	2400	2133	1555	1
82	3574	2311	1320	7135	2774	1521.0	2400	2133	1555	1
82	3576	2311	1320	7140	2774	1520.0	2400	2133	1555	1
82	3575	2312	1321	7139	2775	1521.0	2400	2133	1555	1
82	3575	2312	1320	7137	2774	1522.0	2400	2133	1555	1
82	3698	2384	1356	7364	2763	1569.0	2400	2133	1555	1
82	3702	2382	1356	7366	2762	1565.0	2400	2133	1555	1
82	3694	2385	1356	7362	2765	1572.0	2400	2133	1555	1
82	3704	2381	1356	7368	2762	1563.0	2400	2133	1555	1
82	3694	2384	1356	7361	2765	1571.0	2400	2133	1555	1
82	3701	2382	1356	7367	2763	1565.0	2400	2133	1555	1
82	3697	2383	1355	7362	2763	1569.0	2400	2133	1555	1
82	3700	2384	1357	7367	2763	1568.0	2400	2133	1555	1
82	3699	2382	1355	7362	2762	1567.0	2400	2133	1555	1
82	3697	2385	1357	7367	2765	1570.0	2400	2133	1555	1
82	3702	2381	1355	7362	2760	1564.0	2400	2133	1555	1
82	3680	2378	1353	7339	2767	1568.0	2400	2133	1555	1
82	3574	2310	1319	7133	2773	1520.0	2400	2133	1555	0
82	3576	2314	1322	7142	2775	1523.0	2400	2133	1555	0
82	328	440	385	1190	5863	306.0	2400	2133	1555	0
82	330	443	387	1198	5859	308.0	2400	2133	1555	0
82	330	443	387	1198	5859	308.0	2400	2133	1555	0
83	328	440	384	1189	5851	306.0	2400	2488	1333	1
83	2753	1598	992	5279	2735	902.0	2400	2488	1333	1
83	4004	2191	1303	7381	2593	1204.0	2400	2488	1333	1
83	4012	2192	1304	7391	2591	1202.0	2400	2488	1333	1
83	4001	2191	1303	7378	2594	1205.0	2400	2488	1333	1
83	3935	2153	1284	7258	2596	1180.0	2400	2488	1333	1
83	3871	2126	1269	7155	2603	1170.0	2400	2488	1333	1
83	3873	2129	1271	7161	2603	1172.0	2400	2488	1333	1
83	3872	2127	1270	7157	2603	1170.0	2400	2488	1333	1
83	3873	2129	1271	7162	2604	1172.0	2400	2488	1333	1
83	3872	2128	1271	7159	2604	1171.0	2400	2488	1333	1
83	3873	2129	1271	7162	2604	1172.0	2400	2488	1333	1
83	3873	2129	1271	7161	2603	1172.0	2400	2488	1333	1
83	3873	2129	1271	7162	2604	1172.0	2400	2488	1333	1
83	3889	2137	1275	7189	2602	1177.0	2400	2488	1333	1
83	3872	2129	1271	7161	2604	1173.0	2400	2488	1333	1
83	3873	2129	1272	7162	2604	1171.0	2400	2488	1333	1
83	4010	2193	1305	7391	2593	1204.0	2400	2488	1333	1
83	4006	2193	1304	7386	2593	1206.0	2400	2488	1333	1
83	4008	2194	1306	7391	2594	1205.0	2400	2488	1333	1
83	4008	2191	1303	7386	2591	1203.0	2400	2488	1333	1
83	3989	2188	1302	7363	2596	1205.0	2400	2488	1333	1
83	4011	2190	1303	7387	2590	1200.0	2400	2488	1333	1
83	4004	2196	1306	7389	2595	1210.0	2400	2488	1333	1
83	4011	2190	1303	7386	2590	1200.0	2400	2488	1333	1
83	4004	2196	1306	7390	2595	1210.0	2400	2488	1333	1
83	4008	2190	1303	7384	2591	1201.0	2400	2488	1333	1
83	4007	2195	1306	7392	2595	1207.0	2400	2488	1333	1
83	3871	2127	1270	7156	2603	1170.0	2400	2488	1333	1
83	3873	2130	1272	7165	2605	1173.0	2400	2488	1333	1
83	3871	2127	1270	7157	2604	1170.0	2400	2488	1333	1
83	3873	2130	1272	7165	2605	1173.0	2400	2488	1333	1
83	3871	2127	1270	7157	2604	1170.0	2400	2488	1333	1
83	3874	2130	1272	7165	2605	1173.0	2400	2488	1333	1
83	3871	2128	1270	7158	2604	1172.0	2400	2488	1333	1
83	3872	2128	1270	7158	2603	1172.0	2400	2488	1333	1
83	3873	2130	1272	7163	2604	1173.0	2400	2488	1333	1
83	3888	2136	1275	7186	2603	1175.0	2400	2488	1333	1
83	3960	2173	1294	7312	2598	1197.0	2400	2488	1333	1
83	4009	2193	1305	7390	2593	1204.0	2400	2488	1333	1
83	4006	2194	1305	7389	2594	1207.0	2400	2488	1333	1
83	3995	2185	1301	7363	2593	1199.0	2400	2488	1333	1
83	4003	2194	1305	7385	2595	1208.0	2400	2488	1333	1
83	4013	2192	1305	7392	2591	1201.0	2400	2488	1333	1
83	4002	2194	1304	7383	2594	1209.0	2400	2488	1333	1
83	3995	2184	1301	7364	2593	1197.0	2400	2488	1333	0
83	4004	2193	1304	7385	2594	1207.0	2400	2488	1333	0
83	7544	3876	2189	13342	2447	2066.0	2400	2488	1333	0
83	7540	3873	2186	13333	2447	2065.0	2400	2488	1333	0
83	7538	3876	2189	13337	2448	2068.0	2400	2488	1333	0
84	7542	3871	2186	13331	2446	2061.0	2400	2844	1111	1
84	7535	3876	2189	13334	2449	2069.0	2400	2844	1111	1
84	4081	2147	1292	7393	2556	1118.0	2400	2844	1111	1
84	4342	2003	1254	7446	2443	833.0	2400	2844	1111	1
84	4345	2009	1258	7450	2442	839.0	2400	2844	1111	1
84	4345	2004	1255	7441	2440	833.0	2400	2844	1111	1
84	4347	2008	1258	7450	2442	837.0	2400	2844	1111	1
84	4325	1999	1251	7412	2441	835.0	2400	2844	1111	1
84	4350	2007	1257	7451	2440	835.0	2400	2844	1111	1
84	4340	2006	1255	7439	2441	838.0	2400	2844	1111	1
84	4350	2007	1257	7451	2440	835.0	2400	2844	1111	1
84	4197	1948	1224	7214	2451	816.0	2400	2844	1111	1
84	4199	1951	1226	7220	2452	818.0	2400	2844	1111	1
84	4198	1949	1224	7215	2450	817.0	2400	2844	1111	1
84	4199	1951	1226	7220	2452	818.0	2400	2844	1111	1
84	4215	1956	1228	7243	2450	820.0	2400	2844	1111	1
84	4199	1950	1225	7219	2452	817.0	2400	2844	1111	1
84	4198	1949	1224	7217	2451	817.0	2400	2844	1111	1
84	4198	1950	1225	7218	2452	818.0	2400	2844	1111	1
84	4198	1950	1225	7218	2452	818.0	2400	2844	1111	1
84	4198	1950	1225	7217	2451	818.0	2400	2844	1111	1
84	4199	1950	1225	7219	2452	817.0	2400	2844	1111	1
84	4327	2006	1256	7427	2445	842.0	2400	2844	1111	1
84	4350	2005	1256	7448	2439	833.0	2400	2844	1111	1
84	4343	2009	1258	7448	2443	840.0	2400	2844	1111	1
84	4351	2005	1255	7448	2438	833.0	2400	2844	1111	1
84	4345	2010	1258	7450	2442	841.0	2400	2844	1111	1
84	4349	2004	1255	7445	2439	832.0	2400	2844	1111	1
84	4346	2010	1258	7452	2442	840.0	2400	2844	1111	1
84	4347	2005	1255	7444	2439	834.0	2400	2844	1111	1
84	4349	2009	1258	7453	2441	838.0	2400	2844	1111	1
84	4325	2000	1252	7415	2442	836.0	2400	2844	1111	1
84	4352	2007	1258	7454	2440	834.0	2400	2844	1111	1
84	4198	1948	1224	7215	2451	815.0	2400	2844	1111	1
84	4201	1951	1226	7223	2452	818.0	2400	2844	1111	1
84	4216	1955	1227	7242	2448	818.0	2400	2844	1111	1
84	4201	1951	1226	7223	2452	818.0	2400	2844	1111	1
84	4198	1948	1224	7215	2451	815.0	2400	2844	1111	1
84	4200	1951	1226	7222	2452	818.0	2400	2844	1111	1
84	4216	1955	1228	7243	2449	818.0	2400	2844	1111	1
84	4199	1949	1224	7217	2451	817.0	2400	2844	1111	1
84	4200	1951	1226	7221	2452	818.0	2400	2844	1111	1
84	4199	1949	1225	7218	2452	816.0	2400	2844	1111	1
84	4200	1950	1225	7220	2451	817.0	2400	2844	1111	1
84	4344	2008	1257	7446	2442	839.0	2400	2844	1111	1
84	4351	2006	1256	7451	2439	834.0	2400	2844	1111	0
84	3355	1621	1042	5906	2529	706.0	2400	2844	1111	0
84	331	444	387	1199	5845	310.0	2400	2844	1111	0
84	331	445	388	1202	5857	310.0	2400	2844	1111	0
84	330	443	387	1197	5859	308.0	2400	2844	1111	0
85	331	445	388	1202	5857	310.0	2400	3200	888	1
85	330	443	386	1196	5847	309.0	2400	3200	888	1
85	4537	1766	1177	7280	2315	452.0	2400	3200	888	1
85	4533	1763	1175	7271	2314	450.0	2400	3200	888	1
85	4535	1765	1177	7277	2316	452.0	2400	3200	888	1
85	4647	1800	1197	7438	2308	456.0	2400	3200	888	1
85	4697	1815	1207	7510	2305	456.0	2400	3200	888	1
85	4690	1814	1205	7500	2305	458.0	2400	3200	888	1
85	4674	1806	1201	7474	2306	454.0	2400	3200	888	1
85	4691	1816	1207	7506	2307	459.0	2400	3200	888	1
85	4695	1812	1204	7502	2303	454.0	2400	3200	888	1
85	4691	1816	1207	7506	2307	459.0	2400	3200	888	1
85	4695	1812	1205	7502	2304	453.0	2400	3200	888	1
85	4691	1816	1207	7506	2307	459.0	2400	3200	888	1
85	4693	1812	1205	7500	2304	454.0	2400	3200	888	1
85	4694	1816	1207	7508	2306	458.0	2400	3200	888	1
85	4551	1769	1179	7297	2313	451.0	2400	3200	888	1
85	4534	1765	1177	7275	2316	452.0	2400	3200	888	1
85	4532	1763	1175	7271	2315	451.0	2400	3200	888	1
85	4533	1764	1176	7274	2316	451.0	2400	3200	888	1
85	4532	1764	1176	7272	2315	452.0	2400	3200	888	1
85	4533	1764	1176	7272	2315	451.0	2400	3200	888	1
85	4533	1764	1176	7272	2315	451.0	2400	3200	888	1
85	4532	1764	1176	7272	2315	452.0	2400	3200	888	1
85	4533	1764	1176	7273	2315	451.0	2400	3200	888	1
85	4551	1769	1179	7297	2313	451.0	2400	3200	888	1
85	4533	1763	1175	7274	2316	450.0	2400	3200	888	1
85	4697	1814	1206	7508	2305	455.0	2400	3200	888	1
85	4690	1811	1204	7496	2304	454.0	2400	3200	888	1
85	4694	1815	1207	7507	2306	457.0	2400	3200	888	1
85	4692	1812	1204	7500	2304	455.0	2400	3200	888	1
85	4690	1816	1207	7505	2307	460.0	2400	3200	888	1
85	4676	1806	1201	7475	2305	453.0	2400	3200	888	1
85	4690	1816	1207	7505	2307	460.0	2400	3200	888	1
85	4694	1811	1204	7500	2304	453.0	2400	3200	888	1
85	4691	1817	1207	7507	2307	461.0	2400	3200	888	1
85	4692	1812	1204	7498	2303	455.0	2400	3200	888	1
85	4693	1816	1207	7507	2306	459.0	2400	3200	888	1
85	4587	1780	1185	7348	2311	452.0	2400	3200	888	1
85	4533	1765	1177	7276	2317	452.0	2400	3200	888	1
85	4531	1763	1175	7268	2315	451.0	2400	3200	888	1
85	4533	1765	1177	7275	2316	452.0	2400	3200	888	1
85	4531	1763	1175	7269	2315	451.0	2400	3200	888	1
85	4533	1765	1177	7274	2316	452.0	2400	3200	888	1
85	4532	1763	1175	7271	2315	451.0	2400	3200	888	1
85	4532	1764	1176	7272	2315	452.0	2400	3200	888	0
85	7874	2815	1804	12104	2189	566.0	2400	3200	888	0
85	8888	3130	1993	13563	2168	596.0	2400	3200	888	0
85	8879	3130	1993	13554	2169	598.0	2400	3200	888	0
85	8884	3129	1993	13558	2169	595.0	2400	3200	888	0
86	8877	3130	1992	13551	2169	600.0	2400	1777	2000	1
86	7933	2831	1814	12184	2187	565.0	2400	1777	2000	1
86	3328	2685	1452	7440	3045	2094.0	2400	1777	2000	1
86	3316	2677	1449	7419	3048	2088.0	2400	1777	2000	1
86	3315	2675	1447	7413	3046	2086.0	2400	1777	2000	1
86	3317	2678	1450	7420	3048	2088.0	2400	1777	2000	1
86	3327	2677	1449	7429	3042	2084.0	2400	1777	2000	1
86	3317	2678	1450	7421	3048	2088.0	2400	1777	2000	1
86	3315	2675	1447	7413	3046	2086.0	2400	1777	2000	1
86	3317	2678	1450	7421	3048	2088.0	2400	1777	2000	1
86	3315	2675	1447	7413	3046	2086.0	2400	1777	2000	1
86	3434	2762	1490	7659	3035	2154.0	2400	1777	2000	1
86	3425	2762	1488	7649	3038	2158.0	2400	1777	2000	1
86	3424	2762	1488	7649	3039	2158.0	2400	1777	2000	1
86	3435	2761	1490	7660	3035	2152.0	2400	1777	2000	1
86	3426	2761	1488	7650	3038	2156.0	2400	1777	2000	1
86	3432	2762	1490	7658	3036	2154.0	2400	1777	2000	1
86	3429	2760	1488	7651	3036	2153.0	2400	1777	2000	1
86	3416	2754	1486	7630	3040	2150.0	2400	1777	2000	1
86	3432	2759	1488	7652	3034	2151.0	2400	1777	2000	1
86	3426	2764	1490	7654	3039	2159.0	2400	1777	2000	1
86	3354	2698	1459	7486	3040	2101.0	2400	1777	2000	1
86	3316	2677	1449	7417	3048	2088.0	2400	1777	2000	1
86	3316	2676	1448	7417	3047	2087.0	2400	1777	2000	1
86	3316	2676	1448	7417	3047	2087.0	2400	1777	2000	1
86	3316	2677	1449	7417	3048	2088.0	2400	1777	2000	1
86	3329	2686	1453	7443	3046	2095.0	2400	1777	2000	1
86	3316	2677	1449	7419	3048	2088.0	2400	1777	2000	1
86	3315	2675	1448	7414	3047	2086.0	2400	1777	2000	1
86	3317	2677	1449	7419	3047	2087.0	2400	1777	2000	1
86	3315	2675	1448	7414	3047	2086.0	2400	1777	2000	1
86	3315	2675	1447	7413	3046	2086.0	2400	1777	2000	1
86	3435	2760	1489	7657	3034	2151.0	2400	1777	2000	1
86	3411	2759	1486	7631	3043	2159.0	2400	1777	2000	1
86	3432	2762	1490	7658	3036	2154.0	2400	1777	2000	1
86	3428	2759	1487	7648	3035	2153.0	2400	1777	2000	1
86	3428	2764	1490	7656	3038	2159.0	2400	1777	2000	1
86	3432	2757	1486	7649	3032	2149.0	2400	1777	2000	1
86	3426	2764	1490	7655	3040	2159.0	2400	1777	2000	1
86	3430	2759	1487	7649	3034	2152.0	2400	1777	2000	1
86	3431	2762	1490	7657	3037	2155.0	2400	1777	2000	1
86	3425	2761	1488	7648	3038	2156.0	2400	1777	2000	1
86	3422	2750	1484	7629	3035	2143.0	2400	1777	2000	1
86	3425	2761	1488	7647	3038	2156.0	2400	1777	2000	1
86	3317	2677	1449	7420	3048	2087.0	2400	1777	2000	1
86	3315	2675	1447	7413	3046	2086.0	2400	1777	2000	0
86	3330	2687	1454	7447	3046	2095.0	2400	1777	2000	0
86	330	444	387	1198	5859	310.0	2400	1777	2000	0
86	331	445	388	1202	5857	310.0	2400	1777	2000	0
86	331	445	388	1199	5857	310.0	2400	1777	2000	0
87	331	444	387	1199	5845	310.0	2400	2133	1777	1
87	2827	2017	1163	5967	2942	1414.0	2400	2133	1777	1
87	3716	2582	1442	7672	2847	1813.0	2400	2133	1777	1
87	3725	2577	1440	7674	2842	1804.0	2400	2133	1777	1
87	3660	2539	1421	7554	2849	1779.0	2400	2133	1777	1
87	3596	2501	1402	7434	2855	1753.0	2400	2133	1777	1
87	3597	2502	1403	7437	2856	1754.0	2400	2133	1777	1
87	3596	2501	1402	7434	2855	1753.0	2400	2133	1777	1
87	3597	2502	1403	7438	2856	1754.0	2400	2133	1777	1
87	3596	2500	1401	7433	2854	1753.0	2400	2133	1777	1
87	3597	2503	1403	7438	2856	1755.0	2400	2133	1777	1
87	3595	2500	1401	7431	2854	1753.0	2400	2133	1777	1
87	3598	2509	1406	7449	2859	1762.0	2400	2133	1777	1
87	3595	2500	1401	7432	2854	1753.0	2400	2133	1777	1
87	3597	2503	1404	7440	2857	1755.0	2400	2133	1777	1
87	3595	2500	1401	7432	2854	1753.0	2400	2133	1777	1
87	3726	2579	1442	7678	2844	1805.0	2400	2133	1777	1
87	3714	2580	1440	7665	2846	1812.0	2400	2133	1777	1
87	3720	2577	1439	7668	2843	1806.0	2400	2133	1777	1
87	3703	2574	1438	7648	2849	1808.0	2400	2133	1777	1
87	3725	2576	1439	7670	2840	1803.0	2400	2133	1777	1
87	3717	2582	1443	7674	2848	1812.0	2400	2133	1777	1
87	3720	2578	1439	7669	2843	1808.0	2400	2133	1777	1
87	3723	2580	1442	7676	2845	1808.0	2400	2133	1777	1
87	3715	2580	1441	7668	2847	1811.0	2400	2133	1777	1
87	3726	2578	1441	7676	2842	1804.0	2400	2133	1777	1
87	3716	2579	1440	7667	2845	1810.0	2400	2133	1777	1
87	3612	2511	1408	7466	2855	1760.0	2400	2133	1777	1
87	3596	2500	1402	7433	2855	1752.0	2400	2133	1777	1
87	3597	2502	1403	7438	2856	1754.0	2400	2133	1777	1
87	3596	2501	1402	7435	2855	1753.0	2400	2133	1777	1
87	3596	2502	1403	7436	2856	1754.0	2400	2133	1777	1
87	3596	2501	1402	7436	2856	1753.0	2400	2133	1777	1
87	3597	2502	1403	7437	2856	1754.0	2400	2133	1777	1
87	3597	2502	1402	7436	2855	1755.0	2400	2133	1777	1
87	3596	2501	1402	7435	2855	1753.0	2400	2133	1777	1
87	3596	2500	1402	7434	2855	1752.0	2400	2133	1777	1
87	3640	2530	1417	7522	2853	1774.0	2400	2133	1777	1
87	3715	2581	1441	7668	2847	1812.0	2400	2133	1777	1
87	3725	2572	1438	7667	2840	1797.0	2400	2133	1777	1
87	3717	2578	1440	7667	2845	1808.0	2400	2133	1777	1
87	3720	2581	1442	7675	2846	1810.0	2400	2133	1777	1
87	3723	2576	1439	7669	2842	1803.0	2400	2133	1777	1
87	3701	2574	1438	7645	2849	1808.0	2400	2133	1777	1
87	3723	2576	1439	7669	2842	1803.0	2400	2133	1777	1
87	3720	2581	1442	7675	2846	1810.0	2400	2133	1777	0
87	3717	2579	1440	7667	2845	1809.0	2400	2133	1777	0
87	6985	4632	2455	13901	2699	3246.0	2400	2133	1777	0
87	6972	4632	2453	13886	2701	3252.0	2400	2133	1777	0
87	6981	4633	2455	13897	2700	3249.0	2400	2133	1777	0
88	6976	4630	2452	13886	2699	3248.0	2400	2488	1555	1
88	6975	4634	2455	13894	2701	3252.0	2400	2488	1555	1
88	3809	2523	1424	7675	2790	1703.0	2400	2488	1555	1
88	4025	2404	1395	7713	2676	1466.0	2400	2488	1555	1
88	4031	2401	1394	7716	2674	1460.0	2400	2488	1555	1
88	4025	2401	1393	7709	2675	1463.0	2400	2488	1555	1
88	4035	2399	1393	7717	2671	1456.0	2400	2488	1555	1
88	4026	2401	1393	7710	2674	1463.0	2400	2488	1555	1
88	4031	2401	1394	7715	2674	1460.0	2400	2488	1555	1
88	4015	2390	1388	7684	2674	1452.0	2400	2488	1555	1
88	3895	2330	1357	7476	2684	1419.0	2400	2488	1555	1
88	3894	2329	1356	7474	2684	1419.0	2400	2488	1555	1
88	3895	2329	1356	7475	2683	1419.0	2400	2488	1555	1
88	3911	2338	1361	7504	2682	1424.0	2400	2488	1555	1
88	3894	2329	1356	7475	2684	1419.0	2400	2488	1555	1
88	3895	2330	1357	7477	2684	1419.0	2400	2488	1555	1
88	3894	2328	1356	7474	2684	1417.0	2400	2488	1555	1
88	3910	2333	1359	7496	2681	1418.0	2400	2488	1555	1
88	3894	2328	1355	7472	2683	1418.0	2400	2488	1555	1
88	3895	2330	1357	7478	2684	1419.0	2400	2488	1555	1
88	3894	2328	1355	7471	2682	1418.0	2400	2488	1555	1
88	3908	2337	1361	7501	2684	1423.0	2400	2488	1555	1
88	4030	2403	1394	7717	2674	1464.0	2400	2488	1555	1
88	4033	2397	1391	7711	2670	1455.0	2400	2488	1555	1
88	4027	2404	1395	7716	2676	1465.0	2400	2488	1555	1
88	4033	2397	1391	7711	2670	1455.0	2400	2488	1555	1
88	4029	2403	1395	7718	2676	1463.0	2400	2488	1555	1
88	4029	2399	1392	7710	2672	1459.0	2400	2488	1555	1
88	4034	2401	1394	7718	2673	1459.0	2400	2488	1555	1
88	4008	2392	1388	7679	2676	1458.0	2400	2488	1555	1
88	4035	2400	1394	7719	2672	1457.0	2400	2488	1555	1
88	4027	2400	1392	7709	2673	1461.0	2400	2488	1555	1
88	3911	2337	1361	7503	2682	1422.0	2400	2488	1555	1
88	3894	2328	1355	7473	2683	1418.0	2400	2488	1555	1
88	3896	2330	1357	7479	2684	1419.0	2400	2488	1555	1
88	3894	2328	1356	7473	2684	1417.0	2400	2488	1555	1
88	3895	2330	1357	7478	2684	1419.0	2400	2488	1555	1
88	3910	2337	1360	7502	2682	1423.0	2400	2488	1555	1
88	3895	2330	1357	7477	2684	1419.0	2400	2488	1555	1
88	3895	2329	1356	7475	2683	1419.0	2400	2488	1555	1
88	3895	2329	1356	7477	2684	1419.0	2400	2488	1555	1
88	3894	2329	1356	7475	2684	1419.0	2400	2488	1555	1
88	3895	2329	1357	7477	2684	1418.0	2400	2488	1555	1
88	4025	2402	1393	7711	2675	1464.0	2400	2488	1555	1
88	4020	2397	1392	7699	2675	1459.0	2400	2488	1555	1
88	4027	2401	1393	7711	2674	1462.0	2400	2488	1555	0
88	2908	1806	1088	5737	2789	1110.0	2400	2488	1555	0
88	330	443	387	1197	5859	308.0	2400	2488	1555	0
88	332	446	389	1204	5855	311.0	2400	2488	1555	0
88	330	443	386	1196	5847	309.0	2400	2488	1555	0
89	332	446	389	1204	5855	311.0	2400	2844	1333	1
89	330	443	386	1196	5847	309.0	2400	2844	1333	1
89	4214	2139	1305	7510	2523	1052.0	2400	2844	1333	1
89	4227	2142	1306	7527	2521	1052.0	2400	2844	1333	1
89	4212	2138	1305	7506	2524	1051.0	2400	2844	1333	1
89	4353	2200	1337	7735	2513	1080.0	2400	2844	1333	1
89	4361	2201	1339	7746	2513	1078.0	2400	2844	1333	1
89	4339	2192	1333	7708	2513	1075.0	2400	2844	1333	1
89	4357	2203	1340	7745	2515	1081.0	2400	2844	1333	1
89	4354	2203	1340	7742	2516	1082.0	2400	2844	1333	1
89	4343	2190	1332	7711	2511	1071.0	2400	2844	1333	1
89	4355	2203	1339	7743	2514	1083.0	2400	2844	1333	1
89	4357	2199	1337	7738	2512	1077.0	2400	2844	1333	1
89	4360	2200	1338	7742	2512	1077.0	2400	2844	1333	1
89	4352	2201	1338	7736	2514	1081.0	2400	2844	1333	1
89	4260	2154	1314	7577	2518	1055.0	2400	2844	1333	1
89	4210	2136	1303	7500	2523	1050.0	2400	2844	1333	1
89	4209	2136	1303	7500	2523	1051.0	2400	2844	1333	1
89	4210	2136	1303	7501	2523	1050.0	2400	2844	1333	1
89	4209	2136	1303	7499	2523	1051.0	2400	2844	1333	1
89	4210	2137	1304	7502	2524	1051.0	2400	2844	1333	1
89	4209	2135	1302	7498	2522	1050.0	2400	2844	1333	1
89	4210	2137	1304	7502	2524	1051.0	2400	2844	1333	1
89	4209	2140	1304	7505	2524	1056.0	2400	2844	1333	1
89	4210	2137	1304	7503	2524	1051.0	2400	2844	1333	1
89	4209	2135	1302	7498	2522	1050.0	2400	2844	1333	1
89	4211	2137	1304	7504	2523	1051.0	2400	2844	1333	1
89	4358	2202	1339	7744	2514	1080.0	2400	2844	1333	1
89	4354	2200	1337	7735	2512	1080.0	2400	2844	1333	1
89	4362	2201	1339	7747	2513	1077.0	2400	2844	1333	1
89	4334	2192	1333	7704	2515	1077.0	2400	2844	1333	1
89	4362	2200	1339	7745	2512	1076.0	2400	2844	1333	1
89	4353	2200	1337	7734	2513	1080.0	2400	2844	1333	1
89	4359	2202	1339	7744	2513	1080.0	2400	2844	1333	1
89	4357	2199	1336	7736	2511	1078.0	2400	2844	1333	1
89	4356	2203	1340	7743	2514	1082.0	2400	2844	1333	1
89	4360	2198	1336	7739	2510	1075.0	2400	2844	1333	1
89	4354	2203	1339	7742	2515	1083.0	2400	2844	1333	1
89	4226	2143	1306	7526	2521	1054.0	2400	2844	1333	1
89	4210	2137	1304	7502	2524	1051.0	2400	2844	1333	1
89	4209	2135	1303	7499	2523	1049.0	2400	2844	1333	1
89	4210	2137	1304	7502	2524	1051.0	2400	2844	1333	1
89	4209	2136	1303	7499	2523	1051.0	2400	2844	1333	1
89	4209	2136	1303	7501	2524	1051.0	2400	2844	1333	1
89	4209	2136	1303	7500	2523	1051.0	2400	2844	1333	1
89	4209	2136	1303	7500	2523	1051.0	2400	2844	1333	0
89	7525	3584	2086	12888	2390	1687.0	2400	2844	1333	0
89	8218	3890	2252	14019	2376	1823.0	2400	2844	1333	0
89	8221	3886	2250	14015	2374	1817.0	2400	2844	1333	0
89	8219	3889	2252	14019	2376	1821.0	2400	2844	1333	0
90	8217	3886	2250	14011	2375	1819.0	2400	3200	1111	1
90	7132	3411	1994	12248	2399	1608.0	2400	3200	1111	1
90	4541	1946	1251	7544	2380	681.0	2400	3200	1111	1
90	4544	1949	1254	7553	2382	683.0	2400	3200	1111	1
90	4561	1953	1255	7574	2379	683.0	2400	3200	1111	1
90	4545	1949	1254	7554	2382	682.0	2400	3200	1111	1
90	4543	1946	1251	7546	2379	680.0	2400	3200	1111	1
90	4545	1950	1254	7555	2382	684.0	2400	3200	1111	1
90	4543	1946	1251	7547	2380	680.0	2400	3200	1111	1
90	4546	1950	1254	7556	2381	684.0	2400	3200	1111	1
90	4708	2003	1284	7791	2368	693.0	2400	3200	1111	1
90	4703	2008	1287	7796	2372	700.0	2400	3200	1111	1
90	4707	2003	1284	7791	2369	693.0	2400	3200	1111	1
90	4704	2004	1285	7796	2372	695.0	2400	3200	1111	1
90	4707	2006	1286	7796	2371	696.0	2400	3200	1111	1
90	4700	2005	1285	7788	2371	698.0	2400	3200	1111	1
90	4709	2005	1286	7797	2370	694.0	2400	3200	1111	1
90	4701	2006	1285	7790	2371	699.0	2400	3200	1111	1
90	4707	2004	1285	7794	2370	694.0	2400	3200	1111	1
90	4702	2006	1286	7791	2372	698.0	2400	3200	1111	1
90	4684	1998	1281	7761	2371	695.0	2400	3200	1111	1
90	4543	1949	1253	7550	2381	684.0	2400	3200	1111	1
90	4542	1947	1252	7548	2381	682.0	2400	3200	1111	1
90	4543	1948	1253	7551	2382	682.0	2400	3200	1111	1
90	4561	1953	1255	7574	2379	683.0	2400	3200	1111	1
90	4543	1948	1253	7550	2381	682.0	2400	3200	1111	1
90	4541	1945	1251	7543	2380	680.0	2400	3200	1111	1
90	4542	1948	1252	7549	2381	683.0	2400	3200	1111	1
90	4559	1948	1252	7564	2377	678.0	2400	3200	1111	1
90	4540	1947	1252	7545	2381	682.0	2400	3200	1111	1
90	4543	1945	1250	7545	2379	680.0	2400	3200	1111	1
90	4548	1948	1253	7555	2380	681.0	2400	3200	1111	1
90	4708	2006	1286	7796	2370	696.0	2400	3200	1111	1
90	4705	2003	1283	7787	2368	694.0	2400	3200	1111	1
90	4711	2004	1286	7798	2370	692.0	2400	3200	1111	1
90	4703	2003	1284	7786	2369	694.0	2400	3200	1111	1
90	4711	2004	1285	7797	2369	693.0	2400	3200	1111	1
90	4704	2004	1284	7788	2369	696.0	2400	3200	1111	1
90	4709	2004	1286	7796	2370	692.0	2400	3200	1111	1
90	4706	2002	1283	7789	2368	693.0	2400	3200	1111	1
90	4685	1999	1282	7765	2373	695.0	2400	3200	1111	1
90	4710	2002	1284	7792	2368	690.0	2400	3200	1111	1
90	4704	2006	1286	7793	2371	697.0	2400	3200	1111	1
90	4546	1946	1251	7549	2379	679.0	2400	3200	1111	1
90	4547	1947	1252	7552	2379	680.0	2400	3200	1111	1
90	4547	1946	1252	7550	2379	678.0	2400	3200	1111	0
90	4547	1947	1252	7551	2379	680.0	2400	3200	1111	0
90	330	443	386	1195	5847	309.0	2400	3200	1111	0
90	329	442	386	1195	5861	308.0	2400	3200	1111	0
90	330	443	387	1196	5859	308.0	2400	3200	1111	0
91	330	443	387	1197	5859	308.0	2400	2133	2000	1
91	3023	2289	1285	6557	2995	1690.0	2400	2133	2000	1
91	3735	2767	1519	7958	2921	2042.0	2400	2133	2000	1
91	3726	2766	1517	7948	2923	2045.0	2400	2133	2000	1
91	3606	2683	1478	7707	2933	1982.0	2400	2133	2000	1
91	3617	2682	1477	7717	2928	1977.0	2400	2133	2000	1
91	3606	2682	1478	7707	2934	1980.0	2400	2133	2000	1
91	3603	2679	1475	7699	2932	1979.0	2400	2133	2000	1
91	3606	2682	1478	7708	2934	1980.0	2400	2133	2000	1
91	3603	2679	1475	7699	2932	1979.0	2400	2133	2000	1
91	3606	2683	1478	7708	2934	1982.0	2400	2133	2000	1
91	3603	2679	1475	7699	2932	1979.0	2400	2133	2000	1
91	3605	2682	1478	7707	2934	1981.0	2400	2133	2000	1
91	3603	2679	1475	7698	2932	1979.0	2400	2133	2000	1
91	3620	2692	1482	7735	2932	1989.0	2400	2133	2000	1
91	3661	2723	1496	7820	2929	2014.0	2400	2133	2000	1
91	3729	2768	1519	7954	2924	2046.0	2400	2133	2000	1
91	3731	2762	1516	7946	2920	2038.0	2400	2133	2000	1
91	3732	2762	1516	7947	2919	2038.0	2400	2133	2000	1
91	3725	2766	1518	7947	2924	2045.0	2400	2133	2000	1
91	3728	2764	1516	7945	2921	2042.0	2400	2133	2000	1
91	3715	2754	1512	7918	2922	2034.0	2400	2133	2000	1
91	3723	2766	1517	7945	2925	2046.0	2400	2133	2000	1
91	3733	2762	1516	7948	2919	2037.0	2400	2133	2000	1
91	3723	2766	1517	7945	2925	2046.0	2400	2133	2000	1
91	3730	2764	1516	7948	2920	2042.0	2400	2133	2000	1
91	3603	2680	1476	7701	2933	1979.0	2400	2133	2000	1
91	3603	2679	1475	7698	2932	1979.0	2400	2133	2000	1
91	3604	2680	1476	7701	2933	1979.0	2400	2133	2000	1
91	3602	2679	1475	7697	2932	1979.0	2400	2133	2000	1
91	3604	2680	1476	7702	2933	1979.0	2400	2133	2000	1
91	3602	2678	1474	7696	2931	1978.0	2400	2133	2000	1
91	3604	2681	1476	7702	2933	1981.0	2400	2133	2000	1
91	3602	2678	1474	7695	2931	1978.0	2400	2133	2000	1
91	3605	2688	1480	7715	2936	1989.0	2400	2133	2000	1
91	3602	2678	1474	7695	2931	1978.0	2400	2133	2000	1
91	3602	2678	1474	7704	2934	1978.0	2400	2133	2000	1
91	3729	2765	1518	7950	2923	2042.0	2400	2133	2000	1
91	3724	2764	1516	7943	2923	2044.0	2400	2133	2000	1
91	3733	2764	1517	7952	2920	2040.0	2400	2133	2000	1
91	3721	2765	1516	7940	2924	2046.0	2400	2133	2000	1
91	3718	2755	1513	7924	2922	2033.0	2400	2133	2000	1
91	3724	2763	1515	7941	2922	2043.0	2400	2133	2000	1
91	3728	2766	1518	7951	2924	2044.0	2400	2133	2000	1
91	3728	2761	1515	7942	2920	2038.0	2400	2133	2000	1
91	3725	2768	1518	7949	2924	2048.0	2400	2133	2000	0
91	3732	2761	1515	7945	2918	2037.0	2400	2133	2000	0
91	6992	5002	2607	14442	2784	3716.0	2400	2133	2000	0
91	6996	4996	2604	14438	2781	3708.0	2400	2133	2000	0
91	6992	4998	2605	14437	2783	3712.0	2400	2133	2000	0
92	6991	4998	2604	14435	2782	3713.0	2400	2488	1777	1
92	6994	4996	2604	14437	2782	3708.0	2400	2488	1777	1
92	3828	2699	1499	7949	2859	1920.0	2400	2488	1777	1
92	4041	2573	1465	7974	2740	1676.0	2400	2488	1777	1
92	4032	2577	1466	7971	2744	1685.0	2400	2488	1777	1
92	4037	2576	1466	7974	2742	1682.0	2400	2488	1777	1
92	4036	2576	1465	7972	2742	1683.0	2400	2488	1777	1
92	4024	2565	1461	7946	2742	1672.0	2400	2488	1777	1
92	4032	2577	1465	7970	2743	1686.0	2400	2488	1777	1
92	3902	2498	1427	7728	2753	1631.0	2400	2488	1777	1
92	3901	2496	1425	7722	2751	1630.0	2400	2488	1777	1
92	3903	2505	1430	7739	2756	1640.0	2400	2488	1777	1
92	3901	2496	1425	7722	2751	1630.0	2400	2488	1777	1
92	3903	2499	1427	7730	2753	1632.0	2400	2488	1777	1
92	3901	2496	1425	7722	2751	1630.0	2400	2488	1777	1
92	3919	2508	1432	7759	2751	1638.0	2400	2488	1777	1
92	3901	2496	1425	7721	2751	1630.0	2400	2488	1777	1
92	3903	2499	1427	7729	2752	1632.0	2400	2488	1777	1
92	3901	2496	1425	7721	2751	1630.0	2400	2488	1777	1
92	3903	2499	1427	7730	2753	1632.0	2400	2488	1777	1
92	3901	2496	1425	7722	2751	1630.0	2400	2488	1777	1
92	4044	2575	1466	7980	2740	1678.0	2400	2488	1777	1
92	4032	2576	1465	7969	2743	1684.0	2400	2488	1777	1
92	4035	2575	1464	7969	2741	1682.0	2400	2488	1777	1
92	4039	2578	1467	7978	2742	1684.0	2400	2488	1777	1
92	4039	2574	1464	7971	2739	1679.0	2400	2488	1777	1
92	4034	2579	1467	7976	2744	1687.0	2400	2488	1777	1
92	4042	2573	1464	7973	2738	1677.0	2400	2488	1777	1
92	4034	2578	1467	7974	2744	1685.0	2400	2488	1777	1
92	4039	2575	1465	7974	2741	1680.0	2400	2488	1777	1
92	4038	2576	1466	7975	2742	1681.0	2400	2488	1777	1
92	3981	2542	1449	7869	2746	1659.0	2400	2488	1777	1
92	3902	2498	1426	7726	2751	1632.0	2400	2488	1777	1
92	3902	2498	1426	7726	2751	1632.0	2400	2488	1777	1
92	3901	2497	1426	7725	2752	1630.0	2400	2488	1777	1
92	3918	2507	1431	7756	2751	1637.0	2400	2488	1777	1
92	3902	2497	1425	7724	2751	1631.0	2400	2488	1777	1
92	3902	2498	1427	7727	2752	1631.0	2400	2488	1777	1
92	3901	2497	1425	7723	2751	1631.0	2400	2488	1777	1
92	3913	2499	1428	7739	2750	1628.0	2400	2488	1777	1
92	3901	2496	1425	7723	2751	1630.0	2400	2488	1777	1
92	3901	2496	1425	7721	2751	1630.0	2400	2488	1777	1
92	4027	2566	1461	7950	2741	1673.0	2400	2488	1777	1
92	4034	2575	1464	7969	2742	1683.0	2400	2488	1777	1
92	4039	2578	1467	7979	2743	1684.0	2400	2488	1777	1
92	4038	2573	1464	7969	2740	1678.0	2400	2488	1777	0
92	2658	1782	1065	5452	2895	1170.0	2400	2488	1777	0
92	327	439	384	1187	5865	305.0	2400	2488	1777	0
92	330	443	386	1196	5847	309.0	2400	2488	1777	0
92	327	439	384	1187	5865	305.0	2400	2488	1777	0
93	329	443	386	1196	5861	309.0	2400	2844	1555	1
93	327	440	384	1187	5865	307.0	2400	2844	1555	1
93	4230	2320	1380	7786	2589	1278.0	2400	2844	1555	1
93	4225	2317	1377	7776	2588	1277.0	2400	2844	1555	1
93	4379	2389	1416	8034	2578	1312.0	2400	2844	1555	1
93	4370	2390	1415	8025	2579	1317.0	2400	2844	1555	1
93	4380	2388	1416	8034	2577	1310.0	2400	2844	1555	1
93	4369	2390	1415	8025	2580	1318.0	2400	2844	1555	1
93	4377	2389	1416	8032	2578	1313.0	2400	2844	1555	1
93	4373	2390	1417	7996	2570	1315.0	2400	2844	1555	1
93	4375	2387	1415	8027	2578	1311.0	2400	2844	1555	1
93	4369	2391	1416	8027	2581	1319.0	2400	2844	1555	1
93	4378	2387	1415	8029	2577	1310.0	2400	2844	1555	1
93	4370	2390	1416	8026	2580	1317.0	2400	2844	1555	1
93	4329	2364	1403	7949	2581	1298.0	2400	2844	1555	1
93	4225	2317	1378	7777	2589	1276.0	2400	2844	1555	1
93	4237	2319	1380	7792	2587	1274.0	2400	2844	1555	1
93	4225	2317	1377	7776	2588	1277.0	2400	2844	1555	1
93	4225	2318	1378	7779	2589	1278.0	2400	2844	1555	1
93	4224	2316	1377	7774	2589	1276.0	2400	2844	1555	1
93	4225	2318	1379	7779	2590	1277.0	2400	2844	1555	1
93	4224	2316	1377	7774	2589	1276.0	2400	2844	1555	1
93	4225	2318	1379	7780	2590	1277.0	2400	2844	1555	1
93	4224	2316	1377	7773	2588	1276.0	2400	2844	1555	1
93	4225	2319	1379	7780	2590	1279.0	2400	2844	1555	1
93	4241	2324	1381	7802	2587	1280.0	2400	2844	1555	1
93	4379	2388	1416	8033	2578	1311.0	2400	2844	1555	1
93	4368	2389	1416	8022	2581	1316.0	2400	2844	1555	1
93	4351	2380	1410	7992	2581	1311.0	2400	2844	1555	1
93	4375	2390	1417	8032	2580	1314.0	2400	2844	1555	1
93	4372	2386	1414	8022	2578	1311.0	2400	2844	1555	1
93	4370	2392	1417	8030	2582	1319.0	2400	2844	1555	1
93	4359	2377	1409	7994	2577	1305.0	2400	2844	1555	1
93	4370	2392	1417	8029	2581	1319.0	2400	2844	1555	1
93	4374	2387	1414	8024	2577	1312.0	2400	2844	1555	1
93	4373	2389	1416	8029	2580	1314.0	2400	2844	1555	1
93	4370	2389	1415	8023	2579	1316.0	2400	2844	1555	1
93	4225	2319	1379	7780	2590	1279.0	2400	2844	1555	1
93	4224	2316	1377	7774	2589	1276.0	2400	2844	1555	1
93	4225	2319	1379	7780	2590	1279.0	2400	2844	1555	1
93	4224	2317	1377	7775	2589	1277.0	2400	2844	1555	1
93	4225	2318	1379	7779	2590	1277.0	2400	2844	1555	1
93	4224	2317	1377	7776	2589	1277.0	2400	2844	1555	1
93	4225	2318	1378	7778	2589	1278.0	2400	2844	1555	1
93	4224	2317	1377	7776	2589	1277.0	2400	2844	1555	1
93	4232	2325	1381	7796	2590	1284.0	2400	2844	1555	0
93	7822	4053	2296	13862	2455	2177.0	2400	2844	1555	0
93	8260	4262	2407	14598	2446	2283.0	2400	2844	1555	0
93	8259	4259	2406	14593	2445	2279.0	2400	2844	1555	0
93	8254	4262	2407	14593	2447	2285.0	2400	2844	1555	0
94	8260	4257	2405	14592	2445	2277.0	2400	3200	1333	1
94	6878	3596	2055	12263	2476	1938.0	2400	3200	1333	1
94	4567	2133	1329	7840	2442	911.0	2400	3200	1333	1
94	4551	2128	1326	7818	2444	910.0	2400	3200	1333	1
94	4549	2126	1325	7812	2443	908.0	2400	3200	1333	1
94	4552	2128	1327	7819	2444	909.0	2400	3200	1333	1
94	4550	2125	1324	7811	2442	907.0	2400	3200	1333	1
94	4552	2128	1327	7820	2445	909.0	2400	3200	1333	1
94	4550	2126	1324	7812	2442	909.0	2400	3200	1333	1
94	4715	2191	1362	8072	2434	930.0	2400	3200	1333	1
94	4690	2183	1356	8033	2434	930.0	2400	3200	1333	1
94	4714	2193	1363	8074	2435	933.0	2400	3200	1333	1
94	4712	2189	1360	8064	2433	929.0	2400	3200	1333	1
94	4710	2194	1363	8072	2436	936.0	2400	3200	1333	1
94	4710	2194	1363	8071	2436	936.0	2400	3200	1333	1
94	4714	2188	1360	8065	2432	927.0	2400	3200	1333	1
94	4710	2193	1363	8071	2436	934.0	2400	3200	1333	1
94	4711	2190	1360	8064	2433	931.0	2400	3200	1333	1
94	4695	2184	1358	8042	2435	928.0	2400	3200	1333	1
94	4707	2191	1361	8063	2435	933.0	2400	3200	1333	1
94	4552	2128	1327	7820	2445	909.0	2400	3200	1333	1
94	4551	2126	1325	7813	2443	908.0	2400	3200	1333	1
94	4559	2135	1330	7837	2446	916.0	2400	3200	1333	1
94	4551	2126	1325	7814	2443	908.0	2400	3200	1333	1
94	4552	2128	1327	7819	2444	909.0	2400	3200	1333	1
94	4551	2126	1325	7814	2443	908.0	2400	3200	1333	1
94	4571	2135	1330	7848	2442	912.0	2400	3200	1333	1
94	4551	2127	1325	7815	2443	909.0	2400	3200	1333	1
94	4551	2127	1326	7817	2444	909.0	2400	3200	1333	1
94	4551	2127	1325	7815	2443	909.0	2400	3200	1333	1
94	4551	2127	1326	7816	2444	909.0	2400	3200	1333	1
94	4577	2140	1332	7860	2443	916.0	2400	3200	1333	1
94	4708	2193	1362	8067	2435	936.0	2400	3200	1333	1
94	4714	2189	1361	8067	2433	928.0	2400	3200	1333	1
94	4710	2193	1362	8069	2435	935.0	2400	3200	1333	1
94	4713	2190	1361	8068	2433	930.0	2400	3200	1333	1
94	4712	2192	1362	8070	2434	933.0	2400	3200	1333	1
94	4709	2191	1361	8065	2434	933.0	2400	3200	1333	1
94	4716	2191	1362	8071	2433	930.0	2400	3200	1333	1
94	4707	2191	1361	8063	2435	933.0	2400	3200	1333	1
94	4717	2191	1362	8073	2433	929.0	2400	3200	1333	1
94	4708	2191	1361	8064	2434	933.0	2400	3200	1333	1
94	4552	2129	1327	7819	2444	911.0	2400	3200	1333	1
94	4550	2126	1324	7812	2442	909.0	2400	3200	1333	1
94	4552	2129	1327	7820	2444	911.0	2400	3200	1333	1
94	4549	2126	1324	7811	2442	909.0	2400	3200	1333	0
94	4571	2136	1331	7849	2443	913.0	2400	3200	1333	0
94	327	439	384	1186	5865	305.0	2400	3200	1333	0
94	329	442	386	1195	5861	308.0	2400	3200	1333	0
94	327	439	384	1187	5865	305.0	2400	3200	1333	0
95	329	442	384	1195	5837	309.0	2400	2488	2000	1
95	3520	2432	1378	7250	2855	1687.0	2400	2488	2000	1
95	4032	2751	1536	8219	2812	1908.0	2400	2488	2000	1
95	3916	2677	1500	7998	2821	1856.0	2400	2488	2000	1
95	3898	2664	1493	7961	2821	1846.0	2400	2488	2000	1
95	3900	2666	1495	7968	2823	1847.0	2400	2488	2000	1
95	3898	2664	1493	7961	2821	1846.0	2400	2488	2000	1
95	3900	2666	1495	7967	2822	1847.0	2400	2488	2000	1
95	3898	2664	1493	7961	2821	1846.0	2400	2488	2000	1
95	3900	2666	1495	7967	2822	1847.0	2400	2488	2000	1
95	3899	2665	1493	7963	2821	1847.0	2400	2488	2000	1
95	3900	2666	1495	7966	2822	1847.0	2400	2488	2000	1
95	3915	2675	1499	7994	2821	1853.0	2400	2488	2000	1
95	3900	2666	1494	7966	2821	1848.0	2400	2488	2000	1
95	3924	2683	1503	8016	2821	1860.0	2400	2488	2000	1
95	4036	2749	1536	8222	2811	1904.0	2400	2488	2000	1
95	4033	2752	1537	8223	2814	1909.0	2400	2488	2000	1
95	4040	2747	1535	8222	2809	1900.0	2400	2488	2000	1
95	4030	2752	1537	8220	2815	1910.0	2400	2488	2000	1
95	4018	2741	1532	8192	2814	1900.0	2400	2488	2000	1
95	4035	2750	1536	8221	2811	1906.0	2400	2488	2000	1
95	4038	2749	1536	8223	2810	1903.0	2400	2488	2000	1
95	4031	2751	1536	8219	2813	1909.0	2400	2488	2000	1
95	4041	2748	1536	8226	2810	1901.0	2400	2488	2000	1
95	4029	2749	1535	8215	2813	1907.0	2400	2488	2000	1
95	3915	2671	1498	7990	2820	1848.0	2400	2488	2000	1
95	3899	2663	1492	7960	2820	1845.0	2400	2488	2000	1
95	3911	2667	1496	7979	2819	1844.0	2400	2488	2000	1
95	3899	2664	1493	7961	2821	1846.0	2400	2488	2000	1
95	3901	2667	1495	7970	2823	1848.0	2400	2488	2000	1
95	3901	2665	1493	7964	2820	1847.0	2400	2488	2000	1
95	3901	2667	1495	7969	2822	1848.0	2400	2488	2000	1
95	3899	2663	1492	7960	2820	1845.0	2400	2488	2000	1
95	3901	2667	1495	7969	2822	1848.0	2400	2488	2000	1
95	3899	2664	1493	7961	2821	1846.0	2400	2488	2000	1
95	3901	2667	1495	7970	2823	1848.0	2400	2488	2000	1
95	3915	2674	1498	7992	2820	1853.0	2400	2488	2000	1
95	4037	2747	1534	8219	2809	1902.0	2400	2488	2000	1
95	4034	2754	1538	8228	2814	1911.0	2400	2488	2000	1
95	4024	2736	1529	8190	2809	1892.0	2400	2488	2000	1
95	4033	2752	1537	8224	2814	1909.0	2400	2488	2000	1
95	4037	2749	1535	8222	2810	1904.0	2400	2488	2000	1
95	4038	2750	1537	8226	2812	1904.0	2400	2488	2000	1
95	4017	2741	1531	8191	2813	1901.0	2400	2488	2000	1
95	4042	2748	1536	8227	2809	1900.0	2400	2488	2000	1
95	4031	2751	1536	8218	2813	1909.0	2400	2488	2000	0
95	4040	2751	1537	8229	2811	1905.0	2400	2488	2000	0
95	7601	4970	2644	14984	2678	3441.0	2400	2488	2000	0
95	7600	4972	2645	14986	2678	3444.0	2400	2488	2000	0
95	7602	4967	2642	14979	2676	3437.0	2400	2488	2000	0
96	7593	4972	2644	14979	2679	3447.0	2400	2844	1777	1
96	7602	4967	2642	14980	2676	3437.0	2400	2844	1777	1
96	4168	2673	1516	8240	2742	1756.0	2400	2844	1777	1
96	4368	2568	1489	8281	2647	1545.0	2400	2844	1777	1
96	4369	2565	1488	8279	2647	1540.0	2400	2844	1777	1
96	4367	2556	1484	8263	2643	1530.0	2400	2844	1777	1
96	4365	2569	1489	8281	2649	1547.0	2400	2844	1777	1
96	4371	2566	1488	8281	2645	1541.0	2400	2844	1777	1
96	4247	2501	1455	8064	2654	1503.0	2400	2844	1777	1
96	4220	2489	1448	8020	2657	1498.0	2400	2844	1777	1
96	4222	2491	1449	8025	2657	1500.0	2400	2844	1777	1
96	4220	2489	1447	8020	2656	1499.0	2400	2844	1777	1
96	4222	2491	1449	8026	2657	1500.0	2400	2844	1777	1
96	4237	2498	1452	8049	2655	1504.0	2400	2844	1777	1
96	4222	2491	1450	8026	2658	1499.0	2400	2844	1777	1
96	4220	2488	1447	8019	2656	1497.0	2400	2844	1777	1
96	4222	2491	1450	8027	2658	1499.0	2400	2844	1777	1
96	4220	2488	1447	8018	2656	1497.0	2400	2844	1777	1
96	4222	2491	1450	8026	2658	1499.0	2400	2844	1777	1
96	4220	2488	1447	8019	2656	1497.0	2400	2844	1777	1
96	4367	2571	1491	8286	2650	1548.0	2400	2844	1777	1
96	4354	2556	1483	8251	2647	1535.0	2400	2844	1777	1
96	4369	2569	1490	8286	2648	1545.0	2400	2844	1777	1
96	4367	2567	1489	8279	2647	1544.0	2400	2844	1777	1
96	4363	2568	1488	8278	2649	1547.0	2400	2844	1777	1
96	4374	2568	1490	8289	2647	1542.0	2400	2844	1777	1
96	4365	2567	1488	8277	2648	1545.0	2400	2844	1777	1
96	4372	2569	1490	8289	2648	1544.0	2400	2844	1777	1
96	4368	2566	1487	8279	2646	1543.0	2400	2844	1777	1
96	4352	2561	1486	8257	2650	1541.0	2400	2844	1777	1
96	4371	2564	1487	8279	2645	1539.0	2400	2844	1777	1
96	4222	2491	1449	8026	2657	1500.0	2400	2844	1777	1
96	4220	2489	1448	8021	2657	1498.0	2400	2844	1777	1
96	4229	2500	1453	8045	2659	1509.0	2400	2844	1777	1
96	4221	2490	1448	8022	2657	1499.0	2400	2844	1777	1
96	4222	2490	1449	8024	2657	1498.0	2400	2844	1777	1
96	4221	2490	1448	8022	2657	1499.0	2400	2844	1777	1
96	4239	2499	1454	8055	2657	1503.0	2400	2844	1777	1
96	4221	2490	1448	8023	2657	1499.0	2400	2844	1777	1
96	4221	2490	1449	8023	2657	1499.0	2400	2844	1777	1
96	4221	2490	1449	8024	2657	1499.0	2400	2844	1777	1
96	4221	2490	1448	8022	2657	1499.0	2400	2844	1777	1
96	4367	2569	1489	8283	2648	1547.0	2400	2844	1777	1
96	4373	2566	1489	8285	2646	1540.0	2400	2844	1777	1
96	4364	2569	1489	8279	2649	1548.0	2400	2844	1777	1
96	4374	2567	1489	8286	2645	1541.0	2400	2844	1777	0
96	2590	1629	1002	5156	2835	996.0	2400	2844	1777	0
96	329	442	386	1194	5861	308.0	2400	2844	1777	0
96	328	440	384	1188	5851	306.0	2400	2844	1777	0
96	329	442	386	1195	5861	308.0	2400	2844	1777	0
97	327	440	384	1188	5865	307.0	2400	3200	1555	1
97	330	443	386	1195	5847	309.0	2400	3200	1555	1
97	4559	2310	1400	8089	2507	1141.0	2400	3200	1555	1
97	4717	2385	1442	8356	2501	1177.0	2400	3200	1555	1
97	4721	2378	1438	8348	2497	1168.0	2400	3200	1555	1
97	4716	2385	1442	8354	2502	1177.0	2400	3200	1555	1
97	4720	2379	1438	8348	2497	1170.0	2400	3200	1555	1
97	4698	2376	1437	8324	2502	1173.0	2400	3200	1555	1
97	4719	2380	1439	8349	2498	1171.0	2400	3200	1555	1
97	4717	2383	1441	8354	2501	1175.0	2400	3200	1555	1
97	4707	2381	1439	8341	2502	1176.0	2400	3200	1555	1
97	4713	2382	1439	8346	2500	1176.0	2400	3200	1555	1
97	4722	2381	1440	8355	2499	1171.0	2400	3200	1555	1
97	4708	2376	1437	8332	2499	1169.0	2400	3200	1555	1
97	4576	2320	1407	8122	2509	1146.0	2400	3200	1555	1
97	4555	2309	1400	8085	2509	1140.0	2400	3200	1555	1
97	4557	2311	1402	8091	2510	1141.0	2400	3200	1555	1
97	4556	2309	1401	8086	2509	1139.0	2400	3200	1555	1
97	4557	2311	1402	8090	2510	1141.0	2400	3200	1555	1
97	4556	2310	1401	8086	2509	1141.0	2400	3200	1555	1
97	4557	2311	1402	8090	2510	1141.0	2400	3200	1555	1
97	4556	2310	1401	8086	2509	1141.0	2400	3200	1555	1
97	4556	2310	1402	8089	2510	1140.0	2400	3200	1555	1
97	4575	2318	1405	8118	2508	1145.0	2400	3200	1555	1
97	4557	2310	1401	8089	2509	1141.0	2400	3200	1555	1
97	4680	2367	1432	8293	2503	1168.0	2400	3200	1555	1
97	4717	2380	1439	8349	2500	1171.0	2400	3200	1555	1
97	4715	2383	1441	8350	2501	1175.0	2400	3200	1555	1
97	4714	2384	1441	8351	2501	1177.0	2400	3200	1555	1
97	4720	2379	1439	8349	2498	1169.0	2400	3200	1555	1
97	4697	2374	1436	8320	2502	1171.0	2400	3200	1555	1
97	4718	2380	1439	8348	2499	1171.0	2400	3200	1555	1
97	4717	2381	1440	8351	2500	1172.0	2400	3200	1555	1
97	4714	2382	1439	8347	2500	1176.0	2400	3200	1555	1
97	4720	2380	1440	8352	2499	1170.0	2400	3200	1555	1
97	4712	2382	1439	8345	2500	1176.0	2400	3200	1555	1
97	4557	2311	1402	8091	2510	1141.0	2400	3200	1555	1
97	4555	2309	1400	8084	2508	1140.0	2400	3200	1555	1
97	4571	2312	1404	8105	2507	1137.0	2400	3200	1555	1
97	4555	2309	1400	8083	2508	1140.0	2400	3200	1555	1
97	4557	2312	1402	8091	2510	1143.0	2400	3200	1555	1
97	4555	2309	1400	8082	2508	1140.0	2400	3200	1555	1
97	4557	2311	1402	8091	2510	1141.0	2400	3200	1555	1
97	4555	2308	1400	8082	2508	1139.0	2400	3200	1555	1
97	4557	2312	1402	8092	2510	1143.0	2400	3200	1555	1
97	4555	2309	1400	8083	2508	1140.0	2400	3200	1555	0
97	4557	4183	2419	8091	2506	3352.0	2400	3200	1555	0
97	8935	4246	2455	15230	2373	2004.0	2400	3200	1555	0
97	8926	4246	2453	15219	2373	2008.0	2400	3200	1555	0
97	8934	4245	2454	15227	2373	2003.0	2400	3200	1555	0
98	8922	4245	2452	15213	2373	2008.0	2400	2844	2000	1
98	7124	3445	2019	12276	2409	1646.0	2400	2844	2000	1
98	4209	2654	1514	8247	2723	1714.0	2400	2844	2000	1
98	4212	2657	1516	8256	2724	1716.0	2400	2844	2000	1
98	4228	2664	1519	8282	2722	1720.0	2400	2844	2000	1
98	4213	2657	1516	8256	2723	1716.0	2400	2844	2000	1
98	4212	2655	1515	8252	2723	1714.0	2400	2844	2000	1
98	4213	2657	1516	8257	2724	1716.0	2400	2844	2000	1
98	4310	2713	1544	8433	2717	1752.0	2400	2844	2000	1
98	4361	2740	1559	8525	2714	1767.0	2400	2844	2000	1
98	4359	2742	1559	8525	2715	1771.0	2400	2844	2000	1
98	4364	2738	1558	8525	2713	1764.0	2400	2844	2000	1
98	4356	2742	1559	8523	2716	1772.0	2400	2844	2000	1
98	4365	2739	1558	8527	2712	1765.0	2400	2844	2000	1
98	4358	2741	1558	8521	2714	1771.0	2400	2844	2000	1
98	4361	2739	1558	8522	2713	1766.0	2400	2844	2000	1
98	4352	2733	1555	8505	2714	1762.0	2400	2844	2000	1
98	4366	2739	1558	8527	2711	1765.0	2400	2844	2000	1
98	4356	2741	1558	8520	2715	1771.0	2400	2844	2000	1
98	4214	2657	1516	8258	2724	1716.0	2400	2844	2000	1
98	4213	2656	1515	8254	2722	1715.0	2400	2844	2000	1
98	4214	2657	1516	8258	2724	1716.0	2400	2844	2000	1
98	4213	2655	1515	8253	2722	1713.0	2400	2844	2000	1
98	4214	2657	1516	8258	2724	1716.0	2400	2844	2000	1
98	4230	2665	1519	8285	2721	1721.0	2400	2844	2000	1
98	4214	2657	1516	8259	2724	1716.0	2400	2844	2000	1
98	4212	2655	1514	8253	2722	1714.0	2400	2844	2000	1
98	4215	2658	1517	8260	2724	1716.0	2400	2844	2000	1
98	4213	2655	1514	8253	2722	1714.0	2400	2844	2000	1
98	4215	2658	1517	8260	2724	1716.0	2400	2844	2000	1
98	4213	2655	1514	8253	2722	1714.0	2400	2844	2000	1
98	4363	2743	1560	8531	2715	1771.0	2400	2844	2000	1
98	4345	2727	1551	8488	2712	1758.0	2400	2844	2000	1
98	4364	2738	1557	8523	2711	1765.0	2400	2844	2000	1
98	4360	2742	1559	8526	2715	1771.0	2400	2844	2000	1
98	4360	2740	1558	8522	2713	1768.0	2400	2844	2000	1
98	4365	2740	1559	8528	2713	1766.0	2400	2844	2000	1
98	4356	2741	1558	8519	2714	1771.0	2400	2844	2000	1
98	4366	2741	1560	8531	2713	1767.0	2400	2844	2000	1
98	4359	2738	1557	8519	2713	1766.0	2400	2844	2000	1
98	4344	2734	1555	8499	2716	1766.0	2400	2844	2000	1
98	4277	2687	1531	8363	2716	1731.0	2400	2844	2000	1
98	4215	2658	1517	8261	2724	1716.0	2400	2844	2000	1
98	4214	2655	1515	8254	2722	1713.0	2400	2844	2000	1
98	4222	2668	1521	8282	2726	1727.0	2400	2844	2000	1
98	4213	2655	1515	8254	2723	1713.0	2400	2844	2000	0
98	4215	2658	1517	8260	2724	1716.0	2400	2844	2000	0
98	328	440	384	1189	5851	306.0	2400	2844	2000	0
98	329	442	386	1194	5861	308.0	2400	2844	2000	0
98	328	440	384	1189	5851	306.0	2400	2844	2000	0
99	329	442	386	1194	5861	308.0	2400	3200	1777	1
99	4410	2417	1437	8099	2583	1331.0	2400	3200	1777	1
99	4552	2482	1471	8332	2572	1363.0	2400	3200	1777	1
99	4553	2483	1472	8334	2572	1363.0	2400	3200	1777	1
99	4552	2482	1471	8332	2572	1363.0	2400	3200	1777	1
99	4552	2482	1472	8333	2573	1362.0	2400	3200	1777	1
99	4552	2482	1471	8332	2572	1363.0	2400	3200	1777	1
99	4552	2482	1471	8332	2572	1363.0	2400	3200	1777	1
99	4552	2482	1472	8332	2572	1362.0	2400	3200	1777	1
99	4551	2482	1471	8330	2572	1363.0	2400	3200	1777	1
99	4552	2482	1472	8333	2573	1362.0	2400	3200	1777	1
99	4551	2481	1471	8330	2572	1361.0	2400	3200	1777	1
99	4552	2482	1472	8333	2573	1362.0	2400	3200	1777	1
99	4551	2481	1471	8330	2572	1361.0	2400	3200	1777	1
99	4716	2559	1513	8608	2562	1400.0	2400	3200	1777	1
99	4709	2559	1512	8600	2563	1403.0	2400	3200	1777	1
99	4714	2561	1514	8609	2564	1403.0	2400	3200	1777	1
99	4711	2557	1511	8598	2562	1400.0	2400	3200	1777	1
99	4692	2554	1510	8574	2566	1402.0	2400	3200	1777	1
99	4709	2563	1514	8599	2563	1408.0	2400	3200	1777	1
99	4713	2557	1511	8600	2562	1399.0	2400	3200	1777	1
99	4699	2561	1513	8593	2567	1409.0	2400	3200	1777	1
99	4712	2559	1512	8601	2562	1402.0	2400	3200	1777	1
99	4712	2560	1514	8605	2564	1402.0	2400	3200	1777	1
99	4625	2516	1489	8453	2567	1379.0	2400	3200	1777	1
99	4571	2493	1478	8367	2572	1369.0	2400	3200	1777	1
99	4550	2481	1470	8327	2571	1362.0	2400	3200	1777	1
99	4552	2484	1473	8335	2573	1364.0	2400	3200	1777	1
99	4550	2480	1470	8327	2572	1361.0	2400	3200	1777	1
99	4552	2483	1473	8335	2574	1363.0	2400	3200	1777	1
99	4549	2480	1470	8326	2572	1361.0	2400	3200	1777	1
99	4552	2483	1473	8335	2574	1363.0	2400	3200	1777	1
99	4550	2480	1470	8327	2572	1361.0	2400	3200	1777	1
99	4551	2484	1473	8335	2574	1365.0	2400	3200	1777	1
99	4569	2490	1475	8361	2571	1367.0	2400	3200	1777	1
99	4552	2483	1473	8335	2574	1363.0	2400	3200	1777	1
99	4711	2557	1511	8599	2562	1400.0	2400	3200	1777	1
99	4711	2563	1515	8608	2565	1407.0	2400	3200	1777	1
99	4709	2563	1515	8607	2566	1407.0	2400	3200	1777	1
99	4715	2557	1511	8602	2561	1399.0	2400	3200	1777	1
99	4710	2562	1514	8605	2565	1406.0	2400	3200	1777	1
99	4696	2548	1507	8571	2563	1394.0	2400	3200	1777	1
99	4709	2562	1514	8604	2565	1406.0	2400	3200	1777	1
99	4715	2559	1512	8604	2561	1401.0	2400	3200	1777	1
99	4710	2561	1513	8603	2564	1405.0	2400	3200	1777	1
99	4714	2560	1513	8605	2562	1402.0	2400	3200	1777	0
99	4710	2559	1513	8601	2564	1402.0	2400	3200	1777	0
99	8926	4598	2598	15729	2439	2457.0	2400	3200	1777	0
99	8923	4594	2596	15720	2438	2454.0	2400	3200	1777	0
99	8919	4597	2598	15722	2440	2458.0	2400	3200	1777	0
100	8921	4592	2595	15716	2438	2452.0	2400	3200	2000	1
100	8912	4596	2597	15712	2440	2460.0	2400	3200	2000	1
100	4705	2639	1544	8710	2591	1507.0	2400	3200	2000	1
100	4698	2734	1583	8842	2627	1631.0	2400	3200	2000	1
100	4705	2729	1580	8840	2622	1623.0	2400	3200	2000	1
100	4700	2734	1583	8844	2627	1630.0	2400	3200	2000	1
100	4701	2734	1583	8844	2626	1630.0	2400	3200	2000	1
100	4596	2672	1551	8649	2629	1590.0	2400	3200	2000	1
100	4543	2649	1539	8565	2634	1579.0	2400	3200	2000	1
100	4541	2646	1537	8559	2634	1577.0	2400	3200	2000	1
100	4543	2649	1539	8565	2634	1579.0	2400	3200	2000	1
100	4560	2656	1542	8591	2632	1583.0	2400	3200	2000	1
100	4543	2649	1539	8566	2635	1579.0	2400	3200	2000	1
100	4541	2646	1537	8558	2633	1577.0	2400	3200	2000	1
100	4544	2649	1540	8566	2635	1578.0	2400	3200	2000	1
100	4560	2656	1542	8590	2632	1583.0	2400	3200	2000	1
100	4544	2649	1539	8566	2634	1579.0	2400	3200	2000	1
100	4542	2646	1537	8558	2633	1576.0	2400	3200	2000	1
100	4544	2649	1539	8567	2635	1579.0	2400	3200	2000	1
100	4684	2719	1575	8804	2624	1618.0	2400	3200	2000	1
100	4704	2736	1584	8850	2626	1631.0	2400	3200	2000	1
100	4702	2728	1580	8836	2623	1622.0	2400	3200	2000	1
100	4700	2736	1584	8847	2627	1633.0	2400	3200	2000	1
100	4706	2729	1580	8841	2622	1623.0	2400	3200	2000	1
100	4703	2730	1581	8841	2624	1624.0	2400	3200	2000	1
100	4701	2733	1583	8843	2626	1628.0	2400	3200	2000	1
100	4701	2732	1581	8840	2624	1628.0	2400	3200	2000	1
100	4686	2721	1577	8810	2625	1619.0	2400	3200	2000	1
100	4698	2733	1582	8839	2626	1630.0	2400	3200	2000	1
100	4708	2731	1582	8847	2623	1624.0	2400	3200	2000	1
100	4539	2647	1537	8557	2634	1579.0	2400	3200	2000	1
100	4543	2649	1539	8564	2634	1579.0	2400	3200	2000	1
100	4540	2647	1537	8558	2633	1579.0	2400	3200	2000	1
100	4540	2648	1538	8561	2635	1579.0	2400	3200	2000	1
100	4543	2648	1538	8561	2633	1578.0	2400	3200	2000	1
100	4560	2658	1543	8594	2633	1585.0	2400	3200	2000	1
100	4540	2648	1538	8559	2634	1579.0	2400	3200	2000	1
100	4544	2648	1539	8564	2634	1577.0	2400	3200	2000	1
100	4544	2648	1538	8563	2633	1578.0	2400	3200	2000	1
100	4543	2648	1538	8563	2633	1578.0	2400	3200	2000	1
100	4540	2648	1538	8560	2634	1579.0	2400	3200	2000	1
100	4635	2697	1564	8724	2628	1607.0	2400	3200	2000	1
100	4700	2721	1576	8843	2626	1615.0	2400	3200	2000	1
100	4698	2732	1582	8839	2626	1628.0	2400	3200	2000	1
100	4701	2732	1582	8842	2626	1627.0	2400	3200	2000	1
100	4705	2731	1582	8843	2624	1625.0	2400	3200	2000	0
100	2435	1543	961	4874	2863	941.0	2400	3200	2000	0
100	329	442	386	1194	5861	308.0	2400	3200	2000	0
100	328	440	384	1189	5851	306.0	2400	3200	2000	0
100	329	442	386	1194	5861	308.0	2400	3200	2000	0
999	328	440	384	1188	5851	306.0	2400	3200	2000	1
999	1718	961	597	3363	2714	522.0	2400	3200	2000	1
999	3260	1533	830	5766	2361	753.0	2400	3200	2000	1
999	3258	1534	831	5766	2362	755.0	2400	3200	2000	1
999	3261	1533	830	5766	2360	753.0	2400	3200	2000	1
999	3258	1534	831	5765	2362	755.0	2400	3200	2000	1
999	3260	1532	830	5764	2361	752.0	2400	3200	2000	1
999	3258	1534	832	5767	2363	754.0	2400	3200	2000	1
999	3258	1532	829	5762	2360	753.0	2400	3200	2000	1
999	3260	1534	832	5769	2363	753.0	2400	3200	2000	1
999	3256	1531	829	5759	2361	752.0	2400	3200	2000	1
999	3254	1530	829	5756	2361	751.0	2400	3200	2000	1
999	3261	1535	832	5771	2363	755.0	2400	3200	2000	1
999	3256	1531	829	5759	2361	752.0	2400	3200	2000	1
999	3259	1534	832	5768	2363	754.0	2400	3200	2000	1
999	3258	1532	829	5762	2360	753.0	2400	3200	2000	1
999	3256	1533	831	5764	2363	754.0	2400	3200	2000	1
999	3258	1532	829	5763	2360	753.0	2400	3200	2000	1
999	3258	1534	832	5766	2363	754.0	2400	3200	2000	1
999	3256	1531	829	5759	2361	752.0	2400	3200	2000	1
999	3260	1535	832	5769	2363	755.0	2400	3200	2000	1
999	3254	1531	829	5757	2361	753.0	2400	3200	2000	1
999	3261	1535	832	5771	2363	755.0	2400	3200	2000	1
999	3255	1531	829	5758	2361	752.0	2400	3200	2000	1
999	3259	1534	831	5767	2362	754.0	2400	3200	2000	1
999	3257	1532	830	5762	2361	753.0	2400	3200	2000	1
999	3256	1533	831	5763	2363	754.0	2400	3200	2000	1
999	3259	1533	830	5765	2361	754.0	2400	3200	2000	1
999	3256	1533	831	5763	2363	754.0	2400	3200	2000	1
999	3259	1534	831	5767	2362	754.0	2400	3200	2000	1
999	3254	1531	829	5757	2361	753.0	2400	3200	2000	1
999	3259	1534	831	5767	2362	754.0	2400	3200	2000	1
999	3256	1532	830	5760	2362	753.0	2400	3200	2000	1
999	3256	1532	831	5762	2363	752.0	2400	3200	2000	1
999	3259	1533	830	5765	2361	754.0	2400	3200	2000	1
999	3255	1532	830	5760	2362	753.0	2400	3200	2000	1
999	3257	1532	830	5762	2361	753.0	2400	3200	2000	1
999	3258	1533	830	5764	2361	754.0	2400	3200	2000	1
999	3255	1531	830	5759	2362	752.0	2400	3200	2000	1
999	3259	1533	830	5765	2361	754.0	2400	3200	2000	1
999	3256	1532	830	5761	2362	753.0	2400	3200	2000	1
999	3256	1532	830	5760	2362	753.0	2400	3200	2000	1
999	3259	1533	831	5766	2362	753.0	2400	3200	2000	1
999	3254	1531	829	5756	2361	753.0	2400	3200	2000	1
999	3258	1533	831	5765	2362	753.0	2400	3200	2000	1
999	3256	1532	830	5760	2362	753.0	2400	3200	2000	0
999	3256	1533	831	5762	2363	754.0	2400	3200	2000	0
999	329	442	386	1194	5861	308.0	2400	3200	2000	0
999	328	440	384	1189	5851	306.0	2400	3200	2000	0
999	329	442	386	1195	5861	308.0	2400	3200	2000	0
999	328	440	384	1188	5851	306.0	2400	3200	2000	1
999	2489	1248	714	4567	2483	639.0	2400	3200	2000	1
999	3256	1531	829	5758	2361	752.0	2400	3200	2000	1
999	3258	1534	831	5765	2362	755.0	2400	3200	2000	1
999	3257	1532	829	5762	2360	753.0	2400	3200	2000	1
999	3255	1533	831	5762	2363	754.0	2400	3200	2000	1
999	3257	1531	829	5760	2360	752.0	2400	3200	2000	1
999	3257	1534	831	5765	2363	755.0	2400	3200	2000	1
999	3255	1531	829	5757	2361	752.0	2400	3200	2000	1
999	3259	1534	832	5768	2363	754.0	2400	3200	2000	1
999	3253	1530	829	5754	2361	752.0	2400	3200	2000	1
999	3260	1535	832	5769	2363	755.0	2400	3200	2000	1
999	3254	1530	829	5755	2361	751.0	2400	3200	2000	1
999	3257	1534	832	5766	2364	754.0	2400	3200	2000	1
999	3256	1531	829	5759	2361	752.0	2400	3200	2000	1
999	3257	1531	829	5761	2360	752.0	2400	3200	2000	1
999	3256	1533	831	5763	2363	754.0	2400	3200	2000	1
999	3255	1531	829	5757	2361	752.0	2400	3200	2000	1
999	3258	1534	832	5767	2363	754.0	2400	3200	2000	1
999	3253	1530	829	5754	2361	752.0	2400	3200	2000	1
999	3259	1534	832	5769	2363	754.0	2400	3200	2000	1
999	3253	1530	829	5755	2361	752.0	2400	3200	2000	1
999	3256	1533	831	5764	2363	754.0	2400	3200	2000	1
999	3256	1531	829	5759	2361	752.0	2400	3200	2000	1
999	3254	1532	831	5760	2363	753.0	2400	3200	2000	1
999	3257	1532	829	5761	2360	753.0	2400	3200	2000	1
999	3255	1533	831	5761	2363	754.0	2400	3200	2000	1
999	3255	1531	829	5758	2361	752.0	2400	3200	2000	1
999	3257	1533	831	5765	2363	754.0	2400	3200	2000	1
999	3252	1530	829	5754	2362	752.0	2400	3200	2000	1
999	3258	1533	831	5766	2362	753.0	2400	3200	2000	1
999	3254	1531	829	5757	2361	753.0	2400	3200	2000	1
999	3255	1532	831	5761	2363	753.0	2400	3200	2000	1
999	3257	1532	830	5761	2361	753.0	2400	3200	2000	1
999	3257	1532	830	5762	2361	753.0	2400	3200	2000	1
999	3255	1532	830	5760	2362	753.0	2400	3200	2000	1
999	3254	1531	830	5758	2362	752.0	2400	3200	2000	1
999	3257	1533	830	5763	2361	754.0	2400	3200	2000	1
999	3253	1531	830	5756	2363	752.0	2400	3200	2000	1
999	3256	1532	830	5762	2362	753.0	2400	3200	2000	1
999	3255	1532	830	5759	2362	753.0	2400	3200	2000	1
999	3254	1531	830	5757	2362	752.0	2400	3200	2000	1
999	3257	1533	831	5764	2363	754.0	2400	3200	2000	1
999	3252	1530	829	5754	2362	752.0	2400	3200	2000	1
999	3256	1533	830	5762	2362	755.0	2400	3200	2000	1
999	3254	1531	829	5758	2361	753.0	2400	3200	2000	0
999	3254	1532	830	5759	2362	754.0	2400	3200	2000	0
999	955	674	480	2169	3305	402.0	2400	3200	2000	0
999	329	442	386	1193	5861	308.0	2400	3200	2000	0
999	328	440	384	1188	5851	306.0	2400	3200	2000	0
999	329	442	386	1193	5861	308.0	2400	3200	2000	1
999	328	440	384	1188	5851	306.0	2400	3200	2000	1
999	3255	1531	829	5757	2361	752.0	2400	3200	2000	1
999	3253	1532	831	5759	2364	753.0	2400	3200	2000	1
999	3255	1531	829	5758	2361	752.0	2400	3200	2000	1
999	3255	1533	831	5761	2363	754.0	2400	3200	2000	1
999	3252	1530	828	5753	2361	753.0	2400	3200	2000	1
999	3258	1534	831	5765	2362	755.0	2400	3200	2000	1
999	3251	1529	828	5751	2361	751.0	2400	3200	2000	1
999	3255	1533	831	5762	2363	754.0	2400	3200	2000	1
999	3254	1531	829	5756	2361	753.0	2400	3200	2000	1
999	3252	1533	831	5759	2364	755.0	2400	3200	2000	1
999	3254	1531	830	5758	2362	752.0	2400	3200	2000	1
999	3255	1534	832	5763	2364	755.0	2400	3200	2000	1
999	3251	1530	829	5752	2362	752.0	2400	3200	2000	1
999	3257	1535	832	5767	2364	756.0	2400	3200	2000	1
999	3250	1530	829	5752	2362	753.0	2400	3200	2000	1
999	3255	1534	832	5764	2364	755.0	2400	3200	2000	1
999	3253	1531	829	5756	2361	753.0	2400	3200	2000	1
999	3251	1533	831	5758	2364	755.0	2400	3200	2000	1
999	3254	1534	832	5762	2365	755.0	2400	3200	2000	1
999	3251	1530	829	5753	2362	752.0	2400	3200	2000	1
999	3257	1535	833	5767	2365	755.0	2400	3200	2000	1
999	3251	1530	829	5754	2362	752.0	2400	3200	2000	1
999	3254	1534	832	5764	2365	755.0	2400	3200	2000	1
999	3255	1533	831	5761	2363	754.0	2400	3200	2000	1
999	3253	1534	833	5763	2366	755.0	2400	3200	2000	1
999	3254	1533	832	5762	2365	754.0	2400	3200	2000	1
999	3256	1536	833	5768	2365	757.0	2400	3200	2000	1
999	3252	1533	831	5759	2364	755.0	2400	3200	2000	1
999	3257	1536	834	5771	2366	756.0	2400	3200	2000	1
999	3253	1533	832	5761	2365	754.0	2400	3200	2000	1
999	3255	1535	833	5767	2366	756.0	2400	3200	2000	1
999	3255	1534	832	5765	2364	755.0	2400	3200	2000	1
999	3252	1534	833	5762	2366	755.0	2400	3200	2000	1
999	3255	1534	832	5764	2364	755.0	2400	3200	2000	1
999	3255	1535	833	5766	2366	756.0	2400	3200	2000	1
999	3252	1533	832	5760	2365	754.0	2400	3200	2000	1
999	3253	1533	831	5760	2364	755.0	2400	3200	2000	1
999	3252	1532	831	5758	2364	754.0	2400	3200	2000	1
999	3255	1533	831	5762	2363	754.0	2400	3200	2000	1
999	3251	1532	831	5757	2364	754.0	2400	3200	2000	1
999	3252	1532	831	5758	2364	754.0	2400	3200	2000	1
999	3254	1533	831	5760	2363	754.0	2400	3200	2000	1
999	3250	1532	831	5756	2365	754.0	2400	3200	2000	1
999	3253	1532	831	5759	2364	753.0	2400	3200	2000	0
999	3189	1509	822	5661	2373	744.0	2400	3200	2000	0
999	330	443	386	1196	5847	309.0	2400	3200	2000	0
999	331	444	387	1199	5845	310.0	2400	3200	2000	0
999	330	443	386	1196	5847	309.0	2400	3200	2000	0
