Stim	HueR	HueG	HueB	HueC	HueCT	HueLux	Yellow	Red	Green	Trig
1	304	384	197	922	3863	359.0	2400	0	0	1
1	302	382	196	917	3859	363.0	2400	0	0	1
1	304	384	197	922	3863	361.0	2400	0	0	1
1	302	382	196	917	3859	363.0	2400	0	0	1
1	303	384	197	922	3863	361.0	2400	0	0	1
1	302	382	195	916	3868	363.0	2400	0	0	1
1	304	384	197	922	3851	362.0	2400	0	0	1
1	302	382	196	916	3859	363.0	2400	0	0	1
1	304	384	197	923	3863	361.0	2400	0	0	1
1	302	382	196	917	3859	363.0	2400	0	0	1
1	304	385	197	923	3863	361.0	2400	0	0	1
1	302	382	197	916	3859	364.0	2400	0	0	1
1	302	382	196	917	3876	360.0	2400	0	0	1
1	304	384	197	923	3863	361.0	2400	0	0	1
1	302	382	196	917	3859	363.0	2400	0	0	1
1	304	384	197	923	3863	361.0	2400	0	0	1
1	302	382	196	917	3859	363.0	2400	0	0	1
1	304	384	197	922	3863	361.0	2400	0	0	1
1	302	382	196	917	3859	363.0	2400	0	0	1
1	304	384	197	922	3863	361.0	2400	0	0	1
1	302	382	196	917	3859	363.0	2400	0	0	1
1	304	384	197	922	3863	361.0	2400	0	0	1
1	302	382	196	918	3859	363.0	2400	0	0	1
1	303	384	197	921	3863	361.0	2400	0	0	1
1	302	382	196	918	3868	363.0	2400	0	0	1
1	303	383	196	920	3863	361.0	2400	0	0	1
1	302	382	196	918	3855	362.0	2400	0	0	1
1	303	383	196	920	3863	361.0	2400	0	0	0
1	303	383	196	919	3855	362.0	2400	0	0	0
1	303	383	196	920	3855	362.0	2400	0	0	0
1	303	383	196	920	3855	362.0	2400	0	0	0
1	303	383	196	920	3855	362.0	2400	0	0	0
1	303	383	196	919	3855	362.0	2400	0	0	0
1	303	383	196	920	3855	362.0	2400	0	0	0
2	303	383	196	919	3855	362.0	2400	0	222	1
2	316	477	230	1063	3855	362.0	2400	0	222	1
2	325	549	256	1171	4164	481.0	2400	0	222	1
2	326	550	256	1175	4392	573.0	2400	0	222	1
2	325	550	256	1173	4382	574.0	2400	0	222	1
2	327	551	257	1177	4392	575.0	2400	0	222	1
2	326	550	256	1173	4385	575.0	2400	0	222	1
2	327	552	257	1179	4382	574.0	2400	0	222	1
2	325	549	256	1173	4385	576.0	2400	0	222	1
2	327	552	257	1178	4392	573.0	2400	0	222	1
2	325	549	255	1171	4385	576.0	2400	0	222	1
2	327	551	257	1176	4380	574.0	2400	0	222	1
2	324	549	255	1170	4385	575.0	2400	0	222	1
2	326	551	257	1176	4389	574.0	2400	0	222	1
2	326	551	256	1175	4394	575.0	2400	0	222	1
2	324	548	255	1168	4382	576.0	2400	0	222	1
2	326	551	257	1176	4389	573.0	2400	0	222	1
2	324	548	255	1169	4394	575.0	2400	0	222	1
2	326	551	257	1176	4389	573.0	2400	0	222	1
2	324	548	255	1170	4394	575.0	2400	0	222	1
2	326	551	256	1175	4389	573.0	2400	0	222	1
2	324	548	255	1169	4382	576.0	2400	0	222	1
2	325	550	256	1173	4389	573.0	2400	0	222	1
2	323	547	255	1167	4392	575.0	2400	0	222	1
2	325	549	256	1171	4398	571.0	2400	0	222	1
2	323	547	255	1166	4392	573.0	2400	0	222	1
2	324	549	256	1170	4398	571.0	2400	0	222	1
2	323	546	255	1165	4401	573.0	2400	0	222	0
2	324	548	255	1169	4398	570.0	2400	0	222	0
2	306	420	209	974	4389	573.0	2400	0	222	0
2	302	382	196	918	3993	410.0	2400	0	222	0
2	302	381	196	916	3863	361.0	2400	0	222	0
2	302	382	196	917	3863	359.0	2400	0	222	0
2	303	383	196	918	3863	361.0	2400	0	222	0
3	303	383	196	919	3855	362.0	2400	355	0	1
3	537	396	221	1167	3855	362.0	2400	355	0	1
3	723	406	242	1363	2958	288.0	2400	355	0	1
3	722	405	241	1361	2652	228.0	2400	355	0	1
3	722	406	241	1362	2652	228.0	2400	355	0	1
3	722	405	241	1360	2652	230.0	2400	355	0	1
3	722	406	242	1363	2648	228.0	2400	355	0	1
3	722	405	241	1361	2657	229.0	2400	355	0	1
3	723	406	242	1364	2652	228.0	2400	355	0	1
3	721	404	241	1359	2655	228.0	2400	355	0	1
3	723	406	242	1365	2653	227.0	2400	355	0	1
3	721	404	241	1359	2655	228.0	2400	355	0	1
3	723	407	242	1365	2653	227.0	2400	355	0	1
3	721	404	241	1359	2655	230.0	2400	355	0	1
3	722	407	242	1364	2653	227.0	2400	355	0	1
3	721	404	241	1359	2657	230.0	2400	355	0	1
3	722	404	240	1364	2653	227.0	2400	355	0	1
3	723	406	242	1364	2653	227.0	2400	355	0	1
3	720	403	240	1356	2655	228.0	2400	355	0	1
3	723	406	242	1363	2650	226.0	2400	355	0	1
3	719	403	240	1355	2652	228.0	2400	355	0	1
3	722	406	242	1362	2652	226.0	2400	355	0	1
3	721	403	240	1357	2653	229.0	2400	355	0	1
3	722	406	242	1363	2648	226.0	2400	355	0	1
3	721	404	241	1358	2657	229.0	2400	355	0	1
3	723	407	242	1365	2650	227.0	2400	355	0	1
3	721	404	241	1359	2655	230.0	2400	355	0	1
3	723	407	242	1365	2653	227.0	2400	355	0	0
3	722	404	241	1360	2655	230.0	2400	355	0	0
3	389	388	206	1011	2652	226.0	2400	355	0	0
3	301	381	195	915	3408	335.0	2400	355	0	0
3	303	383	196	920	3859	360.0	2400	355	0	0
3	301	381	195	915	3855	362.0	2400	355	0	0
3	303	383	196	919	3859	360.0	2400	355	0	0
4	302	381	195	916	3855	362.0	2400	0	444	1
4	335	641	296	1315	3851	360.0	2400	0	444	1
4	368	898	395	1712	4757	686.0	2400	0	444	1
4	367	897	395	1710	5480	1008.0	2400	0	444	1
4	367	899	396	1713	5491	1007.0	2400	0	444	1
4	367	897	395	1710	5502	1009.0	2400	0	444	1
4	367	898	396	1713	5491	1007.0	2400	0	444	1
4	367	898	395	1712	5502	1008.0	2400	0	444	1
4	367	897	395	1710	5491	1009.0	2400	0	444	1
4	367	898	396	1712	5491	1007.0	2400	0	444	1
4	367	897	395	1709	5502	1008.0	2400	0	444	1
4	367	898	395	1711	5491	1007.0	2400	0	444	1
4	367	898	395	1711	5491	1009.0	2400	0	444	1
4	368	898	395	1712	5491	1009.0	2400	0	444	1
4	367	898	395	1711	5480	1008.0	2400	0	444	1
4	368	899	396	1714	5491	1009.0	2400	0	444	1
4	367	896	395	1709	5490	1009.0	2400	0	444	1
4	368	899	396	1714	5491	1005.0	2400	0	444	1
4	366	896	395	1708	5490	1009.0	2400	0	444	1
4	366	897	395	1709	5502	1006.0	2400	0	444	1
4	368	898	396	1713	5502	1007.0	2400	0	444	1
4	366	897	395	1709	5490	1008.0	2400	0	444	1
4	368	899	396	1714	5502	1007.0	2400	0	444	1
4	366	896	394	1707	5490	1009.0	2400	0	444	1
4	368	899	396	1714	5492	1007.0	2400	0	444	1
4	366	895	394	1706	5490	1009.0	2400	0	444	1
4	368	898	396	1712	5492	1005.0	2400	0	444	1
4	366	896	395	1708	5490	1008.0	2400	0	444	1
4	368	898	396	1713	5502	1006.0	2400	0	444	0
4	318	516	247	1121	5490	1008.0	2400	0	444	0
4	303	383	196	919	4350	530.0	2400	0	444	0
4	301	380	195	912	3855	362.0	2400	0	444	0
4	302	382	196	918	3859	359.0	2400	0	444	0
4	300	380	195	912	3863	361.0	2400	0	444	0
5	302	382	196	918	3867	359.0	2400	355	222	1
5	300	380	195	912	3863	361.0	2400	355	222	1
5	539	491	255	1301	3867	359.0	2400	355	222	1
5	745	585	306	1633	3193	413.0	2400	355	222	1
5	743	582	305	1628	2952	457.0	2400	355	222	1
5	745	585	306	1634	2951	454.0	2400	355	222	1
5	743	582	305	1627	2952	457.0	2400	355	222	1
5	745	584	306	1632	2951	454.0	2400	355	222	1
5	744	583	305	1630	2952	455.0	2400	355	222	1
5	745	585	306	1634	2949	455.0	2400	355	222	1
5	746	585	306	1634	2952	457.0	2400	355	222	1
5	747	587	307	1639	2950	457.0	2400	355	222	1
5	747	586	307	1638	2953	459.0	2400	355	222	1
5	749	588	307	1643	2953	457.0	2400	355	222	1
5	748	587	307	1640	2952	460.0	2400	355	222	1
5	749	588	307	1642	2951	458.0	2400	355	222	1
5	747	587	307	1639	2949	460.0	2400	355	222	1
5	747	586	306	1638	2953	459.0	2400	355	222	1
5	748	587	307	1641	2951	458.0	2400	355	222	1
5	747	587	307	1638	2954	458.0	2400	355	222	1
5	748	587	307	1640	2953	459.0	2400	355	222	1
5	748	587	307	1640	2951	458.0	2400	355	222	1
5	748	587	307	1639	2951	458.0	2400	355	222	1
5	748	588	307	1641	2951	458.0	2400	355	222	1
5	747	586	306	1638	2951	460.0	2400	355	222	1
5	749	588	307	1643	2951	458.0	2400	355	222	1
5	746	586	306	1637	2952	460.0	2400	355	222	1
5	749	588	307	1642	2953	458.0	2400	355	222	1
5	747	587	307	1639	2949	460.0	2400	355	222	0
5	424	439	227	1117	2953	459.0	2400	355	222	0
5	304	384	196	921	3430	389.0	2400	355	222	0
5	306	386	197	926	3847	363.0	2400	355	222	0
5	304	384	196	921	3843	365.0	2400	355	222	0
5	306	386	197	927	3847	363.0	2400	355	222	0
5	304	384	196	921	3843	365.0	2400	355	222	0
6	306	386	198	927	3847	363.0	2400	711	0	1
6	897	417	261	1550	3856	364.0	2400	711	0	1
6	1411	448	318	2098	2462	175.0	2400	711	0	1
6	1410	445	317	2092	2165	16.0	2400	711	0	1
6	1414	445	316	2100	2161	12.0	2400	711	0	1
6	1414	448	318	2101	2162	12.0	2400	711	0	1
6	1411	445	317	2093	2164	15.0	2400	711	0	1
6	1412	448	318	2098	2160	12.0	2400	711	0	1
6	1412	446	317	2095	2162	15.0	2400	711	0	1
6	1412	448	318	2099	2160	13.0	2400	711	0	1
6	1409	446	317	2092	2165	15.0	2400	711	0	1
6	1414	448	318	2101	2161	14.0	2400	711	0	1
6	1409	446	317	2092	2164	15.0	2400	711	0	1
6	1412	448	318	2099	2161	14.0	2400	711	0	1
6	1412	446	317	2095	2165	15.0	2400	711	0	1
6	1411	448	318	2098	2160	13.0	2400	711	0	1
6	1412	446	317	2095	2165	16.0	2400	711	0	1
6	1413	448	318	2100	2160	13.0	2400	711	0	1
6	1410	446	317	2093	2164	15.0	2400	711	0	1
6	1414	448	318	2100	2161	14.0	2400	711	0	1
6	1410	446	317	2093	2161	15.0	2400	711	0	1
6	1412	448	318	2098	2161	14.0	2400	711	0	1
6	1412	446	317	2096	2162	15.0	2400	711	0	1
6	1412	446	317	2096	2162	13.0	2400	711	0	1
6	1412	448	318	2098	2162	13.0	2400	711	0	1
6	1410	446	317	2093	2162	15.0	2400	711	0	1
6	1413	447	318	2099	2161	14.0	2400	711	0	1
6	1410	446	317	2094	2164	14.0	2400	711	0	0
6	560	400	225	1195	2163	14.0	2400	711	0	0
6	305	385	197	924	2921	284.0	2400	711	0	0
6	305	385	197	925	3851	364.0	2400	711	0	0
6	305	385	197	925	3851	364.0	2400	711	0	0
6	305	385	197	925	3851	364.0	2400	711	0	0
6	305	385	197	925	3851	364.0	2400	711	0	0
7	305	385	197	925	3851	364.0	2400	0	666	1
7	358	809	365	1581	3851	364.0	2400	0	666	1
7	416	1276	550	2303	5275	893.0	2400	0	666	1
7	417	1277	550	2305	6428	1476.0	2400	0	666	1
7	416	1278	550	2306	6416	1477.0	2400	0	666	1
7	416	1277	550	2305	6428	1479.0	2400	0	666	1
7	416	1277	550	2305	6428	1477.0	2400	0	666	1
7	415	1275	549	2302	6428	1477.0	2400	0	666	1
7	417	1279	551	2308	6431	1475.0	2400	0	666	1
7	415	1275	549	2301	6425	1480.0	2400	0	666	1
7	417	1277	550	2305	6431	1475.0	2400	0	666	1
7	415	1277	550	2304	6416	1477.0	2400	0	666	1
7	417	1277	550	2306	6440	1478.0	2400	0	666	1
7	415	1275	549	2301	6416	1477.0	2400	0	666	1
7	417	1279	551	2309	6431	1475.0	2400	0	666	1
7	415	1275	549	2300	6425	1480.0	2400	0	666	1
7	417	1279	551	2309	6431	1475.0	2400	0	666	1
7	415	1276	550	2302	6425	1480.0	2400	0	666	1
7	417	1277	550	2306	6440	1476.0	2400	0	666	1
7	415	1277	550	2304	6416	1477.0	2400	0	666	1
7	417	1278	551	2307	6440	1478.0	2400	0	666	1
7	415	1275	549	2302	6425	1478.0	2400	0	666	1
7	417	1279	551	2310	6431	1475.0	2400	0	666	1
7	415	1275	549	2300	6425	1480.0	2400	0	666	1
7	417	1279	551	2310	6431	1475.0	2400	0	666	1
7	417	1278	551	2307	6425	1480.0	2400	0	666	1
7	415	1277	550	2303	6425	1478.0	2400	0	666	1
7	417	1277	551	2307	6440	1478.0	2400	0	666	0
7	336	644	299	1324	6425	1476.0	2400	0	666	0
7	306	387	198	928	4781	688.0	2400	0	666	0
7	304	384	196	922	3856	366.0	2400	0	666	0
7	306	386	198	928	3847	363.0	2400	0	666	0
7	304	384	196	922	3856	364.0	2400	0	666	0
7	306	386	198	928	3847	363.0	2400	0	666	0
8	304	384	196	922	3856	364.0	2400	355	444	1
8	554	669	326	1571	3847	363.0	2400	355	444	1
8	790	937	447	2182	3632	637.0	2400	355	444	1
8	793	940	449	2189	3546	895.0	2400	355	444	1
8	790	938	447	2183	3548	897.0	2400	355	444	1
8	792	939	448	2186	3546	896.0	2400	355	444	1
8	791	938	448	2184	3546	897.0	2400	355	444	1
8	792	939	448	2187	3548	895.0	2400	355	444	1
8	791	937	447	2183	3546	897.0	2400	355	444	1
8	790	937	447	2183	3544	894.0	2400	355	444	1
8	792	939	448	2186	3546	895.0	2400	355	444	1
8	792	939	448	2186	3546	897.0	2400	355	444	1
8	791	938	448	2185	3546	897.0	2400	355	444	1
8	791	938	448	2184	3548	895.0	2400	355	444	1
8	792	939	448	2187	3548	895.0	2400	355	444	1
8	791	938	447	2183	3546	897.0	2400	355	444	1
8	792	939	448	2186	3544	896.0	2400	355	444	1
8	791	939	448	2185	3546	897.0	2400	355	444	1
8	790	938	447	2183	3548	897.0	2400	355	444	1
8	792	939	448	2186	3546	896.0	2400	355	444	1
8	790	937	447	2182	3546	897.0	2400	355	444	1
8	791	938	448	2184	3546	895.0	2400	355	444	1
8	791	938	448	2184	3548	895.0	2400	355	444	1
8	791	938	447	2183	3548	895.0	2400	355	444	1
8	791	938	448	2183	3544	896.0	2400	355	444	1
8	791	939	448	2186	3548	895.0	2400	355	444	1
8	790	937	447	2181	3548	897.0	2400	355	444	1
8	790	937	447	2187	3546	895.0	2400	355	444	0
8	449	548	271	1296	3546	895.0	2400	355	444	0
8	304	383	196	920	3690	520.0	2400	355	444	0
8	305	385	197	924	3847	362.0	2400	355	444	0
8	303	383	196	920	3851	364.0	2400	355	444	0
8	305	385	197	925	3855	362.0	2400	355	444	0
8	303	383	196	919	3851	364.0	2400	355	444	0
9	305	385	197	925	3855	362.0	2400	711	222	1
9	875	506	290	1652	3851	364.0	2400	711	222	1
9	1436	629	383	2373	2627	302.0	2400	711	222	1
9	1436	627	382	2370	2333	246.0	2400	711	222	1
9	1435	629	383	2373	2330	243.0	2400	711	222	1
9	1436	626	382	2369	2333	246.0	2400	711	222	1
9	1437	629	383	2375	2330	242.0	2400	711	222	1
9	1433	626	382	2366	2332	245.0	2400	711	222	1
9	1438	630	384	2377	2332	243.0	2400	711	222	1
9	1434	627	382	2368	2334	246.0	2400	711	222	1
9	1436	629	383	2374	2331	244.0	2400	711	222	1
9	1436	627	383	2370	2333	246.0	2400	711	222	1
9	1436	626	382	2369	2331	243.0	2400	711	222	1
9	1437	629	383	2376	2330	242.0	2400	711	222	1
9	1433	626	382	2367	2334	245.0	2400	711	222	1
9	1438	629	384	2376	2332	243.0	2400	711	222	1
9	1434	627	382	2368	2334	244.0	2400	711	222	1
9	1435	629	383	2373	2331	244.0	2400	711	222	1
9	1436	627	382	2370	2333	246.0	2400	711	222	1
9	1435	628	383	2371	2330	243.0	2400	711	222	1
9	1433	625	382	2365	2333	245.0	2400	711	222	1
9	1437	628	383	2373	2332	241.0	2400	711	222	1
9	1432	625	382	2364	2332	244.0	2400	711	222	1
9	1435	627	383	2370	2333	241.0	2400	711	222	1
9	1435	626	382	2368	2333	243.0	2400	711	222	1
9	1434	628	383	2370	2331	242.0	2400	711	222	1
9	1435	626	382	2368	2334	245.0	2400	711	222	1
9	1436	628	383	2373	2331	242.0	2400	711	222	0
9	1433	626	382	2367	2333	244.0	2400	711	222	0
9	599	448	245	1300	2332	243.0	2400	711	222	0
9	304	384	197	923	2949	333.0	2400	711	222	0
9	304	383	196	921	3859	363.0	2400	711	222	0
9	304	384	197	923	3847	362.0	2400	711	222	0
9	304	384	196	921	3859	363.0	2400	711	222	0
10	305	384	197	923	3847	363.0	2400	1066	0	1
10	1110	429	284	1775	3851	362.0	2400	1066	0	1
10	2116	486	394	2841	2303	108.0	2400	1066	0	1
10	2119	485	394	2844	1983	0.0	2400	1066	0	1
10	2114	484	393	2838	1982	0.0	2400	1066	0	1
10	2115	484	394	2838	1983	0.0	2400	1066	0	1
10	2118	484	394	2841	1983	0.0	2400	1066	0	1
10	2114	484	394	2838	1982	0.0	2400	1066	0	1
10	2116	484	393	2838	1983	0.0	2400	1066	0	1
10	2118	485	394	2842	1981	0.0	2400	1066	0	1
10	2114	484	393	2836	1982	0.0	2400	1066	0	1
10	2118	485	394	2843	1982	0.0	2400	1066	0	1
10	2114	483	393	2836	1982	0.0	2400	1066	0	1
10	2114	485	394	2838	1982	0.0	2400	1066	0	1
10	2114	485	394	2838	1983	0.0	2400	1066	0	1
10	2113	483	393	2835	1983	0.0	2400	1066	0	1
10	2118	485	394	2843	1982	0.0	2400	1066	0	1
10	2112	483	393	2834	1982	0.0	2400	1066	0	1
10	2116	485	394	2841	1982	0.0	2400	1066	0	1
10	2115	483	393	2837	1983	0.0	2400	1066	0	1
10	2114	485	394	2838	1981	0.0	2400	1066	0	1
10	2115	483	393	2836	1983	0.0	2400	1066	0	1
10	2116	485	394	2840	1981	0.0	2400	1066	0	1
10	2112	483	393	2832	1983	0.0	2400	1066	0	1
10	2118	485	394	2843	1981	0.0	2400	1066	0	1
10	2112	483	393	2833	1982	0.0	2400	1066	0	1
10	2114	485	394	2839	1982	0.0	2400	1066	0	1
10	2115	483	393	2836	1983	0.0	2400	1066	0	0
10	2114	485	394	2838	1981	0.0	2400	1066	0	0
10	886	414	259	1534	1983	0.0	2400	1066	0	0
10	304	384	197	923	2467	176.0	2400	1066	0	0
10	302	381	196	916	3859	363.0	2400	1066	0	0
10	302	381	195	916	3863	359.0	2400	1066	0	0
10	304	384	197	922	3851	360.0	2400	1066	0	0
11	302	381	195	916	3859	363.0	2400	0	888	1
11	380	995	441	1870	3851	360.0	2400	0	888	1
11	459	1649	702	2882	5812	1124.0	2400	0	888	1
11	461	1651	704	2888	7218	1939.0	2400	0	888	1
11	460	1652	704	2887	7209	1940.0	2400	0	888	1
11	461	1651	704	2888	7221	1942.0	2400	0	888	1
11	459	1649	702	2883	7209	1940.0	2400	0	888	1
11	462	1654	705	2892	7218	1939.0	2400	0	888	1
11	459	1649	702	2883	7204	1944.0	2400	0	888	1
11	461	1652	704	2888	7218	1939.0	2400	0	888	1
11	460	1652	704	2887	7209	1942.0	2400	0	888	1
11	461	1651	703	2887	7221	1942.0	2400	0	888	1
11	460	1651	703	2886	7201	1941.0	2400	0	888	1
11	461	1653	704	2891	7213	1942.0	2400	0	888	1
11	460	1650	703	2884	7209	1944.0	2400	0	888	1
11	461	1654	704	2891	7213	1940.0	2400	0	888	1
11	461	1651	703	2885	7209	1945.0	2400	0	888	1
11	460	1652	704	2888	7201	1941.0	2400	0	888	1
11	461	1651	703	2886	7221	1942.0	2400	0	888	1
11	460	1650	703	2884	7201	1941.0	2400	0	888	1
11	461	1653	704	2889	7213	1940.0	2400	0	888	1
11	460	1650	703	2884	7209	1944.0	2400	0	888	1
11	460	1650	703	2885	7213	1940.0	2400	0	888	1
11	461	1653	704	2889	7213	1940.0	2400	0	888	1
11	460	1650	703	2884	7209	1944.0	2400	0	888	1
11	461	1651	703	2887	7213	1940.0	2400	0	888	1
11	460	1652	704	2888	7201	1941.0	2400	0	888	1
11	460	1650	703	2885	7221	1942.0	2400	0	888	1
11	460	1652	703	2887	7213	1940.0	2400	0	888	0
11	355	796	361	1560	7213	1943.0	2400	0	888	0
11	303	382	196	918	5265	876.0	2400	0	888	0
11	304	383	196	921	3855	361.0	2400	0	888	0
11	303	382	196	918	3847	362.0	2400	0	888	0
11	304	384	197	922	3855	361.0	2400	0	888	0
12	303	382	197	918	3859	363.0	2400	355	666	1
12	555	824	388	1795	3868	360.0	2400	355	666	1
12	837	1316	602	2773	4054	836.0	2400	355	666	1
12	834	1312	600	2764	4131	1364.0	2400	355	666	1
12	837	1315	602	2771	4132	1360.0	2400	355	666	1
12	834	1313	601	2767	4131	1363.0	2400	355	666	1
12	836	1314	601	2769	4136	1361.0	2400	355	666	1
12	835	1314	601	2768	4130	1362.0	2400	355	666	1
12	836	1316	602	2772	4133	1363.0	2400	355	666	1
12	834	1311	600	2763	4134	1365.0	2400	355	666	1
12	837	1316	602	2774	4132	1359.0	2400	355	666	1
12	834	1312	600	2763	4131	1364.0	2400	355	666	1
12	837	1314	602	2770	4132	1360.0	2400	355	666	1
12	835	1313	601	2767	4131	1361.0	2400	355	666	1
12	836	1314	602	2770	4133	1361.0	2400	355	666	1
12	835	1314	601	2768	4134	1361.0	2400	355	666	1
12	836	1316	602	2772	4133	1363.0	2400	355	666	1
12	834	1311	600	2763	4134	1365.0	2400	355	666	1
12	837	1316	603	2774	4132	1359.0	2400	355	666	1
12	837	1315	602	2772	4135	1364.0	2400	355	666	1
12	834	1314	601	2767	4131	1363.0	2400	355	666	1
12	836	1314	601	2769	4136	1363.0	2400	355	666	1
12	835	1313	601	2767	4130	1362.0	2400	355	666	1
12	836	1314	602	2769	4133	1361.0	2400	355	666	1
12	835	1311	600	2764	4134	1361.0	2400	355	666	1
12	837	1316	602	2773	4128	1359.0	2400	355	666	1
12	834	1312	600	2764	4131	1364.0	2400	355	666	1
12	837	1315	602	2772	4132	1360.0	2400	355	666	1
12	835	1314	601	2767	4131	1363.0	2400	355	666	0
12	458	651	313	1454	4133	1363.0	2400	355	666	0
12	303	382	196	918	3994	649.0	2400	355	666	0
12	304	384	197	922	3855	361.0	2400	355	666	0
12	303	382	196	917	3859	363.0	2400	355	666	0
12	304	384	197	921	3855	361.0	2400	355	666	0
12	303	382	196	918	3859	363.0	2400	355	666	0
13	304	384	196	921	3855	361.0	2400	711	444	1
13	789	629	331	1744	3847	363.0	2400	711	444	1
13	1479	978	523	2915	2983	494.0	2400	711	444	1
13	1477	978	523	2914	2683	680.0	2400	711	444	1
13	1476	977	523	2911	2685	681.0	2400	711	444	1
13	1479	979	524	2916	2686	680.0	2400	711	444	1
13	1477	977	523	2912	2684	681.0	2400	711	444	1
13	1477	977	523	2911	2685	679.0	2400	711	444	1
13	1479	978	524	2916	2683	679.0	2400	711	444	1
13	1477	977	523	2911	2686	679.0	2400	711	444	1
13	1478	977	523	2913	2683	679.0	2400	711	444	1
13	1479	978	523	2914	2684	679.0	2400	711	444	1
13	1477	977	523	2911	2682	680.0	2400	711	444	1
13	1478	977	523	2912	2683	679.0	2400	711	444	1
13	1479	979	524	2916	2682	679.0	2400	711	444	1
13	1476	976	523	2910	2684	681.0	2400	711	444	1
13	1479	978	523	2915	2686	678.0	2400	711	444	1
13	1477	977	523	2911	2683	680.0	2400	711	444	1
13	1477	977	523	2912	2683	679.0	2400	711	444	1
13	1478	977	523	2912	2685	679.0	2400	711	444	1
13	1476	976	522	2908	2682	679.0	2400	711	444	1
13	1480	979	524	2918	2682	679.0	2400	711	444	1
13	1476	976	522	2909	2685	681.0	2400	711	444	1
13	1478	978	523	2914	2683	679.0	2400	711	444	1
13	1478	977	523	2912	2684	681.0	2400	711	444	1
13	1477	978	523	2913	2682	679.0	2400	711	444	1
13	1478	976	522	2910	2685	681.0	2400	711	444	1
13	1479	979	524	2917	2680	678.0	2400	711	444	0
13	716	590	310	1618	2686	681.0	2400	711	444	0
13	305	384	197	923	3040	471.0	2400	711	444	0
13	302	382	196	917	3851	362.0	2400	711	444	0
13	305	384	197	923	3863	361.0	2400	711	444	0
13	302	382	196	917	3851	362.0	2400	711	444	0
13	304	384	197	923	3863	361.0	2400	711	444	0
14	302	382	196	917	3859	363.0	2400	1066	222	1
14	1129	511	315	1909	3863	361.0	2400	1066	222	1
14	2138	665	458	3110	2396	209.0	2400	1066	222	1
14	2143	667	460	3121	2098	20.0	2400	1066	222	1
14	2139	667	460	3116	2101	20.0	2400	1066	222	1
14	2141	665	459	3114	2101	21.0	2400	1066	222	1
14	2139	667	460	3116	2099	18.0	2400	1066	222	1
14	2138	665	459	3111	2101	21.0	2400	1066	222	1
14	2142	667	460	3120	2100	19.0	2400	1066	222	1
14	2135	662	457	3105	2102	20.0	2400	1066	222	1
14	2140	667	460	3117	2099	17.0	2400	1066	222	1
14	2140	666	459	3115	2101	21.0	2400	1066	222	1
14	2139	667	460	3116	2099	20.0	2400	1066	222	1
14	2141	665	459	3115	2101	21.0	2400	1066	222	1
14	2140	667	460	3117	2099	18.0	2400	1066	222	1
14	2138	665	458	3111	2101	21.0	2400	1066	222	1
14	2143	667	460	3120	2098	20.0	2400	1066	222	1
14	2138	665	459	3112	2100	20.0	2400	1066	222	1
14	2141	667	460	3117	2100	19.0	2400	1066	222	1
14	2142	666	459	3116	2100	20.0	2400	1066	222	1
14	2139	666	459	3115	2098	19.0	2400	1066	222	1
14	2140	665	459	3115	2101	20.0	2400	1066	222	1
14	2141	665	459	3118	2100	18.0	2400	1066	222	1
14	2142	666	460	3118	2102	18.0	2400	1066	222	1
14	2139	666	459	3114	2100	19.0	2400	1066	222	1
14	2138	666	459	3113	2099	20.0	2400	1066	222	1
14	2142	666	459	3117	2100	21.0	2400	1066	222	1
14	2139	666	459	3114	2098	19.0	2400	1066	222	0
14	955	483	289	1698	2099	20.0	2400	1066	222	0
14	303	383	196	920	2504	240.0	2400	1066	222	0
14	304	383	196	920	3855	362.0	2400	1066	222	0
14	303	383	196	919	3847	362.0	2400	1066	222	0
14	304	383	196	920	3855	362.0	2400	1066	222	0
14	303	383	196	919	3847	362.0	2400	1066	222	0
15	304	383	196	920	3855	362.0	2400	1422	0	1
15	1429	445	319	2111	3847	362.0	2400	1422	0	1
15	2822	524	471	3587	2154	4.0	2400	1422	0	1
15	2825	523	471	3589	1892	0.0	2400	1422	0	1
15	2825	524	471	3590	1891	0.0	2400	1422	0	1
15	2820	523	470	3583	1891	0.0	2400	1422	0	1
15	2827	524	472	3592	1891	0.0	2400	1422	0	1
15	2821	524	471	3586	1892	0.0	2400	1422	0	1
15	2825	523	471	3588	1892	0.0	2400	1422	0	1
15	2823	524	471	3588	1891	0.0	2400	1422	0	1
15	2820	522	470	3582	1891	0.0	2400	1422	0	1
15	2826	525	472	3592	1891	0.0	2400	1422	0	1
15	2820	522	470	3583	1892	0.0	2400	1422	0	1
15	2822	525	471	3588	1892	0.0	2400	1422	0	1
15	2825	523	471	3588	1892	0.0	2400	1422	0	1
15	2821	525	471	3587	1891	0.0	2400	1422	0	1
15	2821	522	470	3582	1892	0.0	2400	1422	0	1
15	2826	525	472	3592	1890	0.0	2400	1422	0	1
15	2819	522	470	3581	1892	0.0	2400	1422	0	1
15	2824	525	471	3590	1891	0.0	2400	1422	0	1
15	2823	523	470	3586	1891	0.0	2400	1422	0	1
15	2821	525	471	3588	1890	0.0	2400	1422	0	1
15	2823	523	470	3586	1893	0.0	2400	1422	0	1
15	2824	525	472	3591	1890	0.0	2400	1422	0	1
15	2819	522	470	3581	1893	0.0	2400	1422	0	1
15	2820	522	470	3582	1891	0.0	2400	1422	0	1
15	2821	525	471	3587	1891	0.0	2400	1422	0	1
15	2824	523	470	3586	1892	0.0	2400	1422	0	0
15	1111	429	285	1777	1890	0.0	2400	1422	0	0
15	302	382	196	916	2305	107.0	2400	1422	0	0
15	304	384	197	923	3863	361.0	2400	1422	0	0
15	302	382	196	917	3859	363.0	2400	1422	0	0
15	304	384	197	923	3863	361.0	2400	1422	0	0
15	302	382	196	917	3859	363.0	2400	1422	0	0
16	304	384	197	923	3863	361.0	2400	0	1111	1
16	380	1013	449	1897	3859	363.0	2400	0	1111	1
16	508	2032	859	3481	5892	1146.0	2400	0	1111	1
16	506	2030	858	3477	7833	2413.0	2400	0	1111	1
16	508	2029	858	3477	7851	2411.0	2400	0	1111	1
16	506	2030	858	3476	7826	2409.0	2400	0	1111	1
16	508	2032	859	3481	7851	2411.0	2400	0	1111	1
16	506	2027	857	3472	7833	2413.0	2400	0	1111	1
16	508	2032	859	3481	7843	2407.0	2400	0	1111	1
16	507	2029	858	3476	7833	2413.0	2400	0	1111	1
16	507	2030	858	3477	7838	2409.0	2400	0	1111	1
16	507	2031	859	3479	7838	2411.0	2400	0	1111	1
16	506	2028	857	3473	7846	2412.0	2400	0	1111	1
16	507	2032	859	3480	7843	2409.0	2400	0	1111	1
16	507	2029	858	3476	7846	2413.0	2400	0	1111	1
16	507	2028	857	3475	7838	2409.0	2400	0	1111	1
16	507	2031	859	3479	7831	2409.0	2400	0	1111	1
16	507	2030	858	3477	7846	2412.0	2400	0	1111	1
16	506	2027	857	3472	7838	2411.0	2400	0	1111	1
16	507	2031	859	3479	7843	2407.0	2400	0	1111	1
16	507	2029	858	3475	7846	2412.0	2400	0	1111	1
16	507	2028	857	3474	7838	2409.0	2400	0	1111	1
16	507	2032	859	3480	7831	2409.0	2400	0	1111	1
16	507	2028	857	3473	7846	2413.0	2400	0	1111	1
16	507	2028	858	3475	7831	2409.0	2400	0	1111	1
16	507	2031	858	3478	7838	2408.0	2400	0	1111	1
16	507	2028	857	3475	7838	2413.0	2400	0	1111	1
16	507	2031	859	3479	7831	2409.0	2400	0	1111	0
16	380	1010	448	1892	7846	2412.0	2400	0	1111	0
16	304	383	196	921	5882	1142.0	2400	0	1111	0
16	303	382	196	917	3847	362.0	2400	0	1111	0
16	304	384	197	922	3855	361.0	2400	0	1111	0
16	303	382	196	917	3859	363.0	2400	0	1111	0
16	304	384	197	922	3855	361.0	2400	0	1111	0
17	302	382	196	917	3859	363.0	2400	355	888	1
17	546	932	431	1943	3863	361.0	2400	355	888	1
17	881	1691	755	3355	4398	978.0	2400	355	888	1
17	882	1691	755	3357	4656	1830.0	2400	355	888	1
17	882	1691	755	3355	4652	1830.0	2400	355	888	1
17	883	1693	756	3360	4652	1830.0	2400	355	888	1
17	881	1688	754	3351	4653	1832.0	2400	355	888	1
17	884	1693	757	3362	4651	1826.0	2400	355	888	1
17	881	1690	755	3354	4653	1831.0	2400	355	888	1
17	883	1691	756	3357	4656	1828.0	2400	355	888	1
17	882	1691	755	3356	4653	1829.0	2400	355	888	1
17	881	1688	754	3360	4652	1830.0	2400	355	888	1
17	884	1693	757	3362	4651	1826.0	2400	355	888	1
17	881	1690	755	3354	4653	1831.0	2400	355	888	1
17	883	1691	756	3357	4656	1828.0	2400	355	888	1
17	882	1690	755	3355	4653	1829.0	2400	355	888	1
17	883	1693	756	3360	4652	1828.0	2400	355	888	1
17	881	1688	754	3351	4653	1832.0	2400	355	888	1
17	884	1693	756	3361	4651	1826.0	2400	355	888	1
17	881	1690	755	3354	4649	1831.0	2400	355	888	1
17	883	1691	755	3357	4656	1828.0	2400	355	888	1
17	882	1690	755	3355	4648	1829.0	2400	355	888	1
17	883	1692	756	3359	4652	1828.0	2400	355	888	1
17	881	1688	754	3351	4653	1830.0	2400	355	888	1
17	884	1693	756	3361	4651	1826.0	2400	355	888	1
17	881	1689	755	3352	4649	1831.0	2400	355	888	1
17	882	1690	755	3355	4656	1827.0	2400	355	888	1
17	882	1691	755	3355	4652	1828.0	2400	355	888	0
17	882	1691	756	3357	4652	1830.0	2400	355	888	0
17	528	889	197	1862	4656	1829.0	2400	355	888	0
17	303	382	196	917	2812	1087.0	2400	355	888	0
17	304	384	197	921	3855	361.0	2400	355	888	0
17	303	382	196	917	3859	363.0	2400	355	888	0
17	304	383	196	921	3855	361.0	2400	355	888	0
18	303	382	196	918	3847	362.0	2400	711	666	1
18	806	785	395	1986	3855	361.0	2400	711	666	1
18	1523	1353	677	3498	3258	688.0	2400	711	666	1
18	1526	1354	677	3502	3046	1145.0	2400	711	666	1
18	1525	1355	678	3502	3043	1146.0	2400	711	666	1
18	1523	1354	677	3499	3045	1147.0	2400	711	666	1
18	1525	1354	677	3500	3046	1147.0	2400	711	666	1
18	1524	1356	678	3502	3042	1146.0	2400	711	666	1
18	1523	1354	677	3498	3046	1149.0	2400	711	666	1
18	1525	1354	677	3502	3044	1147.0	2400	711	666	1
18	1523	1356	678	3501	3044	1146.0	2400	711	666	1
18	1523	1353	677	3498	3047	1149.0	2400	711	666	1
18	1526	1355	677	3502	3046	1145.0	2400	711	666	1
18	1523	1355	677	3500	3041	1147.0	2400	711	666	1
18	1525	1354	677	3501	3046	1148.0	2400	711	666	1
18	1524	1356	678	3504	3044	1146.0	2400	711	666	1
18	1523	1353	677	3498	3047	1149.0	2400	711	666	1
18	1526	1356	678	3505	3046	1145.0	2400	711	666	1
18	1523	1355	677	3501	3045	1148.0	2400	711	666	1
18	1525	1356	678	3503	3046	1148.0	2400	711	666	1
18	1526	1355	677	3502	3045	1148.0	2400	711	666	1
18	1524	1357	678	3505	3041	1147.0	2400	711	666	1
18	1523	1353	676	3497	3047	1150.0	2400	711	666	1
18	1527	1357	679	3507	3043	1146.0	2400	711	666	1
18	1523	1354	677	3499	3045	1149.0	2400	711	666	1
18	1525	1355	678	3502	3046	1147.0	2400	711	666	1
18	1525	1355	677	3502	3045	1147.0	2400	711	666	1
18	1524	1356	678	3503	3044	1148.0	2400	711	666	0
18	1525	1353	677	3499	3047	1149.0	2400	711	666	0
18	740	730	368	1842	3042	1144.0	2400	711	666	0
18	303	382	196	918	3285	642.0	2400	711	666	0
18	305	385	197	924	3855	361.0	2400	711	666	0
18	305	385	197	924	3851	364.0	2400	711	666	0
18	303	382	196	918	3851	364.0	2400	711	666	0
19	305	385	197	924	3855	361.0	2400	1066	444	1
19	960	604	337	1876	3851	364.0	2400	1066	444	1
19	2188	1020	602	3669	2697	395.0	2400	1066	444	1
19	2182	1016	599	3657	2347	458.0	2400	1066	444	1
19	2187	1019	601	3666	2345	456.0	2400	1066	444	1
19	2185	1017	600	3661	2346	458.0	2400	1066	444	1
19	2184	1018	601	3663	2345	456.0	2400	1066	444	1
19	2185	1016	600	3660	2348	457.0	2400	1066	444	1
19	2186	1020	601	3667	2345	455.0	2400	1066	444	1
19	2182	1016	599	3657	2347	460.0	2400	1066	444	1
19	2187	1019	601	3666	2345	456.0	2400	1066	444	1
19	2184	1017	600	3661	2346	458.0	2400	1066	444	1
19	2184	1018	601	3663	2346	456.0	2400	1066	444	1
19	2186	1017	600	3662	2348	457.0	2400	1066	444	1
19	2185	1019	601	3665	2345	456.0	2400	1066	444	1
19	2182	1016	600	3657	2347	459.0	2400	1066	444	1
19	2183	1018	600	3660	2347	456.0	2400	1066	444	1
19	2183	1018	600	3661	2346	458.0	2400	1066	444	1
19	2186	1017	600	3662	2346	458.0	2400	1066	444	1
19	2183	1019	601	3663	2345	456.0	2400	1066	444	1
19	2182	1016	600	3658	2348	459.0	2400	1066	444	1
19	2187	1018	601	3665	2347	456.0	2400	1066	444	1
19	2182	1017	600	3659	2346	456.0	2400	1066	444	1
19	2183	1017	600	3660	2347	457.0	2400	1066	444	1
19	2186	1018	601	3663	2346	457.0	2400	1066	444	1
19	2182	1018	600	3661	2345	457.0	2400	1066	444	1
19	2183	1017	600	3660	2348	459.0	2400	1066	444	1
19	2187	1019	601	3666	2346	457.0	2400	1066	444	1
19	2182	1018	600	3660	2346	458.0	2400	1066	444	0
19	1090	648	365	2066	2347	459.0	2400	1066	444	0
19	304	384	197	922	2624	401.0	2400	1066	444	0
19	304	383	196	920	3859	363.0	2400	1066	444	0
19	304	384	197	922	3847	362.0	2400	1066	444	0
19	303	383	196	920	3859	363.0	2400	1066	444	0
20	303	383	196	920	3855	362.0	2400	1422	222	1
20	1280	508	327	2052	3855	362.0	2400	1422	222	1
20	2847	705	536	3863	2293	146.0	2400	1422	222	1
20	2853	707	538	3872	1981	0.0	2400	1422	222	1
20	2847	705	536	3864	1981	0.0	2400	1422	222	1
20	2848	707	537	3866	1981	0.0	2400	1422	222	1
20	2851	705	537	3867	1981	0.0	2400	1422	222	1
20	2848	707	537	3867	1981	0.0	2400	1422	222	1
20	2847	705	536	3862	1982	0.0	2400	1422	222	1
20	2852	707	538	3872	1980	0.0	2400	1422	222	1
20	2845	705	536	3860	1983	0.0	2400	1422	222	1
20	2849	707	537	3868	1980	0.0	2400	1422	222	1
20	2849	705	536	3864	1982	0.0	2400	1422	222	1
20	2846	706	537	3864	1980	0.0	2400	1422	222	1
20	2847	704	536	3861	1983	0.0	2400	1422	222	1
20	2850	707	537	3868	1980	0.0	2400	1422	222	1
20	2843	703	535	3856	1981	0.0	2400	1422	222	1
20	2848	706	537	3866	1981	0.0	2400	1422	222	1
20	2847	706	537	3860	1982	0.0	2400	1422	222	1
20	2846	703	536	3859	1979	0.0	2400	1422	222	1
20	2848	706	537	3866	1980	0.0	2400	1422	222	1
20	2843	703	535	3856	1982	0.0	2400	1422	222	1
20	2849	706	537	3867	1981	0.0	2400	1422	222	1
20	2846	704	536	3860	1982	0.0	2400	1422	222	1
20	2845	706	536	3862	1980	0.0	2400	1422	222	1
20	2847	704	536	3861	1982	0.0	2400	1422	222	1
20	2848	707	537	3866	1980	0.0	2400	1422	222	1
20	2843	704	536	3858	1981	0.0	2400	1422	222	1
20	2849	706	537	3867	1982	0.0	2400	1422	222	0
20	1380	518	340	2164	1982	0.0	2400	1422	222	0
20	304	384	197	921	2250	120.0	2400	1422	222	0
20	302	381	195	916	3859	363.0	2400	1422	222	0
20	304	384	196	921	3851	360.0	2400	1422	222	0
20	302	382	196	917	3847	363.0	2400	1422	222	0
20	304	384	197	921	3863	361.0	2400	1422	222	0
21	303	382	196	918	3859	363.0	2400	1777	0	1
21	1529	452	330	2219	3855	361.0	2400	1777	0	1
21	3529	564	548	4336	2120	0.0	2400	1777	0	1
21	3530	563	548	4335	1837	0.0	2400	1777	0	1
21	3534	564	549	4341	1836	0.0	2400	1777	0	1
21	3527	563	548	4332	1837	0.0	2400	1777	0	1
21	3530	564	548	4337	1837	0.0	2400	1777	0	1
21	3532	563	548	4338	1837	0.0	2400	1777	0	1
21	3527	563	548	4333	1837	0.0	2400	1777	0	1
21	3530	563	548	4336	1838	0.0	2400	1777	0	1
21	3532	563	549	4338	1837	0.0	2400	1777	0	1
21	3526	563	548	4332	1837	0.0	2400	1777	0	1
21	3530	563	548	4336	1838	0.0	2400	1777	0	1
21	3530	564	548	4337	1837	0.0	2400	1777	0	1
21	3525	563	548	4330	1837	0.0	2400	1777	0	1
21	3531	564	549	4338	1837	0.0	2400	1777	0	1
21	3528	563	548	4333	1837	0.0	2400	1777	0	1
21	3526	564	548	4332	1836	0.0	2400	1777	0	1
21	3530	562	548	4335	1837	0.0	2400	1777	0	1
21	3528	564	548	4335	1837	0.0	2400	1777	0	1
21	3533	564	549	4340	1837	0.0	2400	1777	0	1
21	3525	562	547	4329	1837	0.0	2400	1777	0	1
21	3529	564	549	4336	1837	0.0	2400	1777	0	1
21	3530	562	548	4334	1837	0.0	2400	1777	0	1
21	3526	564	548	4333	1836	0.0	2400	1777	0	1
21	3528	562	547	4332	1838	0.0	2400	1777	0	1
21	3530	565	549	4338	1836	0.0	2400	1777	0	1
21	3524	562	547	4328	1837	0.0	2400	1777	0	0
21	1555	454	333	2248	1837	0.0	2400	1777	0	0
21	303	382	196	917	2113	0.0	2400	1777	0	0
21	305	385	197	924	3855	361.0	2400	1777	0	0
21	303	382	196	917	3851	364.0	2400	1777	0	0
21	305	385	197	924	3855	361.0	2400	1777	0	0
21	303	382	196	917	3851	364.0	2400	1777	0	0
22	305	384	197	923	3855	361.0	2400	0	1333	1
22	382	1023	454	1913	3851	362.0	2400	0	1333	1
22	555	2410	1013	4070	5919	1158.0	2400	0	1333	1
22	552	2404	1011	4059	8345	2882.0	2400	0	1333	1
22	553	2406	1012	4063	8369	2875.0	2400	0	1333	1
22	554	2406	1012	4065	8363	2877.0	2400	0	1333	1
22	553	2408	1012	4066	8350	2877.0	2400	0	1333	1
22	554	2407	1012	4066	8363	2880.0	2400	0	1333	1
22	553	2404	1011	4060	8350	2878.0	2400	0	1333	1
22	555	2410	1013	4071	8356	2874.0	2400	0	1333	1
22	553	2405	1011	4060	8345	2882.0	2400	0	1333	1
22	554	2406	1012	4065	8356	2876.0	2400	0	1333	1
22	553	2409	1012	4067	8350	2877.0	2400	0	1333	1
22	554	2406	1011	4063	8363	2882.0	2400	0	1333	1
22	553	2406	1011	4062	8343	2877.0	2400	0	1333	1
22	554	2409	1013	4069	8356	2878.0	2400	0	1333	1
22	553	2404	1011	4060	8357	2881.0	2400	0	1333	1
22	554	2408	1012	4066	8356	2874.0	2400	0	1333	1
22	553	2407	1012	4065	8350	2880.0	2400	0	1333	1
22	553	2405	1011	4062	8363	2878.0	2400	0	1333	1
22	554	2408	1012	4067	8356	2876.0	2400	0	1333	1
22	554	2407	1012	4064	8350	2880.0	2400	0	1333	1
22	553	2408	1012	4066	8350	2878.0	2400	0	1333	1
22	553	2407	1012	4064	8363	2880.0	2400	0	1333	1
22	553	2404	1010	4060	8363	2878.0	2400	0	1333	1
22	554	2409	1012	4068	8349	2875.0	2400	0	1333	1
22	553	2406	1011	4062	8350	2881.0	2400	0	1333	1
22	554	2405	1011	4062	8356	2878.0	2400	0	1333	0
22	416	1296	564	2337	8343	2876.0	2400	0	1333	0
22	304	384	197	922	6556	1497.0	2400	0	1333	0
22	303	382	196	918	3859	363.0	2400	0	1333	0
22	304	384	197	922	3855	361.0	2400	0	1333	0
22	303	382	196	917	3859	363.0	2400	0	1333	0
22	304	384	197	922	3855	361.0	2400	0	1333	0
23	303	382	196	917	3859	363.0	2400	355	1111	1
23	524	978	448	1988	3855	361.0	2400	355	1111	1
23	928	2066	909	3941	4648	1045.0	2400	355	1111	1
23	930	2072	911	3952	5122	2294.0	2400	355	1111	1
23	927	2067	909	3941	5123	2301.0	2400	355	1111	1
23	930	2069	910	3947	5127	2296.0	2400	355	1111	1
23	929	2069	910	3946	5119	2297.0	2400	355	1111	1
23	928	2066	909	3941	5123	2298.0	2400	355	1111	1
23	930	2072	911	3952	5122	2294.0	2400	355	1111	1
23	927	2066	908	3939	5123	2301.0	2400	355	1111	1
23	930	2069	910	3948	5122	2295.0	2400	355	1111	1
23	928	2070	910	3945	5119	2297.0	2400	355	1111	1
23	929	2069	910	3946	5127	2299.0	2400	355	1111	1
23	928	2068	909	3943	5123	2298.0	2400	355	1111	1
23	929	2072	911	3950	5122	2297.0	2400	355	1111	1
23	927	2066	908	3939	5127	2302.0	2400	355	1111	1
23	930	2072	911	3952	5122	2295.0	2400	355	1111	1
23	927	2067	909	3941	5123	2301.0	2400	355	1111	1
23	930	2069	910	3947	5127	2296.0	2400	355	1111	1
23	928	2070	910	3946	5119	2297.0	2400	355	1111	1
23	929	2068	910	3945	5127	2299.0	2400	355	1111	1
23	929	2070	910	3946	5123	2296.0	2400	355	1111	1
23	929	2069	910	3947	5123	2299.0	2400	355	1111	1
23	928	2067	909	3942	5123	2298.0	2400	355	1111	1
23	930	2071	909	3950	5122	2295.0	2400	355	1111	1
23	930	2070	910	3948	5114	2301.0	2400	355	1111	1
23	928	2069	910	3945	5119	2299.0	2400	355	1111	1
23	929	2067	909	3943	5127	2298.0	2400	355	1111	0
23	588	1147	520	2292	5118	2295.0	2400	355	1111	0
23	303	383	196	920	4760	1238.0	2400	355	1111	0
23	304	383	196	920	3855	362.0	2400	355	1111	0
23	303	383	196	920	3847	362.0	2400	355	1111	0
23	304	383	196	920	3855	362.0	2400	355	1111	0
23	303	383	196	919	3847	362.0	2400	355	1111	0
24	304	384	197	922	3855	362.0	2400	711	888	1
24	743	852	417	2020	3859	363.0	2400	711	888	1
24	1573	1734	833	4094	3529	798.0	2400	711	888	1
24	1569	1730	831	4085	3382	1616.0	2400	711	888	1
24	1573	1731	831	4090	3383	1612.0	2400	711	888	1
24	1570	1732	832	4089	3378	1613.0	2400	711	888	1
24	1570	1731	831	4088	3384	1615.0	2400	711	888	1
24	1571	1730	831	4086	3382	1614.0	2400	711	888	1
24	1571	1734	832	4093	3379	1612.0	2400	711	888	1
24	1573	1733	832	4093	3383	1617.0	2400	711	888	1
24	1569	1732	831	4086	3380	1615.0	2400	711	888	1
24	1571	1731	831	4089	3382	1616.0	2400	711	888	1
24	1571	1732	831	4089	3380	1613.0	2400	711	888	1
24	1571	1732	832	4090	3380	1615.0	2400	711	888	1
24	1571	1729	830	4084	3383	1614.0	2400	711	888	1
24	1573	1734	833	4095	3377	1611.0	2400	711	888	1
24	1568	1729	830	4082	3383	1616.0	2400	711	888	1
24	1573	1732	832	4092	3382	1612.0	2400	711	888	1
24	1569	1732	831	4086	3380	1614.0	2400	711	888	1
24	1570	1732	831	4089	3382	1616.0	2400	711	888	1
24	1571	1731	831	4087	3382	1615.0	2400	711	888	1
24	1571	1734	832	4092	3379	1613.0	2400	711	888	1
24	1569	1729	830	4083	3383	1617.0	2400	711	888	1
24	1573	1734	833	4095	3380	1612.0	2400	711	888	1
24	1569	1730	831	4084	3383	1616.0	2400	711	888	1
24	1572	1731	831	4090	3382	1612.0	2400	711	888	1
24	1571	1732	831	4089	3379	1613.0	2400	711	888	1
24	1571	1730	831	4087	3380	1615.0	2400	711	888	0
24	835	948	462	2248	3380	1612.0	2400	711	888	0
24	303	383	196	919	3499	887.0	2400	711	888	0
24	304	384	197	922	3855	362.0	2400	711	888	0
24	303	383	196	919	3859	363.0	2400	711	888	0
24	304	384	196	921	3855	362.0	2400	711	888	0
24	304	383	196	920	3847	363.0	2400	711	888	0
25	304	384	196	921	3847	362.0	2400	1066	666	1
25	857	674	357	1876	3847	363.0	2400	1066	666	1
25	2230	1396	755	4250	2962	524.0	2400	1066	666	1
25	2231	1394	754	4249	2605	926.0	2400	1066	666	1
25	2232	1396	755	4252	2602	924.0	2400	1066	666	1
25	2229	1394	754	4246	2604	926.0	2400	1066	666	1
25	2232	1393	754	4249	2604	924.0	2400	1066	666	1
25	2230	1396	755	4251	2602	922.0	2400	1066	666	1
25	2229	1393	754	4245	2605	926.0	2400	1066	666	1
25	2233	1396	756	4255	2604	923.0	2400	1066	666	1
25	2228	1394	754	4245	2605	925.0	2400	1066	666	1
25	2230	1395	754	4248	2604	925.0	2400	1066	666	1
25	2229	1395	755	4249	2603	925.0	2400	1066	666	1
25	2232	1393	754	4248	2605	925.0	2400	1066	666	1
25	2230	1397	755	4252	2602	922.0	2400	1066	666	1
25	2228	1392	753	4243	2605	928.0	2400	1066	666	1
25	2234	1397	756	4256	2602	922.0	2400	1066	666	1
25	2228	1394	754	4245	2604	926.0	2400	1066	666	1
25	2231	1395	755	4251	2604	925.0	2400	1066	666	1
25	2231	1394	755	4249	2604	924.0	2400	1066	666	1
25	2229	1395	755	4249	2604	923.0	2400	1066	666	1
25	2231	1392	754	4247	2605	925.0	2400	1066	666	1
25	2231	1397	756	4253	2602	920.0	2400	1066	666	1
25	2227	1392	753	4242	2606	927.0	2400	1066	666	1
25	2233	1396	755	4254	2603	922.0	2400	1066	666	1
25	2227	1394	754	4246	2603	925.0	2400	1066	666	1
25	2230	1395	755	4249	2606	925.0	2400	1066	666	1
25	2231	1394	755	4250	2605	925.0	2400	1066	666	0
25	2229	1396	755	4250	2604	923.0	2400	1066	666	0
25	305	384	197	2511	2605	927.0	2400	1066	666	0
25	303	382	196	918	3851	362.0	2400	1066	666	0
25	305	384	197	923	3855	361.0	2400	1066	666	0
25	303	383	196	919	3851	362.0	2400	1066	666	0
25	305	385	197	924	3855	362.0	2400	1066	666	0
26	304	384	196	921	3851	364.0	2400	1422	444	1
26	1138	601	352	2046	3847	363.0	2400	1422	444	1
26	2895	1056	677	4411	2517	321.0	2400	1422	444	1
26	2892	1058	678	4412	2168	231.0	2400	1422	444	1
26	2890	1056	677	4407	2171	234.0	2400	1422	444	1
26	2895	1057	678	4414	2170	232.0	2400	1422	444	1
26	2890	1058	678	4410	2170	232.0	2400	1422	444	1
26	2892	1056	677	4409	2171	235.0	2400	1422	444	1
26	2894	1058	678	4414	2169	232.0	2400	1422	444	1
26	2889	1056	677	4407	2170	234.0	2400	1422	444	1
26	2894	1057	678	4413	2171	233.0	2400	1422	444	1
26	2891	1057	678	4410	2170	232.0	2400	1422	444	1
26	2890	1057	678	4409	2171	233.0	2400	1422	444	1
26	2894	1056	678	4411	2171	233.0	2400	1422	444	1
26	2891	1055	677	4407	2170	230.0	2400	1422	444	1
26	2894	1059	679	4415	2169	231.0	2400	1422	444	1
26	2888	1055	677	4403	2171	234.0	2400	1422	444	1
26	2895	1058	678	4414	2170	232.0	2400	1422	444	1
26	2889	1056	677	4407	2170	233.0	2400	1422	444	1
26	2891	1058	678	4411	2171	233.0	2400	1422	444	1
26	2893	1056	677	4410	2171	235.0	2400	1422	444	1
26	2889	1058	678	4410	2169	232.0	2400	1422	444	1
26	2892	1055	677	4408	2172	235.0	2400	1422	444	1
26	2892	1059	678	4413	2169	230.0	2400	1422	444	1
26	2887	1055	676	4403	2171	236.0	2400	1422	444	1
26	2895	1058	678	4415	2170	233.0	2400	1422	444	1
26	2887	1056	677	4404	2170	233.0	2400	1422	444	1
26	2892	1058	678	4411	2171	233.0	2400	1422	444	1
26	2891	1056	677	4409	2171	234.0	2400	1422	444	0
26	1551	708	428	2603	2171	232.0	2400	1422	444	0
26	303	382	196	918	2365	300.0	2400	1422	444	0
26	305	384	197	923	3855	361.0	2400	1422	444	0
26	305	384	197	923	3851	362.0	2400	1422	444	0
26	303	382	196	918	3851	362.0	2400	1422	444	0
27	304	384	197	923	3855	361.0	2400	1777	222	1
27	1351	499	330	2108	3859	363.0	2400	1777	222	1
27	3555	746	614	4614	2242	107.0	2400	1777	222	1
27	3559	745	614	4617	1910	0.0	2400	1777	222	1
27	3554	746	614	4614	1909	0.0	2400	1777	222	1
27	3555	745	614	4613	1910	0.0	2400	1777	222	1
27	3557	746	615	4618	1910	0.0	2400	1777	222	1
27	3552	745	613	4609	1911	0.0	2400	1777	222	1
27	3558	746	614	4617	1909	0.0	2400	1777	222	1
27	3554	745	614	4612	1909	0.0	2400	1777	222	1
27	3554	745	614	4611	1910	0.0	2400	1777	222	1
27	3558	746	614	4617	1909	0.0	2400	1777	222	1
27	3551	745	614	4609	1909	0.0	2400	1777	222	1
27	3556	746	614	4614	1910	0.0	2400	1777	222	1
27	3555	745	614	4613	1909	0.0	2400	1777	222	1
27	3552	746	614	4610	1910	0.0	2400	1777	222	1
27	3552	746	614	4612	1909	0.0	2400	1777	222	1
27	3553	744	613	4609	1910	0.0	2400	1777	222	1
27	3556	746	615	4616	1909	0.0	2400	1777	222	1
27	3549	744	613	4605	1911	0.0	2400	1777	222	1
27	3556	746	614	4616	1909	0.0	2400	1777	222	1
27	3552	744	613	4609	1910	0.0	2400	1777	222	1
27	3551	746	614	4610	1909	0.0	2400	1777	222	1
27	3555	744	613	4611	1910	0.0	2400	1777	222	1
27	3551	746	614	4611	1909	0.0	2400	1777	222	1
27	3551	743	613	4606	1910	0.0	2400	1777	222	1
27	3555	747	615	4616	1909	0.0	2400	1777	222	1
27	3547	744	613	4603	1911	0.0	2400	1777	222	1
27	3555	747	615	4616	1910	0.0	2400	1777	222	0
27	1743	542	381	2553	1911	0.0	2400	1777	222	0
27	305	385	197	924	2124	10.0	2400	1777	222	0
27	303	382	196	918	3851	364.0	2400	1777	222	0
27	305	385	197	924	3855	361.0	2400	1777	222	0
27	303	382	196	918	3851	364.0	2400	1777	222	0
27	303	382	196	918	3855	361.0	2400	1777	222	0
28	1332	442	309	2011	3855	361.0	2400	2133	0	1
28	4239	602	626	5085	2193	39.0	2400	2133	0	1
28	4244	605	627	5094	1800	0.0	2400	2133	0	1
28	4241	603	626	5087	1800	0.0	2400	2133	0	1
28	4235	604	626	5085	1800	0.0	2400	2133	0	1
28	4246	603	627	5093	1801	0.0	2400	2133	0	1
28	4239	604	626	5088	1800	0.0	2400	2133	0	1
28	4244	603	626	5091	1801	0.0	2400	2133	0	1
28	4242	604	627	5091	1799	0.0	2400	2133	0	1
28	4239	603	626	5087	1801	0.0	2400	2133	0	1
28	4246	604	627	5094	1801	0.0	2400	2133	0	1
28	4238	603	626	5087	1800	0.0	2400	2133	0	1
28	4242	603	626	5090	1801	0.0	2400	2133	0	1
28	4242	604	627	5091	1800	0.0	2400	2133	0	1
28	4236	602	626	5084	1801	0.0	2400	2133	0	1
28	4244	604	627	5092	1801	0.0	2400	2133	0	1
28	4239	603	626	5086	1800	0.0	2400	2133	0	1
28	4243	603	626	5087	1800	0.0	2400	2133	0	1
28	4239	604	626	5088	1799	0.0	2400	2133	0	1
28	4239	603	626	5085	1801	0.0	2400	2133	0	1
28	4244	605	627	5093	1800	0.0	2400	2133	0	1
28	4235	602	625	5082	1800	0.0	2400	2133	0	1
28	4241	604	627	5091	1800	0.0	2400	2133	0	1
28	4240	602	626	5086	1802	0.0	2400	2133	0	1
28	4236	604	626	5086	1800	0.0	2400	2133	0	1
28	4240	602	626	5085	1801	0.0	2400	2133	0	1
28	4241	605	627	5091	1800	0.0	2400	2133	0	1
28	4234	602	625	5080	1801	0.0	2400	2133	0	0
28	2296	496	415	3032	1800	0.0	2400	2133	0	0
28	303	382	196	917	1956	0.0	2400	2133	0	0
28	305	385	197	924	3855	361.0	2400	2133	0	0
28	303	382	196	917	3851	364.0	2400	2133	0	0
28	305	385	197	924	3855	361.0	2400	2133	0	0
28	303	382	196	917	3851	364.0	2400	2133	0	0
29	305	385	197	924	3855	361.0	2400	0	1555	1
29	392	1103	1166	2038	3851	364.0	2400	0	1555	1
29	599	2785	1166	4652	41607	760.0	2400	0	1555	1
29	601	2788	1167	4659	8807	3347.0	2400	0	1555	1
29	599	2782	1165	4648	8789	3351.0	2400	0	1555	1
29	601	2787	1167	4658	8801	3343.0	2400	0	1555	1
29	599	2785	1166	4653	8789	3349.0	2400	0	1555	1
29	600	2783	1165	4652	8807	3347.0	2400	0	1555	1
29	600	2787	1167	4656	8788	3345.0	2400	0	1555	1
29	600	2785	1166	4654	8801	3349.0	2400	0	1555	1
29	599	2783	1165	4649	8795	3347.0	2400	0	1555	1
29	601	2788	1167	4659	8801	3345.0	2400	0	1555	1
29	600	2783	1165	4650	8789	3351.0	2400	0	1555	1
29	600	2785	1166	4653	8788	3345.0	2400	0	1555	1
29	600	2786	1166	4655	8795	3347.0	2400	0	1555	1
29	599	2782	1165	4649	8795	3349.0	2400	0	1555	1
29	600	2787	1167	4656	8801	3343.0	2400	0	1555	1
29	600	2784	1166	4652	8801	3349.0	2400	0	1555	1
29	600	2783	1165	4651	8795	3345.0	2400	0	1555	1
29	600	2787	1167	4657	8788	3345.0	2400	0	1555	1
29	599	2783	1165	4651	8801	3349.0	2400	0	1555	1
29	601	2787	1167	4659	8801	3345.0	2400	0	1555	1
29	599	2781	1164	4647	8789	3349.0	2400	0	1555	1
29	601	2787	1167	4658	8794	3343.0	2400	0	1555	1
29	599	2783	1165	4650	8789	3349.0	2400	0	1555	1
29	601	2784	1166	4653	8801	3345.0	2400	0	1555	1
29	599	2786	1166	4654	8782	3345.0	2400	0	1555	1
29	601	2783	1165	4652	8807	3349.0	2400	0	1555	0
29	453	1597	686	2806	8776	3344.0	2400	0	1555	0
29	305	385	197	923	7160	1871.0	2400	0	1555	0
29	303	382	196	917	3851	364.0	2400	0	1555	0
29	305	385	197	924	3855	361.0	2400	0	1555	0
29	303	382	196	917	3851	364.0	2400	0	1555	0
29	305	385	197	924	3855	361.0	2400	0	1555	0
30	303	382	196	917	3851	364.0	2400	355	1333	1
30	502	994	453	1990	3855	361.0	2400	355	1333	1
30	975	2443	1063	4529	4829	1074.0	2400	355	1333	1
30	977	2450	1065	4541	5544	2761.0	2400	355	1333	1
30	977	2447	1064	4536	5544	2770.0	2400	355	1333	1
30	974	2447	1064	4534	5540	2766.0	2400	355	1333	1
30	976	2445	1063	4532	5553	2767.0	2400	355	1333	1
30	975	2446	1064	4533	5540	2764.0	2400	355	1333	1
30	976	2448	1064	4537	5548	2765.0	2400	355	1333	1
30	974	2443	1062	4528	5544	2768.0	2400	355	1333	1
30	977	2448	1065	4538	5545	2762.0	2400	355	1333	1
30	974	2444	1063	4530	5544	2767.0	2400	355	1333	1
30	976	2444	1063	4530	5549	2763.0	2400	355	1333	1
30	975	2447	1064	4534	5540	2762.0	2400	355	1333	1
30	975	2444	1063	4530	5548	2766.0	2400	355	1333	1
30	975	2445	1063	4532	5544	2762.0	2400	355	1333	1
30	975	2448	1064	4536	5544	2764.0	2400	355	1333	1
30	974	2443	1063	4528	5548	2768.0	2400	355	1333	1
30	975	2446	1064	4533	5549	2761.0	2400	355	1333	1
30	975	2446	1064	4533	5548	2765.0	2400	355	1333	1
30	974	2443	1062	4528	5548	2765.0	2400	355	1333	1
30	976	2447	1064	4536	5545	2762.0	2400	355	1333	1
30	976	2444	1063	4531	5544	2766.0	2400	355	1333	1
30	975	2447	1064	4535	5540	2762.0	2400	355	1333	1
30	975	2445	1063	4531	5548	2766.0	2400	355	1333	1
30	975	2443	1062	4528	5544	2764.0	2400	355	1333	1
30	976	2448	1065	4537	5540	2762.0	2400	355	1333	1
30	973	2442	1062	4525	5548	2767.0	2400	355	1333	0
30	622	1355	605	2624	5549	2761.0	2400	355	1333	0
30	302	382	196	917	5096	1493.0	2400	355	1333	0
30	304	384	197	922	3863	361.0	2400	355	1333	0
30	302	381	195	916	3859	363.0	2400	355	1333	0
30	304	384	197	922	3851	360.0	2400	355	1333	0
30	302	381	195	916	3859	363.0	2400	355	1333	0
31	304	384	197	923	3851	360.0	2400	711	1111	1
31	607	786	380	1793	3859	363.0	2400	711	1111	1
31	1619	2109	986	4680	3776	765.0	2400	711	1111	1
31	1616	2110	986	4677	3695	2081.0	2400	711	1111	1
31	1617	2109	985	4676	3699	2084.0	2400	711	1111	1
31	1617	2107	985	4674	3696	2082.0	2400	711	1111	1
31	1615	2106	984	4682	3696	2079.0	2400	711	1111	1
31	1619	2110	986	4681	3702	2079.0	2400	711	1111	1
31	1615	2110	985	4675	3695	2083.0	2400	711	1111	1
31	1617	2109	985	4676	3698	2085.0	2400	711	1111	1
31	1617	2109	986	4677	3696	2082.0	2400	711	1111	1
31	1617	2111	986	4679	3698	2082.0	2400	711	1111	1
31	1616	2107	985	4673	3698	2085.0	2400	711	1111	1
31	1619	2112	987	4684	3697	2080.0	2400	711	1111	1
31	1615	2108	985	4674	3697	2085.0	2400	711	1111	1
31	1619	2108	985	4678	3698	2081.0	2400	711	1111	1
31	1617	2111	986	4679	3693	2080.0	2400	711	1111	1
31	1616	2108	985	4675	3698	2085.0	2400	711	1111	1
31	1618	2108	985	4675	3697	2081.0	2400	711	1111	1
31	1616	2111	986	4680	3693	2080.0	2400	711	1111	1
31	1615	2107	985	4672	3700	2085.0	2400	711	1111	1
31	1618	2109	985	4677	3698	2080.0	2400	711	1111	1
31	1616	2111	986	4678	3694	2082.0	2400	711	1111	1
31	1615	2107	985	4672	3699	2085.0	2400	711	1111	1
31	1618	2110	986	4680	3698	2080.0	2400	711	1111	1
31	1616	2108	985	4674	3696	2083.0	2400	711	1111	1
31	1618	2110	986	4679	3697	2081.0	2400	711	1111	1
31	1616	2110	986	4677	3696	2083.0	2400	711	1111	0
31	1004	1301	616	2920	3699	2084.0	2400	711	1111	0
31	304	384	197	921	3728	1276.0	2400	711	1111	0
31	303	382	196	917	3859	363.0	2400	711	1111	0
31	304	384	197	922	3855	361.0	2400	711	1111	0
31	303	382	196	918	3859	363.0	2400	711	1111	0
31	305	385	197	924	3855	361.0	2400	711	1111	0
32	303	383	196	919	3851	364.0	2400	1066	888	1
32	833	758	388	1974	3855	362.0	2400	1066	888	1
32	2276	1769	907	4833	3160	641.0	2400	1066	888	1
32	2280	1774	910	4843	2848	1389.0	2400	1066	888	1
32	2274	1770	908	4832	2849	1393.0	2400	1066	888	1
32	2278	1771	909	4838	2850	1390.0	2400	1066	888	1
32	2277	1771	908	4837	2849	1390.0	2400	1066	888	1
32	2276	1772	909	4837	2849	1391.0	2400	1066	888	1
32	2277	1769	908	4833	2850	1392.0	2400	1066	888	1
32	2274	1769	907	4830	2848	1388.0	2400	1066	888	1
32	2280	1774	910	4843	2848	1390.0	2400	1066	888	1
32	2274	1770	908	4832	2849	1393.0	2400	1066	888	1
32	2279	1771	909	4838	2850	1390.0	2400	1066	888	1
32	2276	1772	908	4836	2848	1390.0	2400	1066	888	1
32	2275	1771	908	4835	2848	1393.0	2400	1066	888	1
32	2278	1769	908	4834	2850	1392.0	2400	1066	888	1
32	2276	1774	909	4839	2847	1387.0	2400	1066	888	1
32	2274	1769	907	4830	2850	1395.0	2400	1066	888	1
32	2279	1773	910	4842	2848	1390.0	2400	1066	888	1
32	2274	1771	908	4833	2850	1392.0	2400	1066	888	1
32	2278	1771	908	4837	2850	1392.0	2400	1066	888	1
32	2276	1772	909	4837	2847	1391.0	2400	1066	888	1
32	2275	1770	908	4833	2850	1392.0	2400	1066	888	1
32	2278	1771	908	4836	2849	1390.0	2400	1066	888	1
32	2274	1773	909	4837	2847	1391.0	2400	1066	888	1
32	2275	1769	908	4832	2853	1394.0	2400	1066	888	1
32	2278	1773	909	4840	2849	1388.0	2400	1066	888	1
32	2278	1770	908	4835	2849	1393.0	2400	1066	888	0
32	1364	1128	579	3023	2847	1389.0	2400	1066	888	0
32	304	383	196	920	2969	913.0	2400	1066	888	0
32	304	384	197	922	3847	362.0	2400	1066	888	0
32	303	383	196	920	3859	363.0	2400	1066	888	0
32	304	384	197	922	3855	362.0	2400	1066	888	0
32	303	383	196	919	3859	363.0	2400	1066	888	0
33	304	384	197	922	3855	362.0	2400	1422	666	1
33	1001	661	364	2000	3859	363.0	2400	1422	666	1
33	2937	1436	833	5001	2744	451.0	2400	1422	666	1
33	2938	1432	831	4996	2373	703.0	2400	1422	666	1
33	2940	1437	833	5004	2370	698.0	2400	1422	666	1
33	2935	1432	831	4992	2371	703.0	2400	1422	666	1
33	2942	1435	833	5004	2370	699.0	2400	1422	666	1
33	2935	1434	831	4995	2370	700.0	2400	1422	666	1
33	2939	1435	832	5001	2371	702.0	2400	1422	666	1
33	2938	1434	832	4998	2371	701.0	2400	1422	666	1
33	2936	1435	832	4998	2370	700.0	2400	1422	666	1
33	2936	1436	833	5000	2372	702.0	2400	1422	666	1
33	2930	1432	830	4987	2373	703.0	2400	1422	666	1
33	2940	1436	833	5004	2371	701.0	2400	1422	666	1
33	2935	1433	831	4994	2372	702.0	2400	1422	666	1
33	2941	1435	832	5003	2371	700.0	2400	1422	666	1
33	2937	1434	832	4997	2370	701.0	2400	1422	666	1
33	2938	1435	832	5000	2371	700.0	2400	1422	666	1
33	2940	1434	832	5000	2371	702.0	2400	1422	666	1
33	2936	1436	832	4999	2370	699.0	2400	1422	666	1
33	2940	1432	831	4997	2372	704.0	2400	1422	666	1
33	2938	1436	833	5002	2368	697.0	2400	1422	666	1
33	2936	1432	831	4993	2373	703.0	2400	1422	666	1
33	2941	1436	833	5004	2370	698.0	2400	1422	666	1
33	2934	1434	832	4995	2371	702.0	2400	1422	666	1
33	2940	1434	832	5000	2373	701.0	2400	1422	666	1
33	2938	1435	832	4999	2370	699.0	2400	1422	666	1
33	2936	1434	832	4995	2370	702.0	2400	1422	666	0
33	2940	1433	832	4999	2371	701.0	2400	1422	666	0
33	304	383	196	2949	2370	698.0	2400	1422	666	0
33	304	384	196	921	3847	362.0	2400	1422	666	0
33	304	383	196	921	3847	363.0	2400	1422	666	0
33	304	383	196	920	3847	362.0	2400	1422	666	0
33	304	384	197	922	3847	362.0	2400	1422	666	0
34	304	383	196	921	3859	363.0	2400	1777	444	1
34	983	532	312	1796	3847	362.0	2400	1777	444	1
34	3598	1096	754	5157	2559	292.0	2400	1777	444	1
34	3604	1097	756	5165	2062	9.0	2400	1777	444	1
34	3597	1096	755	5157	2063	8.0	2400	1777	444	1
34	3600	1097	755	5161	2064	9.0	2400	1777	444	1
34	3599	1096	755	5159	2063	10.0	2400	1777	444	1
34	3596	1097	755	5157	2063	8.0	2400	1777	444	1
34	3601	1095	755	5159	2064	11.0	2400	1777	444	1
34	3597	1098	755	5159	2062	6.0	2400	1777	444	1
34	3597	1095	754	5154	2064	12.0	2400	1777	444	1
34	3600	1098	756	5162	2062	8.0	2400	1777	444	1
34	3593	1095	754	5150	2063	10.0	2400	1777	444	1
34	3601	1097	754	5162	2063	9.0	2400	1777	444	1
34	3597	1097	755	5157	2062	10.0	2400	1777	444	1
34	3599	1095	754	5157	2063	11.0	2400	1777	444	1
34	3589	1098	755	5151	2062	8.0	2400	1777	444	1
34	3590	1094	753	5146	2065	15.0	2400	1777	444	1
34	3591	1098	755	5153	2063	10.0	2400	1777	444	1
34	3587	1094	753	5143	2065	14.0	2400	1777	444	1
34	3599	1098	755	5161	2064	11.0	2400	1777	444	1
34	3594	1096	754	5152	2063	12.0	2400	1777	444	1
34	3600	1097	755	5161	2062	11.0	2400	1777	444	1
34	3597	1096	754	5156	2063	10.0	2400	1777	444	1
34	3596	1097	755	5157	2063	10.0	2400	1777	444	1
34	3600	1095	755	5158	2064	11.0	2400	1777	444	1
34	3596	1098	755	5158	2062	6.0	2400	1777	444	1
34	3598	1095	754	5156	2064	12.0	2400	1777	444	1
34	3599	1098	756	5162	2062	8.0	2400	1777	444	0
34	2143	780	507	3284	2064	11.0	2400	1777	444	0
34	304	384	197	923	2189	164.0	2400	1777	444	0
34	303	383	196	919	3859	363.0	2400	1777	444	0
34	304	383	196	920	3855	362.0	2400	1777	444	0
34	304	384	197	922	3847	362.0	2400	1777	444	0
35	304	383	196	920	3859	363.0	2400	2133	222	1
35	1268	482	317	2003	3847	362.0	2400	2133	222	1
35	4269	785	692	5370	2269	117.0	2400	2133	222	1
35	4269	786	692	5370	1861	0.0	2400	2133	222	1
35	4264	785	692	5364	1861	0.0	2400	2133	222	1
35	4270	785	692	5369	1862	0.0	2400	2133	222	1
35	4264	785	692	5365	1860	0.0	2400	2133	222	1
35	4265	784	692	5364	1862	0.0	2400	2133	222	1
35	4266	786	692	5367	1861	0.0	2400	2133	222	1
35	4260	784	691	5358	1861	0.0	2400	2133	222	1
35	4267	785	692	5368	1861	0.0	2400	2133	222	1
35	4261	784	691	5360	1861	0.0	2400	2133	222	1
35	4263	785	692	5364	1861	0.0	2400	2133	222	1
35	4263	784	691	5361	1862	0.0	2400	2133	222	1
35	4257	786	691	5358	1861	0.0	2400	2133	222	1
35	4266	784	691	5364	1861	0.0	2400	2133	222	1
35	4262	783	691	5360	1860	0.0	2400	2133	222	1
35	4268	786	693	5370	1861	0.0	2400	2133	222	1
35	4259	783	691	5357	1862	0.0	2400	2133	222	1
35	4266	786	692	5368	1861	0.0	2400	2133	222	1
35	4263	784	691	5360	1861	0.0	2400	2133	222	1
35	4262	786	692	5363	1860	0.0	2400	2133	222	1
35	4266	783	691	5364	1862	0.0	2400	2133	222	1
35	4262	786	692	5364	1860	0.0	2400	2133	222	1
35	4263	783	691	5359	1862	0.0	2400	2133	222	1
35	4265	786	692	5367	1860	0.0	2400	2133	222	1
35	4258	783	690	5355	1861	0.0	2400	2133	222	1
35	4267	786	693	5369	1860	0.0	2400	2133	222	1
35	4260	784	691	5357	1862	0.0	2400	2133	222	0
35	2516	609	473	3404	1860	0.0	2400	2133	222	0
35	303	382	196	918	1983	0.0	2400	2133	222	0
35	305	385	197	923	3855	361.0	2400	2133	222	0
35	303	382	196	918	3851	364.0	2400	2133	222	0
35	305	385	197	923	3855	361.0	2400	2133	222	0
35	304	384	197	922	3851	364.0	2400	2133	222	0
36	1439	446	320	2121	3859	363.0	2400	2488	0	1
36	4962	644	705	5853	2149	2.0	2400	2488	0	1
36	4953	643	704	5841	1774	0.0	2400	2488	0	1
36	4957	644	705	5848	1774	0.0	2400	2488	0	1
36	4954	643	705	5843	1774	0.0	2400	2488	0	1
36	4953	644	705	5843	1774	0.0	2400	2488	0	1
36	4953	643	705	5842	1774	0.0	2400	2488	0	1
36	4952	643	704	5841	1774	0.0	2400	2488	0	1
36	4959	644	705	5849	1774	0.0	2400	2488	0	1
36	4952	643	704	5841	1774	0.0	2400	2488	0	1
36	4956	644	705	5846	1774	0.0	2400	2488	0	1
36	4954	643	704	5843	1774	0.0	2400	2488	0	1
36	4953	644	705	5843	1774	0.0	2400	2488	0	1
36	4956	643	704	5845	1774	0.0	2400	2488	0	1
36	4950	644	704	5841	1773	0.0	2400	2488	0	1
36	4955	642	704	5843	1775	0.0	2400	2488	0	1
36	4952	644	705	5843	1773	0.0	2400	2488	0	1
36	4950	645	705	5838	1774	0.0	2400	2488	0	1
36	4945	642	703	5833	1773	0.0	2400	2488	0	1
36	4953	645	705	5845	1774	0.0	2400	2488	0	1
36	4947	642	703	5834	1774	0.0	2400	2488	0	1
36	4949	644	705	5841	1773	0.0	2400	2488	0	1
36	4951	642	704	5838	1775	0.0	2400	2488	0	1
36	4947	644	704	5838	1774	0.0	2400	2488	0	1
36	4950	642	704	5837	1775	0.0	2400	2488	0	1
36	4949	645	705	5841	1774	0.0	2400	2488	0	1
36	4946	642	703	5833	1775	0.0	2400	2488	0	1
36	4952	645	705	5844	1773	0.0	2400	2488	0	0
36	2716	517	459	3472	1774	0.0	2400	2488	0	0
36	305	385	197	924	1901	0.0	2400	2488	0	0
36	303	382	196	918	3851	364.0	2400	2488	0	0
36	305	385	197	924	3855	361.0	2400	2488	0	0
36	303	383	196	918	3851	364.0	2400	2488	0	0
36	305	385	197	923	3855	362.0	2400	2488	0	0
37	303	383	196	919	3851	364.0	2400	0	1777	1
37	368	897	404	1721	3855	362.0	2400	0	1777	1
37	647	3163	1320	5243	5573	1000.0	2400	0	1777	1
37	647	3166	1321	5247	9164	3816.0	2400	0	1777	1
37	647	3165	1321	5245	9169	3820.0	2400	0	1777	1
37	646	3163	1320	5243	9169	3818.0	2400	0	1777	1
37	647	3167	1322	5249	9176	3816.0	2400	0	1777	1
37	646	3161	1319	5239	9175	3821.0	2400	0	1777	1
37	647	3167	1322	5249	9170	3814.0	2400	0	1777	1
37	647	3163	1320	5243	9175	3821.0	2400	0	1777	1
37	647	3163	1320	5243	9164	3816.0	2400	0	1777	1
37	647	3166	1321	5247	9164	3816.0	2400	0	1777	1
37	646	3160	1319	5238	9169	3820.0	2400	0	1777	1
37	647	3167	1322	5250	9170	3812.0	2400	0	1777	1
37	646	3162	1319	5239	9175	3821.0	2400	0	1777	1
37	647	3165	1321	5245	9170	3815.0	2400	0	1777	1
37	646	3164	1320	5244	9169	3818.0	2400	0	1777	1
37	647	3162	1320	5242	9176	3818.0	2400	0	1777	1
37	646	3165	1321	5246	9164	3814.0	2400	0	1777	1
37	647	3162	1320	5243	9182	3818.0	2400	0	1777	1
37	648	3165	1321	5248	9164	3814.0	2400	0	1777	1
37	645	3160	1319	5237	9157	3818.0	2400	0	1777	1
37	648	3167	1322	5250	9182	3812.0	2400	0	1777	1
37	645	3160	1319	5236	9163	3820.0	2400	0	1777	1
37	648	3166	1321	5248	9182	3812.0	2400	0	1777	1
37	645	3162	1319	5240	9157	3819.0	2400	0	1777	1
37	647	3162	1320	5243	9182	3816.0	2400	0	1777	1
37	646	3165	1321	5245	9164	3814.0	2400	0	1777	0
37	502	1987	845	3415	9182	3818.0	2400	0	1777	0
37	303	382	196	918	7804	2354.0	2400	0	1777	0
37	305	385	197	924	3855	361.0	2400	0	1777	0
37	303	382	196	918	3851	364.0	2400	0	1777	0
37	305	385	197	924	3855	361.0	2400	0	1777	0
37	303	382	196	918	3851	364.0	2400	0	1777	0
38	305	385	197	923	3855	361.0	2400	355	1555	1
38	464	933	426	1865	3851	364.0	2400	355	1555	1
38	1023	2823	1218	5123	4888	1010.0	2400	355	1555	1
38	1021	2826	1218	5124	5927	3232.0	2400	355	1555	1
38	1022	2825	1218	5124	5936	3237.0	2400	355	1555	1
38	1021	2824	1218	5122	5931	3235.0	2400	355	1555	1
38	1022	2823	1217	5120	5936	3234.0	2400	355	1555	1
38	1021	2826	1219	5125	5927	3233.0	2400	355	1555	1
38	1021	2821	1217	5117	5939	3236.0	2400	355	1555	1
38	1022	2826	1219	5126	5932	3230.0	2400	355	1555	1
38	1021	2823	1217	5120	5935	3236.0	2400	355	1555	1
38	1022	2824	1218	5122	5932	3233.0	2400	355	1555	1
38	1022	2826	1219	5126	5931	3234.0	2400	355	1555	1
38	1022	2821	1217	5118	5935	3236.0	2400	355	1555	1
38	1023	2828	1219	5129	5927	3230.0	2400	355	1555	1
38	1021	2822	1217	5117	5930	3239.0	2400	355	1555	1
38	1023	2826	1219	5127	5932	3231.0	2400	355	1555	1
38	1021	2824	1218	5121	5930	3236.0	2400	355	1555	1
38	1023	2824	1218	5123	5936	3234.0	2400	355	1555	1
38	1021	2826	1218	5124	5927	3233.0	2400	355	1555	1
38	1023	2823	1217	5122	5936	3237.0	2400	355	1555	1
38	1022	2825	1218	5124	5923	3232.0	2400	355	1555	1
38	1022	2823	1217	5125	5931	3235.0	2400	355	1555	1
38	1023	2827	1219	5129	5927	3233.0	2400	355	1555	1
38	1021	2821	1216	5117	5930	3237.0	2400	355	1555	1
38	1024	2829	1220	5131	5928	3231.0	2400	355	1555	1
38	1020	2821	1216	5116	5930	3239.0	2400	355	1555	1
38	1024	2826	1219	5128	5933	3231.0	2400	355	1555	0
38	719	1793	786	3347	5926	3235.0	2400	355	1555	0
38	306	386	197	927	5556	2021.0	2400	355	1555	0
38	304	383	196	920	3843	365.0	2400	355	1555	0
38	306	386	197	926	3847	362.0	2400	355	1555	0
38	304	384	196	921	3843	365.0	2400	355	1555	0
38	305	386	197	925	3847	363.0	2400	355	1555	0
39	304	384	196	921	3851	366.0	2400	711	1333	1
39	609	860	409	1902	3847	363.0	2400	711	1333	1
39	1663	2485	1139	5263	3949	860.0	2400	711	1333	1
39	1666	2491	1141	5273	3991	2548.0	2400	711	1333	1
39	1662	2487	1139	5264	3991	2555.0	2400	711	1333	1
39	1665	2488	1140	5268	3993	2552.0	2400	711	1333	1
39	1662	2489	1139	5268	3990	2552.0	2400	711	1333	1
39	1664	2490	1141	5271	3994	2555.0	2400	711	1333	1
39	1662	2485	1139	5262	3994	2554.0	2400	711	1333	1
39	1665	2490	1141	5272	3993	2549.0	2400	711	1333	1
39	1662	2487	1139	5264	3993	2554.0	2400	711	1333	1
39	1665	2488	1140	5268	3993	2552.0	2400	711	1333	1
39	1662	2488	1140	5266	3990	2552.0	2400	711	1333	1
39	1665	2486	1139	5266	3995	2553.0	2400	711	1333	1
39	1663	2488	1140	5267	3988	2549.0	2400	711	1333	1
39	1662	2486	1139	5264	3994	2552.0	2400	711	1333	1
39	1663	2487	1139	5265	3994	2550.0	2400	711	1333	1
39	1663	2488	1140	5267	3991	2551.0	2400	711	1333	1
39	1663	2485	1138	5261	3994	2552.0	2400	711	1333	1
39	1663	2490	1141	5270	3989	2549.0	2400	711	1333	1
39	1663	2484	1138	5260	3996	2555.0	2400	711	1333	1
39	1665	2491	1141	5273	3989	2547.0	2400	711	1333	1
39	1658	2483	1137	5254	3993	2556.0	2400	711	1333	1
39	1663	2490	1141	5269	3995	2548.0	2400	711	1333	1
39	1659	2485	1138	5259	3996	2555.0	2400	711	1333	1
39	1660	2488	1139	5263	3996	2550.0	2400	711	1333	1
39	1663	2486	1139	5264	3996	2554.0	2400	711	1333	1
39	1662	2488	1140	5266	3991	2550.0	2400	711	1333	0
39	1037	1516	704	3260	3995	2553.0	2400	711	1333	0
39	304	384	196	922	3977	1540.0	2400	711	1333	0
39	306	386	197	926	3847	363.0	2400	711	1333	0
39	305	384	196	922	3843	365.0	2400	711	1333	0
39	306	386	197	926	3839	363.0	2400	711	1333	0
39	305	385	197	923	3843	365.0	2400	711	1333	0
40	305	385	197	925	3851	364.0	2400	1066	1111	1
40	641	682	342	1679	3851	364.0	2400	1066	1111	1
40	2326	2149	1063	5428	3423	618.0	2400	1066	1111	1
40	2325	2153	1064	5432	3082	1858.0	2400	1066	1111	1
40	2322	2149	1062	5423	3084	1864.0	2400	1066	1111	1
40	2326	2152	1064	5432	3083	1860.0	2400	1066	1111	1
40	2321	2151	1063	5425	3083	1862.0	2400	1066	1111	1
40	2323	2150	1063	5426	3085	1863.0	2400	1066	1111	1
40	2317	2151	1063	5422	3084	1861.0	2400	1066	1111	1
40	2321	2150	1063	5425	3089	1864.0	2400	1066	1111	1
40	2320	2152	1063	5426	3086	1861.0	2400	1066	1111	1
40	2321	2148	1062	5421	3087	1865.0	2400	1066	1111	1
40	2317	2153	1064	5426	3084	1859.0	2400	1066	1111	1
40	2317	2147	1061	5416	3091	1867.0	2400	1066	1111	1
40	2322	2154	1064	5431	3086	1859.0	2400	1066	1111	1
40	2317	2148	1061	5418	3087	1867.0	2400	1066	1111	1
40	2323	2151	1063	5429	3086	1861.0	2400	1066	1111	1
40	2318	2151	1063	5422	3085	1862.0	2400	1066	1111	1
40	2323	2150	1063	5427	3088	1864.0	2400	1066	1111	1
40	2322	2151	1063	5427	3085	1861.0	2400	1066	1111	1
40	2321	2152	1063	5427	3086	1863.0	2400	1066	1111	1
40	2323	2149	1062	5424	3086	1865.0	2400	1066	1111	1
40	2321	2154	1064	5430	3082	1860.0	2400	1066	1111	1
40	2321	2148	1062	5421	3088	1867.0	2400	1066	1111	1
40	2324	2154	1064	5434	3084	1859.0	2400	1066	1111	1
40	2320	2149	1062	5423	3086	1866.0	2400	1066	1111	1
40	2326	2151	1063	5431	3085	1861.0	2400	1066	1111	1
40	2325	2150	1063	5428	3083	1861.0	2400	1066	1111	0
40	1511	1437	713	3611	3082	1860.0	2400	1066	1111	0
40	306	386	197	926	3154	1255.0	2400	1066	1111	0
40	305	385	197	925	3843	365.0	2400	1066	1111	0
40	305	385	197	925	3851	364.0	2400	1066	1111	0
40	306	386	197	926	3851	364.0	2400	1066	1111	0
40	305	385	197	924	3843	365.0	2400	1066	1111	0
41	306	386	197	926	3851	364.0	2400	1422	888	1
41	857	680	360	1886	3843	365.0	2400	1422	888	1
41	2985	1815	987	5591	2978	531.0	2400	1422	888	1
41	2988	1810	986	5588	2564	1173.0	2400	1422	888	1
41	2986	1815	987	5593	2561	1165.0	2400	1422	888	1
41	2985	1810	985	5584	2564	1172.0	2400	1422	888	1
41	2988	1815	988	5595	2561	1166.0	2400	1422	888	1
41	2981	1810	985	5581	2564	1171.0	2400	1422	888	1
41	2989	1813	987	5593	2564	1168.0	2400	1422	888	1
41	2982	1812	986	5584	2562	1168.0	2400	1422	888	1
41	2987	1812	986	5590	2564	1170.0	2400	1422	888	1
41	2984	1812	986	5587	2563	1168.0	2400	1422	888	1
41	2986	1812	986	5588	2564	1169.0	2400	1422	888	1
41	2983	1814	987	5589	2562	1168.0	2400	1422	888	1
41	2986	1810	985	5585	2565	1172.0	2400	1422	888	1
41	2984	1815	987	5591	2561	1166.0	2400	1422	888	1
41	2983	1810	985	5583	2565	1173.0	2400	1422	888	1
41	2986	1815	987	5593	2563	1167.0	2400	1422	888	1
41	2981	1811	985	5582	2564	1172.0	2400	1422	888	1
41	2987	1813	986	5591	2564	1169.0	2400	1422	888	1
41	2981	1813	986	5584	2563	1170.0	2400	1422	888	1
41	2986	1811	986	5588	2564	1172.0	2400	1422	888	1
41	2984	1813	986	5588	2563	1167.0	2400	1422	888	1
41	2982	1811	985	5583	2564	1171.0	2400	1422	888	1
41	2986	1813	987	5590	2563	1169.0	2400	1422	888	1
41	2980	1812	986	5582	2563	1169.0	2400	1422	888	1
41	2986	1811	986	5588	2564	1170.0	2400	1422	888	1
41	2982	1813	986	5586	2563	1167.0	2400	1422	888	1
41	2985	1812	986	5587	2565	1171.0	2400	1422	888	0
41	1905	1235	667	3705	2562	1169.0	2400	1422	888	0
41	304	384	196	922	2656	842.0	2400	1422	888	0
41	306	386	198	927	3847	363.0	2400	1422	888	0
41	304	384	196	922	3856	364.0	2400	1422	888	0
41	306	387	198	928	3847	363.0	2400	1422	888	0
42	304	384	196	921	3856	366.0	2400	1777	666	1
42	1002	614	346	1933	3847	363.0	2400	1777	666	1
42	3643	1475	909	5746	2671	390.0	2400	1777	666	1
42	3649	1476	910	5755	2227	480.0	2400	1777	666	1
42	3644	1475	909	5748	2227	478.0	2400	1777	666	1
42	3647	1476	910	5751	2227	479.0	2400	1777	666	1
42	3647	1475	910	5750	2226	479.0	2400	1777	666	1
42	3644	1477	910	5750	2226	478.0	2400	1777	666	1
42	3648	1474	909	5749	2228	482.0	2400	1777	666	1
42	3643	1477	910	5749	2225	476.0	2400	1777	666	1
42	3645	1474	909	5747	2228	482.0	2400	1777	666	1
42	3645	1477	910	5751	2226	477.0	2400	1777	666	1
42	3643	1474	909	5745	2228	481.0	2400	1777	666	1
42	3647	1477	910	5753	2227	478.0	2400	1777	666	1
42	3647	1475	909	5750	2227	481.0	2400	1777	666	1
42	3642	1476	910	5747	2226	478.0	2400	1777	666	1
42	3646	1474	909	5748	2228	481.0	2400	1777	666	1
42	3645	1477	910	5750	2226	477.0	2400	1777	666	1
42	3643	1473	909	5744	2227	481.0	2400	1777	666	1
42	3647	1477	910	5753	2227	476.0	2400	1777	666	1
42	3640	1474	909	5743	2227	481.0	2400	1777	666	1
42	3648	1475	910	5752	2228	479.0	2400	1777	666	1
42	3641	1475	909	5743	2227	477.0	2400	1777	666	1
42	3645	1475	909	5749	2227	480.0	2400	1777	666	1
42	3643	1475	909	5746	2226	479.0	2400	1777	666	1
42	3641	1475	909	5746	2227	480.0	2400	1777	666	1
42	3644	1474	909	5746	2228	480.0	2400	1777	666	1
42	3640	1477	910	5747	2227	478.0	2400	1777	666	1
42	3643	1472	908	5743	2229	483.0	2400	1777	666	0
42	2158	991	593	3603	2226	476.0	2400	1777	666	0
42	304	384	196	922	2346	429.0	2400	1777	666	0
42	306	387	198	928	3847	363.0	2400	1777	666	0
42	306	387	198	928	3856	366.0	2400	1777	666	0
42	304	384	196	922	3856	366.0	2400	1777	666	0
42	306	386	197	927	3847	363.0	2400	1777	666	0
43	901	497	291	1667	3843	365.0	2400	2133	444	1
43	4305	1138	833	5909	2589	278.0	2400	2133	444	1
43	4312	1138	833	5914	1991	0.0	2400	2133	444	1
43	4307	1139	833	5913	1990	0.0	2400	2133	444	1
43	4313	1137	833	5916	1991	0.0	2400	2133	444	1
43	4308	1139	833	5914	1990	0.0	2400	2133	444	1
43	4310	1137	833	5913	1991	0.0	2400	2133	444	1
43	4310	1138	833	5915	1991	0.0	2400	2133	444	1
43	4306	1138	833	5911	1991	0.0	2400	2133	444	1
43	4312	1137	833	5914	1991	0.0	2400	2133	444	1
43	4305	1139	833	5910	1990	0.0	2400	2133	444	1
43	4308	1136	832	5909	1991	0.0	2400	2133	444	1
43	4307	1139	833	5913	1990	0.0	2400	2133	444	1
43	4306	1136	832	5907	1991	0.0	2400	2133	444	1
43	4311	1140	834	5918	1990	0.0	2400	2133	444	1
43	4303	1138	834	5906	1991	0.0	2400	2133	444	1
43	4304	1137	832	5906	1992	0.0	2400	2133	444	1
43	4309	1138	833	5913	1991	0.0	2400	2133	444	1
43	4306	1137	832	5908	1991	0.0	2400	2133	444	1
43	4306	1138	833	5911	1990	0.0	2400	2133	444	1
43	4309	1136	832	5910	1991	0.0	2400	2133	444	1
43	4303	1139	833	5909	1990	0.0	2400	2133	444	1
43	4308	1136	832	5908	1992	0.0	2400	2133	444	1
43	4307	1139	834	5913	1989	0.0	2400	2133	444	1
43	4304	1136	832	5904	1992	0.0	2400	2133	444	1
43	4309	1139	834	5915	1990	0.0	2400	2133	444	1
43	4301	1137	832	5904	1992	0.0	2400	2133	444	1
43	4309	1138	833	5913	1991	0.0	2400	2133	444	0
43	2760	846	587	3982	1991	0.0	2400	2133	444	0
43	306	386	197	926	2082	9.0	2400	2133	444	0
43	305	385	197	924	3843	365.0	2400	2133	444	0
43	305	386	197	925	3851	364.0	2400	2133	444	0
43	305	385	197	924	3851	366.0	2400	2133	444	0
43	305	385	197	925	3851	364.0	2400	2133	444	0
44	1196	469	306	1915	3851	364.0	2400	2488	222	1
44	4981	827	771	6126	2297	127.0	2400	2488	222	1
44	4982	826	771	6124	1827	0.0	2400	2488	222	1
44	4977	828	771	6122	1826	0.0	2400	2488	222	1
44	4981	826	770	6123	1827	0.0	2400	2488	222	1
44	4977	828	771	6123	1826	0.0	2400	2488	222	1
44	4977	825	770	6119	1828	0.0	2400	2488	222	1
44	4980	828	771	6126	1827	0.0	2400	2488	222	1
44	4973	825	769	6114	1827	0.0	2400	2488	222	1
44	4981	828	771	6126	1826	0.0	2400	2488	222	1
44	4974	825	770	6115	1826	0.0	2400	2488	222	1
44	4978	828	771	6124	1826	0.0	2400	2488	222	1
44	4976	825	770	6118	1827	0.0	2400	2488	222	1
44	4974	828	771	6120	1827	0.0	2400	2488	222	1
44	4977	825	770	6118	1828	0.0	2400	2488	222	1
44	4974	828	771	6119	1826	0.0	2400	2488	222	1
44	4975	825	770	6116	1827	0.0	2400	2488	222	1
44	4977	828	771	6122	1826	0.0	2400	2488	222	1
44	4977	827	771	6122	1827	0.0	2400	2488	222	1
44	4969	825	769	6111	1828	0.0	2400	2488	222	1
44	4977	827	771	6121	1827	0.0	2400	2488	222	1
44	4973	826	770	6116	1827	0.0	2400	2488	222	1
44	4973	826	770	6116	1827	0.0	2400	2488	222	1
44	4975	826	770	6118	1827	0.0	2400	2488	222	1
44	4968	826	769	6112	1827	0.0	2400	2488	222	1
44	4975	826	770	6118	1827	0.0	2400	2488	222	1
44	4971	826	770	6114	1827	0.0	2400	2488	222	1
44	4971	826	770	6114	1827	0.0	2400	2488	222	0
44	3164	655	547	4102	1827	0.0	2400	2488	222	0
44	306	386	197	927	1912	0.0	2400	2488	222	0
44	305	385	197	923	3843	365.0	2400	2488	222	0
44	306	386	197	927	3851	364.0	2400	2488	222	0
44	304	384	196	922	3843	365.0	2400	2488	222	0
44	306	387	198	928	3847	363.0	2400	2488	222	0
45	304	384	196	922	3856	366.0	2400	2844	0	1
45	1331	444	310	2012	3847	363.0	2400	2844	0	1
45	5668	686	784	6603	2197	41.0	2400	2844	0	1
45	5661	684	782	6593	1755	0.0	2400	2844	0	1
45	5666	686	784	6601	1754	0.0	2400	2844	0	1
45	5664	684	782	6595	1755	0.0	2400	2844	0	1
45	5668	686	784	6603	1754	0.0	2400	2844	0	1
45	5671	684	783	6603	1755	0.0	2400	2844	0	1
45	5672	686	784	6608	1754	0.0	2400	2844	0	1
45	5675	684	784	6607	1755	0.0	2400	2844	0	1
45	5673	687	785	6609	1754	0.0	2400	2844	0	1
45	5672	685	784	6604	1755	0.0	2400	2844	0	1
45	5674	686	785	6609	1754	0.0	2400	2844	0	1
45	5668	685	783	6601	1755	0.0	2400	2844	0	1
45	5674	686	784	6609	1754	0.0	2400	2844	0	1
45	5667	685	783	6601	1755	0.0	2400	2844	0	1
45	5671	686	784	6605	1755	0.0	2400	2844	0	1
45	5671	685	784	6605	1754	0.0	2400	2844	0	1
45	5668	685	784	6602	1755	0.0	2400	2844	0	1
45	5672	686	784	6606	1755	0.0	2400	2844	0	1
45	5670	686	784	6597	1754	0.0	2400	2844	0	1
45	5662	684	783	6595	1753	0.0	2400	2844	0	1
45	5660	685	783	6594	1755	0.0	2400	2844	0	1
45	5664	684	783	6596	1755	0.0	2400	2844	0	1
45	5660	686	783	6595	1755	0.0	2400	2844	0	1
45	5668	684	783	6599	1755	0.0	2400	2844	0	1
45	5667	686	784	6602	1754	0.0	2400	2844	0	1
45	5665	684	783	6596	1755	0.0	2400	2844	0	0
45	3380	559	534	4181	1754	0.0	2400	2844	0	0
45	304	384	196	922	1848	0.0	2400	2844	0	0
45	306	387	198	928	3847	363.0	2400	2844	0	0
45	304	384	196	922	3856	366.0	2400	2844	0	0
45	307	387	198	928	3847	363.0	2400	2844	0	0
45	304	384	196	922	3848	366.0	2400	2844	0	0
46	306	387	198	928	3847	363.0	2400	0	2000	1
46	356	807	367	1579	3856	366.0	2400	0	2000	1
46	696	3550	1478	5848	5318	889.0	2400	0	2000	1
46	695	3549	1477	5844	9481	4295.0	2400	0	2000	1
46	696	3546	1477	5841	9487	4294.0	2400	0	2000	1
46	696	3548	1477	5844	9476	4289.0	2400	0	2000	1
46	694	3546	1476	5840	9476	4293.0	2400	0	2000	1
46	696	3551	1478	5849	9494	4291.0	2400	0	2000	1
46	694	3544	1475	5837	9481	4297.0	2400	0	2000	1
46	696	3550	1477	5847	9488	4288.0	2400	0	2000	1
46	695	3547	1476	5841	9476	4296.0	2400	0	2000	1
46	695	3547	1476	5841	9482	4292.0	2400	0	2000	1
46	695	3550	1477	5847	9482	4292.0	2400	0	2000	1
46	694	3544	1475	5836	9487	4296.0	2400	0	2000	1
46	696	3550	1477	5846	9488	4288.0	2400	0	2000	1
46	694	3546	1475	5839	9476	4296.0	2400	0	2000	1
46	695	3547	1476	5842	9488	4292.0	2400	0	2000	1
46	695	3549	1477	5843	9482	4292.0	2400	0	2000	1
46	695	3545	1475	5839	9487	4294.0	2400	0	2000	1
46	694	3548	1476	5842	9476	4290.0	2400	0	2000	1
46	696	3548	1476	5843	9494	4294.0	2400	0	2000	1
46	694	3545	1475	5837	9470	4293.0	2400	0	2000	1
46	696	3550	1478	5848	9488	4290.0	2400	0	2000	1
46	696	3551	1478	5848	9481	4295.0	2400	0	2000	1
46	694	3544	1475	5836	9481	4297.0	2400	0	2000	1
46	696	3548	1477	5844	9488	4288.0	2400	0	2000	1
46	694	3547	1476	5840	9476	4293.0	2400	0	2000	1
46	696	3545	1476	5840	9494	4292.0	2400	0	2000	0
46	550	2379	1003	4023	9470	4289.0	2400	0	2000	0
46	306	387	198	928	8339	2842.0	2400	0	2000	0
46	304	384	196	922	3856	366.0	2400	0	2000	0
46	306	386	198	927	3847	363.0	2400	0	2000	0
46	304	384	196	922	3856	364.0	2400	0	2000	0
46	306	386	197	927	3847	363.0	2400	0	2000	0
47	305	385	197	923	3843	365.0	2400	355	1777	1
47	436	872	400	1751	3851	364.0	2400	355	1777	1
47	1069	3204	1372	5715	4886	942.0	2400	355	1777	1
47	1070	3203	1372	5715	6280	3705.0	2400	355	1777	1
47	1069	3206	1373	5719	6276	3703.0	2400	355	1777	1
47	1069	3201	1371	5711	6284	3708.0	2400	355	1777	1
47	1070	3206	1373	5719	6277	3701.0	2400	355	1777	1
47	1070	3203	1372	5714	6279	3707.0	2400	355	1777	1
47	1069	3205	1373	5716	6276	3703.0	2400	355	1777	1
47	1070	3201	1371	5711	6284	3706.0	2400	355	1777	1
47	1070	3205	1373	5716	6272	3701.0	2400	355	1777	1
47	1070	3203	1372	5715	6279	3706.0	2400	355	1777	1
47	1069	3202	1372	5712	6276	3703.0	2400	355	1777	1
47	1070	3206	1373	5719	6280	3702.0	2400	355	1777	1
47	1068	3199	1370	5707	6279	3707.0	2400	355	1777	1
47	1071	3208	1374	5722	6278	3699.0	2400	355	1777	1
47	1068	3200	1370	5707	6278	3710.0	2400	355	1777	1
47	1071	3206	1373	5719	6278	3701.0	2400	355	1777	1
47	1068	3202	1371	5711	6275	3707.0	2400	355	1777	1
47	1071	3203	1372	5715	6281	3703.0	2400	355	1777	1
47	1068	3205	1373	5715	6271	3703.0	2400	355	1777	1
47	1070	3202	1372	5713	6289	3707.0	2400	355	1777	1
47	1069	3204	1372	5714	6276	3702.0	2400	355	1777	1
47	1070	3204	1373	5716	6280	3705.0	2400	355	1777	1
47	1069	3201	1371	5710	6279	3704.0	2400	355	1777	1
47	1069	3199	1370	5708	6277	3701.0	2400	355	1777	1
47	1071	3207	1374	5721	6273	3699.0	2400	355	1777	1
47	1068	3200	1371	5708	6278	3708.0	2400	355	1777	0
47	789	2164	939	3949	6281	3700.0	2400	355	1777	0
47	305	385	197	923	5925	2472.0	2400	355	1777	0
47	305	385	197	925	3851	364.0	2400	355	1777	0
47	305	385	197	924	3851	364.0	2400	355	1777	0
47	306	386	197	925	3851	364.0	2400	355	1777	0
47	306	386	197	926	3843	365.0	2400	355	1777	0
48	305	385	197	924	3843	365.0	2400	711	1555	1
48	549	818	388	1784	3851	364.0	2400	711	1555	1
48	1712	2867	1294	5859	4083	828.0	2400	711	1555	1
48	1715	2865	1294	5860	4266	3022.0	2400	711	1555	1
48	1711	2867	1295	5860	4261	3018.0	2400	711	1555	1
48	1713	2864	1293	5856	4271	3021.0	2400	711	1555	1
48	1714	2866	1294	5860	4263	3017.0	2400	711	1555	1
48	1712	2866	1294	5859	4263	3020.0	2400	711	1555	1
48	1713	2864	1293	5856	4267	3020.0	2400	711	1555	1
48	1713	2862	1292	5862	4263	3017.0	2400	711	1555	1
48	1714	2869	1296	5865	4263	3015.0	2400	711	1555	1
48	1710	2862	1292	5850	4268	3023.0	2400	711	1555	1
48	1715	2868	1295	5863	4265	3016.0	2400	711	1555	1
48	1710	2865	1293	5855	4264	3022.0	2400	711	1555	1
48	1715	2865	1294	5859	4268	3020.0	2400	711	1555	1
48	1711	2866	1294	5857	4261	3018.0	2400	711	1555	1
48	1713	2864	1293	5857	4268	3021.0	2400	711	1555	1
48	1713	2866	1294	5859	4263	3017.0	2400	711	1555	1
48	1713	2866	1294	5860	4265	3020.0	2400	711	1555	1
48	1713	2863	1293	5854	4265	3020.0	2400	711	1555	1
48	1713	2868	1295	5862	4263	3016.0	2400	711	1555	1
48	1712	2862	1292	5852	4267	3022.0	2400	711	1555	1
48	1714	2868	1295	5864	4262	3015.0	2400	711	1555	1
48	1711	2863	1293	5853	4266	3022.0	2400	711	1555	1
48	1714	2866	1294	5860	4266	3017.0	2400	711	1555	1
48	1711	2865	1294	5856	4263	3020.0	2400	711	1555	1
48	1714	2863	1293	5856	4268	3019.0	2400	711	1555	1
48	1712	2867	1295	5860	4261	3016.0	2400	711	1555	0
48	1137	1847	844	3835	4269	3021.0	2400	711	1555	0
48	305	385	197	924	4219	1928.0	2400	711	1555	0
48	306	386	197	926	3851	364.0	2400	711	1555	0
48	305	385	197	923	3843	365.0	2400	711	1555	0
48	306	386	197	926	3851	364.0	2400	711	1555	0
48	305	384	196	922	3843	365.0	2400	711	1555	0
49	306	386	197	927	3839	363.0	2400	1066	1333	1
49	539	630	313	1504	3843	365.0	2400	1066	1333	1
49	2369	2530	1218	6017	3603	590.0	2400	1066	1333	1
49	2370	2524	1215	6009	3309	2332.0	2400	1066	1333	1
49	2369	2531	1218	6019	3304	2325.0	2400	1066	1333	1
49	2366	2524	1215	6005	3310	2334.0	2400	1066	1333	1
49	2371	2528	1217	6017	3307	2326.0	2400	1066	1333	1
49	2365	2526	1216	6008	3307	2329.0	2400	1066	1333	1
49	2370	2526	1216	6013	3310	2329.0	2400	1066	1333	1
49	2366	2527	1216	6010	3306	2327.0	2400	1066	1333	1
49	2367	2526	1216	6009	3309	2330.0	2400	1066	1333	1
49	2368	2525	1215	6008	3308	2328.0	2400	1066	1333	1
49	2367	2523	1215	6004	3305	2327.0	2400	1066	1333	1
49	2368	2529	1218	6016	3306	2324.0	2400	1066	1333	1
49	2364	2523	1215	6003	3311	2331.0	2400	1066	1333	1
49	2370	2527	1217	6014	3309	2325.0	2400	1066	1333	1
49	2364	2526	1216	6006	3307	2328.0	2400	1066	1333	1
49	2369	2525	1216	6010	3310	2329.0	2400	1066	1333	1
49	2364	2527	1216	6009	3306	2326.0	2400	1066	1333	1
49	2366	2525	1216	6007	3311	2331.0	2400	1066	1333	1
49	2365	2528	1217	6010	3309	2327.0	2400	1066	1333	1
49	2363	2526	1216	6006	3311	2331.0	2400	1066	1333	1
49	2367	2525	1216	6009	3312	2329.0	2400	1066	1333	1
49	2364	2529	1217	6010	3309	2326.0	2400	1066	1333	1
49	2366	2524	1215	6006	3312	2333.0	2400	1066	1333	1
49	2366	2529	1217	6013	3308	2326.0	2400	1066	1333	1
49	2364	2526	1216	6007	3311	2332.0	2400	1066	1333	1
49	2367	2525	1216	6008	3311	2329.0	2400	1066	1333	1
49	2364	2529	1217	6012	3308	2326.0	2400	1066	1333	0
49	1644	1773	858	4223	3313	2333.0	2400	1066	1333	0
49	305	385	197	923	3350	1636.0	2400	1066	1333	0
49	306	387	198	928	3851	364.0	2400	1066	1333	0
49	305	384	196	922	3856	366.0	2400	1066	1333	0
49	307	387	198	928	3839	363.0	2400	1066	1333	0
50	304	384	196	922	3848	366.0	2400	1422	1111	1
50	725	667	344	1739	3847	363.0	2400	1422	1111	1
50	3026	2189	1139	6169	3198	565.0	2400	1422	1111	1
50	3024	2192	1141	6172	2750	1638.0	2400	1422	1111	1
50	3027	2186	1138	6167	2754	1642.0	2400	1422	1111	1
50	3025	2193	1141	6174	2748	1634.0	2400	1422	1111	1
50	3023	2186	1138	6163	2753	1644.0	2400	1422	1111	1
50	3027	2192	1141	6176	2750	1635.0	2400	1422	1111	1
50	3021	2189	1139	6164	2752	1641.0	2400	1422	1111	1
50	3028	2190	1140	6173	2752	1640.0	2400	1422	1111	1
50	3020	2190	1139	6165	2750	1639.0	2400	1422	1111	1
50	3025	2189	1139	6169	2753	1642.0	2400	1422	1111	1
50	3023	2190	1140	6168	2751	1639.0	2400	1422	1111	1
50	3023	2189	1139	6168	2753	1640.0	2400	1422	1111	1
50	3020	2191	1140	6169	2752	1639.0	2400	1422	1111	1
50	3023	2187	1139	6164	2755	1643.0	2400	1422	1111	1
50	3020	2191	1140	6167	2751	1636.0	2400	1422	1111	1
50	3020	2187	1138	6162	2754	1643.0	2400	1422	1111	1
50	3024	2191	1140	6170	2752	1638.0	2400	1422	1111	1
50	3019	2189	1139	6164	2752	1642.0	2400	1422	1111	1
50	3024	2188	1139	6166	2754	1641.0	2400	1422	1111	1
50	3019	2191	1140	6166	2751	1638.0	2400	1422	1111	1
50	3021	2187	1138	6162	2755	1643.0	2400	1422	1111	1
50	3022	2191	1140	6169	2751	1638.0	2400	1422	1111	1
50	3018	2188	1138	6160	2753	1642.0	2400	1422	1111	1
50	3024	2189	1139	6168	2753	1640.0	2400	1422	1111	1
50	3016	2190	1139	6161	2751	1639.0	2400	1422	1111	1
50	3022	2188	1139	6165	2755	1643.0	2400	1422	1111	1
50	3018	2190	1139	6163	2752	1638.0	2400	1422	1111	0
50	2066	1553	807	4320	2754	1643.0	2400	1422	1111	0
50	305	384	196	922	2818	1189.0	2400	1422	1111	0
50	307	387	198	928	3839	363.0	2400	1422	1111	0
50	305	384	196	922	3848	366.0	2400	1422	1111	0
50	304	384	196	922	3839	363.0	2400	1422	1111	0
50	307	387	198	928	3847	363.0	2400	1422	1111	0
51	823	611	330	1754	3848	366.0	2400	1777	888	1
51	3686	1851	1063	6329	2904	455.0	2400	1777	888	1
51	3677	1851	1062	6320	2386	946.0	2400	1777	888	1
51	3679	1851	1062	6322	2388	950.0	2400	1777	888	1
51	3680	1850	1062	6322	2387	949.0	2400	1777	888	1
51	3682	1852	1063	6327	2387	947.0	2400	1777	888	1
51	3682	1848	1061	6322	2387	949.0	2400	1777	888	1
51	3677	1853	1063	6323	2386	944.0	2400	1777	888	1
51	3681	1848	1061	6320	2389	952.0	2400	1777	888	1
51	3683	1853	1063	6330	2385	945.0	2400	1777	888	1
51	3678	1849	1061	6319	2388	950.0	2400	1777	888	1
51	3693	1852	1064	6337	2387	947.0	2400	1777	888	1
51	3685	1852	1063	6330	2385	945.0	2400	1777	888	1
51	3690	1851	1063	6333	2386	948.0	2400	1777	888	1
51	3688	1852	1063	6333	2385	945.0	2400	1777	888	1
51	3687	1851	1063	6329	2386	947.0	2400	1777	888	1
51	3685	1852	1063	6330	2385	946.0	2400	1777	888	1
51	3690	1850	1063	6331	2386	948.0	2400	1777	888	1
51	3687	1852	1063	6332	2384	943.0	2400	1777	888	1
51	3687	1850	1062	6329	2386	948.0	2400	1777	888	1
51	3689	1851	1063	6333	2385	945.0	2400	1777	888	1
51	3684	1852	1063	6329	2385	945.0	2400	1777	888	1
51	3690	1849	1062	6330	2387	949.0	2400	1777	888	1
51	3686	1853	1063	6332	2384	943.0	2400	1777	888	1
51	3686	1849	1062	6326	2386	950.0	2400	1777	888	1
51	3689	1853	1064	6335	2385	944.0	2400	1777	888	1
51	3683	1850	1062	6324	2386	948.0	2400	1777	888	1
51	3690	1850	1063	6333	2386	946.0	2400	1777	888	0
51	2365	1277	724	4215	2385	943.0	2400	1777	888	0
51	307	387	198	929	2470	717.0	2400	1777	888	0
51	305	384	196	922	3848	366.0	2400	1777	888	0
51	307	387	198	928	3839	363.0	2400	1777	888	0
51	304	384	196	922	3848	366.0	2400	1777	888	0
51	307	387	198	929	3847	363.0	2400	1777	888	0
52	697	497	274	1468	3848	366.0	2400	2133	666	1
52	4354	1513	986	6496	2888	357.0	2400	2133	666	1
52	4356	1517	988	6505	2128	252.0	2400	2133	666	1
52	4348	1514	986	6491	2129	257.0	2400	2133	666	1
52	4350	1514	987	6494	2129	256.0	2400	2133	666	1
52	4342	1513	985	6485	2129	254.0	2400	2133	666	1
52	4349	1514	986	6493	2130	257.0	2400	2133	666	1
52	4352	1514	987	6496	2129	256.0	2400	2133	666	1
52	4350	1515	987	6496	2129	254.0	2400	2133	666	1
52	4355	1513	986	6497	2129	256.0	2400	2133	666	1
52	4349	1516	987	6497	2128	252.0	2400	2133	666	1
52	4352	1513	986	6494	2130	258.0	2400	2133	666	1
52	4351	1516	988	6499	2128	253.0	2400	2133	666	1
52	4347	1513	986	6490	2130	257.0	2400	2133	666	1
52	4353	1514	987	6498	2129	255.0	2400	2133	666	1
52	4345	1514	986	6490	2129	254.0	2400	2133	666	1
52	4348	1513	986	6491	2130	257.0	2400	2133	666	1
52	4339	1514	986	6484	2129	254.0	2400	2133	666	1
52	4339	1513	985	6481	2131	259.0	2400	2133	666	1
52	4329	1513	985	6473	2129	258.0	2400	2133	666	1
52	4337	1512	985	6478	2132	261.0	2400	2133	666	1
52	4347	1514	986	6492	2130	257.0	2400	2133	666	1
52	4350	1513	986	6494	2130	256.0	2400	2133	666	1
52	4351	1514	987	6495	2129	254.0	2400	2133	666	1
52	4347	1514	987	6492	2129	254.0	2400	2133	666	1
52	4352	1512	986	6494	2130	255.0	2400	2133	666	1
52	4346	1515	987	6492	2128	251.0	2400	2133	666	1
52	4348	1512	986	6489	2130	257.0	2400	2133	666	0
52	3003	1138	724	4640	2129	253.0	2400	2133	666	0
52	305	385	196	923	2197	291.0	2400	2133	666	0
52	306	387	198	928	3839	365.0	2400	2133	666	0
52	305	384	196	922	3856	366.0	2400	2133	666	0
52	306	387	198	928	3839	363.0	2400	2133	666	0
52	305	384	196	922	3856	366.0	2400	2133	666	0
53	306	387	198	928	3839	363.0	2400	2488	444	1
53	945	492	293	1702	3856	366.0	2400	2488	444	1
53	5022	1178	910	6669	2532	255.0	2400	2488	444	1
53	5017	1179	911	6664	1938	0.0	2400	2488	444	1
53	5021	1175	910	6662	1939	0.0	2400	2488	444	1
53	5017	1179	911	6664	1937	0.0	2400	2488	444	1
53	5017	1175	910	6658	1939	0.0	2400	2488	444	1
53	5019	1179	911	6666	1937	0.0	2400	2488	444	1
53	5013	1176	910	6655	1938	0.0	2400	2488	444	1
53	5021	1178	911	6667	1938	0.0	2400	2488	444	1
53	5011	1176	910	6655	1938	0.0	2400	2488	444	1
53	5018	1178	911	6663	1939	0.0	2400	2488	444	1
53	5013	1176	910	6656	1938	0.0	2400	2488	444	1
53	5011	1177	910	6655	1938	0.0	2400	2488	444	1
53	5010	1175	909	6651	1939	0.0	2400	2488	444	1
53	5012	1178	911	6658	1938	0.0	2400	2488	444	1
53	5018	1175	910	6660	1939	0.0	2400	2488	444	1
53	5015	1178	911	6661	1938	0.0	2400	2488	444	1
53	5015	1175	910	6657	1939	0.0	2400	2488	444	1
53	5017	1178	911	6663	1938	0.0	2400	2488	444	1
53	5012	1176	910	6656	1939	0.0	2400	2488	444	1
53	5010	1176	910	6653	1938	0.0	2400	2488	444	1
53	5015	1175	910	6657	1939	0.0	2400	2488	444	1
53	5012	1176	910	6655	1938	0.0	2400	2488	444	1
53	5011	1175	909	6653	1938	0.0	2400	2488	444	1
53	5016	1175	910	6657	1938	0.0	2400	2488	444	1
53	5008	1176	909	6651	1937	0.0	2400	2488	444	1
53	5015	1175	910	6657	1938	0.0	2400	2488	444	0
53	3443	911	672	4743	1938	0.0	2400	2488	444	0
53	305	385	197	925	2003	0.0	2400	2488	444	0
53	305	384	197	922	3851	364.0	2400	2488	444	0
53	306	385	197	925	3851	362.0	2400	2488	444	0
53	304	384	196	922	3843	364.0	2400	2488	444	0
53	305	385	197	925	3847	363.0	2400	2488	444	0
54	304	384	196	922	3851	364.0	2400	2844	222	1
54	1039	451	286	1736	3847	363.0	2400	2844	222	1
54	5698	865	849	6881	2385	165.0	2400	2844	222	1
54	5699	867	850	6885	1800	0.0	2400	2844	222	1
54	5691	865	848	6874	1801	0.0	2400	2844	222	1
54	5691	865	848	6873	1800	0.0	2400	2844	222	1
54	5694	867	849	6879	1800	0.0	2400	2844	222	1
54	5691	865	848	6874	1800	0.0	2400	2844	222	1
54	5689	867	849	6875	1800	0.0	2400	2844	222	1
54	5692	864	848	6874	1801	0.0	2400	2844	222	1
54	5689	867	849	6875	1800	0.0	2400	2844	222	1
54	5688	864	848	6870	1801	0.0	2400	2844	222	1
54	5685	867	849	6871	1800	0.0	2400	2844	222	1
54	5689	864	848	6871	1801	0.0	2400	2844	222	1
54	5694	867	849	6880	1800	0.0	2400	2844	222	1
54	5675	864	846	6856	1800	0.0	2400	2844	222	1
54	5680	866	848	6866	1800	0.0	2400	2844	222	1
54	5677	864	847	6858	1801	0.0	2400	2844	222	1
54	5681	866	848	6866	1800	0.0	2400	2844	222	1
54	5690	865	848	6873	1801	0.0	2400	2844	222	1
54	5687	867	849	6874	1800	0.0	2400	2844	222	1
54	5689	864	848	6871	1801	0.0	2400	2844	222	1
54	5690	867	849	6876	1800	0.0	2400	2844	222	1
54	5683	866	848	6868	1801	0.0	2400	2844	222	1
54	5676	864	846	6857	1801	0.0	2400	2844	222	1
54	5684	866	848	6869	1800	0.0	2400	2844	222	1
54	5689	865	848	6871	1801	0.0	2400	2844	222	1
54	5685	867	848	6871	1800	0.0	2400	2844	222	0
54	3676	685	604	4648	1801	0.0	2400	2844	222	0
54	306	386	197	927	1874	0.0	2400	2844	222	0
54	305	385	197	923	3843	365.0	2400	2844	222	0
54	306	386	197	926	3851	364.0	2400	2844	222	0
54	305	385	197	923	3843	365.0	2400	2844	222	0
54	306	386	197	926	3851	364.0	2400	2844	222	0
55	305	385	197	923	3843	365.0	2400	3200	0	1
55	773	412	248	1420	3851	364.0	2400	3200	0	1
55	6400	726	864	7376	2593	217.0	2400	3200	0	1
55	6398	726	864	7375	1739	0.0	2400	3200	0	1
55	6385	725	862	7360	1739	0.0	2400	3200	0	1
55	6384	725	862	7359	1739	0.0	2400	3200	0	1
55	6384	725	862	7358	1739	0.0	2400	3200	0	1
55	6384	726	863	7359	1739	0.0	2400	3200	0	1
55	6392	725	863	7367	1739	0.0	2400	3200	0	1
55	6389	725	863	7364	1739	0.0	2400	3200	0	1
55	6384	725	862	7358	1739	0.0	2400	3200	0	1
55	6379	725	862	7354	1739	0.0	2400	3200	0	1
55	6379	725	862	7353	1739	0.0	2400	3200	0	1
55	6390	726	863	7366	1739	0.0	2400	3200	0	1
55	6386	725	862	7360	1739	0.0	2400	3200	0	1
55	6385	726	863	7361	1739	0.0	2400	3200	0	1
55	6378	724	861	7351	1740	0.0	2400	3200	0	1
55	6385	725	863	7361	1739	0.0	2400	3200	0	1
55	6384	724	862	7357	1740	0.0	2400	3200	0	1
55	6385	725	863	7361	1739	0.0	2400	3200	0	1
55	6382	723	861	7354	1740	0.0	2400	3200	0	1
55	6384	725	862	7359	1739	0.0	2400	3200	0	1
55	6375	723	861	7347	1739	0.0	2400	3200	0	1
55	6383	725	862	7358	1739	0.0	2400	3200	0	1
55	6379	723	861	7351	1739	0.0	2400	3200	0	1
55	6378	725	862	7353	1739	0.0	2400	3200	0	1
55	6379	725	862	7354	1739	0.0	2400	3200	0	1
55	6374	723	861	7346	1739	0.0	2400	3200	0	0
55	4495	620	656	5361	1739	0.0	2400	3200	0	0
55	304	383	196	920	1791	0.0	2400	3200	0	0
55	306	386	197	926	3847	362.0	2400	3200	0	0
55	304	383	196	920	3843	365.0	2400	3200	0	0
55	306	386	197	926	3847	362.0	2400	3200	0	0
55	304	383	196	920	3843	365.0	2400	3200	0	0
56	306	386	197	926	3847	362.0	2400	355	2000	1
56	393	740	345	1519	3843	365.0	2400	355	2000	1
56	1117	3585	1528	6310	4735	787.0	2400	355	2000	1
56	1114	3586	1528	6308	6602	4177.0	2400	355	2000	1
56	1116	3584	1527	6306	6616	4180.0	2400	355	2000	1
56	1115	3582	1526	6302	6604	4176.0	2400	355	2000	1
56	1116	3588	1529	6312	6605	4174.0	2400	355	2000	1
56	1114	3580	1525	6297	6610	4181.0	2400	355	2000	1
56	1117	3585	1528	6310	6606	4172.0	2400	355	2000	1
56	1114	3584	1527	6304	6602	4177.0	2400	355	2000	1
56	1115	3583	1527	6304	6613	4177.0	2400	355	2000	1
56	1116	3586	1528	6310	6608	4175.0	2400	355	2000	1
56	1115	3579	1525	6298	6607	4179.0	2400	355	2000	1
56	1117	3587	1529	6312	6601	4170.0	2400	355	2000	1
56	1114	3582	1526	6302	6606	4179.0	2400	355	2000	1
56	1117	3582	1527	6305	6610	4175.0	2400	355	2000	1
56	1115	3585	1527	6307	6599	4173.0	2400	355	2000	1
56	1116	3583	1527	6305	6608	4178.0	2400	355	2000	1
56	1115	3581	1526	6301	6604	4175.0	2400	355	2000	1
56	1116	3587	1528	6312	6605	4173.0	2400	355	2000	1
56	1114	3580	1525	6299	6607	4180.0	2400	355	2000	1
56	1116	3583	1527	6306	6606	4172.0	2400	355	2000	1
56	1115	3585	1527	6307	6604	4175.0	2400	355	2000	1
56	1115	3581	1526	6302	6608	4178.0	2400	355	2000	1
56	1115	3581	1526	6302	6605	4173.0	2400	355	2000	1
56	1116	3586	1528	6309	6605	4173.0	2400	355	2000	1
56	1114	3579	1525	6298	6607	4179.0	2400	355	2000	1
56	1116	3583	1527	6305	6606	4171.0	2400	355	2000	1
56	867	2599	1118	4651	6604	4175.0	2400	355	2000	0
56	304	384	196	922	6304	3002.0	2400	355	2000	0
56	305	385	197	924	3847	363.0	2400	355	2000	0
56	305	385	197	923	3851	364.0	2400	355	2000	0
56	305	385	197	924	3851	364.0	2400	355	2000	0
56	305	385	197	923	3851	364.0	2400	355	2000	0
57	305	385	197	923	3851	364.0	2400	711	1777	1
57	460	696	333	1522	3851	364.0	2400	711	1777	1
57	1755	3243	1448	6442	4149	705.0	2400	711	1777	1
57	1757	3241	1447	6441	4533	3489.0	2400	711	1777	1
57	1756	3245	1448	6445	4528	3485.0	2400	711	1777	1
57	1755	3242	1447	6440	4531	3491.0	2400	711	1777	1
57	1756	3240	1446	6440	4531	3488.0	2400	711	1777	1
57	1755	3246	1449	6446	4528	3485.0	2400	711	1777	1
57	1754	3240	1446	6436	4535	3493.0	2400	711	1777	1
57	1757	3242	1447	6442	4531	3486.0	2400	711	1777	1
57	1754	3244	1448	6442	4528	3487.0	2400	711	1777	1
57	1753	3239	1446	6435	4535	3490.0	2400	711	1777	1
57	1753	3244	1447	6441	4533	3484.0	2400	711	1777	1
57	1753	3238	1445	6432	4535	3492.0	2400	711	1777	1
57	1756	3243	1448	6443	4530	3484.0	2400	711	1777	1
57	1752	3241	1446	6436	4531	3488.0	2400	711	1777	1
57	1756	3240	1446	6438	4535	3488.0	2400	711	1777	1
57	1756	3243	1447	6442	4527	3485.0	2400	711	1777	1
57	1756	3243	1447	6443	4529	3489.0	2400	711	1777	1
57	1756	3239	1446	6436	4530	3489.0	2400	711	1777	1
57	1757	3246	1449	6448	4527	3483.0	2400	711	1777	1
57	1754	3239	1446	6436	4532	3492.0	2400	711	1777	1
57	1758	3241	1447	6443	4531	3484.0	2400	711	1777	1
57	1754	3244	1447	6442	4526	3485.0	2400	711	1777	1
57	1756	3241	1447	6439	4533	3491.0	2400	711	1777	1
57	1756	3240	1446	6439	4529	3486.0	2400	711	1777	1
57	1756	3245	1448	6445	4528	3485.0	2400	711	1777	1
57	1756	3237	1445	6434	4531	3491.0	2400	711	1777	1
57	1758	3244	1448	6447	4525	3481.0	2400	711	1777	0
57	1260	2264	1019	4553	4528	3489.0	2400	711	1777	0
57	303	382	196	924	4472	2418.0	2400	711	1777	0
57	305	385	197	924	3855	361.0	2400	711	1777	0
57	302	382	195	916	3851	364.0	2400	711	1777	0
57	304	384	197	921	3851	362.0	2400	711	1777	0
57	302	381	195	915	3859	363.0	2400	711	1777	0
58	396	496	248	1171	3851	360.0	2400	1066	1555	1
58	2407	2902	1369	6590	3777	472.0	2400	1066	1555	1
58	2410	2900	1369	6590	3527	2796.0	2400	1066	1555	1
58	2409	2901	1369	6590	3524	2792.0	2400	1066	1555	1
58	2408	2904	1370	6593	3525	2794.0	2400	1066	1555	1
58	2409	2898	1368	6585	3528	2799.0	2400	1066	1555	1
58	2408	2905	1370	6595	3523	2790.0	2400	1066	1555	1
58	2404	2899	1368	6583	3528	2800.0	2400	1066	1555	1
58	2412	2901	1369	6593	3528	2793.0	2400	1066	1555	1
58	2407	2903	1369	6590	3522	2793.0	2400	1066	1555	1
58	2409	2901	1369	6590	3527	2798.0	2400	1066	1555	1
58	2411	2900	1368	6590	3525	2794.0	2400	1066	1555	1
58	2409	2905	1370	6596	3522	2793.0	2400	1066	1555	1
58	2409	2898	1370	6586	3527	2800.0	2400	1066	1555	1
58	2407	2901	1369	6588	3526	2789.0	2400	1066	1555	1
58	2412	2900	1369	6591	3527	2795.0	2400	1066	1555	1
58	2409	2903	1369	6592	3522	2792.0	2400	1066	1555	1
58	2408	2902	1369	6590	3525	2797.0	2400	1066	1555	1
58	2410	2899	1368	6587	3526	2796.0	2400	1066	1555	1
58	2408	2905	1370	6594	3522	2792.0	2400	1066	1555	1
58	2405	2899	1367	6582	3528	2800.0	2400	1066	1555	1
58	2410	2901	1369	6591	3525	2794.0	2400	1066	1555	1
58	2407	2903	1369	6590	3524	2794.0	2400	1066	1555	1
58	2410	2900	1368	6588	3527	2798.0	2400	1066	1555	1
58	2411	2902	1369	6592	3522	2793.0	2400	1066	1555	1
58	2408	2903	1369	6592	3523	2795.0	2400	1066	1555	1
58	2410	2899	1368	6587	3526	2798.0	2400	1066	1555	1
58	2410	2904	1370	6594	3522	2792.0	2400	1066	1555	0
58	1819	2195	1040	5000	3525	2798.0	2400	1066	1555	0
58	304	384	196	921	3544	2112.0	2400	1066	1555	0
58	304	384	196	920	3847	363.0	2400	1066	1555	0
58	304	384	196	921	3847	363.0	2400	1066	1555	0
58	304	384	196	921	3847	363.0	2400	1066	1555	0
58	304	384	196	921	3847	363.0	2400	1066	1555	0
59	528	561	285	1393	3847	363.0	2400	1422	1333	1
59	3068	2567	1293	6754	3447	505.0	2400	1422	1333	1
59	3069	2562	1291	6748	2932	2109.0	2400	1422	1333	1
59	3072	2564	1293	6754	2929	2102.0	2400	1422	1333	1
59	3066	2565	1292	6749	2930	2103.0	2400	1422	1333	1
59	3069	2562	1292	6749	2932	2107.0	2400	1422	1333	1
59	3067	2563	1292	6747	2930	2101.0	2400	1422	1333	1
59	3067	2565	1293	6750	2931	2104.0	2400	1422	1333	1
59	3069	2561	1291	6746	2932	2106.0	2400	1422	1333	1
59	3069	2565	1293	6753	2929	2100.0	2400	1422	1333	1
59	3064	2563	1291	6744	2931	2105.0	2400	1422	1333	1
59	3072	2563	1292	6752	2931	2105.0	2400	1422	1333	1
59	3066	2565	1292	6749	2929	2102.0	2400	1422	1333	1
59	3063	2564	1292	6744	2932	2107.0	2400	1422	1333	1
59	3066	2561	1291	6743	2933	2106.0	2400	1422	1333	1
59	3063	2566	1293	6749	2930	2101.0	2400	1422	1333	1
59	3066	2563	1292	6747	2935	2109.0	2400	1422	1333	1
59	3063	2565	1292	6746	2932	2104.0	2400	1422	1333	1
59	3069	2562	1292	6749	2933	2108.0	2400	1422	1333	1
59	3068	2562	1291	6747	2930	2101.0	2400	1422	1333	1
59	3062	2566	1292	6746	2929	2102.0	2400	1422	1333	1
59	3066	2560	1290	6742	2934	2110.0	2400	1422	1333	1
59	3070	2566	1293	6755	2929	2101.0	2400	1422	1333	1
59	3064	2562	1291	6743	2931	2107.0	2400	1422	1333	1
59	3071	2563	1292	6752	2931	2104.0	2400	1422	1333	1
59	3065	2564	1292	6747	2929	2102.0	2400	1422	1333	1
59	3065	2563	1291	6746	2932	2106.0	2400	1422	1333	1
59	3066	2561	1291	6744	2932	2105.0	2400	1422	1333	0
59	2308	1965	991	5148	2930	2101.0	2400	1422	1333	0
59	303	382	195	917	2970	1626.0	2400	1422	1333	0
59	305	385	197	923	3842	361.0	2400	1422	1333	0
59	303	382	195	917	3851	364.0	2400	1422	1333	0
59	305	385	197	923	3842	361.0	2400	1422	1333	0
59	303	382	196	917	3851	364.0	2400	1422	1333	0
60	565	523	274	1376	3855	361.0	2400	1777	1111	1
60	3730	2230	1217	6917	3238	441.0	2400	1777	1111	1
60	3723	2224	1214	6902	2541	1418.0	2400	1777	1111	1
60	3728	2226	1216	6910	2541	1413.0	2400	1777	1111	1
60	3721	2227	1215	6903	2540	1413.0	2400	1777	1111	1
60	3724	2226	1215	6905	2542	1417.0	2400	1777	1111	1
60	3725	2224	1214	6904	2541	1415.0	2400	1777	1111	1
60	3724	2230	1217	6911	2540	1412.0	2400	1777	1111	1
60	3726	2224	1214	6904	2543	1419.0	2400	1777	1111	1
60	3729	2227	1216	6911	2539	1412.0	2400	1777	1111	1
60	3721	2227	1215	6904	2540	1414.0	2400	1777	1111	1
60	3728	2226	1216	6910	2542	1417.0	2400	1777	1111	1
60	3727	2226	1215	6908	2540	1413.0	2400	1777	1111	1
60	3719	2228	1216	6904	2540	1414.0	2400	1777	1111	1
60	3723	2223	1214	6900	2544	1419.0	2400	1777	1111	1
60	3723	2228	1216	6908	2540	1411.0	2400	1777	1111	1
60	3720	2225	1215	6901	2543	1417.0	2400	1777	1111	1
60	3731	2226	1216	6911	2543	1414.0	2400	1777	1111	1
60	3723	2225	1215	6902	2539	1412.0	2400	1777	1111	1
60	3723	2224	1214	6902	2541	1413.0	2400	1777	1111	1
60	3718	2228	1215	6902	2541	1413.0	2400	1777	1111	1
60	3721	2223	1214	6899	2543	1420.0	2400	1777	1111	1
60	3722	2227	1215	6905	2541	1412.0	2400	1777	1111	1
60	3718	2226	1215	6899	2542	1417.0	2400	1777	1111	1
60	3725	2225	1215	6905	2543	1417.0	2400	1777	1111	1
60	3720	2227	1215	6903	2540	1413.0	2400	1777	1111	1
60	3719	2225	1214	6900	2543	1418.0	2400	1777	1111	1
60	3724	2224	1214	6903	2542	1415.0	2400	1777	1111	0
60	2662	1655	899	5049	2540	1412.0	2400	1777	1111	0
60	304	384	196	921	2596	1089.0	2400	1777	1111	0
60	304	384	196	921	3847	363.0	2400	1777	1111	0
60	304	384	196	921	3847	363.0	2400	1777	1111	0
60	304	384	196	921	3847	363.0	2400	1777	1111	0
60	304	384	196	921	3847	363.0	2400	1777	1111	0
61	304	384	196	921	3847	363.0	2400	2133	888	1
61	366	407	211	1014	3847	363.0	2400	2133	888	1
61	4385	1887	1138	7067	3587	369.0	2400	2133	888	1
61	4387	1887	1138	7066	2265	721.0	2400	2133	888	1
61	4382	1889	1139	7064	2263	721.0	2400	2133	888	1
61	4387	1886	1138	7065	2265	725.0	2400	2133	888	1
61	4383	1890	1139	7066	2263	719.0	2400	2133	888	1
61	4382	1886	1137	7060	2265	726.0	2400	2133	888	1
61	4390	1887	1139	7070	2264	721.0	2400	2133	888	1
61	4385	1888	1139	7066	2263	719.0	2400	2133	888	1
61	4387	1887	1138	7067	2264	722.0	2400	2133	888	1
61	4383	1887	1138	7063	2264	721.0	2400	2133	888	1
61	4380	1889	1138	7062	2265	722.0	2400	2133	888	1
61	4384	1885	1137	7060	2265	726.0	2400	2133	888	1
61	4385	1890	1139	7068	2263	719.0	2400	2133	888	1
61	4386	1886	1138	7063	2264	725.0	2400	2133	888	1
61	4392	1888	1139	7071	2263	719.0	2400	2133	888	1
61	4380	1888	1138	7060	2262	720.0	2400	2133	888	1
61	4384	1887	1138	7064	2264	725.0	2400	2133	888	1
61	4383	1886	1137	7061	2264	722.0	2400	2133	888	1
61	4379	1889	1139	7062	2264	721.0	2400	2133	888	1
61	4383	1890	1139	7067	2266	726.0	2400	2133	888	1
61	4378	1886	1137	7057	2265	726.0	2400	2133	888	1
61	4386	1887	1138	7066	2265	723.0	2400	2133	888	1
61	4378	1887	1137	7057	2264	721.0	2400	2133	888	1
61	4382	1887	1138	7061	2265	724.0	2400	2133	888	1
61	4383	1885	1137	7059	2264	722.0	2400	2133	888	1
61	4378	1890	1139	7062	2263	720.0	2400	2133	888	0
61	3366	1509	902	5527	2266	728.0	2400	2133	888	0
61	305	385	197	924	2304	628.0	2400	2133	888	0
61	303	382	196	918	3851	364.0	2400	2133	888	0
61	305	385	197	924	3855	361.0	2400	2133	888	0
61	303	382	196	918	3851	364.0	2400	2133	888	0
61	305	385	197	924	3855	361.0	2400	2133	888	0
62	303	383	196	918	3851	364.0	2400	2488	666	1
62	544	445	241	1245	3855	362.0	2400	2488	666	1
62	5052	1549	1062	7230	3078	349.0	2400	2488	666	1
62	5056	1553	1064	7239	2057	27.0	2400	2488	666	1
62	5050	1551	1062	7230	2057	30.0	2400	2488	666	1
62	5046	1550	1062	7226	2057	31.0	2400	2488	666	1
62	5046	1552	1062	7228	2058	30.0	2400	2488	666	1
62	5048	1548	1061	7224	2058	34.0	2400	2488	666	1
62	5045	1553	1063	7228	2057	27.0	2400	2488	666	1
62	5045	1549	1061	7223	2059	35.0	2400	2488	666	1
62	5050	1552	1063	7233	2057	30.0	2400	2488	666	1
62	5041	1550	1061	7221	2058	32.0	2400	2488	666	1
62	5048	1551	1062	7230	2058	33.0	2400	2488	666	1
62	5045	1550	1062	7224	2058	31.0	2400	2488	666	1
62	5042	1552	1062	7225	2058	31.0	2400	2488	666	1
62	5046	1549	1061	7224	2059	35.0	2400	2488	666	1
62	5044	1553	1063	7228	2057	30.0	2400	2488	666	1
62	5043	1549	1061	7221	2059	35.0	2400	2488	666	1
62	5049	1551	1063	7230	2057	31.0	2400	2488	666	1
62	5040	1550	1061	7220	2058	30.0	2400	2488	666	1
62	5048	1551	1062	7228	2059	33.0	2400	2488	666	1
62	5047	1550	1062	7226	2058	31.0	2400	2488	666	1
62	5046	1552	1063	7230	2058	30.0	2400	2488	666	1
62	5043	1552	1062	7225	2059	33.0	2400	2488	666	1
62	5040	1549	1061	7218	2058	35.0	2400	2488	666	1
62	5051	1550	1062	7231	2058	32.0	2400	2488	666	1
62	5038	1550	1061	7218	2057	29.0	2400	2488	666	1
62	5042	1550	1061	7221	2059	34.0	2400	2488	666	0
62	3880	1262	849	5674	2058	32.0	2400	2488	666	0
62	304	384	197	922	2098	110.0	2400	2488	666	0
62	304	383	196	920	3859	363.0	2400	2488	666	0
62	304	384	197	922	3847	362.0	2400	2488	666	0
62	304	383	196	920	3859	363.0	2400	2488	666	0
62	304	384	196	922	3847	362.0	2400	2488	666	0
63	304	384	196	920	3847	363.0	2400	2844	444	1
63	571	425	235	1241	3847	363.0	2400	2844	444	1
63	5726	1214	987	7407	2959	313.0	2400	2844	444	1
63	5719	1215	987	7401	1897	0.0	2400	2844	444	1
63	5721	1213	987	7402	1898	0.0	2400	2844	444	1
63	5718	1214	987	7400	1898	0.0	2400	2844	444	1
63	5716	1214	987	7397	1899	0.0	2400	2844	444	1
63	5715	1214	987	7398	1898	0.0	2400	2844	444	1
63	5717	1213	986	7397	1899	0.0	2400	2844	444	1
63	5713	1214	986	7394	1898	0.0	2400	2844	444	1
63	5713	1214	986	7394	1898	0.0	2400	2844	444	1
63	5727	1214	988	7408	1898	0.0	2400	2844	444	1
63	5722	1214	987	7403	1898	0.0	2400	2844	444	1
63	5719	1214	987	7401	1898	0.0	2400	2844	444	1
63	5726	1213	987	7405	1899	0.0	2400	2844	444	1
63	5720	1215	988	7403	1897	0.0	2400	2844	444	1
63	5724	1213	987	7404	1899	0.0	2400	2844	444	1
63	5725	1215	988	7407	1897	0.0	2400	2844	444	1
63	5718	1213	987	7399	1898	0.0	2400	2844	444	1
63	5724	1214	988	7406	1899	0.0	2400	2844	444	1
63	5721	1214	987	7402	1898	0.0	2400	2844	444	1
63	5720	1215	987	7402	1898	0.0	2400	2844	444	1
63	5723	1212	987	7401	1898	0.0	2400	2844	444	1
63	5720	1215	988	7403	1898	0.0	2400	2844	444	1
63	5719	1212	986	7398	1899	0.0	2400	2844	444	1
63	5724	1213	986	7405	1898	0.0	2400	2844	444	1
63	5721	1214	987	7402	1897	0.0	2400	2844	444	1
63	5720	1212	986	7399	1898	0.0	2400	2844	444	0
63	4184	979	763	5565	1898	0.0	2400	2844	444	0
63	303	383	196	918	1945	0.0	2400	2844	444	0
63	305	385	197	923	3855	362.0	2400	2844	444	0
63	303	382	196	918	3851	364.0	2400	2844	444	0
63	305	385	197	923	3855	361.0	2400	2844	444	0
63	303	382	195	917	3851	364.0	2400	2844	444	0
64	305	385	197	923	3842	361.0	2400	3200	222	1
64	303	382	196	917	3851	364.0	2400	3200	222	1
64	6413	906	928	7638	3855	361.0	2400	3200	222	1
64	6411	903	927	7633	1780	0.0	2400	3200	222	1
64	6411	906	928	7636	1779	0.0	2400	3200	222	1
64	6404	903	926	7626	1780	0.0	2400	3200	222	1
64	6409	905	927	7634	1780	0.0	2400	3200	222	1
64	6403	903	926	7624	1780	0.0	2400	3200	222	1
64	6406	905	927	7631	1779	0.0	2400	3200	222	1
64	6407	903	926	7626	1780	0.0	2400	3200	222	1
64	6403	902	926	7624	1778	0.0	2400	3200	222	1
64	6407	905	927	7631	1780	0.0	2400	3200	222	1
64	6400	903	925	7620	1779	0.0	2400	3200	222	1
64	6405	905	927	7629	1779	0.0	2400	3200	222	1
64	6403	902	926	7623	1780	0.0	2400	3200	222	1
64	6401	905	927	7626	1779	0.0	2400	3200	222	1
64	6402	902	926	7622	1780	0.0	2400	3200	222	1
64	6402	905	927	7627	1779	0.0	2400	3200	222	1
64	6397	902	925	7618	1780	0.0	2400	3200	222	1
64	6403	905	927	7627	1779	0.0	2400	3200	222	1
64	6397	902	925	7617	1780	0.0	2400	3200	222	1
64	6399	904	926	7623	1779	0.0	2400	3200	222	1
64	6400	902	925	7620	1780	0.0	2400	3200	222	1
64	6397	905	926	7621	1779	0.0	2400	3200	222	1
64	6398	902	925	7618	1780	0.0	2400	3200	222	1
64	6401	904	926	7624	1779	0.0	2400	3200	222	1
64	6394	902	925	7614	1780	0.0	2400	3200	222	1
64	6399	905	926	7623	1780	0.0	2400	3200	222	1
64	5057	790	766	6148	1780	0.0	2400	3200	222	0
64	303	382	196	918	1812	0.0	2400	3200	222	0
64	305	385	197	923	3855	361.0	2400	3200	222	0
64	303	382	196	917	3851	364.0	2400	3200	222	0
64	305	385	197	923	3855	361.0	2400	3200	222	0
64	303	383	196	918	3851	364.0	2400	3200	222	0
65	305	385	197	923	3855	362.0	2400	711	2000	1
65	339	461	230	1065	3851	364.0	2400	711	2000	1
65	1799	3628	1604	7039	3975	449.0	2400	711	2000	1
65	1797	3621	1601	7025	4788	3968.0	2400	711	2000	1
65	1801	3623	1602	7033	4785	3960.0	2400	711	2000	1
65	1797	3624	1602	7030	4780	3961.0	2400	711	2000	1
65	1800	3620	1601	7028	4787	3964.0	2400	711	2000	1
65	1798	3624	1602	7030	4779	3957.0	2400	711	2000	1
65	1798	3622	1601	7029	4785	3963.0	2400	711	2000	1
65	1799	3621	1601	7027	4783	3961.0	2400	711	2000	1
65	1798	3625	1603	7033	4781	3959.0	2400	711	2000	1
65	1799	3618	1600	7023	4787	3964.0	2400	711	2000	1
65	1797	3620	1600	7025	4779	3955.0	2400	711	2000	1
65	1800	3622	1601	7031	4783	3959.0	2400	711	2000	1
65	1797	3623	1602	7029	4779	3960.0	2400	711	2000	1
65	1800	3619	1600	7026	4787	3962.0	2400	711	2000	1
65	1799	3623	1602	7031	4777	3956.0	2400	711	2000	1
65	1798	3622	1601	7028	4783	3961.0	2400	711	2000	1
65	1800	3620	1601	7027	4783	3961.0	2400	711	2000	1
65	1798	3625	1602	7033	4779	3957.0	2400	711	2000	1
65	1798	3617	1599	7022	4785	3965.0	2400	711	2000	1
65	1800	3623	1602	7032	4779	3954.0	2400	711	2000	1
65	1798	3621	1601	7027	4781	3961.0	2400	711	2000	1
65	1800	3620	1600	7027	4783	3959.0	2400	711	2000	1
65	1798	3625	1602	7032	4777	3958.0	2400	711	2000	1
65	1798	3620	1600	7025	4785	3965.0	2400	711	2000	1
65	1800	3621	1601	7029	4781	3958.0	2400	711	2000	1
65	1798	3623	1601	7029	4779	3959.0	2400	711	2000	1
65	1800	3619	1600	7025	4783	3962.0	2400	711	2000	0
65	1470	2908	1292	5684	4777	3956.0	2400	711	2000	0
65	304	384	196	921	4739	3167.0	2400	711	2000	0
65	304	384	196	922	3847	363.0	2400	711	2000	0
65	304	383	196	920	3847	363.0	2400	711	2000	0
65	304	384	197	922	3847	362.0	2400	711	2000	0
65	304	383	196	920	3859	363.0	2400	711	2000	0
66	351	449	226	1061	3847	362.0	2400	1066	1777	1
66	2451	3282	1524	7180	3844	429.0	2400	1066	1777	1
66	2455	3278	1522	7177	3737	3269.0	2400	1066	1777	1
66	2452	3281	1523	7179	3729	3262.0	2400	1066	1777	1
66	2451	3280	1522	7175	3734	3267.0	2400	1066	1777	1
66	2453	3278	1522	7175	3733	3267.0	2400	1066	1777	1
66	2451	3282	1524	7179	3731	3263.0	2400	1066	1777	1
66	2453	3276	1521	7171	3736	3269.0	2400	1066	1777	1
66	2452	3283	1524	7181	3730	3261.0	2400	1066	1777	1
66	2450	3277	1521	7170	3735	3270.0	2400	1066	1777	1
66	2454	3280	1523	7179	3732	3263.0	2400	1066	1777	1
66	2449	3280	1522	7173	3732	3265.0	2400	1066	1777	1
66	2454	3277	1522	7175	3735	3267.0	2400	1066	1777	1
66	2451	3280	1522	7175	3730	3261.0	2400	1066	1777	1
66	2452	3277	1522	7173	3733	3267.0	2400	1066	1777	1
66	2450	3282	1523	7179	3732	3262.0	2400	1066	1777	1
66	2452	3275	1520	7169	3736	3270.0	2400	1066	1777	1
66	2452	3282	1524	7180	3729	3260.0	2400	1066	1777	1
66	2448	3277	1521	7169	3735	3268.0	2400	1066	1777	1
66	2454	3279	1522	7177	3735	3264.0	2400	1066	1777	1
66	2448	3279	1522	7172	3730	3264.0	2400	1066	1777	1
66	2453	3277	1522	7174	3737	3266.0	2400	1066	1777	1
66	2450	3279	1522	7174	3731	3261.0	2400	1066	1777	1
66	2451	3280	1522	7175	3735	3266.0	2400	1066	1777	1
66	2452	3277	1521	7172	3733	3267.0	2400	1066	1777	1
66	2451	3283	1524	7180	3731	3263.0	2400	1066	1777	1
66	2452	3275	1520	7169	3736	3270.0	2400	1066	1777	1
66	2453	3282	1524	7181	3729	3260.0	2400	1066	1777	0
66	1897	2529	1179	5556	3734	3268.0	2400	1066	1777	0
66	305	385	197	924	3740	2512.0	2400	1066	1777	0
66	303	383	196	918	3851	364.0	2400	1066	1777	0
66	305	385	197	924	3855	362.0	2400	1066	1777	0
66	305	385	197	925	3851	364.0	2400	1066	1777	0
66	303	383	196	918	3851	364.0	2400	1066	1777	0
67	305	385	197	924	3855	362.0	2400	1422	1555	1
67	3077	2909	1430	7255	3851	364.0	2400	1422	1555	1
67	3112	2945	1447	7341	3107	2545.0	2400	1422	1555	1
67	3109	2938	1444	7329	3108	2578.0	2400	1422	1555	1
67	3114	2942	1446	7338	3106	2571.0	2400	1422	1555	1
67	3107	2941	1445	7330	3104	2574.0	2400	1422	1555	1
67	3113	2939	1445	7334	3108	2575.0	2400	1422	1555	1
67	3107	2942	1446	7332	3104	2570.0	2400	1422	1555	1
67	3110	2939	1445	7331	3109	2576.0	2400	1422	1555	1
67	3110	2940	1445	7331	3106	2571.0	2400	1422	1555	1
67	3108	2942	1446	7332	3106	2573.0	2400	1422	1555	1
67	3111	2937	1444	7328	3108	2576.0	2400	1422	1555	1
67	3108	2944	1446	7336	3104	2568.0	2400	1422	1555	1
67	3108	2937	1444	7327	3109	2579.0	2400	1422	1555	1
67	3111	2941	1446	7335	3106	2569.0	2400	1422	1555	1
67	3106	2940	1445	7328	3107	2573.0	2400	1422	1555	1
67	3107	2942	1445	7331	3108	2574.0	2400	1422	1555	1
67	3109	2939	1444	7329	3108	2577.0	2400	1422	1555	1
67	3110	2939	1445	7331	3106	2572.0	2400	1422	1555	1
67	3106	2941	1445	7330	3106	2571.0	2400	1422	1555	1
67	3111	2937	1444	7328	3108	2575.0	2400	1422	1555	1
67	3109	2943	1446	7335	3104	2568.0	2400	1422	1555	1
67	3109	2938	1444	7328	3108	2577.0	2400	1422	1555	1
67	3112	2940	1445	7334	3106	2571.0	2400	1422	1555	1
67	3107	2941	1445	7331	3105	2572.0	2400	1422	1555	1
67	3112	2938	1444	7331	3108	2575.0	2400	1422	1555	1
67	3109	2942	1446	7334	3104	2570.0	2400	1422	1555	1
67	3108	2939	1444	7328	3108	2575.0	2400	1422	1555	0
67	2552	2428	1195	6051	3106	2572.0	2400	1422	1555	0
67	304	384	196	921	3124	2129.0	2400	1422	1555	0
67	304	384	197	922	3847	363.0	2400	1422	1555	0
67	304	384	196	922	3859	363.0	2400	1422	1555	0
67	305	385	197	924	3847	363.0	2400	1422	1555	0
67	305	384	197	923	3851	364.0	2400	1422	1555	0
68	311	389	199	935	3851	362.0	2400	1777	1333	1
68	3771	2607	1370	7500	3828	367.0	2400	1777	1333	1
68	3768	2602	1368	7491	2692	1887.0	2400	1777	1333	1
68	3773	2604	1369	7498	2692	1882.0	2400	1777	1333	1
68	3766	2604	1369	7491	2690	1883.0	2400	1777	1333	1
68	3772	2602	1369	7494	2693	1885.0	2400	1777	1333	1
68	3768	2605	1369	7493	2691	1880.0	2400	1777	1333	1
68	3769	2603	1369	7493	2692	1886.0	2400	1777	1333	1
68	3770	2603	1369	7492	2692	1882.0	2400	1777	1333	1
68	3766	2606	1370	7494	2691	1882.0	2400	1777	1333	1
68	3771	2600	1368	7490	2694	1887.0	2400	1777	1333	1
68	3767	2607	1370	7495	2690	1878.0	2400	1777	1333	1
68	3766	2601	1368	7486	2694	1889.0	2400	1777	1333	1
68	3770	2605	1369	7495	2692	1881.0	2400	1777	1333	1
68	3763	2604	1369	7487	2692	1885.0	2400	1777	1333	1
68	3771	2602	1369	7492	2694	1886.0	2400	1777	1333	1
68	3765	2604	1369	7489	2690	1880.0	2400	1777	1333	1
68	3767	2603	1368	7490	2693	1885.0	2400	1777	1333	1
68	3765	2605	1369	7488	2692	1884.0	2400	1777	1333	1
68	3769	2600	1367	7488	2693	1887.0	2400	1777	1333	1
68	3767	2607	1370	7496	2690	1879.0	2400	1777	1333	1
68	3766	2600	1367	7485	2694	1889.0	2400	1777	1333	1
68	3769	2605	1369	7495	2691	1880.0	2400	1777	1333	1
68	3763	2603	1368	7485	2692	1886.0	2400	1777	1333	1
68	3773	2603	1369	7496	2693	1885.0	2400	1777	1333	1
68	3764	2604	1369	7489	2690	1881.0	2400	1777	1333	1
68	3770	2602	1369	7493	2694	1886.0	2400	1777	1333	1
68	3768	2603	1368	7490	2692	1880.0	2400	1777	1333	0
68	3083	2163	1136	6190	2691	1883.0	2400	1777	1333	0
68	304	384	196	921	2717	1581.0	2400	1777	1333	0
68	306	387	198	928	3847	363.0	2400	1777	1333	0
68	304	384	196	922	3856	366.0	2400	1777	1333	0
68	306	387	198	928	3847	363.0	2400	1777	1333	0
68	304	384	196	921	3856	366.0	2400	1777	1333	0
69	306	387	198	928	3847	363.0	2400	2133	1111	1
69	313	391	200	941	3856	366.0	2400	2133	1111	1
69	4440	2267	1294	7666	3825	369.0	2400	2133	1111	1
69	4433	2268	1294	7660	2395	1189.0	2400	2133	1111	1
69	4434	2265	1293	7657	2397	1193.0	2400	2133	1111	1
69	4430	2270	1294	7659	2396	1189.0	2400	2133	1111	1
69	4434	2264	1292	7655	2398	1197.0	2400	2133	1111	1
69	4431	2270	1294	7660	2395	1188.0	2400	2133	1111	1
69	4430	2264	1292	7651	2398	1197.0	2400	2133	1111	1
69	4434	2268	1293	7659	2396	1189.0	2400	2133	1111	1
69	4426	2267	1293	7651	2395	1193.0	2400	2133	1111	1
69	4433	2266	1293	7657	2398	1194.0	2400	2133	1111	1
69	4427	2267	1293	7652	2396	1191.0	2400	2133	1111	1
69	4429	2267	1293	7654	2398	1194.0	2400	2133	1111	1
69	4432	2264	1292	7652	2397	1193.0	2400	2133	1111	1
69	4427	2269	1293	7654	2395	1188.0	2400	2133	1111	1
69	4430	2264	1292	7650	2398	1197.0	2400	2133	1111	1
69	4430	2268	1293	7657	2395	1189.0	2400	2133	1111	1
69	4425	2266	1292	7649	2397	1195.0	2400	2133	1111	1
69	4431	2265	1293	7655	2397	1194.0	2400	2133	1111	1
69	4427	2267	1293	7652	2397	1190.0	2400	2133	1111	1
69	4432	2264	1292	7653	2398	1194.0	2400	2133	1111	1
69	4428	2269	1294	7656	2395	1188.0	2400	2133	1111	1
69	4427	2265	1292	7649	2398	1196.0	2400	2133	1111	1
69	4432	2265	1292	7655	2397	1192.0	2400	2133	1111	1
69	4426	2267	1293	7651	2395	1190.0	2400	2133	1111	1
69	4428	2265	1292	7650	2398	1194.0	2400	2133	1111	1
69	4430	2264	1291	7650	2396	1191.0	2400	2133	1111	0
69	3449	1819	1032	6054	2395	1190.0	2400	2133	1111	0
69	305	385	197	923	2432	995.0	2400	2133	1111	0
69	305	385	197	925	3851	364.0	2400	2133	1111	0
69	305	385	197	924	3851	364.0	2400	2133	1111	0
69	305	385	197	925	3851	364.0	2400	2133	1111	0
69	305	385	197	924	3851	364.0	2400	2133	1111	0
70	305	385	197	925	3851	364.0	2400	2488	888	1
70	305	385	197	924	3851	364.0	2400	2488	888	1
70	4927	1875	1181	7579	3851	364.0	2400	2488	888	1
70	5097	1928	1216	7820	2180	495.0	2400	2488	888	1
70	5099	1927	1216	7821	2175	498.0	2400	2488	888	1
70	5096	1927	1216	7817	2174	496.0	2400	2488	888	1
70	5095	1928	1216	7818	2174	497.0	2400	2488	888	1
70	5091	1928	1216	7814	2175	498.0	2400	2488	888	1
70	5096	1927	1216	7818	2176	500.0	2400	2488	888	1
70	5092	1929	1216	7816	2175	497.0	2400	2488	888	1
70	5092	1928	1216	7814	2176	501.0	2400	2488	888	1
70	5096	1926	1216	7816	2175	499.0	2400	2488	888	1
70	5090	1930	1217	7815	2174	495.0	2400	2488	888	1
70	5093	1926	1215	7813	2176	503.0	2400	2488	888	1
70	5094	1928	1216	7817	2175	497.0	2400	2488	888	1
70	5090	1929	1216	7813	2175	499.0	2400	2488	888	1
70	5097	1927	1216	7819	2175	502.0	2400	2488	888	1
70	5091	1928	1216	7814	2175	496.0	2400	2488	888	1
70	5094	1927	1216	7815	2176	500.0	2400	2488	888	1
70	5094	1927	1216	7815	2175	497.0	2400	2488	888	1
70	5090	1930	1217	7815	2175	497.0	2400	2488	888	1
70	5095	1926	1215	7814	2176	503.0	2400	2488	888	1
70	5091	1930	1217	7816	2174	496.0	2400	2488	888	1
70	5094	1928	1216	7817	2176	502.0	2400	2488	888	1
70	5087	1928	1216	7810	2175	499.0	2400	2488	888	1
70	5095	1927	1216	7817	2176	501.0	2400	2488	888	1
70	5089	1928	1216	7811	2175	497.0	2400	2488	888	1
70	5091	1927	1216	7813	2175	500.0	2400	2488	888	0
70	4253	1655	1036	6602	2176	498.0	2400	2488	888	0
70	306	386	197	926	2198	473.0	2400	2488	888	0
70	304	384	196	921	3843	365.0	2400	2488	888	0
70	306	386	197	927	3847	363.0	2400	2488	888	0
70	304	384	196	922	3843	365.0	2400	2488	888	0
70	306	386	197	927	3847	363.0	2400	2488	888	0
71	304	384	196	921	3843	365.0	2400	2844	666	1
71	306	386	197	927	3847	363.0	2400	2844	666	1
71	5771	1592	1142	7995	3843	365.0	2400	2844	666	1
71	5772	1592	1142	7997	2003	0.0	2400	2844	666	1
71	5770	1590	1141	7991	2004	0.0	2400	2844	666	1
71	5766	1594	1142	7995	2003	0.0	2400	2844	666	1
71	5769	1590	1141	7991	2005	0.0	2400	2844	666	1
71	5766	1590	1140	7994	2003	0.0	2400	2844	666	1
71	5767	1593	1142	7994	2005	0.0	2400	2844	666	1
71	5762	1591	1141	7985	2004	0.0	2400	2844	666	1
71	5768	1592	1142	7993	2004	0.0	2400	2844	666	1
71	5760	1591	1141	7983	2004	0.0	2400	2844	666	1
71	5766	1592	1141	7991	2004	0.0	2400	2844	666	1
71	5762	1591	1141	7985	2004	0.0	2400	2844	666	1
71	5763	1593	1142	7990	2004	0.0	2400	2844	666	1
71	5765	1589	1140	7985	2005	0.0	2400	2844	666	1
71	5761	1594	1142	7988	2003	0.0	2400	2844	666	1
71	5764	1589	1140	7985	2005	0.0	2400	2844	666	1
71	5762	1594	1142	7989	2003	0.0	2400	2844	666	1
71	5761	1589	1140	7982	2005	0.0	2400	2844	666	1
71	5764	1592	1141	7990	2003	0.0	2400	2844	666	1
71	5758	1591	1140	7981	2004	0.0	2400	2844	666	1
71	5765	1592	1141	7990	2004	0.0	2400	2844	666	1
71	5757	1591	1140	7981	2004	0.0	2400	2844	666	1
71	5763	1592	1141	7987	2005	0.0	2400	2844	666	1
71	5760	1591	1140	7982	2004	0.0	2400	2844	666	1
71	5763	1589	1140	7984	2004	0.0	2400	2844	666	1
71	5759	1593	1142	7987	2003	0.0	2400	2844	666	1
71	4798	1375	973	6734	2006	0.0	2400	2844	666	0
71	306	386	197	927	2027	0.0	2400	2844	666	0
71	304	384	196	921	3843	365.0	2400	2844	666	0
71	306	386	197	927	3847	363.0	2400	2844	666	0
71	305	384	196	922	3843	365.0	2400	2844	666	0
71	306	387	198	928	3839	363.0	2400	2844	666	0
72	305	384	196	923	3856	366.0	2400	3200	444	1
72	306	386	197	927	3839	363.0	2400	3200	444	1
72	6453	1255	1067	8178	3843	365.0	2400	3200	444	1
72	6447	1257	1068	8176	1867	0.0	2400	3200	444	1
72	6447	1254	1067	8172	1868	0.0	2400	3200	444	1
72	6444	1257	1068	8172	1867	0.0	2400	3200	444	1
72	6445	1254	1067	8169	1868	0.0	2400	3200	444	1
72	6442	1257	1067	8170	1867	0.0	2400	3200	444	1
72	6442	1254	1066	8166	1867	0.0	2400	3200	444	1
72	6444	1256	1067	8170	1867	0.0	2400	3200	444	1
72	6445	1256	1067	8172	1867	0.0	2400	3200	444	1
72	6440	1255	1066	8165	1867	0.0	2400	3200	444	1
72	6444	1255	1067	8170	1867	0.0	2400	3200	444	1
72	6439	1255	1066	8165	1867	0.0	2400	3200	444	1
72	6440	1256	1067	8166	1868	0.0	2400	3200	444	1
72	6441	1254	1066	8164	1868	0.0	2400	3200	444	1
72	6437	1256	1066	8163	1867	0.0	2400	3200	444	1
72	6440	1254	1066	8163	1867	0.0	2400	3200	444	1
72	6436	1256	1066	8162	1867	0.0	2400	3200	444	1
72	6439	1254	1066	8162	1867	0.0	2400	3200	444	1
72	6438	1256	1067	8164	1867	0.0	2400	3200	444	1
72	6436	1255	1066	8160	1868	0.0	2400	3200	444	1
72	6435	1254	1066	8159	1867	0.0	2400	3200	444	1
72	6428	1255	1065	8153	1867	0.0	2400	3200	444	1
72	6432	1254	1065	8155	1868	0.0	2400	3200	444	1
72	6430	1255	1065	8154	1867	0.0	2400	3200	444	1
72	6437	1254	1066	8160	1867	0.0	2400	3200	444	1
72	6439	1254	1066	8162	1867	0.0	2400	3200	444	1
72	5112	1066	878	6597	1867	0.0	2400	3200	444	0
72	305	385	197	925	1897	0.0	2400	3200	444	0
72	306	386	197	926	3851	364.0	2400	3200	444	0
72	305	385	197	924	3843	365.0	2400	3200	444	0
72	306	386	197	926	3851	364.0	2400	3200	444	0
72	305	385	197	924	3843	365.0	2400	3200	444	0
72	306	386	197	926	3851	364.0	2400	3200	444	0
73	305	385	197	924	3843	365.0	2400	1066	2000	1
73	2381	3491	1601	7410	3851	364.0	2400	1066	2000	1
73	2495	3665	1679	7772	3936	3565.0	2400	1066	2000	1
73	2499	3660	1677	7769	3938	3745.0	2400	1066	2000	1
73	2496	3665	1679	7772	3931	3738.0	2400	1066	2000	1
73	2498	3661	1678	7769	3936	3745.0	2400	1066	2000	1
73	2497	3663	1678	7771	3933	3739.0	2400	1066	2000	1
73	2496	3663	1678	7770	3934	3742.0	2400	1066	2000	1
73	2498	3660	1677	7768	3935	3743.0	2400	1066	2000	1
73	2496	3665	1679	7773	3932	3738.0	2400	1066	2000	1
73	2498	3658	1676	7764	3937	3745.0	2400	1066	2000	1
73	2496	3659	1677	7774	3929	3735.0	2400	1066	2000	1
73	2499	3663	1678	7773	3936	3737.0	2400	1066	2000	1
73	2494	3661	1677	7765	3932	3742.0	2400	1066	2000	1
73	2500	3661	1678	7771	3936	3741.0	2400	1066	2000	1
73	2494	3664	1678	7769	3931	3738.0	2400	1066	2000	1
73	2499	3660	1677	7769	3937	3745.0	2400	1066	2000	1
73	2496	3663	1678	7770	3931	3738.0	2400	1066	2000	1
73	2498	3661	1678	7769	3935	3743.0	2400	1066	2000	1
73	2497	3661	1677	7768	3933	3739.0	2400	1066	2000	1
73	2496	3663	1678	7770	3933	3740.0	2400	1066	2000	1
73	2498	3659	1677	7765	3935	3743.0	2400	1066	2000	1
73	2496	3665	1679	7772	3931	3736.0	2400	1066	2000	1
73	2498	3657	1676	7762	3936	3745.0	2400	1066	2000	1
73	2497	3666	1679	7775	3929	3734.0	2400	1066	2000	1
73	2497	3658	1676	7764	3936	3746.0	2400	1066	2000	1
73	2499	3664	1679	7775	3931	3736.0	2400	1066	2000	1
73	2495	3660	1677	7764	3934	3742.0	2400	1066	2000	0
73	2149	3135	1440	6674	3934	3739.0	2400	1066	2000	0
73	304	384	196	922	3929	3196.0	2400	1066	2000	0
73	304	384	196	921	3847	363.0	2400	1066	2000	0
73	306	387	198	928	3847	363.0	2400	1066	2000	0
73	304	384	196	921	3856	366.0	2400	1066	2000	0
73	306	387	198	928	3847	363.0	2400	1066	2000	0
74	304	384	196	921	3856	366.0	2400	1422	1777	1
74	3117	3286	1583	7837	3847	363.0	2400	1422	1777	1
74	3157	3317	1599	7919	3280	3015.0	2400	1422	1777	1
74	3154	3324	1601	7926	3273	3040.0	2400	1422	1777	1
74	3155	3316	1598	7915	3278	3050.0	2400	1422	1777	1
74	3155	3323	1601	7926	3273	3039.0	2400	1422	1777	1
74	3152	3318	1599	7915	3278	3048.0	2400	1422	1777	1
74	3157	3321	1600	7925	3276	3043.0	2400	1422	1777	1
74	3150	3320	1599	7917	3275	3045.0	2400	1422	1777	1
74	3157	3318	1599	7922	3278	3047.0	2400	1422	1777	1
74	3150	3321	1600	7918	3274	3041.0	2400	1422	1777	1
74	3155	3318	1599	7920	3279	3048.0	2400	1422	1777	1
74	3153	3319	1599	7919	3275	3042.0	2400	1422	1777	1
74	3153	3321	1600	7921	3276	3044.0	2400	1422	1777	1
74	3152	3323	1600	7923	3278	3047.0	2400	1422	1777	1
74	3155	3315	1598	7914	3278	3050.0	2400	1422	1777	1
74	3153	3323	1601	7925	3273	3038.0	2400	1422	1777	1
74	3152	3317	1598	7914	3279	3049.0	2400	1422	1777	1
74	3155	3321	1600	7924	3276	3042.0	2400	1422	1777	1
74	3150	3319	1599	7915	3276	3046.0	2400	1422	1777	1
74	3157	3319	1599	7921	3278	3045.0	2400	1422	1777	1
74	3150	3321	1599	7918	3273	3043.0	2400	1422	1777	1
74	3156	3317	1599	7919	3278	3048.0	2400	1422	1777	1
74	3152	3321	1599	7919	3274	3040.0	2400	1422	1777	1
74	3154	3319	1599	7919	3277	3048.0	2400	1422	1777	1
74	3154	3318	1598	7918	3276	3044.0	2400	1422	1777	1
74	3151	3321	1600	7921	3274	3043.0	2400	1422	1777	1
74	3155	3316	1598	7916	3279	3047.0	2400	1422	1777	0
74	2695	2847	1374	6795	3274	3039.0	2400	1422	1777	0
74	305	385	197	924	3290	2613.0	2400	1422	1777	0
74	306	387	198	928	3851	364.0	2400	1422	1777	0
74	305	385	197	924	3856	366.0	2400	1422	1777	0
74	305	385	197	924	3851	364.0	2400	1422	1777	0
74	306	386	197	927	3851	364.0	2400	1422	1777	0
75	305	385	197	924	3843	365.0	2400	1777	1555	1
75	3768	2950	1507	7991	3851	364.0	2400	1777	1555	1
75	3808	2983	1523	8076	2841	2329.0	2400	1777	1555	1
75	3814	2980	1522	8078	2841	2357.0	2400	1777	1555	1
75	3812	2982	1523	8078	2837	2351.0	2400	1777	1555	1
75	3812	2981	1523	8077	2839	2354.0	2400	1777	1555	1
75	3814	2980	1522	8077	2839	2352.0	2400	1777	1555	1
75	3809	2982	1523	8077	2837	2351.0	2400	1777	1555	1
75	3814	2978	1521	8075	2841	2355.0	2400	1777	1555	1
75	3809	2983	1523	8077	2836	2348.0	2400	1777	1555	1
75	3813	2978	1521	8073	2840	2356.0	2400	1777	1555	1
75	3811	2982	1523	8078	2837	2349.0	2400	1777	1555	1
75	3810	2979	1522	8073	2839	2354.0	2400	1777	1555	1
75	3812	2980	1522	8076	2839	2351.0	2400	1777	1555	1
75	3807	2982	1522	8073	2838	2351.0	2400	1777	1555	1
75	3813	2978	1521	8074	2840	2356.0	2400	1777	1555	1
75	3811	2978	1521	8075	2837	2349.0	2400	1777	1555	1
75	3810	2981	1522	8075	2839	2349.0	2400	1777	1555	1
75	3808	2980	1522	8072	2839	2354.0	2400	1777	1555	1
75	3812	2979	1522	8075	2840	2353.0	2400	1777	1555	1
75	3806	2982	1522	8073	2838	2350.0	2400	1777	1555	1
75	3812	2978	1521	8073	2841	2357.0	2400	1777	1555	1
75	3807	2982	1522	8074	2837	2349.0	2400	1777	1555	1
75	3809	2979	1521	8072	2841	2356.0	2400	1777	1555	1
75	3807	2979	1521	8070	2839	2352.0	2400	1777	1555	1
75	3808	2981	1522	8074	2840	2352.0	2400	1777	1555	1
75	3812	2978	1521	8074	2840	2354.0	2400	1777	1555	1
75	3807	2983	1523	8075	2838	2349.0	2400	1777	1555	0
75	3099	2448	1251	6616	2841	2357.0	2400	1777	1555	0
75	306	386	197	927	2860	1942.0	2400	1777	1555	0
75	305	385	197	923	3843	365.0	2400	1777	1555	0
75	306	386	197	927	3851	364.0	2400	1777	1555	0
75	305	385	197	923	3843	365.0	2400	1777	1555	0
75	306	386	197	927	3851	364.0	2400	1777	1555	0
76	305	385	197	923	3843	365.0	2400	2133	1333	1
76	4188	2491	1361	7741	3851	364.0	2400	2133	1333	1
76	4476	2643	1446	8241	2534	1575.0	2400	2133	1333	1
76	4473	2643	1446	8237	2524	1660.0	2400	2133	1333	1
76	4472	2645	1447	8239	2525	1661.0	2400	2133	1333	1
76	4472	2640	1445	8232	2526	1663.0	2400	2133	1333	1
76	4464	2645	1446	8233	2525	1657.0	2400	2133	1333	1
76	4471	2639	1444	8230	2528	1667.0	2400	2133	1333	1
76	4472	2646	1447	8241	2524	1656.0	2400	2133	1333	1
76	4471	2641	1445	8232	2526	1665.0	2400	2133	1333	1
76	4474	2643	1446	8240	2525	1659.0	2400	2133	1333	1
76	4468	2643	1445	8233	2526	1660.0	2400	2133	1333	1
76	4476	2642	1446	8239	2526	1663.0	2400	2133	1333	1
76	4468	2643	1446	8233	2524	1658.0	2400	2133	1333	1
76	4474	2641	1446	8237	2527	1662.0	2400	2133	1333	1
76	4469	2643	1446	8233	2525	1657.0	2400	2133	1333	1
76	4470	2643	1446	8236	2526	1662.0	2400	2133	1333	1
76	4471	2640	1445	8231	2527	1662.0	2400	2133	1333	1
76	4468	2645	1446	8236	2525	1657.0	2400	2133	1333	1
76	4465	2645	1446	8234	2527	1665.0	2400	2133	1333	1
76	4467	2638	1444	8225	2528	1666.0	2400	2133	1333	1
76	4465	2645	1446	8233	2525	1656.0	2400	2133	1333	1
76	4465	2639	1444	8223	2528	1666.0	2400	2133	1333	1
76	4472	2645	1447	8239	2526	1658.0	2400	2133	1333	1
76	4468	2641	1445	8229	2526	1663.0	2400	2133	1333	1
76	4473	2643	1446	8238	2526	1660.0	2400	2133	1333	1
76	4466	2642	1445	8230	2525	1661.0	2400	2133	1333	1
76	4474	2641	1446	8237	2527	1662.0	2400	2133	1333	0
76	3864	2312	1263	7168	2525	1657.0	2400	2133	1333	0
76	307	387	198	928	2543	1470.0	2400	2133	1333	0
76	305	384	196	922	3848	366.0	2400	2133	1333	0
76	307	387	198	928	3839	363.0	2400	2133	1333	0
76	305	384	196	922	3848	366.0	2400	2133	1333	0
76	307	387	198	929	3839	363.0	2400	2133	1333	0
77	305	384	196	923	3848	366.0	2400	2488	1111	1
77	307	387	198	929	3839	363.0	2400	2488	1111	1
77	5004	2252	1337	8195	3848	366.0	2400	2488	1111	1
77	5135	2307	1370	8401	2293	951.0	2400	2488	1111	1
77	5141	2306	1371	8406	2291	971.0	2400	2488	1111	1
77	5132	2306	1370	8398	2290	967.0	2400	2488	1111	1
77	5138	2305	1370	8402	2291	970.0	2400	2488	1111	1
77	5135	2305	1370	8400	2290	967.0	2400	2488	1111	1
77	5135	2307	1371	8403	2291	968.0	2400	2488	1111	1
77	5138	2303	1369	8399	2292	970.0	2400	2488	1111	1
77	5133	2308	1371	8402	2290	964.0	2400	2488	1111	1
77	5136	2303	1369	8397	2292	972.0	2400	2488	1111	1
77	5134	2308	1371	8403	2290	965.0	2400	2488	1111	1
77	5133	2304	1369	8397	2292	972.0	2400	2488	1111	1
77	5136	2305	1370	8401	2291	968.0	2400	2488	1111	1
77	5130	2306	1370	8396	2291	967.0	2400	2488	1111	1
77	5137	2305	1370	8401	2292	971.0	2400	2488	1111	1
77	5131	2306	1370	8397	2290	967.0	2400	2488	1111	1
77	5134	2305	1370	8398	2292	971.0	2400	2488	1111	1
77	5133	2305	1369	8397	2291	968.0	2400	2488	1111	1
77	5129	2307	1370	8396	2290	969.0	2400	2488	1111	1
77	5129	2307	1370	8397	2292	973.0	2400	2488	1111	1
77	5135	2303	1369	8396	2293	973.0	2400	2488	1111	1
77	5131	2307	1370	8398	2290	965.0	2400	2488	1111	1
77	5132	2304	1369	8395	2292	972.0	2400	2488	1111	1
77	5133	2305	1370	8397	2291	968.0	2400	2488	1111	1
77	5129	2306	1370	8395	2291	968.0	2400	2488	1111	1
77	5135	2303	1369	8397	2292	971.0	2400	2488	1111	0
77	4419	2021	1196	7293	2290	965.0	2400	2488	1111	0
77	305	385	197	925	2310	879.0	2400	2488	1111	0
77	306	386	197	925	3851	364.0	2400	2488	1111	0
77	305	385	197	925	3843	365.0	2400	2488	1111	0
77	306	386	197	926	3851	364.0	2400	2488	1111	0
77	305	385	197	924	3843	365.0	2400	2488	1111	0
78	306	386	197	926	3851	364.0	2400	2844	888	1
78	305	385	197	924	3843	365.0	2400	2844	888	1
78	5672	1928	1267	8383	3851	364.0	2400	2844	888	1
78	5812	1967	1295	8576	2110	274.0	2400	2844	888	1
78	5809	1970	1296	8576	2107	269.0	2400	2844	888	1
78	5808	1966	1295	8570	2108	274.0	2400	2844	888	1
78	5810	1965	1294	8570	2107	269.0	2400	2844	888	1
78	5808	1969	1295	8574	2106	268.0	2400	2844	888	1
78	5806	1967	1294	8568	2107	274.0	2400	2844	888	1
78	5809	1967	1295	8573	2107	272.0	2400	2844	888	1
78	5803	1968	1294	8566	2107	270.0	2400	2844	888	1
78	5809	1967	1295	8572	2107	275.0	2400	2844	888	1
78	5803	1968	1294	8567	2107	270.0	2400	2844	888	1
78	5805	1968	1294	8569	2107	275.0	2400	2844	888	1
78	5799	1965	1293	8559	2107	274.0	2400	2844	888	1
78	5804	1970	1295	8571	2107	272.0	2400	2844	888	1
78	5808	1965	1294	8567	2108	277.0	2400	2844	888	1
78	5803	1970	1295	8571	2106	268.0	2400	2844	888	1
78	5806	1965	1293	8565	2109	277.0	2400	2844	888	1
78	5802	1970	1295	8569	2106	270.0	2400	2844	888	1
78	5796	1965	1293	8556	2108	277.0	2400	2844	888	1
78	5798	1967	1294	8562	2108	273.0	2400	2844	888	1
78	5799	1967	1294	8562	2109	275.0	2400	2844	888	1
78	5809	1967	1295	8573	2108	274.0	2400	2844	888	1
78	5808	1967	1295	8571	2107	270.0	2400	2844	888	1
78	5801	1967	1294	8564	2107	271.0	2400	2844	888	1
78	5806	1967	1294	8570	2108	274.0	2400	2844	888	1
78	5802	1967	1294	8565	2108	272.0	2400	2844	888	0
78	4774	1671	1089	7136	2107	273.0	2400	2844	888	0
78	305	384	196	922	2132	290.0	2400	2844	888	0
78	307	387	198	928	3839	363.0	2400	2844	888	0
78	305	384	196	922	3848	366.0	2400	2844	888	0
78	306	387	198	928	3839	363.0	2400	2844	888	0
78	305	384	196	922	3856	366.0	2400	2844	888	0
79	306	387	197	928	3839	363.0	2400	3200	666	1
79	305	384	196	922	3843	367.0	2400	3200	666	1
79	5979	1530	1136	8110	3839	363.0	2400	3200	666	1
79	6496	1633	1222	8761	1970	0.0	2400	3200	666	1
79	6497	1633	1222	8765	1960	0.0	2400	3200	666	1
79	6491	1633	1221	8758	1961	0.0	2400	3200	666	1
79	6494	1633	1222	8761	1961	0.0	2400	3200	666	1
79	6488	1632	1221	8754	1961	0.0	2400	3200	666	1
79	6488	1632	1221	8753	1961	0.0	2400	3200	666	1
79	6492	1632	1221	8758	1961	0.0	2400	3200	666	1
79	6490	1632	1221	8755	1961	0.0	2400	3200	666	1
79	6489	1634	1222	8757	1961	0.0	2400	3200	666	1
79	6490	1631	1220	8754	1961	0.0	2400	3200	666	1
79	6487	1633	1221	8754	1960	0.0	2400	3200	666	1
79	6489	1631	1220	8752	1961	0.0	2400	3200	666	1
79	6484	1633	1221	8751	1960	0.0	2400	3200	666	1
79	6487	1631	1220	8751	1962	0.0	2400	3200	666	1
79	6485	1633	1221	8752	1961	0.0	2400	3200	666	1
79	6485	1632	1220	8750	1962	0.0	2400	3200	666	1
79	6485	1631	1220	8749	1961	0.0	2400	3200	666	1
79	6483	1632	1221	8749	1961	0.0	2400	3200	666	1
79	6488	1631	1220	8751	1962	0.0	2400	3200	666	1
79	6484	1633	1221	8751	1960	0.0	2400	3200	666	1
79	6486	1630	1220	8750	1962	0.0	2400	3200	666	1
79	6483	1632	1221	8749	1961	0.0	2400	3200	666	1
79	6484	1630	1219	8746	1962	0.0	2400	3200	666	1
79	6483	1630	1220	8746	1960	0.0	2400	3200	666	1
79	6483	1632	1220	8748	1961	0.0	2400	3200	666	1
79	5663	1465	1084	7708	1961	0.0	2400	3200	666	0
79	306	387	198	928	1976	0.0	2400	3200	666	0
79	305	385	197	923	3856	366.0	2400	3200	666	0
79	306	387	198	928	3851	364.0	2400	3200	666	0
79	305	385	197	923	3856	366.0	2400	3200	666	0
79	306	387	198	928	3851	364.0	2400	3200	666	0
80	305	384	196	923	3856	366.0	2400	1422	2000	1
80	307	387	198	928	3839	363.0	2400	1422	2000	1
80	3078	3566	1691	8200	3848	366.0	2400	1422	2000	1
80	3198	3704	1755	8516	3445	3391.0	2400	1422	2000	1
80	3194	3700	1754	8506	3443	3523.0	2400	1422	2000	1
80	3199	3701	1755	8513	3444	3519.0	2400	1422	2000	1
80	3192	3701	1754	8506	3442	3518.0	2400	1422	2000	1
80	3199	3699	1754	8510	3446	3521.0	2400	1422	2000	1
80	3192	3702	1754	8508	3440	3516.0	2400	1422	2000	1
80	3198	3700	1754	8510	3446	3523.0	2400	1422	2000	1
80	3196	3699	1755	8507	3441	3517.0	2400	1422	2000	1
80	3197	3697	1753	8505	3444	3516.0	2400	1422	2000	1
80	3194	3704	1755	8513	3441	3514.0	2400	1422	2000	1
80	3197	3696	1752	8503	3446	3524.0	2400	1422	2000	1
80	3196	3703	1755	8513	3439	3513.0	2400	1422	2000	1
80	3194	3698	1753	8504	3444	3522.0	2400	1422	2000	1
80	3198	3701	1754	8512	3443	3516.0	2400	1422	2000	1
80	3192	3700	1753	8504	3442	3519.0	2400	1422	2000	1
80	3199	3698	1753	8509	3444	3520.0	2400	1422	2000	1
80	3192	3701	1754	8506	3440	3515.0	2400	1422	2000	1
80	3199	3698	1753	8509	3446	3521.0	2400	1422	2000	1
80	3195	3701	1754	8507	3440	3515.0	2400	1422	2000	1
80	3197	3700	1754	8508	3443	3520.0	2400	1422	2000	1
80	3196	3699	1753	8505	3442	3518.0	2400	1422	2000	1
80	3195	3702	1754	8509	3441	3517.0	2400	1422	2000	1
80	3198	3697	1753	8505	3443	3522.0	2400	1422	2000	1
80	3194	3703	1755	8511	3440	3513.0	2400	1422	2000	1
80	3198	3696	1752	8504	3446	3523.0	2400	1422	2000	1
80	3194	3703	1755	8511	3439	3513.0	2400	1422	2000	0
80	306	386	197	927	3446	3523.0	2400	1422	2000	0
80	305	385	197	925	3843	365.0	2400	1422	2000	0
80	306	386	197	926	3851	364.0	2400	1422	2000	0
80	305	385	197	925	3843	365.0	2400	1422	2000	0
80	306	386	197	926	3851	364.0	2400	1422	2000	0
80	306	386	197	925	3843	365.0	2400	1422	2000	0
81	306	386	197	925	3843	365.0	2400	1777	1777	1
81	3713	3245	1619	8360	3843	365.0	2400	1777	1777	1
81	3856	3357	1675	8661	2987	2731.0	2400	1777	1777	1
81	3853	3360	1677	8663	2980	2820.0	2400	1777	1777	1
81	3853	3358	1675	8658	2984	2824.0	2400	1777	1777	1
81	3855	3359	1676	8662	2981	2823.0	2400	1777	1777	1
81	3851	3359	1676	8658	2981	2823.0	2400	1777	1777	1
81	3855	3357	1675	8660	2983	2824.0	2400	1777	1777	1
81	3848	3359	1676	8656	2981	2821.0	2400	1777	1777	1
81	3855	3356	1675	8658	2985	2825.0	2400	1777	1777	1
81	3848	3359	1676	8656	2980	2819.0	2400	1777	1777	1
81	3854	3356	1675	8657	2985	2825.0	2400	1777	1777	1
81	3854	3358	1675	8659	2981	2819.0	2400	1777	1777	1
81	3851	3357	1675	8656	2981	2822.0	2400	1777	1777	1
81	3852	3359	1676	8660	2983	2822.0	2400	1777	1777	1
81	3853	3356	1675	8655	2983	2824.0	2400	1777	1777	1
81	3850	3361	1676	8660	2981	2820.0	2400	1777	1777	1
81	3852	3354	1674	8652	2984	2828.0	2400	1777	1777	1
81	3845	3361	1676	8657	2981	2818.0	2400	1777	1777	1
81	3851	3353	1673	8649	2987	2829.0	2400	1777	1777	1
81	3851	3362	1677	8662	2980	2817.0	2400	1777	1777	1
81	3853	3354	1674	8653	2984	2828.0	2400	1777	1777	1
81	3852	3361	1677	8663	2980	2817.0	2400	1777	1777	1
81	3851	3355	1674	8653	2984	2826.0	2400	1777	1777	1
81	3853	3360	1676	8662	2982	2819.0	2400	1777	1777	1
81	3850	3356	1674	8653	2983	2825.0	2400	1777	1777	1
81	3854	3358	1676	8661	2982	2821.0	2400	1777	1777	1
81	3847	3357	1675	8653	2982	2822.0	2400	1777	1777	0
81	3233	2835	1416	7303	2984	2823.0	2400	1777	1777	0
81	305	384	196	922	2998	2388.0	2400	1777	1777	0
81	305	385	197	923	3839	363.0	2400	1777	1777	0
81	307	387	198	928	3851	364.0	2400	1777	1777	0
81	305	385	197	923	3848	366.0	2400	1777	1777	0
81	306	387	198	928	3851	364.0	2400	1777	1777	0
82	305	385	197	923	3856	366.0	2400	2133	1555	1
82	4120	2775	1469	8084	3851	364.0	2400	2133	1555	1
82	4518	3017	1599	8821	2663	1967.0	2400	2133	1555	1
82	4513	3023	1600	8822	2651	2124.0	2400	2133	1555	1
82	4517	3016	1598	8817	2653	2135.0	2400	2133	1555	1
82	4512	3022	1600	8821	2650	2124.0	2400	2133	1555	1
82	4514	3017	1598	8816	2654	2133.0	2400	2133	1555	1
82	4513	3020	1599	8819	2651	2126.0	2400	2133	1555	1
82	4513	3019	1599	8817	2652	2131.0	2400	2133	1555	1
82	4515	3018	1599	8818	2652	2129.0	2400	2133	1555	1
82	4511	3021	1599	8818	2651	2127.0	2400	2133	1555	1
82	4516	3017	1598	8817	2653	2133.0	2400	2133	1555	1
82	4509	3021	1599	8817	2650	2126.0	2400	2133	1555	1
82	4515	3016	1598	8815	2653	2134.0	2400	2133	1555	1
82	4510	3021	1598	8818	2650	2124.0	2400	2133	1555	1
82	4512	3021	1599	8819	2653	2134.0	2400	2133	1555	1
82	4512	3017	1598	8814	2653	2133.0	2400	2133	1555	1
82	4513	3020	1599	8818	2652	2127.0	2400	2133	1555	1
82	4510	3019	1598	8813	2652	2131.0	2400	2133	1555	1
82	4514	3018	1599	8818	2652	2131.0	2400	2133	1555	1
82	4508	3019	1598	8813	2652	2127.0	2400	2133	1555	1
82	4515	3018	1598	8817	2653	2131.0	2400	2133	1555	1
82	4507	3020	1598	8812	2650	2128.0	2400	2133	1555	1
82	4515	3017	1598	8817	2653	2133.0	2400	2133	1555	1
82	4507	3019	1598	8812	2651	2126.0	2400	2133	1555	1
82	4514	3017	1598	8815	2653	2132.0	2400	2133	1555	1
82	4508	3019	1598	8812	2651	2126.0	2400	2133	1555	1
82	4513	3019	1599	8818	2653	2131.0	2400	2133	1555	0
82	4004	2697	1428	7857	2652	2129.0	2400	2133	1555	0
82	307	387	198	928	2663	1911.0	2400	2133	1555	0
82	304	384	196	922	3848	366.0	2400	2133	1555	0
82	307	387	198	929	3847	363.0	2400	2133	1555	0
82	304	384	196	922	3848	366.0	2400	2133	1555	0
82	305	384	196	922	3847	363.0	2400	2133	1555	0
83	307	387	198	928	3839	363.0	2400	2488	1333	1
83	4934	2563	1455	8573	3848	366.0	2400	2488	1333	1
83	5183	2686	1525	8993	2407	1378.0	2400	2488	1333	1
83	5185	2679	1522	8985	2404	1440.0	2400	2488	1333	1
83	5181	2685	1525	8990	2401	1431.0	2400	2488	1333	1
83	5182	2679	1522	8983	2404	1439.0	2400	2488	1333	1
83	5180	2684	1524	8988	2402	1432.0	2400	2488	1333	1
83	5180	2680	1523	8982	2403	1439.0	2400	2488	1333	1
83	5182	2683	1524	8988	2403	1433.0	2400	2488	1333	1
83	5179	2681	1523	8983	2403	1436.0	2400	2488	1333	1
83	5182	2681	1523	8985	2403	1435.0	2400	2488	1333	1
83	5177	2682	1523	8982	2402	1434.0	2400	2488	1333	1
83	5182	2680	1523	8984	2403	1437.0	2400	2488	1333	1
83	5176	2682	1523	8981	2402	1432.0	2400	2488	1333	1
83	5182	2679	1523	8984	2403	1438.0	2400	2488	1333	1
83	5175	2683	1523	8981	2402	1431.0	2400	2488	1333	1
83	5182	2679	1523	8983	2404	1439.0	2400	2488	1333	1
83	5180	2679	1522	8981	2402	1431.0	2400	2488	1333	1
83	5175	2683	1523	8982	2402	1432.0	2400	2488	1333	1
83	5180	2679	1522	8981	2404	1439.0	2400	2488	1333	1
83	5175	2683	1523	8982	2402	1432.0	2400	2488	1333	1
83	5179	2679	1522	8980	2404	1439.0	2400	2488	1333	1
83	5177	2683	1524	8984	2402	1433.0	2400	2488	1333	1
83	5179	2680	1522	8980	2404	1438.0	2400	2488	1333	1
83	5177	2683	1524	8983	2402	1434.0	2400	2488	1333	1
83	5177	2680	1522	8979	2404	1438.0	2400	2488	1333	1
83	5177	2682	1523	8983	2403	1435.0	2400	2488	1333	1
83	5176	2680	1522	8978	2404	1437.0	2400	2488	1333	0
83	4569	2393	1357	7973	2403	1435.0	2400	2488	1333	0
83	305	385	197	923	2417	1300.0	2400	2488	1333	0
83	307	387	198	928	3851	364.0	2400	2488	1333	0
83	305	384	196	923	3848	366.0	2400	2488	1333	0
83	307	387	198	929	3839	363.0	2400	2488	1333	0
83	305	384	196	922	3848	366.0	2400	2488	1333	0
84	307	387	198	928	3839	363.0	2400	2844	1111	1
84	5617	2260	1395	922	3848	366.0	2400	2844	1111	1
84	5860	2346	1449	9167	36130	722.0	2400	2844	1111	1
84	5864	2346	1450	9171	2208	739.0	2400	2844	1111	1
84	5857	2346	1449	9163	2208	737.0	2400	2844	1111	1
84	5862	2346	1450	9169	2208	740.0	2400	2844	1111	1
84	5854	2345	1449	9160	2208	738.0	2400	2844	1111	1
84	5863	2345	1450	9168	2209	740.0	2400	2844	1111	1
84	5856	2346	1449	9162	2208	736.0	2400	2844	1111	1
84	5862	2345	1449	9167	2209	741.0	2400	2844	1111	1
84	5854	2346	1449	9161	2208	737.0	2400	2844	1111	1
84	5861	2345	1449	9166	2209	741.0	2400	2844	1111	1
84	5854	2346	1449	9160	2208	737.0	2400	2844	1111	1
84	5859	2345	1449	9164	2209	741.0	2400	2844	1111	1
84	5853	2346	1449	9159	2208	738.0	2400	2844	1111	1
84	5855	2346	1449	9161	2209	742.0	2400	2844	1111	1
84	5855	2344	1448	9158	2209	741.0	2400	2844	1111	1
84	5854	2347	1450	9163	2208	739.0	2400	2844	1111	1
84	5856	2343	1448	9158	2210	742.0	2400	2844	1111	1
84	5853	2347	1449	9161	2208	737.0	2400	2844	1111	1
84	5852	2347	1449	9160	2209	743.0	2400	2844	1111	1
84	5856	2343	1448	9157	2209	743.0	2400	2844	1111	1
84	5851	2346	1449	9158	2207	737.0	2400	2844	1111	1
84	5853	2344	1448	9157	2209	742.0	2400	2844	1111	1
84	5848	2344	1448	9152	2208	739.0	2400	2844	1111	1
84	5845	2345	1448	9150	2209	741.0	2400	2844	1111	1
84	5846	2342	1447	9148	2210	743.0	2400	2844	1111	1
84	5842	2345	1448	9148	2209	739.0	2400	2844	1111	0
84	4901	2007	1233	7743	2210	744.0	2400	2844	1111	0
84	306	386	197	926	2228	674.0	2400	2844	1111	0
84	305	385	197	923	3843	365.0	2400	2844	1111	0
84	306	386	197	926	3851	364.0	2400	2844	1111	0
84	305	385	197	923	3843	365.0	2400	2844	1111	0
84	306	386	197	927	3851	364.0	2400	2844	1111	0
85	305	385	197	923	3843	365.0	2400	3200	888	1
85	306	386	197	927	3851	364.0	2400	3200	888	1
85	5882	1830	1247	8447	3843	365.0	2400	3200	888	1
85	6510	1992	1365	9293	2062	66.0	2400	3200	888	1
85	6508	1991	1365	9289	2051	31.0	2400	3200	888	1
85	6501	1991	1364	9283	2051	30.0	2400	3200	888	1
85	6505	1992	1365	9287	2051	33.0	2400	3200	888	1
85	6500	1990	1364	9279	2051	33.0	2400	3200	888	1
85	6501	1993	1365	9286	2051	32.0	2400	3200	888	1
85	6500	1988	1363	9277	2052	36.0	2400	3200	888	1
85	6499	1993	1365	9285	2050	29.0	2400	3200	888	1
85	6501	1988	1363	9278	2052	36.0	2400	3200	888	1
85	6498	1993	1365	9284	2050	29.0	2400	3200	888	1
85	6500	1988	1363	9277	2052	36.0	2400	3200	888	1
85	6497	1994	1365	9282	2050	29.0	2400	3200	888	1
85	6497	1989	1363	9276	2052	38.0	2400	3200	888	1
85	6497	1992	1365	9281	2051	32.0	2400	3200	888	1
85	6494	1991	1364	9275	2052	35.0	2400	3200	888	1
85	6496	1991	1364	9277	2052	35.0	2400	3200	888	1
85	6489	1991	1363	9270	2051	35.0	2400	3200	888	1
85	6494	1990	1364	9275	2052	38.0	2400	3200	888	1
85	6488	1991	1363	9269	2052	34.0	2400	3200	888	1
85	6488	1991	1363	9270	2052	38.0	2400	3200	888	1
85	6493	1990	1364	9274	2052	38.0	2400	3200	888	1
85	6489	1990	1363	9270	2052	34.0	2400	3200	888	1
85	6490	1991	1364	9273	2052	36.0	2400	3200	888	1
85	6489	1989	1363	9268	2053	37.0	2400	3200	888	1
85	6488	1992	1364	9272	2052	35.0	2400	3200	888	0
85	5785	1805	1229	8316	2053	39.0	2400	3200	888	0
85	306	386	197	926	2064	71.0	2400	3200	888	0
85	305	385	197	924	3843	365.0	2400	3200	888	0
85	306	386	197	926	3851	364.0	2400	3200	888	0
85	305	385	197	924	3843	365.0	2400	3200	888	0
85	305	385	197	925	3851	364.0	2400	3200	888	0
86	305	385	197	925	3851	364.0	2400	1777	2000	1
86	305	385	197	923	3851	364.0	2400	1777	2000	1
86	3686	3551	1738	8775	3851	364.0	2400	1777	2000	1
86	3891	3737	1829	9242	3131	3136.0	2400	1777	2000	1
86	3884	3741	1830	9241	3124	3296.0	2400	1777	2000	1
86	3890	3735	1828	9239	3129	3304.0	2400	1777	2000	1
86	3888	3734	1828	9242	3124	3294.0	2400	1777	2000	1
86	3882	3741	1830	9240	3126	3293.0	2400	1777	2000	1
86	3890	3734	1828	9235	3130	3304.0	2400	1777	2000	1
86	3887	3742	1831	9245	3123	3292.0	2400	1777	2000	1
86	3892	3734	1828	9238	3128	3304.0	2400	1777	2000	1
86	3889	3742	1831	9246	3122	3292.0	2400	1777	2000	1
86	3892	3735	1828	9239	3127	3303.0	2400	1777	2000	1
86	3890	3741	1830	9245	3122	3293.0	2400	1777	2000	1
86	3889	3736	1828	9238	3125	3302.0	2400	1777	2000	1
86	3890	3740	1830	9244	3124	3296.0	2400	1777	2000	1
86	3888	3737	1829	9237	3125	3300.0	2400	1777	2000	1
86	3890	3739	1830	9244	3125	3297.0	2400	1777	2000	1
86	3886	3737	1829	9237	3126	3299.0	2400	1777	2000	1
86	3891	3738	1830	9243	3127	3298.0	2400	1777	2000	1
86	3885	3738	1829	9236	3125	3297.0	2400	1777	2000	1
86	3892	3737	1829	9242	3127	3299.0	2400	1777	2000	1
86	3884	3739	1829	9237	3123	3296.0	2400	1777	2000	1
86	3892	3736	1829	9240	3128	3301.0	2400	1777	2000	1
86	3883	3739	1829	9236	3123	3294.0	2400	1777	2000	1
86	3883	3738	1829	9236	3128	3302.0	2400	1777	2000	1
86	3888	3737	1829	9238	3128	3300.0	2400	1777	2000	1
86	3883	3737	1828	9233	3125	3297.0	2400	1777	2000	1
86	3460	3334	1633	8241	3127	3299.0	2400	1777	2000	0
86	305	385	197	923	3133	2943.0	2400	1777	2000	0
86	306	387	197	927	3851	364.0	2400	1777	2000	0
86	305	385	197	924	3843	367.0	2400	1777	2000	0
86	306	386	197	927	3851	364.0	2400	1777	2000	0
86	305	385	197	924	3843	365.0	2400	1777	2000	0
87	306	386	197	927	3851	364.0	2400	2133	1777	1
87	306	386	197	925	3843	365.0	2400	2133	1777	1
87	4335	3243	1672	8965	3843	365.0	2400	2133	1777	1
87	4565	3395	1753	9409	2781	2487.0	2400	2133	1777	1
87	4559	3400	1754	9410	2773	2593.0	2400	2133	1777	1
87	4560	3395	1752	9405	2776	2602.0	2400	2133	1777	1
87	4559	3398	1753	9408	2774	2595.0	2400	2133	1777	1
87	4563	3397	1753	9409	2775	2600.0	2400	2133	1777	1
87	4562	3396	1753	9408	2773	2597.0	2400	2133	1777	1
87	4563	3395	1752	9407	2774	2596.0	2400	2133	1777	1
87	4560	3399	1754	9410	2773	2594.0	2400	2133	1777	1
87	4564	3393	1752	9405	2776	2600.0	2400	2133	1777	1
87	4558	3400	1754	9410	2772	2591.0	2400	2133	1777	1
87	4563	3393	1751	9403	2776	2602.0	2400	2133	1777	1
87	4557	3400	1754	9408	2772	2592.0	2400	2133	1777	1
87	4562	3392	1751	9402	2777	2603.0	2400	2133	1777	1
87	4557	3400	1754	9408	2772	2591.0	2400	2133	1777	1
87	4561	3392	1751	9401	2777	2603.0	2400	2133	1777	1
87	4556	3400	1753	9406	2773	2591.0	2400	2133	1777	1
87	4558	3392	1751	9398	2776	2604.0	2400	2133	1777	1
87	4556	3399	1753	9406	2774	2592.0	2400	2133	1777	1
87	4558	3393	1751	9399	2776	2602.0	2400	2133	1777	1
87	4559	3399	1753	9408	2774	2594.0	2400	2133	1777	1
87	4558	3394	1751	9400	2775	2601.0	2400	2133	1777	1
87	4559	3398	1753	9407	2774	2595.0	2400	2133	1777	1
87	4557	3395	1752	9400	2775	2600.0	2400	2133	1777	1
87	4561	3397	1753	9407	2774	2596.0	2400	2133	1777	1
87	4562	3396	1752	9407	2774	2597.0	2400	2133	1777	1
87	3863	2903	1498	8016	2773	2596.0	2400	2133	1777	0
87	307	387	198	928	2791	2231.0	2400	2133	1777	0
87	305	384	196	923	3848	366.0	2400	2133	1777	0
87	306	387	198	928	3839	363.0	2400	2133	1777	0
87	305	385	196	923	3856	366.0	2400	2133	1777	0
87	306	387	197	927	3839	365.0	2400	2133	1777	0
87	305	385	197	923	3843	367.0	2400	2133	1777	0
88	306	387	197	928	3851	364.0	2400	2488	1555	1
88	4681	2773	1517	8630	3843	367.0	2400	2488	1555	1
88	5197	3059	1675	9545	2528	1746.0	2400	2488	1555	1
88	5201	3053	1672	9539	2519	1915.0	2400	2488	1555	1
88	5197	3059	1674	9543	2516	1906.0	2400	2488	1555	1
88	5200	3053	1673	9539	2518	1915.0	2400	2488	1555	1
88	5196	3057	1674	9541	2517	1906.0	2400	2488	1555	1
88	5197	3055	1673	9538	2518	1912.0	2400	2488	1555	1
88	5196	3055	1673	9537	2517	1910.0	2400	2488	1555	1
88	5195	3057	1673	9538	2518	1910.0	2400	2488	1555	1
88	5197	3058	1674	9535	2518	1913.0	2400	2488	1555	1
88	5196	3052	1672	9533	2516	1914.0	2400	2488	1555	1
88	5190	3058	1674	9536	2517	1906.0	2400	2488	1555	1
88	5195	3052	1671	9531	2520	1916.0	2400	2488	1555	1
88	5190	3058	1674	9535	2516	1907.0	2400	2488	1555	1
88	5193	3053	1672	9531	2520	1916.0	2400	2488	1555	1
88	5192	3056	1673	9534	2517	1909.0	2400	2488	1555	1
88	5190	3055	1672	9530	2518	1913.0	2400	2488	1555	1
88	5193	3054	1672	9533	2518	1913.0	2400	2488	1555	1
88	5186	3056	1672	9528	2517	1910.0	2400	2488	1555	1
88	5194	3053	1672	9532	2519	1916.0	2400	2488	1555	1
88	5185	3055	1672	9526	2517	1908.0	2400	2488	1555	1
88	5191	3055	1672	9532	2519	1914.0	2400	2488	1555	1
88	5187	3053	1671	9525	2518	1912.0	2400	2488	1555	1
88	5189	3057	1673	9533	2518	1911.0	2400	2488	1555	1
88	5192	3051	1671	9527	2519	1915.0	2400	2488	1555	1
88	5189	3058	1673	9535	2517	1906.0	2400	2488	1555	1
88	5192	3050	1671	9527	2520	1917.0	2400	2488	1555	0
88	4664	2766	1513	8603	2517	1905.0	2400	2488	1555	0
88	306	387	198	928	2529	1744.0	2400	2488	1555	0
88	304	384	196	921	3856	366.0	2400	2488	1555	0
88	307	387	198	928	3847	363.0	2400	2488	1555	0
88	304	384	196	922	3848	366.0	2400	2488	1555	0
88	306	387	198	928	3847	363.0	2400	2488	1555	0
89	305	384	196	922	3856	366.0	2400	2844	1333	1
89	5504	2549	1499	9111	3839	363.0	2400	2844	1333	1
89	5856	2697	1588	9667	2313	1139.0	2400	2844	1333	1
89	5858	2698	1588	9670	2307	1193.0	2400	2844	1333	1
89	5855	2695	1587	9662	2306	1194.0	2400	2844	1333	1
89	5855	2699	1589	9670	2306	1191.0	2400	2844	1333	1
89	5857	2694	1587	9662	2308	1196.0	2400	2844	1333	1
89	5852	2699	1589	9666	2305	1189.0	2400	2844	1333	1
89	5855	2694	1586	9661	2308	1197.0	2400	2844	1333	1
89	5851	2698	1588	9664	2305	1190.0	2400	2844	1333	1
89	5854	2695	1587	9661	2308	1196.0	2400	2844	1333	1
89	5853	2696	1587	9662	2306	1191.0	2400	2844	1333	1
89	5850	2697	1587	9661	2306	1193.0	2400	2844	1333	1
89	5849	2698	1588	9661	2307	1196.0	2400	2844	1333	1
89	5852	2694	1586	9659	2308	1197.0	2400	2844	1333	1
89	5848	2697	1587	9658	2306	1191.0	2400	2844	1333	1
89	5850	2696	1587	9659	2307	1196.0	2400	2844	1333	1
89	5849	2695	1587	9657	2307	1194.0	2400	2844	1333	1
89	5849	2697	1587	9659	2307	1193.0	2400	2844	1333	1
89	5855	2694	1587	9662	2307	1196.0	2400	2844	1333	1
89	5848	2697	1587	9660	2306	1189.0	2400	2844	1333	1
89	5853	2694	1587	9660	2308	1196.0	2400	2844	1333	1
89	5846	2697	1587	9657	2306	1190.0	2400	2844	1333	1
89	5849	2696	1587	9659	2308	1197.0	2400	2844	1333	1
89	5847	2694	1586	9654	2308	1194.0	2400	2844	1333	1
89	5849	2698	1588	9662	2307	1193.0	2400	2844	1333	1
89	5851	2693	1586	9656	2308	1197.0	2400	2844	1333	1
89	5847	2698	1588	9660	2306	1190.0	2400	2844	1333	0
89	5244	2439	1433	8698	2309	1197.0	2400	2844	1333	0
89	306	387	198	928	2317	1098.0	2400	2844	1333	0
89	304	384	196	922	3856	366.0	2400	2844	1333	0
89	305	384	196	922	3847	363.0	2400	2844	1333	0
89	307	387	198	928	3839	363.0	2400	2844	1333	0
89	305	384	196	922	3848	366.0	2400	2844	1333	0
90	307	387	198	929	3839	363.0	2400	3200	1111	1
90	6139	2222	1424	9261	3848	366.0	2400	3200	1111	1
90	6524	2343	1505	9810	2144	471.0	2400	3200	1111	1
90	6517	2341	1503	9800	2137	478.0	2400	3200	1111	1
90	6518	2345	1505	9807	2138	479.0	2400	3200	1111	1
90	6517	2339	1502	9797	2139	483.0	2400	3200	1111	1
90	6519	2345	1505	9808	2137	476.0	2400	3200	1111	1
90	6523	2339	1503	9802	2139	483.0	2400	3200	1111	1
90	6520	2345	1505	9808	2136	473.0	2400	3200	1111	1
90	6521	2340	1503	9802	2138	482.0	2400	3200	1111	1
90	6519	2343	1504	9805	2137	476.0	2400	3200	1111	1
90	6516	2342	1503	9800	2138	480.0	2400	3200	1111	1
90	6518	2342	1504	9802	2138	480.0	2400	3200	1111	1
90	6514	2343	1504	9798	2138	479.0	2400	3200	1111	1
90	6518	2341	1503	9801	2138	482.0	2400	3200	1111	1
90	6513	2341	1503	9798	2137	478.0	2400	3200	1111	1
90	6515	2343	1504	9800	2139	480.0	2400	3200	1111	1
90	6516	2342	1503	9800	2138	482.0	2400	3200	1111	1
90	6512	2341	1503	9796	2138	480.0	2400	3200	1111	1
90	6513	2343	1504	9800	2138	480.0	2400	3200	1111	1
90	6512	2340	1502	9793	2139	482.0	2400	3200	1111	1
90	6511	2344	1504	9798	2138	479.0	2400	3200	1111	1
90	6512	2339	1502	9792	2139	485.0	2400	3200	1111	1
90	6509	2343	1503	9795	2138	478.0	2400	3200	1111	1
90	6512	2339	1502	9792	2139	484.0	2400	3200	1111	1
90	6508	2343	1503	9794	2138	478.0	2400	3200	1111	1
90	6516	2341	1503	9798	2139	485.0	2400	3200	1111	1
90	6512	2341	1503	9795	2137	479.0	2400	3200	1111	0
90	5567	2043	1304	8444	2138	480.0	2400	3200	1111	0
90	305	385	197	924	2154	462.0	2400	3200	1111	0
90	306	386	197	926	3851	364.0	2400	3200	1111	0
90	305	385	197	923	3843	365.0	2400	3200	1111	0
90	306	386	197	926	3851	364.0	2400	3200	1111	0
90	305	385	197	923	3843	365.0	2400	3200	1111	0
91	305	385	197	923	3851	364.0	2400	2133	2000	1
91	4070	3369	1700	8889	3851	364.0	2400	2133	2000	1
91	4578	3771	1902	9961	2912	2751.0	2400	2133	2000	1
91	4590	3769	1903	9971	2901	3073.0	2400	2133	2000	1
91	4583	3771	1903	9967	2897	3065.0	2400	2133	2000	1
91	4590	3768	1902	9969	2900	3071.0	2400	2133	2000	1
91	4581	3771	1903	9964	2897	3065.0	2400	2133	2000	1
91	4589	3768	1902	9969	2900	3071.0	2400	2133	2000	1
91	4582	3769	1902	9963	2897	3065.0	2400	2133	2000	1
91	4587	3770	1903	9969	2899	3069.0	2400	2133	2000	1
91	4583	3768	1901	9962	2898	3068.0	2400	2133	2000	1
91	4585	3771	1903	9969	2898	3068.0	2400	2133	2000	1
91	4584	3766	1901	9960	2899	3070.0	2400	2133	2000	1
91	4583	3772	1903	9968	2898	3064.0	2400	2133	2000	1
91	4585	3764	1900	9959	2900	3072.0	2400	2133	2000	1
91	4581	3773	1903	9967	2896	3061.0	2400	2133	2000	1
91	4586	3764	1900	9959	2900	3075.0	2400	2133	2000	1
91	4581	3772	1903	9966	2896	3061.0	2400	2133	2000	1
91	4577	3770	1902	9959	2900	3073.0	2400	2133	2000	1
91	4578	3766	1900	9953	2901	3072.0	2400	2133	2000	1
91	4578	3769	1902	9959	2899	3067.0	2400	2133	2000	1
91	4577	3767	1901	9954	2901	3070.0	2400	2133	2000	1
91	4578	3768	1901	9958	2900	3068.0	2400	2133	2000	1
91	4583	3768	1902	9962	2900	3069.0	2400	2133	2000	1
91	4586	3767	1902	9965	2899	3067.0	2400	2133	2000	1
91	4581	3770	1902	9963	2898	3064.0	2400	2133	2000	1
91	4587	3766	1901	9964	2900	3071.0	2400	2133	2000	1
91	4580	3770	1902	9963	2897	3063.0	2400	2133	2000	0
91	4175	3440	1737	9093	2900	3071.0	2400	2133	2000	0
91	305	385	197	924	2905	2802.0	2400	2133	2000	0
91	306	386	197	926	3851	364.0	2400	2133	2000	0
91	305	385	197	924	3843	365.0	2400	2133	2000	0
91	306	386	197	926	3851	364.0	2400	2133	2000	0
91	306	385	197	925	3843	365.0	2400	2133	2000	0
92	305	385	197	925	3843	364.0	2400	2488	1777	1
92	306	386	197	925	3851	364.0	2400	2488	1777	1
92	5238	3405	1814	10080	3843	365.0	2400	2488	1777	1
92	5232	3408	1815	10079	2617	2346.0	2400	2488	1777	1
92	5237	3404	1814	10077	2619	2352.0	2400	2488	1777	1
92	5230	3408	1814	10076	2617	2344.0	2400	2488	1777	1
92	5237	3403	1813	10077	2619	2353.0	2400	2488	1777	1
92	5229	3408	1814	10075	2617	2343.0	2400	2488	1777	1
92	5237	3404	1814	10078	2619	2353.0	2400	2488	1777	1
92	5229	3407	1814	10074	2617	2344.0	2400	2488	1777	1
92	5235	3405	1814	10077	2619	2352.0	2400	2488	1777	1
92	5228	3406	1814	10072	2618	2347.0	2400	2488	1777	1
92	5234	3405	1814	10077	2620	2350.0	2400	2488	1777	1
92	5229	3404	1813	10070	2618	2347.0	2400	2488	1777	1
92	5232	3407	1814	10077	2619	2348.0	2400	2488	1777	1
92	5230	3403	1813	10069	2619	2351.0	2400	2488	1777	1
92	5231	3408	1815	10077	2618	2346.0	2400	2488	1777	1
92	5231	3402	1812	10068	2620	2352.0	2400	2488	1777	1
92	5229	3409	1815	10076	2617	2345.0	2400	2488	1777	1
92	5232	3401	1812	10067	2620	2354.0	2400	2488	1777	1
92	5228	3401	1812	10076	2617	2343.0	2400	2488	1777	1
92	5228	3409	1815	10075	2621	2344.0	2400	2488	1777	1
92	5231	3401	1812	10067	2620	2354.0	2400	2488	1777	1
92	5228	3408	1814	10074	2617	2343.0	2400	2488	1777	1
92	5230	3402	1812	10068	2620	2354.0	2400	2488	1777	1
92	5228	3407	1814	10073	2618	2345.0	2400	2488	1777	1
92	5228	3403	1813	10068	2620	2352.0	2400	2488	1777	1
92	5230	3405	1813	10072	2619	2346.0	2400	2488	1777	0
92	4726	3095	1647	9133	2618	2349.0	2400	2488	1777	0
92	306	387	198	928	2627	2145.0	2400	2488	1777	0
92	305	384	196	923	3856	366.0	2400	2488	1777	0
92	306	386	197	927	3839	363.0	2400	2488	1777	0
92	305	385	197	923	3843	365.0	2400	2488	1777	0
92	306	386	197	927	3851	364.0	2400	2488	1777	0
93	305	385	197	923	3843	365.0	2400	2844	1555	1
93	306	386	197	927	3851	364.0	2400	2844	1555	1
93	5502	2859	1620	9553	3843	365.0	2400	2844	1555	1
93	5896	3050	1729	10211	2404	1540.0	2400	2844	1555	1
93	5897	3044	1727	10204	2397	1634.0	2400	2844	1555	1
93	5896	3044	1727	10203	2396	1626.0	2400	2844	1555	1
93	5891	3048	1728	10204	2396	1626.0	2400	2844	1555	1
93	5895	3046	1728	10204	2398	1633.0	2400	2844	1555	1
93	5891	3046	1728	10200	2397	1629.0	2400	2844	1555	1
93	5891	3047	1728	10202	2398	1630.0	2400	2844	1555	1
93	5892	3044	1727	10199	2398	1631.0	2400	2844	1555	1
93	5890	3049	1729	10204	2397	1627.0	2400	2844	1555	1
93	5894	3043	1726	10198	2399	1634.0	2400	2844	1555	1
93	5889	3049	1728	10203	2396	1626.0	2400	2844	1555	1
93	5893	3043	1727	10198	2399	1635.0	2400	2844	1555	1
93	5889	3048	1728	10201	2397	1625.0	2400	2844	1555	1
93	5891	3045	1727	10198	2398	1634.0	2400	2844	1555	1
93	5891	3046	1728	10200	2397	1629.0	2400	2844	1555	1
93	5889	3046	1727	10199	2398	1630.0	2400	2844	1555	1
93	5892	3045	1727	10200	2398	1631.0	2400	2844	1555	1
93	5887	3047	1728	10198	2397	1629.0	2400	2844	1555	1
93	5894	3045	1727	10201	2398	1633.0	2400	2844	1555	1
93	5886	3047	1727	10197	2396	1628.0	2400	2844	1555	1
93	5886	3046	1727	10195	2398	1634.0	2400	2844	1555	1
93	5892	3047	1728	10203	2398	1632.0	2400	2844	1555	1
93	5887	3045	1726	10194	2398	1631.0	2400	2844	1555	1
93	5890	3048	1728	10202	2397	1631.0	2400	2844	1555	1
93	5888	3043	1726	10193	2398	1633.0	2400	2844	1555	0
93	5088	2665	1508	8870	2397	1628.0	2400	2844	1555	0
93	304	384	196	922	2413	1450.0	2400	2844	1555	0
93	307	387	198	928	3847	363.0	2400	2844	1555	0
93	304	384	196	922	3848	366.0	2400	2844	1555	0
93	306	387	198	928	3847	363.0	2400	2844	1555	0
93	304	384	196	922	3856	366.0	2400	2844	1555	0
94	307	387	198	928	3847	363.0	2400	3200	1333	1
94	305	384	196	922	3848	366.0	2400	3200	1333	1
94	5767	2401	1461	9154	3839	363.0	2400	3200	1333	1
94	6547	2690	1642	10329	2234	848.0	2400	3200	1333	1
94	6549	2688	1642	10328	2221	918.0	2400	3200	1333	1
94	6544	2689	1642	10324	2221	914.0	2400	3200	1333	1
94	6548	2687	1641	10325	2221	917.0	2400	3200	1333	1
94	6546	2687	1641	10324	2220	914.0	2400	3200	1333	1
94	6541	2689	1642	10322	2220	914.0	2400	3200	1333	1
94	6545	2688	1641	10323	2222	918.0	2400	3200	1333	1
94	6540	2688	1641	10318	2221	916.0	2400	3200	1333	1
94	6542	2689	1641	10322	2221	918.0	2400	3200	1333	1
94	6541	2686	1640	10317	2221	919.0	2400	3200	1333	1
94	6539	2690	1642	10321	2220	915.0	2400	3200	1333	1
94	6542	2686	1640	10318	2222	921.0	2400	3200	1333	1
94	6539	2690	1641	10320	2220	915.0	2400	3200	1333	1
94	6542	2686	1640	10318	2221	921.0	2400	3200	1333	1
94	6537	2689	1641	10318	2220	915.0	2400	3200	1333	1
94	6541	2688	1641	10319	2222	920.0	2400	3200	1333	1
94	6537	2688	1641	10315	2221	917.0	2400	3200	1333	1
94	6539	2689	1641	10321	2222	919.0	2400	3200	1333	1
94	6538	2686	1640	10313	2222	920.0	2400	3200	1333	1
94	6537	2691	1642	10319	2221	916.0	2400	3200	1333	1
94	6538	2685	1639	10312	2222	923.0	2400	3200	1333	1
94	6536	2691	1641	10319	2220	915.0	2400	3200	1333	1
94	6538	2690	1641	10312	2222	924.0	2400	3200	1333	1
94	6536	2687	1640	10313	2220	922.0	2400	3200	1333	1
94	6537	2688	1640	10315	2221	918.0	2400	3200	1333	1
94	5982	2482	1512	9477	2221	920.0	2400	3200	1333	0
94	307	387	198	928	2230	868.0	2400	3200	1333	0
94	305	384	196	922	3848	366.0	2400	3200	1333	0
94	307	387	198	928	3839	363.0	2400	3200	1333	0
94	304	384	196	922	3848	366.0	2400	3200	1333	0
94	307	387	198	929	3847	363.0	2400	3200	1333	0
95	305	384	196	922	3848	366.0	2400	2488	2000	1
95	307	387	198	929	3839	363.0	2400	2488	2000	1
95	4839	3472	1805	9785	3848	366.0	2400	2488	2000	1
95	5256	3759	1954	10605	2727	2587.0	2400	2488	2000	1
95	5255	3756	1953	10599	2721	2796.0	2400	2488	2000	1
95	5256	3757	1953	10601	2721	2792.0	2400	2488	2000	1
95	5252	3757	1953	10597	2720	2794.0	2400	2488	2000	1
95	5257	3755	1952	10599	2721	2795.0	2400	2488	2000	1
95	5249	3758	1953	10596	2719	2791.0	2400	2488	2000	1
95	5257	3755	1952	10600	2722	2797.0	2400	2488	2000	1
95	5255	3757	1953	10600	2719	2791.0	2400	2488	2000	1
95	5251	3755	1952	10592	2721	2794.0	2400	2488	2000	1
95	5253	3758	1953	10599	2720	2793.0	2400	2488	2000	1
95	5253	3753	1951	10591	2721	2796.0	2400	2488	2000	1
95	5250	3760	1953	10599	2719	2790.0	2400	2488	2000	1
95	5255	3752	1951	10593	2722	2800.0	2400	2488	2000	1
95	5249	3759	1953	10597	2719	2787.0	2400	2488	2000	1
95	5254	3754	1951	10594	2722	2799.0	2400	2488	2000	1
95	5250	3757	1952	10595	2719	2791.0	2400	2488	2000	1
95	5252	3755	1952	10595	2721	2796.0	2400	2488	2000	1
95	5251	3755	1952	10593	2721	2792.0	2400	2488	2000	1
95	5250	3757	1953	10596	2721	2793.0	2400	2488	2000	1
95	5253	3753	1951	10592	2722	2796.0	2400	2488	2000	1
95	5248	3758	1953	10595	2720	2790.0	2400	2488	2000	1
95	5254	3752	1951	10592	2722	2798.0	2400	2488	2000	1
95	5247	3758	1952	10594	2719	2788.0	2400	2488	2000	1
95	5252	3753	1951	10593	2722	2799.0	2400	2488	2000	1
95	5249	3756	1952	10593	2720	2790.0	2400	2488	2000	1
95	4806	3449	1793	9719	2721	2795.0	2400	2488	2000	0
95	305	385	197	923	2728	2571.0	2400	2488	2000	0
95	306	386	197	927	3851	364.0	2400	2488	2000	0
95	305	385	196	923	3843	365.0	2400	2488	2000	0
95	306	386	197	927	3839	365.0	2400	2488	2000	0
95	305	384	196	922	3843	365.0	2400	2488	2000	0
95	306	387	197	928	3839	363.0	2400	2488	2000	0
96	305	384	196	922	3843	367.0	2400	2844	1777	1
96	5438	3148	1728	9904	3839	363.0	2400	2844	1777	1
96	5896	3392	1863	10701	2499	1938.0	2400	2844	1777	1
96	5896	3397	1865	10708	2491	2076.0	2400	2844	1777	1
96	5896	3390	1862	10697	2492	2082.0	2400	2844	1777	1
96	5894	3398	1865	10707	2490	2073.0	2400	2844	1777	1
96	5896	3390	1862	10698	2493	2084.0	2400	2844	1777	1
96	5893	3396	1864	10704	2490	2073.0	2400	2844	1777	1
96	5895	3392	1863	10698	2493	2082.0	2400	2844	1777	1
96	5894	3395	1864	10702	2491	2076.0	2400	2844	1777	1
96	5893	3393	1863	10698	2492	2080.0	2400	2844	1777	1
96	5890	3395	1863	10698	2492	2078.0	2400	2844	1777	1
96	5896	3392	1863	10700	2492	2082.0	2400	2844	1777	1
96	5888	3395	1863	10697	2491	2076.0	2400	2844	1777	1
96	5895	3393	1863	10701	2493	2083.0	2400	2844	1777	1
96	5888	3393	1863	10694	2491	2077.0	2400	2844	1777	1
96	5893	3394	1864	10701	2493	2080.0	2400	2844	1777	1
96	5889	3391	1862	10692	2492	2079.0	2400	2844	1777	1
96	5890	3396	1864	10701	2492	2077.0	2400	2844	1777	1
96	5891	3389	1861	10691	2493	2083.0	2400	2844	1777	1
96	5888	3397	1864	10700	2491	2074.0	2400	2844	1777	1
96	5892	3390	1862	10692	2494	2085.0	2400	2844	1777	1
96	5888	3395	1864	10698	2491	2074.0	2400	2844	1777	1
96	5891	3391	1862	10694	2494	2082.0	2400	2844	1777	1
96	5888	3394	1863	10695	2491	2076.0	2400	2844	1777	1
96	5888	3393	1863	10694	2493	2081.0	2400	2844	1777	1
96	5885	3391	1862	10688	2493	2080.0	2400	2844	1777	1
96	5881	3394	1862	10689	2492	2078.0	2400	2844	1777	0
96	5141	2988	1639	9384	2494	2084.0	2400	2844	1777	0
96	305	386	197	924	2504	1847.0	2400	2844	1777	0
96	306	386	197	926	3851	366.0	2400	2844	1777	0
96	306	386	197	926	3843	365.0	2400	2844	1777	0
96	306	386	197	926	3843	365.0	2400	2844	1777	0
96	306	385	197	925	3843	365.0	2400	2844	1777	0
97	306	386	197	926	3843	364.0	2400	3200	1555	1
97	5680	2670	1559	9452	3843	365.0	2400	3200	1555	1
97	6549	3032	1776	10820	2321	1229.0	2400	3200	1555	1
97	6542	3035	1777	10818	2305	1359.0	2400	3200	1555	1
97	6546	3033	1776	10819	2307	1365.0	2400	3200	1555	1
97	6540	3033	1776	10813	2306	1362.0	2400	3200	1555	1
97	6544	3034	1777	10818	2307	1364.0	2400	3200	1555	1
97	6539	3032	1775	10809	2307	1363.0	2400	3200	1555	1
97	6541	3036	1777	10817	2306	1363.0	2400	3200	1555	1
97	6539	3030	1774	10807	2307	1367.0	2400	3200	1555	1
97	6539	3036	1777	10815	2305	1361.0	2400	3200	1555	1
97	6539	3029	1774	10805	2307	1368.0	2400	3200	1555	1
97	6537	3036	1777	10814	2305	1359.0	2400	3200	1555	1
97	6538	3029	1774	10804	2308	1369.0	2400	3200	1555	1
97	6538	3030	1774	10805	2306	1359.0	2400	3200	1555	1
97	6536	3035	1776	10810	2306	1361.0	2400	3200	1555	1
97	6536	3031	1774	10806	2307	1368.0	2400	3200	1555	1
97	6530	3033	1775	10803	2306	1363.0	2400	3200	1555	1
97	6529	3032	1774	10800	2308	1368.0	2400	3200	1555	1
97	6531	3032	1775	10802	2307	1367.0	2400	3200	1555	1
97	6527	3033	1774	10799	2307	1366.0	2400	3200	1555	1
97	6531	3031	1774	10801	2308	1369.0	2400	3200	1555	1
97	6527	3033	1774	10799	2307	1365.0	2400	3200	1555	1
97	6532	3031	1774	10801	2308	1369.0	2400	3200	1555	1
97	6525	3033	1774	10797	2307	1364.0	2400	3200	1555	1
97	6531	3031	1774	10800	2308	1370.0	2400	3200	1555	1
97	6524	3032	1774	10796	2307	1365.0	2400	3200	1555	1
97	6529	3032	1774	10801	2308	1369.0	2400	3200	1555	0
97	6046	2825	1651	10032	2307	1367.0	2400	3200	1555	0
97	306	386	197	927	2314	1287.0	2400	3200	1555	0
97	305	385	197	923	3843	365.0	2400	3200	1555	0
97	306	386	197	927	3851	364.0	2400	3200	1555	0
97	306	386	197	927	3843	365.0	2400	3200	1555	0
97	305	385	197	924	3843	365.0	2400	3200	1555	0
98	306	386	197	926	3851	364.0	2400	2844	2000	1
98	5362	3423	1828	10223	3843	365.0	2400	2844	2000	1
98	5890	3745	2000	11200	2595	2324.0	2400	2844	2000	1
98	5892	3743	1999	11198	2588	2534.0	2400	2844	2000	1
98	5887	3742	1999	11193	2586	2531.0	2400	2844	2000	1
98	5889	3744	2000	11199	2588	2531.0	2400	2844	2000	1
98	5893	3740	1999	11197	2588	2533.0	2400	2844	2000	1
98	5893	3746	2001	11205	2587	2526.0	2400	2844	2000	1
98	5896	3739	1998	11197	2588	2534.0	2400	2844	2000	1
98	5892	3746	2001	11203	2585	2524.0	2400	2844	2000	1
98	5896	3740	1999	11197	2588	2535.0	2400	2844	2000	1
98	5892	3745	2001	11202	2585	2525.0	2400	2844	2000	1
98	5895	3740	1999	11197	2588	2533.0	2400	2844	2000	1
98	5891	3744	2000	11199	2586	2526.0	2400	2844	2000	1
98	5892	3742	1999	11197	2587	2533.0	2400	2844	2000	1
98	5892	3742	1999	11198	2586	2530.0	2400	2844	2000	1
98	5887	3739	1998	11189	2587	2530.0	2400	2844	2000	1
98	5881	3743	1998	11188	2587	2527.0	2400	2844	2000	1
98	5889	3741	1999	11194	2589	2536.0	2400	2844	2000	1
98	5883	3742	1998	11189	2588	2529.0	2400	2844	2000	1
98	5896	3743	2000	11203	2588	2533.0	2400	2844	2000	1
98	5889	3741	1998	11193	2586	2529.0	2400	2844	2000	1
98	5894	3745	2001	11204	2587	2530.0	2400	2844	2000	1
98	5890	3740	1998	11193	2587	2532.0	2400	2844	2000	1
98	5892	3746	2001	11204	2587	2528.0	2400	2844	2000	1
98	5892	3739	1998	11192	2588	2535.0	2400	2844	2000	1
98	5890	3747	2001	11203	2586	2526.0	2400	2844	2000	1
98	5892	3738	1998	11192	2589	2537.0	2400	2844	2000	0
98	5433	3468	1852	10356	2586	2524.0	2400	2844	2000	0
98	305	385	197	923	2594	2354.0	2400	2844	2000	0
98	307	387	198	929	3851	364.0	2400	2844	2000	0
98	305	385	197	923	3848	366.0	2400	2844	2000	0
98	307	387	198	929	3851	364.0	2400	2844	2000	0
98	305	385	197	923	3848	366.0	2400	2844	2000	0
99	307	387	197	929	3851	364.0	2400	3200	1777	1
99	5983	3110	1757	10378	3835	366.0	2400	3200	1777	1
99	6544	3382	1912	11317	2399	1680.0	2400	3200	1777	1
99	6547	3378	1911	11312	2392	1814.0	2400	3200	1777	1
99	6536	3381	1911	11307	2390	1807.0	2400	3200	1777	1
99	6538	3378	1910	11305	2393	1815.0	2400	3200	1777	1
99	6534	3380	1911	11303	2392	1811.0	2400	3200	1777	1
99	6536	3378	1910	11303	2393	1814.0	2400	3200	1777	1
99	6532	3379	1910	11299	2392	1811.0	2400	3200	1777	1
99	6541	3380	1911	11310	2392	1814.0	2400	3200	1777	1
99	6539	3379	1910	11306	2392	1812.0	2400	3200	1777	1
99	6539	3381	1911	11310	2391	1812.0	2400	3200	1777	1
99	6540	3378	1910	11306	2392	1814.0	2400	3200	1777	1
99	6537	3382	1912	11308	2391	1810.0	2400	3200	1777	1
99	6539	3377	1910	11303	2393	1816.0	2400	3200	1777	1
99	6537	3381	1911	11307	2391	1809.0	2400	3200	1777	1
99	6541	3379	1911	11309	2392	1815.0	2400	3200	1777	1
99	6536	3379	1910	11303	2392	1811.0	2400	3200	1777	1
99	6537	3380	1911	11307	2392	1813.0	2400	3200	1777	1
99	6530	3381	1911	11302	2393	1813.0	2400	3200	1777	1
99	6529	3375	1908	11291	2394	1817.0	2400	3200	1777	1
99	6529	3382	1911	11302	2392	1810.0	2400	3200	1777	1
99	6531	3374	1908	11291	2394	1819.0	2400	3200	1777	1
99	6536	3383	1912	11309	2391	1808.0	2400	3200	1777	1
99	6537	3375	1909	11299	2393	1818.0	2400	3200	1777	1
99	6535	3381	1911	11307	2391	1807.0	2400	3200	1777	1
99	6536	3376	1909	11300	2393	1816.0	2400	3200	1777	1
99	6534	3380	1911	11303	2392	1809.0	2400	3200	1777	0
99	5761	3004	1696	10008	2393	1814.0	2400	3200	1777	0
99	307	387	198	928	2402	1629.0	2400	3200	1777	0
99	305	384	196	922	3848	366.0	2400	3200	1777	0
99	307	387	198	928	3839	363.0	2400	3200	1777	0
99	305	385	197	923	3848	366.0	2400	3200	1777	0
99	307	387	198	929	3851	364.0	2400	3200	1777	0
100	305	385	197	923	3848	366.0	2400	3200	2000	1
100	307	387	198	929	3851	364.0	2400	3200	2000	1
100	5629	3238	1776	10216	3848	366.0	2400	3200	2000	1
100	6537	3727	2046	11804	2490	1983.0	2400	3200	2000	1
100	6539	3730	2048	11810	2478	2262.0	2400	3200	2000	1
100	6535	3726	2046	11799	2478	2265.0	2400	3200	2000	1
100	6535	3731	2048	11807	2478	2261.0	2400	3200	2000	1
100	6535	3725	2045	11798	2479	2268.0	2400	3200	2000	1
100	6533	3731	2047	11804	2477	2261.0	2400	3200	2000	1
100	6536	3725	2045	11798	2479	2269.0	2400	3200	2000	1
100	6532	3730	2047	11802	2477	2260.0	2400	3200	2000	1
100	6535	3726	2046	11799	2479	2268.0	2400	3200	2000	1
100	6532	3728	2046	11799	2478	2261.0	2400	3200	2000	1
100	6535	3728	2046	11802	2478	2265.0	2400	3200	2000	1
100	6531	3727	2045	11795	2478	2265.0	2400	3200	2000	1
100	6534	3729	2047	11803	2478	2265.0	2400	3200	2000	1
100	6530	3725	2045	11793	2479	2266.0	2400	3200	2000	1
100	6530	3731	2047	11801	2478	2262.0	2400	3200	2000	1
100	6530	3723	2044	11790	2479	2270.0	2400	3200	2000	1
100	6530	3731	2047	11801	2478	2260.0	2400	3200	2000	1
100	6536	3724	2045	11796	2479	2270.0	2400	3200	2000	1
100	6539	3725	2045	11801	2477	2259.0	2400	3200	2000	1
100	6537	3730	2047	11806	2476	2259.0	2400	3200	2000	1
100	6539	3726	2046	11802	2478	2266.0	2400	3200	2000	1
100	6537	3729	2047	11805	2477	2260.0	2400	3200	2000	1
100	6539	3726	2046	11802	2478	2265.0	2400	3200	2000	1
100	6537	3728	2047	11804	2477	2260.0	2400	3200	2000	1
100	6537	3727	2046	11802	2478	2263.0	2400	3200	2000	0
100	6100	3490	1915	11036	2477	2262.0	2400	3200	2000	0
100	304	384	196	922	2482	2126.0	2400	3200	2000	0
100	307	387	198	929	3847	363.0	2400	3200	2000	0
100	305	384	196	922	3848	366.0	2400	3200	2000	0
100	307	387	198	928	3839	363.0	2400	3200	2000	0
100	305	384	196	922	3848	366.0	2400	3200	2000	0
999	307	387	198	928	3839	363.0	2400	3200	2000	1
999	305	385	197	923	3848	366.0	2400	3200	2000	1
999	2894	1347	586	4961	3851	364.0	2400	3200	2000	1
999	3174	1448	627	5393	2162	757.0	2400	3200	2000	1
999	3172	1449	628	5393	2143	796.0	2400	3200	2000	1
999	3173	1448	627	5391	2145	797.0	2400	3200	2000	1
999	3173	1448	627	5392	2143	796.0	2400	3200	2000	1
999	3169	1448	627	5388	2143	796.0	2400	3200	2000	1
999	3173	1448	627	5392	2144	797.0	2400	3200	2000	1
999	3169	1447	627	5387	2143	796.0	2400	3200	2000	1
999	3172	1448	627	5391	2144	796.0	2400	3200	2000	1
999	3170	1448	627	5388	2144	796.0	2400	3200	2000	1
999	3171	1448	627	5390	2144	797.0	2400	3200	2000	1
999	3170	1447	627	5388	2144	797.0	2400	3200	2000	1
999	3170	1447	627	5387	2144	795.0	2400	3200	2000	1
999	3170	1447	627	5388	2144	795.0	2400	3200	2000	1
999	3169	1447	627	5386	2144	795.0	2400	3200	2000	1
999	3171	1447	627	5389	2144	796.0	2400	3200	2000	1
999	3168	1447	627	5386	2144	795.0	2400	3200	2000	1
999	3172	1447	627	5389	2145	796.0	2400	3200	2000	1
999	3169	1448	627	5387	2144	795.0	2400	3200	2000	1
999	3171	1447	627	5388	2144	797.0	2400	3200	2000	1
999	3170	1448	628	5389	2144	795.0	2400	3200	2000	1
999	3169	1446	627	5385	2145	796.0	2400	3200	2000	1
999	3167	1446	626	5383	2144	794.0	2400	3200	2000	1
999	3172	1449	628	5393	2144	795.0	2400	3200	2000	1
999	3166	1445	626	5381	2145	797.0	2400	3200	2000	1
999	3173	1450	628	5395	2144	794.0	2400	3200	2000	1
999	2960	1369	595	5059	2145	798.0	2400	3200	2000	0
999	307	387	198	929	2156	764.0	2400	3200	2000	0
999	305	384	196	923	3848	366.0	2400	3200	2000	0
999	307	387	198	929	3839	363.0	2400	3200	2000	0
999	304	384	196	922	3848	366.0	2400	3200	2000	0
999	307	387	198	928	3847	363.0	2400	3200	2000	0
999	305	384	196	922	3848	366.0	2400	3200	2000	1
999	307	387	198	928	3839	363.0	2400	3200	2000	1
999	2887	1343	584	4948	3848	366.0	2400	3200	2000	1
999	3169	1448	628	5389	2161	755.0	2400	3200	2000	1
999	3170	1447	627	5388	2146	796.0	2400	3200	2000	1
999	3171	1449	628	5390	2144	795.0	2400	3200	2000	1
999	3168	1447	627	5385	2145	797.0	2400	3200	2000	1
999	3172	1449	628	5392	2145	796.0	2400	3200	2000	1
999	3173	1449	628	5393	2145	797.0	2400	3200	2000	1
999	3167	1446	626	5383	2145	797.0	2400	3200	2000	1
999	3171	1449	628	5391	2144	795.0	2400	3200	2000	1
999	3168	1447	627	5385	2145	797.0	2400	3200	2000	1
999	3170	1448	627	5389	2145	796.0	2400	3200	2000	1
999	3169	1447	627	5387	2144	797.0	2400	3200	2000	1
999	3169	1447	627	5387	2144	796.0	2400	3200	2000	1
999	3170	1448	627	5388	2144	796.0	2400	3200	2000	1
999	3168	1446	627	5384	2144	797.0	2400	3200	2000	1
999	3171	1448	627	5389	2145	794.0	2400	3200	2000	1
999	3166	1446	626	5381	2144	797.0	2400	3200	2000	1
999	3171	1448	627	5391	2144	796.0	2400	3200	2000	1
999	3166	1446	626	5381	2144	797.0	2400	3200	2000	1
999	3172	1449	628	5391	2144	796.0	2400	3200	2000	1
999	3166	1446	626	5382	2145	797.0	2400	3200	2000	1
999	3171	1449	628	5391	2144	796.0	2400	3200	2000	1
999	3167	1446	626	5382	2145	797.0	2400	3200	2000	1
999	3170	1449	628	5390	2144	795.0	2400	3200	2000	1
999	3169	1448	627	5382	2145	798.0	2400	3200	2000	1
999	3168	1446	626	5383	2144	797.0	2400	3200	2000	1
999	2840	1326	578	4876	2143	795.0	2400	3200	2000	0
999	305	384	196	922	2166	747.0	2400	3200	2000	0
999	307	387	198	928	3839	363.0	2400	3200	2000	0
999	304	384	196	922	3848	366.0	2400	3200	2000	0
999	307	387	198	928	3847	363.0	2400	3200	2000	0
999	304	384	196	921	3848	366.0	2400	3200	2000	0
999	306	387	198	928	3847	363.0	2400	3200	2000	0
999	304	384	196	921	3856	366.0	2400	3200	2000	1
999	2733	1287	562	4710	3847	363.0	2400	3200	2000	1
999	3170	1447	626	5387	2174	732.0	2400	3200	2000	1
999	3168	1448	627	5387	2143	796.0	2400	3200	2000	1
999	3170	1447	627	5386	2145	798.0	2400	3200	2000	1
999	3169	1448	627	5388	2144	795.0	2400	3200	2000	1
999	3169	1447	627	5386	2144	797.0	2400	3200	2000	1
999	3168	1448	627	5387	2144	796.0	2400	3200	2000	1
999	3169	1447	627	5386	2145	798.0	2400	3200	2000	1
999	3169	1448	627	5387	2144	796.0	2400	3200	2000	1
999	3169	1448	627	5387	2144	797.0	2400	3200	2000	1
999	3169	1447	627	5386	2144	797.0	2400	3200	2000	1
999	3169	1448	627	5386	2144	796.0	2400	3200	2000	1
999	3169	1447	627	5386	2144	797.0	2400	3200	2000	1
999	3168	1447	627	5386	2144	796.0	2400	3200	2000	1
999	3168	1447	627	5386	2145	796.0	2400	3200	2000	1
999	3168	1447	627	5386	2145	796.0	2400	3200	2000	1
999	3168	1447	627	5384	2145	796.0	2400	3200	2000	1
999	3168	1447	627	5386	2145	796.0	2400	3200	2000	1
999	3167	1447	627	5384	2145	796.0	2400	3200	2000	1
999	3169	1447	627	5386	2145	796.0	2400	3200	2000	1
999	3167	1447	627	5383	2144	796.0	2400	3200	2000	1
999	3169	1447	627	5386	2145	796.0	2400	3200	2000	1
999	3166	1447	627	5383	2144	796.0	2400	3200	2000	1
999	3170	1447	627	5387	2145	797.0	2400	3200	2000	1
999	3166	1447	627	5383	2144	795.0	2400	3200	2000	1
999	3170	1447	627	5386	2145	797.0	2400	3200	2000	1
999	3167	1447	627	5384	2144	795.0	2400	3200	2000	0
999	306	387	197	928	2145	796.0	2400	3200	2000	0
999	305	384	196	922	3843	367.0	2400	3200	2000	0
999	307	387	198	928	3839	363.0	2400	3200	2000	0
999	305	384	196	922	3848	366.0	2400	3200	2000	0
999	306	387	198	928	3839	363.0	2400	3200	2000	0
999	304	384	196	922	3856	366.0	2400	3200	2000	0
