Stim	HueR	HueG	HueB	HueC	HueCT	HueLux	Yellow	Red	Green	Trig
1	360	343	263	995	0	2.0	2400	0	0	1
1	359	341	262	991	4174	232.0	2400	0	0	1
1	360	343	263	995	4171	229.0	2400	0	0	1
1	358	341	262	990	4174	232.0	2400	0	0	1
1	360	343	263	995	4179	230.0	2400	0	0	1
1	358	341	262	990	4174	232.0	2400	0	0	1
1	360	343	263	996	4179	230.0	2400	0	0	1
1	358	341	262	990	4174	232.0	2400	0	0	1
1	360	343	263	996	4179	230.0	2400	0	0	1
1	358	341	262	989	4174	232.0	2400	0	0	1
1	360	343	263	996	4179	230.0	2400	0	0	1
1	358	341	262	989	4174	232.0	2400	0	0	1
1	360	343	263	997	4179	230.0	2400	0	0	1
1	358	341	261	989	4174	232.0	2400	0	0	1
1	360	343	263	996	4168	230.0	2400	0	0	1
1	358	341	262	990	4174	232.0	2400	0	0	1
1	358	341	262	990	4179	230.0	2400	0	0	1
1	360	343	263	996	4179	230.0	2400	0	0	1
1	358	341	262	991	4174	232.0	2400	0	0	1
1	360	343	263	995	4179	230.0	2400	0	0	1
1	358	341	262	991	4174	232.0	2400	0	0	1
1	360	343	263	995	4179	230.0	2400	0	0	1
1	359	342	262	992	4174	232.0	2400	0	0	1
1	360	342	263	994	4171	231.0	2400	0	0	1
1	359	342	262	993	4174	230.0	2400	0	0	1
1	359	342	263	993	4171	231.0	2400	0	0	1
1	359	342	263	993	4182	230.0	2400	0	0	1
1	359	342	262	993	4182	230.0	2400	0	0	0
1	359	342	263	994	4171	231.0	2400	0	0	0
1	359	342	262	992	4182	230.0	2400	0	0	0
1	360	343	263	995	4171	231.0	2400	0	0	0
1	358	341	262	991	4174	232.0	2400	0	0	0
1	360	343	263	995	4179	230.0	2400	0	0	0
1	358	341	262	990	4174	232.0	2400	0	0	0
2	358	341	262	990	4179	230.0	2400	0	222	1
2	382	452	303	1170	4179	230.0	2400	0	222	1
2	386	477	312	1208	4413	367.0	2400	0	222	1
2	388	479	314	1215	4470	399.0	2400	0	222	1
2	385	477	312	1208	4474	400.0	2400	0	222	1
2	388	479	314	1215	4478	399.0	2400	0	222	1
2	385	477	312	1208	4474	400.0	2400	0	222	1
2	388	479	313	1215	4478	399.0	2400	0	222	1
2	385	477	312	1207	4464	400.0	2400	0	222	1
2	388	480	314	1215	4478	399.0	2400	0	222	1
2	385	477	312	1208	4474	401.0	2400	0	222	1
2	388	479	313	1215	4478	399.0	2400	0	222	1
2	386	477	312	1208	4464	400.0	2400	0	222	1
2	388	479	313	1214	4470	399.0	2400	0	222	1
2	386	478	312	1209	4464	400.0	2400	0	222	1
2	387	479	313	1214	4470	400.0	2400	0	222	1
2	386	478	312	1210	4472	401.0	2400	0	222	1
2	387	479	313	1213	4470	400.0	2400	0	222	1
2	387	478	313	1212	4472	401.0	2400	0	222	1
2	387	478	313	1212	4472	399.0	2400	0	222	1
2	387	478	313	1211	4472	399.0	2400	0	222	1
2	387	479	313	1212	4472	399.0	2400	0	222	1
2	386	478	313	1211	4472	401.0	2400	0	222	1
2	387	479	313	1212	4480	400.0	2400	0	222	1
2	386	478	312	1210	4472	401.0	2400	0	222	1
2	387	479	313	1213	4470	400.0	2400	0	222	1
2	386	477	312	1209	4472	401.0	2400	0	222	1
2	388	479	313	1214	4470	399.0	2400	0	222	0
2	386	477	312	1209	4464	400.0	2400	0	222	0
2	360	343	263	997	4470	399.0	2400	0	222	0
2	358	341	262	990	4174	232.0	2400	0	222	0
2	360	343	263	997	4179	230.0	2400	0	222	0
2	358	341	262	990	4174	232.0	2400	0	222	0
2	360	343	263	997	4179	230.0	2400	0	222	0
3	358	341	261	989	4174	232.0	2400	355	0	1
3	360	343	263	996	4168	230.0	2400	355	0	1
3	688	366	309	1339	4174	232.0	2400	355	0	1
3	773	364	307	1429	3064	128.0	2400	355	0	1
3	774	366	308	1435	2883	98.0	2400	355	0	1
3	773	364	307	1429	2889	100.0	2400	355	0	1
3	774	366	308	1434	2883	98.0	2400	355	0	1
3	773	364	307	1430	2886	100.0	2400	355	0	1
3	774	366	308	1434	2883	98.0	2400	355	0	1
3	773	365	307	1430	2886	100.0	2400	355	0	1
3	775	366	308	1434	2883	100.0	2400	355	0	1
3	773	365	307	1430	2884	100.0	2400	355	0	1
3	774	366	308	1434	2883	100.0	2400	355	0	1
3	773	365	308	1431	2886	100.0	2400	355	0	1
3	774	365	308	1433	2888	99.0	2400	355	0	1
3	773	365	308	1432	2886	99.0	2400	355	0	1
3	774	365	308	1432	2888	99.0	2400	355	0	1
3	774	366	308	1433	2886	99.0	2400	355	0	1
3	773	365	307	1430	2886	100.0	2400	355	0	1
3	775	366	308	1434	2883	100.0	2400	355	0	1
3	772	365	307	1429	2884	100.0	2400	355	0	1
3	772	364	307	1429	2885	100.0	2400	355	0	1
3	775	366	308	1435	2885	99.0	2400	355	0	1
3	772	364	307	1429	2884	100.0	2400	355	0	1
3	774	366	308	1434	2885	99.0	2400	355	0	1
3	771	363	306	1427	2886	100.0	2400	355	0	1
3	773	366	308	1432	2885	98.0	2400	355	0	1
3	771	363	306	1426	2888	101.0	2400	355	0	0
3	766	365	307	1425	2882	98.0	2400	355	0	0
3	356	340	261	987	2899	102.0	2400	355	0	0
3	359	342	263	994	4184	230.0	2400	355	0	0
3	356	340	261	987	4182	230.0	2400	355	0	0
3	359	342	263	993	4184	230.0	2400	355	0	0
3	356	340	261	987	4182	230.0	2400	355	0	0
4	358	342	263	993	4184	230.0	2400	0	444	1
4	356	340	261	987	4189	231.0	2400	0	444	1
4	421	659	389	1508	4184	230.0	2400	0	444	1
4	442	767	431	1682	4911	618.0	2400	0	444	1
4	443	767	432	1685	5106	751.0	2400	0	444	1
4	442	767	432	1684	5106	750.0	2400	0	444	1
4	442	766	431	1682	5114	750.0	2400	0	444	1
4	442	768	432	1685	5106	750.0	2400	0	444	1
4	443	767	432	1684	5114	752.0	2400	0	444	1
4	443	768	432	1685	5106	750.0	2400	0	444	1
4	443	767	432	1685	5106	752.0	2400	0	444	1
4	442	767	432	1684	5106	750.0	2400	0	444	1
4	443	769	433	1687	5114	750.0	2400	0	444	1
4	442	766	431	1682	5114	753.0	2400	0	444	1
4	444	769	433	1688	5106	750.0	2400	0	444	1
4	442	766	431	1681	5106	752.0	2400	0	444	1
4	444	769	433	1689	5106	750.0	2400	0	444	1
4	442	767	431	1682	5106	752.0	2400	0	444	1
4	444	768	433	1688	5106	751.0	2400	0	444	1
4	442	767	431	1682	5106	751.0	2400	0	444	1
4	444	768	433	1688	5106	751.0	2400	0	444	1
4	442	767	431	1682	5106	751.0	2400	0	444	1
4	444	768	433	1688	5106	751.0	2400	0	444	1
4	444	769	433	1689	5106	751.0	2400	0	444	1
4	441	766	431	1681	5106	752.0	2400	0	444	1
4	444	769	433	1689	5114	750.0	2400	0	444	1
4	442	766	431	1681	5106	752.0	2400	0	444	1
4	444	769	433	1688	5106	750.0	2400	0	444	1
4	442	767	431	1683	5106	752.0	2400	0	444	0
4	360	350	266	1006	5106	751.0	2400	0	444	0
4	357	341	262	989	4206	240.0	2400	0	444	0
4	359	342	263	993	4187	230.0	2400	0	444	0
4	358	341	262	990	4182	230.0	2400	0	444	0
4	358	342	262	993	4179	230.0	2400	0	444	0
5	358	341	262	991	4179	231.0	2400	355	222	1
5	358	342	262	992	4179	230.0	2400	355	222	1
5	705	475	340	1519	4179	231.0	2400	355	222	1
5	803	513	362	1668	3228	271.0	2400	355	222	1
5	802	513	362	1667	3095	284.0	2400	355	222	1
5	802	512	362	1666	3097	284.0	2400	355	222	1
5	804	513	363	1669	3097	282.0	2400	355	222	1
5	804	513	363	1664	3098	282.0	2400	355	222	1
5	801	511	361	1664	3090	282.0	2400	355	222	1
5	804	513	363	1670	3097	282.0	2400	355	222	1
5	802	512	361	1665	3098	282.0	2400	355	222	1
5	803	513	363	1669	3092	283.0	2400	355	222	1
5	802	512	361	1664	3100	283.0	2400	355	222	1
5	803	513	363	1670	3092	283.0	2400	355	222	1
5	802	511	361	1664	3102	283.0	2400	355	222	1
5	803	514	363	1670	3092	281.0	2400	355	222	1
5	801	511	361	1663	3100	284.0	2400	355	222	1
5	804	514	363	1671	3094	282.0	2400	355	222	1
5	801	511	361	1663	3098	284.0	2400	355	222	1
5	804	514	363	1672	3094	282.0	2400	355	222	1
5	801	511	361	1664	3100	284.0	2400	355	222	1
5	804	514	363	1671	3097	282.0	2400	355	222	1
5	802	512	361	1665	3098	284.0	2400	355	222	1
5	803	513	363	1669	3092	283.0	2400	355	222	1
5	802	512	362	1666	3100	283.0	2400	355	222	1
5	803	513	362	1668	3097	282.0	2400	355	222	1
5	803	513	362	1668	3095	284.0	2400	355	222	1
5	803	512	362	1667	3095	284.0	2400	355	222	1
5	803	513	362	1668	3095	282.0	2400	355	222	0
5	366	344	264	1002	3095	284.0	2400	355	222	0
5	358	341	262	991	4139	230.0	2400	355	222	0
5	358	342	262	992	4179	230.0	2400	355	222	0
5	358	341	262	990	4179	231.0	2400	355	222	0
5	359	342	263	993	4179	230.0	2400	355	222	0
5	357	341	262	989	4182	230.0	2400	355	222	0
6	359	342	263	993	4187	230.0	2400	711	0	1
6	1220	389	356	1902	4182	230.0	2400	711	0	1
6	1457	404	383	2157	2432	0.0	2400	711	0	1
6	1453	402	381	2149	2307	0.0	2400	711	0	1
6	1458	404	383	2158	2304	0.0	2400	711	0	1
6	1453	402	381	2148	2306	0.0	2400	711	0	1
6	1458	404	383	2158	2302	0.0	2400	711	0	1
6	1453	402	381	2148	2306	0.0	2400	711	0	1
6	1458	404	383	2158	2302	0.0	2400	711	0	1
6	1457	404	383	2157	2306	0.0	2400	711	0	1
6	1456	402	381	2151	2307	0.0	2400	711	0	1
6	1456	404	383	2155	2300	0.0	2400	711	0	1
6	1456	402	381	2152	2305	0.0	2400	711	0	1
6	1456	404	383	2155	2302	0.0	2400	711	0	1
6	1456	402	382	2152	2305	0.0	2400	711	0	1
6	1456	404	383	2155	2303	0.0	2400	711	0	1
6	1456	403	382	2153	2305	0.0	2400	711	0	1
6	1455	404	382	2154	2303	0.0	2400	711	0	1
6	1456	403	382	2153	2305	0.0	2400	711	0	1
6	1457	403	382	2155	2303	0.0	2400	711	0	1
6	1454	403	382	2152	2304	0.0	2400	711	0	1
6	1457	403	382	2154	2306	0.0	2400	711	0	1
6	1454	403	382	2152	2302	0.0	2400	711	0	1
6	1456	403	382	2153	2306	0.0	2400	711	0	1
6	1455	403	382	2153	2303	0.0	2400	711	0	1
6	1456	403	382	2153	2305	0.0	2400	711	0	1
6	1455	404	382	2153	2303	0.0	2400	711	0	1
6	1457	404	383	2156	2303	0.0	2400	711	0	0
6	357	341	261	988	2305	0.0	2400	711	0	0
6	359	343	263	994	4176	231.0	2400	711	0	0
6	357	340	261	988	4182	232.0	2400	711	0	0
6	359	343	263	995	4176	229.0	2400	711	0	0
6	357	340	261	988	4182	232.0	2400	711	0	0
6	359	343	263	995	4176	229.0	2400	711	0	0
7	357	340	261	988	4182	232.0	2400	0	666	1
7	466	880	483	1875	4176	229.0	2400	0	666	1
7	503	1079	563	2197	5339	884.0	2400	0	666	1
7	505	1079	564	2201	5655	1127.0	2400	0	666	1
7	503	1079	563	2197	5646	1126.0	2400	0	666	1
7	505	1079	564	2201	5655	1127.0	2400	0	666	1
7	503	1079	563	2198	5646	1126.0	2400	0	666	1
7	505	1079	564	2200	5655	1127.0	2400	0	666	1
7	504	1079	564	2198	5646	1126.0	2400	0	666	1
7	505	1079	564	2200	5654	1126.0	2400	0	666	1
7	504	1079	564	2199	5646	1126.0	2400	0	666	1
7	504	1080	564	2199	5654	1126.0	2400	0	666	1
7	504	1078	563	2198	5654	1128.0	2400	0	666	1
7	505	1080	564	2201	5647	1125.0	2400	0	666	1
7	504	1078	563	2197	5646	1127.0	2400	0	666	1
7	505	1080	564	2201	5647	1125.0	2400	0	666	1
7	504	1078	563	2197	5646	1127.0	2400	0	666	1
7	505	1080	564	2201	5647	1125.0	2400	0	666	1
7	503	1079	563	2197	5646	1127.0	2400	0	666	1
7	505	1079	564	2200	5655	1127.0	2400	0	666	1
7	503	1079	563	2197	5646	1126.0	2400	0	666	1
7	505	1079	564	2200	5655	1127.0	2400	0	666	1
7	503	1078	563	2196	5646	1126.0	2400	0	666	1
7	505	1079	564	2201	5655	1126.0	2400	0	666	1
7	503	1078	563	2195	5646	1126.0	2400	0	666	1
7	505	1079	564	2201	5655	1126.0	2400	0	666	1
7	503	1078	563	2196	5646	1126.0	2400	0	666	1
7	505	1079	564	2201	5655	1126.0	2400	0	666	0
7	503	1078	563	2196	5646	1126.0	2400	0	666	0
7	363	362	271	1027	5655	1126.0	2400	0	666	0
7	359	343	263	994	4235	255.0	2400	0	666	0
7	357	341	262	989	4182	232.0	2400	0	666	0
7	359	343	263	994	4187	230.0	2400	0	666	0
7	358	341	262	990	4182	232.0	2400	0	666	0
8	359	342	263	994	4179	230.0	2400	355	444	1
8	747	699	433	1884	4182	230.0	2400	355	444	1
8	861	804	483	2147	3599	543.0	2400	355	444	1
8	860	803	483	2145	3528	635.0	2400	355	444	1
8	861	804	483	2146	3530	634.0	2400	355	444	1
8	860	803	483	2145	3526	635.0	2400	355	444	1
8	860	804	483	2145	3530	634.0	2400	355	444	1
8	860	804	483	2146	3528	636.0	2400	355	444	1
8	860	803	482	2144	3530	636.0	2400	355	444	1
8	860	804	483	2146	3526	635.0	2400	355	444	1
8	860	803	482	2143	3530	636.0	2400	355	444	1
8	861	804	483	2147	3524	635.0	2400	355	444	1
8	859	803	482	2143	3528	635.0	2400	355	444	1
8	861	804	483	2147	3528	635.0	2400	355	444	1
8	861	804	483	2147	3528	635.0	2400	355	444	1
8	859	803	482	2143	3528	635.0	2400	355	444	1
8	861	804	483	2147	3528	635.0	2400	355	444	1
8	859	803	482	2143	3528	635.0	2400	355	444	1
8	861	804	483	2148	3528	635.0	2400	355	444	1
8	860	803	482	2143	3528	635.0	2400	355	444	1
8	861	805	483	2148	3524	635.0	2400	355	444	1
8	860	802	482	2143	3528	637.0	2400	355	444	1
8	861	805	484	2149	3526	633.0	2400	355	444	1
8	860	802	482	2143	3532	636.0	2400	355	444	1
8	861	805	483	2148	3526	633.0	2400	355	444	1
8	859	803	482	2143	3528	637.0	2400	355	444	1
8	861	804	483	2148	3528	635.0	2400	355	444	1
8	860	803	482	2144	3528	635.0	2400	355	444	0
8	861	804	483	2146	3526	635.0	2400	355	444	0
8	370	352	267	1018	3526	635.0	2400	355	444	0
8	358	341	262	991	4140	240.0	2400	355	444	0
8	359	342	262	993	4179	230.0	2400	355	444	0
8	359	342	263	993	4171	231.0	2400	355	444	0
8	357	341	261	989	4182	230.0	2400	355	444	0
9	359	342	263	994	4176	231.0	2400	711	222	1
9	1237	506	398	2082	4182	230.0	2400	711	222	1
9	1487	554	439	2397	2554	105.0	2400	711	222	1
9	1486	552	437	2392	2439	70.0	2400	711	222	1
9	1487	555	439	2397	2435	68.0	2400	711	222	1
9	1486	552	437	2392	2437	71.0	2400	711	222	1
9	1488	555	439	2399	2435	68.0	2400	711	222	1
9	1486	552	437	2391	2438	71.0	2400	711	222	1
9	1489	555	439	2400	2433	68.0	2400	711	222	1
9	1485	552	437	2391	2438	71.0	2400	711	222	1
9	1489	555	439	2400	2435	69.0	2400	711	222	1
9	1484	552	437	2390	2438	71.0	2400	711	222	1
9	1489	555	439	2399	2436	69.0	2400	711	222	1
9	1484	552	437	2391	2436	71.0	2400	711	222	1
9	1489	554	439	2399	2436	69.0	2400	711	222	1
9	1485	553	437	2392	2438	69.0	2400	711	222	1
9	1488	554	438	2398	2435	70.0	2400	711	222	1
9	1488	554	438	2397	2436	70.0	2400	711	222	1
9	1485	553	438	2393	2436	70.0	2400	711	222	1
9	1487	553	438	2396	2438	70.0	2400	711	222	1
9	1485	554	438	2395	2437	69.0	2400	711	222	1
9	1487	553	438	2395	2438	71.0	2400	711	222	1
9	1486	554	438	2396	2437	69.0	2400	711	222	1
9	1487	553	438	2394	2437	71.0	2400	711	222	1
9	1486	554	439	2396	2435	69.0	2400	711	222	1
9	1486	552	437	2392	2440	70.0	2400	711	222	1
9	1487	555	439	2398	2435	68.0	2400	711	222	1
9	1485	552	437	2392	2439	71.0	2400	711	222	0
9	1489	555	439	2400	2435	69.0	2400	711	222	0
9	357	340	261	988	2438	71.0	2400	711	222	0
9	360	343	263	995	4176	229.0	2400	711	222	0
9	357	340	261	988	4174	232.0	2400	711	222	0
9	360	343	263	995	4176	229.0	2400	711	222	0
9	357	340	261	988	4174	232.0	2400	711	222	0
10	359	343	263	995	4176	229.0	2400	1066	0	1
10	1666	416	406	2377	4182	232.0	2400	1066	0	1
10	2152	441	458	2889	2221	0.0	2400	1066	0	1
10	2157	443	460	2897	2084	0.0	2400	1066	0	1
10	2152	442	458	2889	2086	0.0	2400	1066	0	1
10	2157	443	459	2897	2084	0.0	2400	1066	0	1
10	2152	442	458	2890	2084	0.0	2400	1066	0	1
10	2157	443	459	2895	2084	0.0	2400	1066	0	1
10	2152	442	458	2891	2083	0.0	2400	1066	0	1
10	2156	442	459	2894	2086	0.0	2400	1066	0	1
10	2153	442	459	2891	2085	0.0	2400	1066	0	1
10	2155	442	459	2893	2086	0.0	2400	1066	0	1
10	2154	443	459	2893	2085	0.0	2400	1066	0	1
10	2155	442	458	2892	2085	0.0	2400	1066	0	1
10	2154	443	459	2894	2083	0.0	2400	1066	0	1
10	2155	441	458	2891	2085	0.0	2400	1066	0	1
10	2155	443	459	2895	2083	0.0	2400	1066	0	1
10	2154	441	458	2891	2085	0.0	2400	1066	0	1
10	2155	443	459	2896	2083	0.0	2400	1066	0	1
10	2155	443	460	2896	2086	0.0	2400	1066	0	1
10	2154	441	458	2889	2087	0.0	2400	1066	0	1
10	2155	443	459	2895	2082	0.0	2400	1066	0	1
10	2153	441	458	2889	2085	0.0	2400	1066	0	1
10	2156	443	459	2896	2084	0.0	2400	1066	0	1
10	2153	441	458	2889	2085	0.0	2400	1066	0	1
10	2156	443	460	2896	2084	0.0	2400	1066	0	1
10	2153	441	458	2889	2086	0.0	2400	1066	0	1
10	2156	443	459	2896	2084	0.0	2400	1066	0	0
10	2153	442	458	2890	2085	0.0	2400	1066	0	0
10	417	346	269	1056	2084	0.0	2400	1066	0	0
10	358	341	262	990	3848	213.0	2400	1066	0	0
10	359	342	263	993	4179	230.0	2400	1066	0	0
10	358	341	262	991	4182	230.0	2400	1066	0	0
10	358	342	262	992	4179	230.0	2400	1066	0	0
11	358	342	262	992	4179	231.0	2400	0	888	1
11	358	341	262	991	4179	231.0	2400	0	888	1
11	519	1153	597	2323	4179	230.0	2400	0	888	1
11	566	1390	695	2713	5773	1214.0	2400	0	888	1
11	565	1391	695	2712	6069	1501.0	2400	0	888	1
11	566	1391	695	2714	6077	1503.0	2400	0	888	1
11	565	1391	695	2712	6069	1503.0	2400	0	888	1
11	566	1391	696	2715	6077	1503.0	2400	0	888	1
11	564	1390	695	2711	6076	1502.0	2400	0	888	1
11	567	1391	696	2715	6085	1502.0	2400	0	888	1
11	564	1390	695	2711	6067	1502.0	2400	0	888	1
11	567	1392	696	2716	6085	1502.0	2400	0	888	1
11	564	1390	695	2711	6067	1503.0	2400	0	888	1
11	567	1392	696	2716	6085	1502.0	2400	0	888	1
11	565	1391	695	2711	6067	1503.0	2400	0	888	1
11	567	1392	696	2716	6077	1503.0	2400	0	888	1
11	565	1391	695	2711	6067	1503.0	2400	0	888	1
11	567	1392	696	2716	6077	1503.0	2400	0	888	1
11	565	1390	695	2711	6067	1503.0	2400	0	888	1
11	567	1392	696	2716	6077	1501.0	2400	0	888	1
11	565	1390	695	2712	6067	1503.0	2400	0	888	1
11	566	1392	696	2715	6077	1501.0	2400	0	888	1
11	566	1391	695	2714	6076	1503.0	2400	0	888	1
11	566	1392	696	2715	6069	1503.0	2400	0	888	1
11	565	1390	695	2712	6076	1503.0	2400	0	888	1
11	566	1392	696	2715	6077	1501.0	2400	0	888	1
11	565	1390	695	2712	6076	1503.0	2400	0	888	1
11	566	1392	696	2715	6077	1501.0	2400	0	888	1
11	565	1390	695	2711	6076	1503.0	2400	0	888	0
11	364	367	273	1035	6077	1501.0	2400	0	888	0
11	357	341	261	989	4248	261.0	2400	0	888	0
11	359	343	263	994	4176	231.0	2400	0	888	0
11	357	340	261	988	4182	232.0	2400	0	888	0
11	359	343	263	995	4176	229.0	2400	0	888	0
12	357	340	261	988	4182	232.0	2400	355	666	1
12	359	343	263	995	4176	229.0	2400	355	666	1
12	796	945	536	2290	4182	232.0	2400	355	666	1
12	923	1117	616	2664	3956	840.0	2400	355	666	1
12	920	1115	614	2656	3933	1012.0	2400	355	666	1
12	923	1117	615	2663	3933	1011.0	2400	355	666	1
12	923	1116	615	2663	3929	1013.0	2400	355	666	1
12	920	1115	614	2657	3929	1011.0	2400	355	666	1
12	923	1116	615	2663	3933	1011.0	2400	355	666	1
12	920	1115	614	2658	3929	1011.0	2400	355	666	1
12	923	1116	615	2662	3933	1011.0	2400	355	666	1
12	921	1116	614	2659	3929	1011.0	2400	355	666	1
12	922	1116	615	2661	3931	1013.0	2400	355	666	1
12	921	1116	614	2659	3932	1011.0	2400	355	666	1
12	922	1115	614	2659	3931	1013.0	2400	355	666	1
12	921	1116	615	2660	3928	1011.0	2400	355	666	1
12	921	1115	614	2658	3935	1012.0	2400	355	666	1
12	922	1116	615	2661	3931	1011.0	2400	355	666	1
12	921	1114	614	2658	3932	1011.0	2400	355	666	1
12	922	1117	615	2662	3931	1009.0	2400	355	666	1
12	921	1114	613	2656	3932	1013.0	2400	355	666	1
12	923	1117	615	2663	3926	1010.0	2400	355	666	1
12	921	1113	613	2655	3929	1013.0	2400	355	666	1
12	923	1117	615	2664	3926	1009.0	2400	355	666	1
12	923	1117	615	2664	3929	1013.0	2400	355	666	1
12	920	1113	613	2654	3929	1013.0	2400	355	666	1
12	923	1117	616	2664	3929	1009.0	2400	355	666	1
12	920	1113	613	2654	3933	1012.0	2400	355	666	1
12	923	1117	616	2665	3929	1009.0	2400	355	666	0
12	357	340	261	988	3933	1012.0	2400	355	666	0
12	359	343	263	995	4176	229.0	2400	355	666	0
12	357	340	261	988	4182	232.0	2400	355	666	0
12	359	343	263	994	4176	229.0	2400	355	666	0
12	357	341	261	988	4182	232.0	2400	355	666	0
12	359	342	263	994	4176	231.0	2400	355	666	0
13	357	341	262	989	4182	230.0	2400	711	444	1
13	1221	708	478	2362	4187	230.0	2400	711	444	1
13	1542	843	558	2869	2840	371.0	2400	711	444	1
13	1546	845	559	2876	2709	421.0	2400	711	444	1
13	1542	843	558	2869	2708	422.0	2400	711	444	1
13	1545	845	559	2875	2709	421.0	2400	711	444	1
13	1542	844	558	2870	2709	422.0	2400	711	444	1
13	1545	845	558	2874	2709	423.0	2400	711	444	1
13	1545	845	559	2873	2707	423.0	2400	711	444	1
13	1543	845	559	2872	2708	422.0	2400	711	444	1
13	1545	844	558	2873	2711	423.0	2400	711	444	1
13	1544	846	559	2875	2707	422.0	2400	711	444	1
13	1544	843	558	2871	2710	424.0	2400	711	444	1
13	1544	846	559	2876	2708	420.0	2400	711	444	1
13	1544	843	558	2870	2712	424.0	2400	711	444	1
13	1545	846	560	2877	2708	420.0	2400	711	444	1
13	1542	843	557	2868	2712	423.0	2400	711	444	1
13	1546	846	560	2878	2707	422.0	2400	711	444	1
13	1541	843	557	2867	2711	423.0	2400	711	444	1
13	1546	846	560	2878	2708	422.0	2400	711	444	1
13	1541	843	557	2867	2711	423.0	2400	711	444	1
13	1546	846	560	2878	2708	422.0	2400	711	444	1
13	1541	843	557	2867	2711	423.0	2400	711	444	1
13	1546	846	560	2878	2708	422.0	2400	711	444	1
13	1541	844	558	2868	2711	423.0	2400	711	444	1
13	1546	846	559	2877	2710	423.0	2400	711	444	1
13	1546	845	559	2876	2708	424.0	2400	711	444	1
13	1543	844	558	2871	2708	422.0	2400	711	444	0
13	398	358	272	1054	2709	422.0	2400	711	444	0
13	358	341	262	990	3994	236.0	2400	711	444	0
13	359	342	263	993	4179	230.0	2400	711	444	0
13	358	341	262	991	4182	230.0	2400	711	444	0
13	358	342	262	992	4179	230.0	2400	711	444	0
13	358	342	262	992	4179	231.0	2400	711	444	0
14	358	342	262	991	4179	231.0	2400	1066	222	1
14	1771	536	457	2649	4179	231.0	2400	1066	222	1
14	2182	592	514	3131	2280	0.0	2400	1066	222	1
14	2187	593	515	3138	2180	0.0	2400	1066	222	1
14	2182	591	514	3129	2180	0.0	2400	1066	222	1
14	2187	593	515	3138	2179	0.0	2400	1066	222	1
14	2181	591	513	3128	2180	0.0	2400	1066	222	1
14	2187	594	515	3138	2179	0.0	2400	1066	222	1
14	2181	591	513	3128	2179	0.0	2400	1066	222	1
14	2188	594	515	3139	2179	0.0	2400	1066	222	1
14	2187	594	515	3139	2178	0.0	2400	1066	222	1
14	2181	591	513	3128	2180	0.0	2400	1066	222	1
14	2187	594	515	3139	2179	0.0	2400	1066	222	1
14	2182	591	513	3129	2180	0.0	2400	1066	222	1
14	2187	594	515	3138	2178	0.0	2400	1066	222	1
14	2183	592	514	3130	2179	0.0	2400	1066	222	1
14	2186	593	515	3137	2178	0.0	2400	1066	222	1
14	2184	592	514	3131	2180	0.0	2400	1066	222	1
14	2185	593	515	3136	2178	0.0	2400	1066	222	1
14	2184	592	514	3132	2181	0.0	2400	1066	222	1
14	2184	593	515	3135	2178	0.0	2400	1066	222	1
14	2185	592	514	3133	2181	0.0	2400	1066	222	1
14	2184	593	515	3134	2177	0.0	2400	1066	222	1
14	2185	592	514	3134	2180	0.0	2400	1066	222	1
14	2182	593	514	3132	2179	0.0	2400	1066	222	1
14	2185	592	514	3134	2180	0.0	2400	1066	222	1
14	2182	592	514	3131	2179	0.0	2400	1066	222	1
14	2186	593	515	3135	2180	0.0	2400	1066	222	0
14	406	348	269	3129	2179	0.0	2400	1066	222	0
14	357	341	262	990	3915	220.0	2400	1066	222	0
14	358	342	262	992	4187	230.0	2400	1066	222	0
14	357	341	262	989	4179	231.0	2400	1066	222	0
14	359	342	263	993	4187	230.0	2400	1066	222	0
14	357	341	261	988	4182	230.0	2400	1066	222	0
15	359	342	263	994	4176	231.0	2400	1422	0	1
15	2298	449	474	3042	4182	230.0	2400	1422	0	1
15	2855	482	536	3636	2055	0.0	2400	1422	0	1
15	2854	480	534	3631	1972	0.0	2400	1422	0	1
15	2853	482	536	3634	1970	0.0	2400	1422	0	1
15	2855	480	535	3631	1973	0.0	2400	1422	0	1
15	2852	482	536	3633	1970	0.0	2400	1422	0	1
15	2855	480	535	3631	1973	0.0	2400	1422	0	1
15	2852	482	536	3632	1970	0.0	2400	1422	0	1
15	2855	480	535	3631	1972	0.0	2400	1422	0	1
15	2852	482	536	3632	1970	0.0	2400	1422	0	1
15	2854	480	535	3631	1972	0.0	2400	1422	0	1
15	2851	482	536	3632	1970	0.0	2400	1422	0	1
15	2851	482	536	3631	1973	0.0	2400	1422	0	1
15	2855	481	535	3632	1972	0.0	2400	1422	0	1
15	2852	482	536	3631	1970	0.0	2400	1422	0	1
15	2854	481	535	3632	1972	0.0	2400	1422	0	1
15	2853	482	536	3632	1970	0.0	2400	1422	0	1
15	2853	481	535	3631	1972	0.0	2400	1422	0	1
15	2854	481	535	3633	1970	0.0	2400	1422	0	1
15	2851	481	535	3629	1971	0.0	2400	1422	0	1
15	2855	481	535	3633	1971	0.0	2400	1422	0	1
15	2849	481	535	3628	1970	0.0	2400	1422	0	1
15	2854	481	535	3632	1972	0.0	2400	1422	0	1
15	2849	481	535	3628	1970	0.0	2400	1422	0	1
15	2853	480	535	3630	1972	0.0	2400	1422	0	1
15	2850	481	535	3629	1970	0.0	2400	1422	0	1
15	2850	479	534	3625	1972	0.0	2400	1422	0	0
15	2851	480	535	3629	1969	0.0	2400	1422	0	0
15	355	339	260	983	1972	0.0	2400	1422	0	0
15	357	341	262	989	4181	229.0	2400	1422	0	0
15	358	341	262	991	4187	230.0	2400	1422	0	0
15	355	339	260	984	4179	230.0	2400	1422	0	0
15	358	342	262	992	4181	229.0	2400	1422	0	0
16	355	339	261	985	4179	231.0	2400	0	1111	1
16	553	1329	672	2615	4192	228.0	2400	0	1111	1
16	625	1703	826	3225	6020	1426.0	2400	0	1111	1
16	627	1705	828	3231	6426	1880.0	2400	0	1111	1
16	625	1701	826	3222	6422	1881.0	2400	0	1111	1
16	627	1706	828	3233	6426	1877.0	2400	0	1111	1
16	625	1700	825	3221	6422	1883.0	2400	0	1111	1
16	627	1706	828	3232	6420	1876.0	2400	0	1111	1
16	625	1700	825	3222	6422	1883.0	2400	0	1111	1
16	627	1705	828	3231	6420	1876.0	2400	0	1111	1
16	625	1702	826	3225	6422	1881.0	2400	0	1111	1
16	626	1703	827	3227	6426	1878.0	2400	0	1111	1
16	626	1704	827	3227	6424	1879.0	2400	0	1111	1
16	626	1702	826	3225	6424	1881.0	2400	0	1111	1
16	626	1704	827	3228	6418	1878.0	2400	0	1111	1
16	626	1704	827	3228	6424	1881.0	2400	0	1111	1
16	626	1703	827	3226	6424	1881.0	2400	0	1111	1
16	626	1702	827	3226	6424	1879.0	2400	0	1111	1
16	626	1704	827	3228	6424	1877.0	2400	0	1111	1
16	626	1702	826	3225	6424	1881.0	2400	0	1111	1
16	626	1704	827	3227	6418	1878.0	2400	0	1111	1
16	626	1702	826	3226	6424	1881.0	2400	0	1111	1
16	625	1703	827	3226	6418	1878.0	2400	0	1111	1
16	626	1702	827	3227	6432	1879.0	2400	0	1111	1
16	625	1702	826	3225	6424	1877.0	2400	0	1111	1
16	627	1704	828	3230	6426	1878.0	2400	0	1111	1
16	625	1701	825	3222	6422	1879.0	2400	0	1111	1
16	627	1705	828	3232	6420	1878.0	2400	0	1111	0
16	624	1700	825	3220	6422	1881.0	2400	0	1111	0
16	368	393	284	1076	6428	1876.0	2400	0	1111	0
16	356	340	261	985	4331	292.0	2400	0	1111	0
16	358	342	262	992	4184	230.0	2400	0	1111	0
16	355	339	261	985	4179	231.0	2400	0	1111	0
16	356	340	261	992	4192	228.0	2400	0	1111	0
17	358	342	262	992	4184	230.0	2400	355	888	1
17	833	1171	631	2656	4179	231.0	2400	355	888	1
17	982	1426	746	3172	4277	1115.0	2400	355	888	1
17	981	1426	745	3171	4285	1385.0	2400	355	888	1
17	982	1426	745	3171	4284	1386.0	2400	355	888	1
17	982	1426	745	3171	4281	1386.0	2400	355	888	1
17	982	1426	745	3171	4281	1386.0	2400	355	888	1
17	982	1426	745	3171	4281	1386.0	2400	355	888	1
17	982	1427	746	3173	4281	1386.0	2400	355	888	1
17	982	1425	745	3169	4285	1387.0	2400	355	888	1
17	982	1427	746	3173	4281	1385.0	2400	355	888	1
17	981	1425	745	3168	4285	1387.0	2400	355	888	1
17	982	1427	746	3173	4284	1385.0	2400	355	888	1
17	981	1425	745	3169	4285	1387.0	2400	355	888	1
17	982	1426	745	3171	4284	1385.0	2400	355	888	1
17	982	1427	746	3172	4281	1386.0	2400	355	888	1
17	981	1424	744	3168	4285	1387.0	2400	355	888	1
17	982	1428	746	3174	4280	1384.0	2400	355	888	1
17	983	1428	747	3176	4285	1389.0	2400	355	888	1
17	980	1424	744	3166	4286	1388.0	2400	355	888	1
17	984	1428	747	3177	4283	1384.0	2400	355	888	1
17	980	1424	744	3166	4283	1387.0	2400	355	888	1
17	984	1428	747	3176	4283	1384.0	2400	355	888	1
17	980	1425	745	3167	4283	1387.0	2400	355	888	1
17	983	1427	746	3174	4287	1385.0	2400	355	888	1
17	980	1426	745	3169	4282	1387.0	2400	355	888	1
17	983	1426	746	3173	4287	1387.0	2400	355	888	1
17	981	1426	745	3170	4282	1385.0	2400	355	888	0
17	982	1426	746	3172	4284	1386.0	2400	355	888	0
17	379	378	278	1063	4285	1385.0	2400	355	888	0
17	358	342	262	992	4185	270.0	2400	355	888	0
17	356	340	261	986	4179	231.0	2400	355	888	0
17	358	342	262	992	4184	230.0	2400	355	888	0
17	356	340	261	987	4179	231.0	2400	355	888	0
18	358	341	262	991	4184	230.0	2400	711	666	1
18	356	340	261	987	4179	230.0	2400	711	666	1
18	1603	1154	689	3381	4184	230.0	2400	711	666	1
18	1605	1156	690	3387	2984	796.0	2400	711	666	1
18	1602	1154	689	3381	2984	798.0	2400	711	666	1
18	1605	1156	690	3386	2985	797.0	2400	711	666	1
18	1603	1156	690	3383	2984	798.0	2400	711	666	1
18	1604	1155	689	3383	2985	799.0	2400	711	666	1
18	1603	1157	690	3385	2983	797.0	2400	711	666	1
18	1603	1154	689	3381	2986	800.0	2400	711	666	1
18	1605	1157	691	3388	2984	796.0	2400	711	666	1
18	1601	1153	688	3378	2987	799.0	2400	711	666	1
18	1606	1157	691	3389	2983	796.0	2400	711	666	1
18	1601	1154	689	3379	2986	799.0	2400	711	666	1
18	1606	1156	690	3387	2986	797.0	2400	711	666	1
18	1602	1155	689	3381	2983	798.0	2400	711	666	1
18	1604	1156	690	3386	2985	798.0	2400	711	666	1
18	1603	1155	689	3382	2985	798.0	2400	711	666	1
18	1603	1156	690	3384	2984	798.0	2400	711	666	1
18	1603	1155	689	3382	2986	799.0	2400	711	666	1
18	1603	1154	688	3381	2984	798.0	2400	711	666	1
18	1604	1157	691	3387	2981	797.0	2400	711	666	1
18	1602	1153	688	3379	2988	799.0	2400	711	666	1
18	1606	1157	691	3389	2982	796.0	2400	711	666	1
18	1601	1153	688	3378	2986	799.0	2400	711	666	1
18	1605	1157	691	3388	2983	796.0	2400	711	666	1
18	1601	1155	689	3381	2987	799.0	2400	711	666	1
18	1605	1155	690	3386	2986	798.0	2400	711	666	0
18	1603	1156	690	3383	2984	796.0	2400	711	666	0
18	357	341	262	990	2985	799.0	2400	711	666	0
18	357	340	261	988	4187	230.0	2400	711	666	0
18	357	341	262	989	4176	229.0	2400	711	666	0
18	357	341	262	989	4187	230.0	2400	711	666	0
18	357	341	261	988	4187	230.0	2400	711	666	0
19	357	341	262	989	4176	231.0	2400	1066	444	1
19	356	340	261	987	4187	230.0	2400	1066	444	1
19	1695	727	527	2852	4184	230.0	2400	1066	444	1
19	2242	883	634	3610	2499	211.0	2400	1066	444	1
19	2241	882	634	3608	2375	201.0	2400	1066	444	1
19	2240	884	635	3610	2375	200.0	2400	1066	444	1
19	2241	881	634	3606	2377	203.0	2400	1066	444	1
19	2241	884	635	3613	2374	198.0	2400	1066	444	1
19	2238	881	633	3603	2378	202.0	2400	1066	444	1
19	2243	884	636	3614	2375	200.0	2400	1066	444	1
19	2237	881	633	3602	2378	201.0	2400	1066	444	1
19	2243	884	635	3613	2375	200.0	2400	1066	444	1
19	2238	882	633	3604	2376	202.0	2400	1066	444	1
19	2241	883	635	3610	2375	202.0	2400	1066	444	1
19	2240	882	634	3607	2377	201.0	2400	1066	444	1
19	2239	883	635	3608	2376	200.0	2400	1066	444	1
19	2241	882	634	3607	2378	202.0	2400	1066	444	1
19	2239	884	635	3609	2374	200.0	2400	1066	444	1
19	2240	881	634	3606	2378	203.0	2400	1066	444	1
19	2241	884	635	3611	2376	199.0	2400	1066	444	1
19	2238	882	634	3605	2377	202.0	2400	1066	444	1
19	2242	884	635	3612	2376	201.0	2400	1066	444	1
19	2237	882	634	3604	2376	202.0	2400	1066	444	1
19	2238	883	634	3606	2377	201.0	2400	1066	444	1
19	2242	882	634	3609	2376	203.0	2400	1066	444	1
19	2239	883	634	3608	2375	200.0	2400	1066	444	1
19	2239	882	634	3606	2376	202.0	2400	1066	444	1
19	2242	884	635	3612	2376	201.0	2400	1066	444	1
19	2237	882	633	3603	2376	202.0	2400	1066	444	0
19	456	369	281	1126	2375	202.0	2400	1066	444	0
19	356	340	261	986	3738	228.0	2400	1066	444	0
19	358	341	262	991	4184	230.0	2400	1066	444	0
19	356	340	261	985	4179	230.0	2400	1066	444	0
19	358	342	262	991	4184	230.0	2400	1066	444	0
20	356	340	261	985	4179	231.0	2400	1422	222	1
20	358	342	263	992	4184	230.0	2400	1422	222	1
20	2259	558	509	3158	4189	231.0	2400	1422	222	1
20	2882	632	591	3872	2135	0.0	2400	1422	222	1
20	2884	630	590	3871	2045	0.0	2400	1422	222	1
20	2882	632	591	3872	2043	0.0	2400	1422	222	1
20	2883	630	590	3869	2045	0.0	2400	1422	222	1
20	2880	630	590	3866	2042	0.0	2400	1422	222	1
20	2885	632	592	3876	2043	0.0	2400	1422	222	1
20	2879	630	590	3866	2045	0.0	2400	1422	222	1
20	2885	632	592	3876	2044	0.0	2400	1422	222	1
20	2878	630	590	3865	2045	0.0	2400	1422	222	1
20	2885	632	591	3875	2044	0.0	2400	1422	222	1
20	2878	630	590	3866	2044	0.0	2400	1422	222	1
20	2885	632	591	3874	2044	0.0	2400	1422	222	1
20	2879	631	590	3867	2043	0.0	2400	1422	222	1
20	2884	631	591	3873	2044	0.0	2400	1422	222	1
20	2880	631	590	3869	2044	0.0	2400	1422	222	1
20	2883	631	590	3871	2044	0.0	2400	1422	222	1
20	2882	631	591	3871	2043	0.0	2400	1422	222	1
20	2881	630	590	3868	2045	0.0	2400	1422	222	1
20	2883	632	591	3873	2044	0.0	2400	1422	222	1
20	2880	630	590	3867	2045	0.0	2400	1422	222	1
20	2884	632	591	3875	2044	0.0	2400	1422	222	1
20	2879	630	590	3865	2044	0.0	2400	1422	222	1
20	2878	630	589	3864	2043	0.0	2400	1422	222	1
20	2885	632	592	3876	2043	0.0	2400	1422	222	1
20	2877	629	589	3863	2045	0.0	2400	1422	222	1
20	2885	632	592	3876	2043	0.0	2400	1422	222	0
20	472	353	276	1117	2045	0.0	2400	1422	222	0
20	358	342	263	993	3618	201.0	2400	1422	222	0
20	356	340	261	985	4189	231.0	2400	1422	222	0
20	358	342	263	992	4184	230.0	2400	1422	222	0
20	356	340	261	986	4189	231.0	2400	1422	222	0
20	358	342	262	992	4184	230.0	2400	1422	222	0
21	356	340	261	986	4179	231.0	2400	1777	0	1
21	2779	477	527	3554	4184	230.0	2400	1777	0	1
21	3549	519	611	4366	1981	0.0	2400	1777	0	1
21	3553	521	612	4373	1901	0.0	2400	1777	0	1
21	3550	519	611	4368	1902	0.0	2400	1777	0	1
21	3552	520	612	4370	1901	0.0	2400	1777	0	1
21	3551	520	611	4369	1901	0.0	2400	1777	0	1
21	3550	520	612	4367	1901	0.0	2400	1777	0	1
21	3548	519	611	4370	1901	0.0	2400	1777	0	1
21	3553	520	612	4372	1904	0.0	2400	1777	0	1
21	3546	519	611	4363	1902	0.0	2400	1777	0	1
21	3554	520	612	4373	1902	0.0	2400	1777	0	1
21	3545	519	610	4361	1902	0.0	2400	1777	0	1
21	3554	521	612	4373	1901	0.0	2400	1777	0	1
21	3545	518	610	4361	1901	0.0	2400	1777	0	1
21	3553	521	612	4373	1901	0.0	2400	1777	0	1
21	3546	518	610	4362	1902	0.0	2400	1777	0	1
21	3552	521	613	4373	1901	0.0	2400	1777	0	1
21	3547	518	610	4363	1903	0.0	2400	1777	0	1
21	3551	521	612	4372	1901	0.0	2400	1777	0	1
21	3547	518	610	4363	1902	0.0	2400	1777	0	1
21	3550	521	612	4370	1901	0.0	2400	1777	0	1
21	3549	519	611	4365	1902	0.0	2400	1777	0	1
21	3548	521	612	4369	1900	0.0	2400	1777	0	1
21	3550	519	611	4367	1903	0.0	2400	1777	0	1
21	3547	521	612	4368	1901	0.0	2400	1777	0	1
21	3551	519	611	4368	1903	0.0	2400	1777	0	1
21	3551	519	611	4368	1901	0.0	2400	1777	0	0
21	365	342	263	999	1901	0.0	2400	1777	0	0
21	357	340	261	988	4136	228.0	2400	1777	0	0
21	357	341	262	990	4176	229.0	2400	1777	0	0
21	357	341	262	988	4187	230.0	2400	1777	0	0
21	357	341	262	989	4187	230.0	2400	1777	0	0
21	357	341	262	989	4187	230.0	2400	1777	0	0
22	357	340	261	988	4187	230.0	2400	0	1333	1
22	591	1522	753	2932	4176	229.0	2400	0	1333	1
22	687	2016	958	3742	6245	1659.0	2400	0	1333	1
22	688	2015	959	3743	6703	2257.0	2400	0	1333	1
22	687	2015	958	3740	6701	2255.0	2400	0	1333	1
22	688	2016	959	3745	6703	2256.0	2400	0	1333	1
22	686	2014	957	3738	6701	2256.0	2400	0	1333	1
22	689	2017	959	3746	6706	2255.0	2400	0	1333	1
22	686	2013	957	3736	6694	2257.0	2400	0	1333	1
22	689	2018	960	3748	6706	2254.0	2400	0	1333	1
22	686	2012	957	3735	6699	2258.0	2400	0	1333	1
22	686	2012	956	3734	6706	2252.0	2400	0	1333	1
22	689	2018	960	3747	6700	2253.0	2400	0	1333	1
22	686	2012	957	3735	6699	2258.0	2400	0	1333	1
22	689	2017	960	3747	6706	2252.0	2400	0	1333	1
22	686	2012	957	3735	6699	2257.0	2400	0	1333	1
22	689	2017	960	3747	6706	2252.0	2400	0	1333	1
22	686	2012	957	3736	6699	2257.0	2400	0	1333	1
22	689	2017	959	3746	6706	2252.0	2400	0	1333	1
22	687	2013	957	3737	6694	2257.0	2400	0	1333	1
22	688	2017	959	3745	6698	2253.0	2400	0	1333	1
22	687	2014	958	3739	6701	2258.0	2400	0	1333	1
22	688	2015	958	3742	6703	2254.0	2400	0	1333	1
22	687	2015	958	3741	6696	2255.0	2400	0	1333	1
22	687	2014	958	3739	6703	2256.0	2400	0	1333	1
22	688	2016	959	3744	6703	2254.0	2400	0	1333	1
22	687	2012	957	3737	6701	2256.0	2400	0	1333	1
22	688	2017	959	3745	6698	2252.0	2400	0	1333	0
22	686	2012	957	3735	6701	2258.0	2400	0	1333	0
22	356	340	261	986	6706	2252.0	2400	0	1333	0
22	358	342	263	992	4184	230.0	2400	0	1333	0
22	356	340	261	986	4189	231.0	2400	0	1333	0
22	358	342	263	992	4184	230.0	2400	0	1333	0
22	356	340	261	985	4189	231.0	2400	0	1333	0
23	358	342	263	993	4184	230.0	2400	355	1111	1
23	868	1387	722	3005	4189	231.0	2400	355	1111	1
23	1045	1742	879	3694	4560	1378.0	2400	355	1111	1
23	1042	1738	876	3683	4595	1766.0	2400	355	1111	1
23	1045	1741	878	3692	4594	1763.0	2400	355	1111	1
23	1042	1739	877	3685	4592	1766.0	2400	355	1111	1
23	1045	1740	878	3691	4597	1764.0	2400	355	1111	1
23	1042	1739	877	3686	4592	1764.0	2400	355	1111	1
23	1045	1740	878	3690	4597	1764.0	2400	355	1111	1
23	1043	1740	877	3687	4592	1764.0	2400	355	1111	1
23	1044	1738	877	3688	4594	1765.0	2400	355	1111	1
23	1043	1740	878	3689	4591	1762.0	2400	355	1111	1
23	1044	1738	877	3686	4598	1765.0	2400	355	1111	1
23	1044	1737	877	3690	4591	1762.0	2400	355	1111	1
23	1045	1741	878	3692	4591	1760.0	2400	355	1111	1
23	1042	1737	876	3684	4592	1766.0	2400	355	1111	1
23	1045	1741	878	3692	4594	1762.0	2400	355	1111	1
23	1042	1738	877	3685	4592	1766.0	2400	355	1111	1
23	1045	1740	878	3690	4597	1763.0	2400	355	1111	1
23	1042	1739	877	3686	4592	1764.0	2400	355	1111	1
23	1045	1739	878	3689	4597	1764.0	2400	355	1111	1
23	1043	1739	877	3687	4592	1762.0	2400	355	1111	1
23	1044	1738	878	3688	4594	1764.0	2400	355	1111	1
23	1043	1739	877	3687	4595	1761.0	2400	355	1111	1
23	1044	1739	878	3688	4594	1764.0	2400	355	1111	1
23	1043	1739	877	3687	4595	1763.0	2400	355	1111	1
23	1044	1740	878	3690	4594	1764.0	2400	355	1111	1
23	1043	1738	877	3685	4595	1764.0	2400	355	1111	0
23	1044	1741	878	3692	4594	1762.0	2400	355	1111	0
23	391	410	292	1123	4595	1766.0	2400	355	1111	0
23	358	342	263	992	4236	306.0	2400	355	1111	0
23	356	340	261	986	4189	231.0	2400	355	1111	0
23	356	340	261	987	4184	230.0	2400	355	1111	0
23	358	342	262	991	4184	230.0	2400	355	1111	0
24	357	340	261	988	4179	231.0	2400	711	888	1
24	1340	1189	683	3178	4176	229.0	2400	711	888	1
24	1662	1465	820	3893	3308	941.0	2400	711	888	1
24	1665	1468	821	3900	3238	1172.0	2400	711	888	1
24	1663	1467	821	3897	3237	1175.0	2400	711	888	1
24	1665	1467	821	3898	3240	1174.0	2400	711	888	1
24	1664	1469	822	3899	3237	1174.0	2400	711	888	1
24	1665	1466	821	3896	3240	1176.0	2400	711	888	1
24	1664	1469	822	3901	3236	1172.0	2400	711	888	1
24	1664	1465	820	3894	3241	1176.0	2400	711	888	1
24	1666	1469	822	3902	3236	1171.0	2400	711	888	1
24	1663	1465	820	3892	3239	1176.0	2400	711	888	1
24	1667	1469	822	3903	3236	1172.0	2400	711	888	1
24	1662	1464	820	3891	3237	1175.0	2400	711	888	1
24	1667	1469	823	3904	3238	1170.0	2400	711	888	1
24	1661	1464	819	3890	3240	1175.0	2400	711	888	1
24	1662	1465	820	3892	3237	1172.0	2400	711	888	1
24	1667	1468	822	3902	3238	1172.0	2400	711	888	1
24	1662	1466	820	3894	3237	1174.0	2400	711	888	1
24	1666	1467	821	3900	3238	1174.0	2400	711	888	1
24	1662	1467	821	3895	3236	1173.0	2400	711	888	1
24	1666	1466	821	3898	3241	1174.0	2400	711	888	1
24	1664	1467	821	3897	3236	1172.0	2400	711	888	1
24	1664	1466	821	3896	3238	1174.0	2400	711	888	1
24	1665	1468	821	3898	3238	1172.0	2400	711	888	1
24	1663	1466	821	3895	3236	1175.0	2400	711	888	1
24	1665	1467	821	3899	3240	1173.0	2400	711	888	1
24	1663	1467	821	3896	3237	1174.0	2400	711	888	0
24	1665	1466	821	3898	3240	1174.0	2400	711	888	0
24	365	348	265	1007	3237	1172.0	2400	711	888	0
24	357	341	262	990	4157	236.0	2400	711	888	0
24	356	340	261	987	4187	230.0	2400	711	888	0
24	358	341	262	991	4184	230.0	2400	711	888	0
24	356	340	261	986	4179	230.0	2400	711	888	0
25	356	340	261	986	4184	230.0	2400	1066	666	1
25	1712	938	614	3176	4184	230.0	2400	1066	666	1
25	2302	1194	766	4122	2692	475.0	2400	1066	666	1
25	2300	1195	767	4123	2579	576.0	2400	1066	666	1
25	2301	1193	765	4120	2583	578.0	2400	1066	666	1
25	2300	1196	767	4125	2579	576.0	2400	1066	666	1
25	2301	1192	765	4118	2583	579.0	2400	1066	666	1
25	2302	1196	767	4126	2577	574.0	2400	1066	666	1
25	2299	1192	765	4117	2581	578.0	2400	1066	666	1
25	2304	1197	767	4128	2580	575.0	2400	1066	666	1
25	2297	1192	765	4115	2579	579.0	2400	1066	666	1
25	2303	1196	767	4128	2581	575.0	2400	1066	666	1
25	2297	1193	765	4117	2581	578.0	2400	1066	666	1
25	2303	1195	767	4125	2581	577.0	2400	1066	666	1
25	2298	1194	765	4118	2580	577.0	2400	1066	666	1
25	2302	1194	766	4123	2580	578.0	2400	1066	666	1
25	2300	1195	766	4121	2580	576.0	2400	1066	666	1
25	2300	1194	766	4120	2580	578.0	2400	1066	666	1
25	2302	1195	765	4124	2580	577.0	2400	1066	666	1
25	2302	1195	766	4124	2578	578.0	2400	1066	666	1
25	2298	1195	766	4119	2580	578.0	2400	1066	666	1
25	2302	1194	766	4123	2581	579.0	2400	1066	666	1
25	2299	1194	766	4120	2580	576.0	2400	1066	666	1
25	2300	1194	766	4121	2581	577.0	2400	1066	666	1
25	2301	1194	766	4121	2581	577.0	2400	1066	666	1
25	2299	1194	766	4120	2579	576.0	2400	1066	666	1
25	2301	1194	766	4121	2581	577.0	2400	1066	666	1
25	2299	1195	766	4122	2579	576.0	2400	1066	666	0
25	2300	1193	765	4119	2581	579.0	2400	1066	666	0
25	482	396	295	1191	2579	576.0	2400	1066	666	0
25	356	339	261	985	3722	252.0	2400	1066	666	0
25	358	342	263	992	4184	228.0	2400	1066	666	0
25	356	339	261	985	4189	231.0	2400	1066	666	0
25	358	342	263	992	4184	228.0	2400	1066	666	0
26	356	340	261	985	4189	231.0	2400	1422	444	1
26	358	342	263	992	4184	230.0	2400	1422	444	1
26	2262	769	593	3466	4189	231.0	2400	1422	444	1
26	2935	921	710	4343	2288	45.0	2400	1422	444	1
26	2942	922	712	4352	2199	0.0	2400	1422	444	1
26	2937	921	711	4345	2198	0.0	2400	1422	444	1
26	2940	922	711	4349	2198	0.0	2400	1422	444	1
26	2939	922	711	4348	2197	0.0	2400	1422	444	1
26	2937	922	711	4346	2198	0.0	2400	1422	444	1
26	2940	922	711	4350	2198	0.0	2400	1422	444	1
26	2935	921	710	4343	2199	0.0	2400	1422	444	1
26	2941	922	711	4350	2199	0.0	2400	1422	444	1
26	2935	922	711	4343	2197	0.0	2400	1422	444	1
26	2941	922	711	4349	2199	0.0	2400	1422	444	1
26	2936	921	710	4344	2197	0.0	2400	1422	444	1
26	2939	922	711	4347	2198	0.0	2400	1422	444	1
26	2938	921	710	4346	2198	0.0	2400	1422	444	1
26	2936	922	711	4346	2198	0.0	2400	1422	444	1
26	2939	921	711	4347	2200	0.0	2400	1422	444	1
26	2936	922	711	4346	2198	0.0	2400	1422	444	1
26	2939	920	710	4345	2200	0.0	2400	1422	444	1
26	2938	920	710	4344	2196	0.0	2400	1422	444	1
26	2939	923	712	4350	2197	0.0	2400	1422	444	1
26	2935	920	710	4341	2199	0.0	2400	1422	444	1
26	2941	923	712	4353	2198	0.0	2400	1422	444	1
26	2933	920	709	4338	2200	0.0	2400	1422	444	1
26	2941	923	712	4351	2197	0.0	2400	1422	444	1
26	2934	921	710	4341	2199	0.0	2400	1422	444	1
26	2940	922	712	4350	2198	0.0	2400	1422	444	0
26	511	374	288	1188	2199	0.0	2400	1422	444	0
26	358	342	262	991	3538	213.0	2400	1422	444	0
26	356	340	261	986	4179	231.0	2400	1422	444	0
26	358	341	262	991	4184	230.0	2400	1422	444	0
26	356	340	261	987	4179	230.0	2400	1422	444	0
27	357	341	262	990	4184	230.0	2400	1777	222	1
27	357	341	262	988	4187	230.0	2400	1777	222	1
27	2751	585	563	3678	4187	230.0	2400	1777	222	1
27	3580	670	667	4609	2044	0.0	2400	1777	222	1
27	3581	670	667	4610	1961	0.0	2400	1777	222	1
27	3582	670	667	4611	1961	0.0	2400	1777	222	1
27	3577	671	667	4607	1961	0.0	2400	1777	222	1
27	3581	669	667	4609	1961	0.0	2400	1777	222	1
27	3579	671	668	4610	1961	0.0	2400	1777	222	1
27	3578	669	666	4605	1962	0.0	2400	1777	222	1
27	3581	671	668	4612	1960	0.0	2400	1777	222	1
27	3575	669	666	4602	1962	0.0	2400	1777	222	1
27	3583	671	668	4615	1961	0.0	2400	1777	222	1
27	3573	669	666	4601	1963	0.0	2400	1777	222	1
27	3583	671	668	4614	1962	0.0	2400	1777	222	1
27	3575	669	666	4601	1962	0.0	2400	1777	222	1
27	3580	671	668	4612	1961	0.0	2400	1777	222	1
27	3577	669	666	4604	1963	0.0	2400	1777	222	1
27	3578	671	668	4609	1960	0.0	2400	1777	222	1
27	3579	669	667	4606	1962	0.0	2400	1777	222	1
27	3576	671	667	4607	1961	0.0	2400	1777	222	1
27	3580	669	667	4608	1963	0.0	2400	1777	222	1
27	3575	671	667	4606	1961	0.0	2400	1777	222	1
27	3578	669	668	4606	1963	0.0	2400	1777	222	1
27	3577	669	667	4605	1962	0.0	2400	1777	222	1
27	3579	671	668	4609	1961	0.0	2400	1777	222	1
27	3575	669	667	4603	1962	0.0	2400	1777	222	1
27	3580	670	668	4610	1962	0.0	2400	1777	222	1
27	3573	670	667	4602	1962	0.0	2400	1777	222	0
27	420	347	269	1059	1962	0.0	2400	1777	222	0
27	357	341	262	989	3831	214.0	2400	1777	222	0
27	356	340	261	987	4187	230.0	2400	1777	222	0
27	357	341	262	990	4184	230.0	2400	1777	222	0
27	356	340	261	987	4187	230.0	2400	1777	222	0
27	358	341	262	991	4184	230.0	2400	1777	222	0
28	356	340	261	986	4179	230.0	2400	2133	0	1
28	3029	491	555	3818	4184	230.0	2400	2133	0	1
28	4247	557	687	5104	1951	0.0	2400	2133	0	1
28	4256	560	690	5117	1855	0.0	2400	2133	0	1
28	4246	557	687	5102	1856	0.0	2400	2133	0	1
28	4253	560	689	5114	1854	0.0	2400	2133	0	1
28	4248	557	687	5104	1855	0.0	2400	2133	0	1
28	4250	557	688	5106	1854	0.0	2400	2133	0	1
28	4248	560	689	5109	1855	0.0	2400	2133	0	1
28	4252	558	688	5109	1856	0.0	2400	2133	0	1
28	4246	560	689	5107	1854	0.0	2400	2133	0	1
28	4251	558	688	5108	1856	0.0	2400	2133	0	1
28	4248	560	689	5109	1854	0.0	2400	2133	0	1
28	4248	558	688	5106	1856	0.0	2400	2133	0	1
28	4250	560	689	5111	1855	0.0	2400	2133	0	1
28	4246	558	688	5104	1855	0.0	2400	2133	0	1
28	4251	559	689	5111	1855	0.0	2400	2133	0	1
28	4244	558	687	5101	1855	0.0	2400	2133	0	1
28	4252	559	689	5111	1854	0.0	2400	2133	0	1
28	4245	558	688	5103	1855	0.0	2400	2133	0	1
28	4249	559	688	5108	1855	0.0	2400	2133	0	1
28	4247	559	688	5106	1855	0.0	2400	2133	0	1
28	4247	558	688	5105	1855	0.0	2400	2133	0	1
28	4249	559	689	5109	1855	0.0	2400	2133	0	1
28	4244	558	687	5102	1856	0.0	2400	2133	0	1
28	4243	557	687	5099	1855	0.0	2400	2133	0	1
28	4251	560	689	5111	1854	0.0	2400	2133	0	1
28	4244	557	687	5100	1855	0.0	2400	2133	0	0
28	648	358	294	1298	1854	0.0	2400	2133	0	0
28	356	339	261	985	3116	139.0	2400	2133	0	0
28	358	342	262	992	4184	228.0	2400	2133	0	0
28	356	339	261	985	4179	231.0	2400	2133	0	0
28	358	342	262	992	4184	228.0	2400	2133	0	0
28	356	339	261	985	4179	231.0	2400	2133	0	0
29	358	342	262	992	4184	228.0	2400	0	1555	1
29	641	1788	865	3369	4179	231.0	2400	0	1555	1
29	750	2329	1091	4260	6532	1980.0	2400	0	1555	1
29	748	2327	1089	4254	6933	2634.0	2400	0	1555	1
29	750	2327	1090	4257	6937	2632.0	2400	0	1555	1
29	749	2329	1090	4258	6928	2631.0	2400	0	1555	1
29	750	2326	1090	4255	6935	2635.0	2400	0	1555	1
29	749	2328	1090	4257	6928	2630.0	2400	0	1555	1
29	750	2327	1090	4257	6935	2633.0	2400	0	1555	1
29	750	2329	1090	4259	6928	2631.0	2400	0	1555	1
29	748	2325	1089	4252	6928	2634.0	2400	0	1555	1
29	750	2329	1091	4260	6937	2629.0	2400	0	1555	1
29	749	2325	1089	4253	6933	2634.0	2400	0	1555	1
29	749	2329	1090	4259	6930	2629.0	2400	0	1555	1
29	750	2327	1090	4257	6935	2635.0	2400	0	1555	1
29	750	2328	1090	4259	6928	2631.0	2400	0	1555	1
29	751	2328	1090	4260	6928	2633.0	2400	0	1555	1
29	750	2328	1090	4258	6920	2632.0	2400	0	1555	1
29	751	2329	1091	4262	6928	2633.0	2400	0	1555	1
29	749	2327	1089	4256	6925	2633.0	2400	0	1555	1
29	752	2330	1091	4264	6930	2632.0	2400	0	1555	1
29	749	2326	1089	4255	6918	2634.0	2400	0	1555	1
29	752	2331	1092	4266	6930	2631.0	2400	0	1555	1
29	749	2325	1089	4253	6923	2635.0	2400	0	1555	1
29	752	2331	1092	4267	6930	2629.0	2400	0	1555	1
29	749	2325	1088	4253	6923	2635.0	2400	0	1555	1
29	752	2331	1092	4267	6925	2630.0	2400	0	1555	1
29	749	2325	1092	4252	6923	2635.0	2400	0	1555	0
29	385	481	320	1219	6945	2627.0	2400	0	1555	0
29	360	343	263	996	4557	399.0	2400	0	1555	0
29	358	341	262	990	4174	232.0	2400	0	1555	0
29	360	343	263	995	4179	230.0	2400	0	1555	0
29	358	341	262	991	4174	232.0	2400	0	1555	0
29	359	343	263	995	4179	230.0	2400	0	1555	0
30	358	342	262	992	4182	232.0	2400	355	1333	1
30	907	1597	811	3349	4179	231.0	2400	355	1333	1
30	1106	2052	1009	4205	4797	1632.0	2400	355	1333	1
30	1108	2053	1010	4208	4866	2141.0	2400	355	1333	1
30	1107	2052	1010	4206	4864	2141.0	2400	355	1333	1
30	1107	2052	1009	4206	4867	2140.0	2400	355	1333	1
30	1107	2053	1010	4208	4863	2140.0	2400	355	1333	1
30	1106	2051	1009	4204	4867	2141.0	2400	355	1333	1
30	1107	2054	1010	4209	4866	2139.0	2400	355	1333	1
30	1106	2051	1009	4203	4867	2143.0	2400	355	1333	1
30	1107	2054	1011	4210	4866	2139.0	2400	355	1333	1
30	1106	2050	1008	4201	4870	2142.0	2400	355	1333	1
30	1106	2050	1008	4200	4863	2138.0	2400	355	1333	1
30	1108	2055	1011	4211	4863	2138.0	2400	355	1333	1
30	1106	2049	1008	4200	4867	2143.0	2400	355	1333	1
30	1109	2055	1011	4212	4863	2137.0	2400	355	1333	1
30	1106	2049	1008	4199	4864	2143.0	2400	355	1333	1
30	1109	2055	1011	4213	4863	2137.0	2400	355	1333	1
30	1105	2049	1008	4199	4864	2143.0	2400	355	1333	1
30	1109	2055	1011	4213	4866	2137.0	2400	355	1333	1
30	1105	2049	1008	4200	4864	2143.0	2400	355	1333	1
30	1109	2055	1011	4212	4866	2137.0	2400	355	1333	1
30	1105	2049	1008	4200	4864	2143.0	2400	355	1333	1
30	1109	2054	1011	4211	4866	2137.0	2400	355	1333	1
30	1106	2050	1009	4202	4864	2141.0	2400	355	1333	1
30	1108	2054	1011	4210	4866	2138.0	2400	355	1333	1
30	1106	2051	1009	4203	4867	2142.0	2400	355	1333	1
30	1108	2053	1010	4209	4866	2139.0	2400	355	1333	0
30	1107	2052	1009	4205	4864	2141.0	2400	355	1333	0
30	379	387	282	1078	4863	2140.0	2400	355	1333	0
30	358	341	262	991	4225	281.0	2400	355	1333	0
30	359	343	263	995	4179	230.0	2400	355	1333	0
30	358	341	262	990	4182	232.0	2400	355	1333	0
30	360	343	263	995	4179	230.0	2400	355	1333	0
31	358	341	262	990	4174	232.0	2400	711	1111	1
31	1289	1323	734	3325	4179	230.0	2400	711	1111	1
31	1727	1779	953	4414	3547	1132.0	2400	711	1111	1
31	1727	1784	955	4421	3471	1549.0	2400	711	1111	1
31	1727	1780	953	4414	3475	1556.0	2400	711	1111	1
31	1727	1784	955	4421	3470	1551.0	2400	711	1111	1
31	1727	1779	953	4413	3475	1556.0	2400	711	1111	1
31	1727	1783	955	4421	3470	1549.0	2400	711	1111	1
31	1727	1779	953	4413	3475	1554.0	2400	711	1111	1
31	1727	1784	955	4421	3470	1549.0	2400	711	1111	1
31	1727	1779	952	4413	3475	1556.0	2400	711	1111	1
31	1727	1783	955	4420	3469	1550.0	2400	711	1111	1
31	1727	1779	952	4413	3475	1554.0	2400	711	1111	1
31	1728	1783	955	4421	3469	1550.0	2400	711	1111	1
31	1728	1783	955	4413	3474	1554.0	2400	711	1111	1
31	1727	1779	953	4413	3470	1554.0	2400	711	1111	1
31	1728	1782	954	4420	3470	1549.0	2400	711	1111	1
31	1726	1779	953	4413	3472	1553.0	2400	711	1111	1
31	1728	1782	954	4419	3472	1550.0	2400	711	1111	1
31	1726	1779	953	4413	3472	1553.0	2400	711	1111	1
31	1728	1782	954	4418	3472	1550.0	2400	711	1111	1
31	1726	1780	953	4414	3471	1553.0	2400	711	1111	1
31	1727	1781	954	4417	3472	1551.0	2400	711	1111	1
31	1726	1781	954	4416	3473	1552.0	2400	711	1111	1
31	1727	1781	953	4417	3474	1552.0	2400	711	1111	1
31	1726	1781	954	4416	3471	1552.0	2400	711	1111	1
31	1727	1781	953	4416	3474	1552.0	2400	711	1111	1
31	1727	1781	954	4417	3471	1552.0	2400	711	1111	0
31	1727	1781	953	4415	3473	1552.0	2400	711	1111	0
31	468	455	317	1263	3470	1552.0	2400	711	1111	0
31	357	341	261	989	3971	334.0	2400	711	1111	0
31	360	343	263	996	4176	231.0	2400	711	1111	0
31	357	341	261	989	4174	232.0	2400	711	1111	0
31	358	341	262	990	4176	231.0	2400	711	1111	0
32	360	343	263	996	4179	230.0	2400	1066	888	1
32	1811	1187	723	3636	4174	232.0	2400	1066	888	1
32	2362	1509	899	4641	2857	756.0	2400	1066	888	1
32	2364	1506	898	4639	2775	956.0	2400	1066	888	1
32	2362	1509	899	4640	2772	952.0	2400	1066	888	1
32	2364	1506	898	4638	2774	956.0	2400	1066	888	1
32	2362	1508	898	4639	2771	952.0	2400	1066	888	1
32	2364	1506	898	4638	2773	956.0	2400	1066	888	1
32	2362	1508	898	4639	2771	952.0	2400	1066	888	1
32	2363	1506	898	4638	2773	956.0	2400	1066	888	1
32	2363	1508	898	4639	2773	952.0	2400	1066	888	1
32	2362	1506	898	4637	2772	955.0	2400	1066	888	1
32	2363	1507	898	4639	2773	952.0	2400	1066	888	1
32	2362	1506	898	4637	2773	954.0	2400	1066	888	1
32	2363	1507	898	4639	2773	952.0	2400	1066	888	1
32	2361	1507	898	4638	2773	954.0	2400	1066	888	1
32	2363	1507	898	4637	2774	954.0	2400	1066	888	1
32	2363	1506	897	4636	2772	954.0	2400	1066	888	1
32	2362	1509	899	4641	2770	953.0	2400	1066	888	1
32	2363	1505	897	4635	2775	956.0	2400	1066	888	1
32	2362	1509	899	4641	2770	951.0	2400	1066	888	1
32	2363	1505	897	4635	2775	956.0	2400	1066	888	1
32	2362	1509	899	4641	2770	951.0	2400	1066	888	1
32	2363	1505	897	4635	2775	956.0	2400	1066	888	1
32	2363	1509	899	4642	2770	951.0	2400	1066	888	1
32	2363	1505	897	4635	2774	956.0	2400	1066	888	1
32	2363	1509	899	4642	2770	951.0	2400	1066	888	1
32	2362	1505	897	4634	2774	956.0	2400	1066	888	0
32	2364	1509	899	4642	2771	952.0	2400	1066	888	0
32	507	426	309	1260	2773	956.0	2400	1066	888	0
32	359	342	263	994	3713	281.0	2400	1066	888	0
32	359	342	262	993	4182	230.0	2400	1066	888	0
32	359	342	262	993	4171	231.0	2400	1066	888	0
32	359	342	262	993	4171	231.0	2400	1066	888	0
33	358	342	262	992	4171	231.0	2400	1422	666	1
33	2291	996	687	3826	4179	231.0	2400	1422	666	1
33	3003	1235	844	4867	2444	325.0	2400	1422	666	1
33	2999	1234	843	4862	2360	356.0	2400	1422	666	1
33	3002	1235	844	4867	2360	357.0	2400	1422	666	1
33	2999	1234	843	4862	2360	356.0	2400	1422	666	1
33	3002	1235	844	4867	2360	357.0	2400	1422	666	1
33	2999	1234	843	4862	2360	356.0	2400	1422	666	1
33	3002	1235	844	4867	2360	357.0	2400	1422	666	1
33	2999	1234	843	4862	2360	356.0	2400	1422	666	1
33	3001	1235	844	4867	2360	357.0	2400	1422	666	1
33	3000	1234	843	4863	2362	357.0	2400	1422	666	1
33	3001	1235	844	4866	2360	356.0	2400	1422	666	1
33	3000	1235	843	4864	2361	357.0	2400	1422	666	1
33	3000	1235	844	4865	2360	358.0	2400	1422	666	1
33	3001	1235	843	4864	2361	357.0	2400	1422	666	1
33	2999	1235	844	4863	2359	357.0	2400	1422	666	1
33	3001	1235	843	4865	2361	357.0	2400	1422	666	1
33	2998	1235	843	4862	2359	357.0	2400	1422	666	1
33	3002	1235	843	4866	2360	358.0	2400	1422	666	1
33	3002	1236	844	4866	2359	357.0	2400	1422	666	1
33	2997	1234	843	4860	2359	358.0	2400	1422	666	1
33	3002	1236	844	4867	2361	357.0	2400	1422	666	1
33	2996	1234	842	4859	2360	358.0	2400	1422	666	1
33	3002	1236	844	4868	2361	358.0	2400	1422	666	1
33	2996	1234	842	4858	2360	358.0	2400	1422	666	1
33	3002	1236	844	4868	2360	358.0	2400	1422	666	1
33	2995	1234	842	4857	2360	358.0	2400	1422	666	0
33	3003	1236	844	4869	2360	359.0	2400	1422	666	0
33	427	364	277	1091	2360	358.0	2400	1422	666	0
33	360	343	263	996	3862	233.0	2400	1422	666	0
33	357	341	262	989	4174	232.0	2400	1422	666	0
33	360	343	263	997	4187	230.0	2400	1422	666	0
33	358	341	261	989	4174	232.0	2400	1422	666	0
34	360	343	263	997	4168	230.0	2400	1777	444	1
34	358	341	262	989	4174	232.0	2400	1777	444	1
34	2587	764	620	3778	4179	230.0	2400	1777	444	1
34	3635	961	787	5085	2192	0.0	2400	1777	444	1
34	3635	962	788	5085	2088	0.0	2400	1777	444	1
34	3641	963	789	5093	2088	0.0	2400	1777	444	1
34	3634	962	788	5085	2088	0.0	2400	1777	444	1
34	3641	962	789	5093	2089	0.0	2400	1777	444	1
34	3634	962	788	5085	2089	0.0	2400	1777	444	1
34	3640	962	789	5092	2089	0.0	2400	1777	444	1
34	3634	962	788	5085	2089	0.0	2400	1777	444	1
34	3639	962	788	5090	2089	0.0	2400	1777	444	1
34	3634	962	788	5085	2088	0.0	2400	1777	444	1
34	3638	961	788	5089	2089	0.0	2400	1777	444	1
34	3634	963	788	5087	2088	0.0	2400	1777	444	1
34	3638	961	788	5088	2089	0.0	2400	1777	444	1
34	3634	963	789	5087	2088	0.0	2400	1777	444	1
34	3637	961	788	5086	2090	0.0	2400	1777	444	1
34	3635	963	789	5088	2088	0.0	2400	1777	444	1
34	3637	961	787	5086	2090	0.0	2400	1777	444	1
34	3635	963	789	5089	2087	0.0	2400	1777	444	1
34	3636	960	787	5084	2090	0.0	2400	1777	444	1
34	3635	960	787	5083	2088	0.0	2400	1777	444	1
34	3635	963	789	5089	2088	0.0	2400	1777	444	1
34	3635	960	787	5083	2090	0.0	2400	1777	444	1
34	3636	964	789	5090	2088	0.0	2400	1777	444	1
34	3635	960	787	5083	2090	0.0	2400	1777	444	1
34	3636	964	789	5090	2088	0.0	2400	1777	444	1
34	3634	961	787	5083	2090	0.0	2400	1777	444	0
34	622	392	305	1323	2088	0.0	2400	1777	444	0
34	358	341	262	991	3259	193.0	2400	1777	444	0
34	360	343	263	995	4179	230.0	2400	1777	444	0
34	358	342	262	992	4174	232.0	2400	1777	444	0
34	359	343	263	995	4179	231.0	2400	1777	444	0
35	359	342	262	992	4182	232.0	2400	2133	222	1
35	359	342	263	993	4171	231.0	2400	2133	222	1
35	3209	610	613	4161	4182	230.0	2400	2133	222	1
35	4284	711	745	5356	1983	0.0	2400	2133	222	1
35	4281	711	745	5354	1905	0.0	2400	2133	222	1
35	4283	710	745	5354	1907	0.0	2400	2133	222	1
35	4282	710	745	5354	1906	0.0	2400	2133	222	1
35	4281	711	746	5354	1906	0.0	2400	2133	222	1
35	4281	710	744	5351	1907	0.0	2400	2133	222	1
35	4280	711	746	5354	1905	0.0	2400	2133	222	1
35	4280	710	744	5350	1908	0.0	2400	2133	222	1
35	4280	712	746	5354	1905	0.0	2400	2133	222	1
35	4280	710	744	5350	1907	0.0	2400	2133	222	1
35	4280	712	746	5354	1905	0.0	2400	2133	222	1
35	4280	710	744	5350	1907	0.0	2400	2133	222	1
35	4280	712	746	5353	1905	0.0	2400	2133	222	1
35	4280	710	744	5350	1907	0.0	2400	2133	222	1
35	4279	711	746	5353	1905	0.0	2400	2133	222	1
35	4280	710	744	5350	1908	0.0	2400	2133	222	1
35	4279	711	745	5352	1905	0.0	2400	2133	222	1
35	4280	710	745	5350	1907	0.0	2400	2133	222	1
35	4278	711	745	5352	1906	0.0	2400	2133	222	1
35	4280	710	745	5352	1907	0.0	2400	2133	222	1
35	4278	711	745	5350	1907	0.0	2400	2133	222	1
35	4280	711	745	5352	1906	0.0	2400	2133	222	1
35	4280	711	745	5352	1906	0.0	2400	2133	222	1
35	4277	710	745	5348	1906	0.0	2400	2133	222	1
35	4279	711	745	5352	1906	0.0	2400	2133	222	1
35	4277	710	744	5347	1907	0.0	2400	2133	222	0
35	640	369	297	1306	1905	0.0	2400	2133	222	0
35	358	341	262	991	3159	157.0	2400	2133	222	0
35	360	343	263	996	4179	230.0	2400	2133	222	0
35	358	341	262	990	4174	232.0	2400	2133	222	0
35	360	343	263	996	4179	230.0	2400	2133	222	0
35	358	341	262	990	4174	232.0	2400	2133	222	0
36	360	343	263	997	4179	230.0	2400	2488	0	1
36	3730	530	631	4558	4174	232.0	2400	2488	0	1
36	4956	601	768	5860	1888	0.0	2400	2488	0	1
36	4957	598	766	5856	1823	0.0	2400	2488	0	1
36	4954	601	767	5859	1821	0.0	2400	2488	0	1
36	4956	599	766	5856	1823	0.0	2400	2488	0	1
36	4954	601	767	5858	1821	0.0	2400	2488	0	1
36	4955	599	766	5855	1822	0.0	2400	2488	0	1
36	4955	599	766	5855	1821	0.0	2400	2488	0	1
36	4952	600	767	5855	1821	0.0	2400	2488	0	1
36	4955	599	766	5856	1822	0.0	2400	2488	0	1
36	4951	600	767	5854	1821	0.0	2400	2488	0	1
36	4955	599	767	5856	1822	0.0	2400	2488	0	1
36	4950	599	766	5852	1822	0.0	2400	2488	0	1
36	4954	600	767	5856	1822	0.0	2400	2488	0	1
36	4950	599	766	5850	1822	0.0	2400	2488	0	1
36	4954	600	767	5857	1822	0.0	2400	2488	0	1
36	4949	599	766	5849	1822	0.0	2400	2488	0	1
36	4954	600	767	5857	1822	0.0	2400	2488	0	1
36	4948	598	765	5848	1822	0.0	2400	2488	0	1
36	4954	600	767	5857	1822	0.0	2400	2488	0	1
36	4947	598	765	5847	1822	0.0	2400	2488	0	1
36	4954	600	767	5858	1822	0.0	2400	2488	0	1
36	4946	598	765	5845	1823	0.0	2400	2488	0	1
36	4954	601	767	5858	1821	0.0	2400	2488	0	1
36	4946	598	765	5845	1822	0.0	2400	2488	0	1
36	4946	598	765	5845	1821	0.0	2400	2488	0	1
36	4953	600	767	5857	1821	0.0	2400	2488	0	0
36	472	347	274	1110	1823	0.0	2400	2488	0	0
36	360	343	263	996	3602	193.0	2400	2488	0	0
36	358	341	262	991	4174	232.0	2400	2488	0	0
36	360	343	263	995	4179	230.0	2400	2488	0	0
36	358	341	262	991	4174	232.0	2400	2488	0	0
36	360	343	263	995	4179	230.0	2400	2488	0	0
37	359	342	262	993	4174	232.0	2400	0	1777	1
37	669	1914	919	3581	4171	231.0	2400	0	1777	1
37	813	2644	1224	4782	6624	2131.0	2400	0	1777	1
37	813	2641	1222	4777	7127	3013.0	2400	0	1777	1
37	814	2645	1224	4783	7117	3010.0	2400	0	1777	1
37	812	2640	1222	4774	7120	3014.0	2400	0	1777	1
37	814	2645	1224	4783	7124	3008.0	2400	0	1777	1
37	812	2639	1221	4772	7120	3014.0	2400	0	1777	1
37	814	2645	1224	4784	7120	3008.0	2400	0	1777	1
37	811	2639	1221	4771	7120	3014.0	2400	0	1777	1
37	814	2645	1221	4784	7127	3008.0	2400	0	1777	1
37	814	2646	1224	4785	7106	3016.0	2400	0	1777	1
37	811	2639	1221	4770	7120	3016.0	2400	0	1777	1
37	814	2645	1224	4785	7127	3008.0	2400	0	1777	1
37	811	2638	1221	4770	7120	3014.0	2400	0	1777	1
37	815	2645	1224	4785	7127	3006.0	2400	0	1777	1
37	811	2638	1221	4770	7113	3014.0	2400	0	1777	1
37	814	2645	1224	4784	7127	3006.0	2400	0	1777	1
37	811	2639	1221	4771	7120	3014.0	2400	0	1777	1
37	814	2645	1224	4784	7127	3008.0	2400	0	1777	1
37	812	2639	1221	4772	7120	3014.0	2400	0	1777	1
37	814	2644	1224	4782	7120	3008.0	2400	0	1777	1
37	812	2640	1221	4774	7120	3013.0	2400	0	1777	1
37	813	2643	1223	4779	7120	3009.0	2400	0	1777	1
37	812	2641	1222	4776	7122	3012.0	2400	0	1777	1
37	813	2641	1222	4777	7124	3010.0	2400	0	1777	1
37	813	2642	1223	4778	7117	3010.0	2400	0	1777	1
37	812	2640	1222	4774	7122	3010.0	2400	0	1777	0
37	813	2643	1223	4780	7124	3008.0	2400	0	1777	0
37	360	343	263	995	7122	3012.0	2400	0	1777	0
37	358	341	262	990	4174	232.0	2400	0	1777	0
37	360	343	263	995	4179	230.0	2400	0	1777	0
37	358	341	262	990	4174	232.0	2400	0	1777	0
37	360	343	263	996	4179	230.0	2400	0	1777	0
38	358	341	261	989	4174	232.0	2400	355	1555	1
38	949	1818	904	3715	4168	230.0	2400	355	1555	1
38	1167	2362	1140	4716	5020	1899.0	2400	355	1555	1
38	1171	2367	1143	4728	5112	2514.0	2400	355	1555	1
38	1167	2363	1140	4718	5109	2519.0	2400	355	1555	1
38	1171	2366	1142	4726	5112	2516.0	2400	355	1555	1
38	1167	2364	1141	4719	5106	2518.0	2400	355	1555	1
38	1170	2365	1142	4724	5116	2517.0	2400	355	1555	1
38	1168	2365	1141	4721	5109	2517.0	2400	355	1555	1
38	1170	2364	1141	4722	5112	2518.0	2400	355	1555	1
38	1168	2366	1141	4722	5106	2516.0	2400	355	1555	1
38	1170	2363	1141	4720	5112	2520.0	2400	355	1555	1
38	1169	2366	1142	4723	5106	2514.0	2400	355	1555	1
38	1169	2366	1141	4723	5113	2519.0	2400	355	1555	1
38	1168	2364	1141	4720	5109	2519.0	2400	355	1555	1
38	1169	2365	1141	4722	5112	2516.0	2400	355	1555	1
38	1168	2365	1141	4721	5109	2518.0	2400	355	1555	1
38	1169	2364	1141	4721	5112	2518.0	2400	355	1555	1
38	1168	2365	1141	4722	5109	2516.0	2400	355	1555	1
38	1169	2363	1141	4720	5112	2518.0	2400	355	1555	1
38	1168	2365	1141	4722	5109	2515.0	2400	355	1555	1
38	1169	2363	1141	4720	5112	2518.0	2400	355	1555	1
38	1168	2365	1141	4722	5109	2515.0	2400	355	1555	1
38	1169	2364	1141	4721	5112	2518.0	2400	355	1555	1
38	1168	2364	1140	4719	5109	2516.0	2400	355	1555	1
38	1169	2366	1142	4724	5109	2517.0	2400	355	1555	1
38	1168	2362	1140	4716	5113	2519.0	2400	355	1555	1
38	1170	2367	1143	4727	5109	2514.0	2400	355	1555	0
38	1168	2361	1139	4714	5113	2519.0	2400	355	1555	0
38	420	490	327	1267	5106	2513.0	2400	355	1555	0
38	358	341	262	989	4357	397.0	2400	355	1555	0
38	358	341	262	997	4179	230.0	2400	355	1555	0
38	360	343	263	996	4179	230.0	2400	355	1555	0
38	358	341	262	990	4174	232.0	2400	355	1555	0
39	360	343	263	996	4179	230.0	2400	711	1333	1
39	1404	1626	865	3877	4174	232.0	2400	711	1333	1
39	1789	2092	1085	4930	3728	1477.0	2400	711	1333	1
39	1787	2094	1085	4931	3686	1927.0	2400	711	1333	1
39	1788	2091	1084	4928	3689	1930.0	2400	711	1333	1
39	1788	2094	1086	4933	3686	1926.0	2400	711	1333	1
39	1786	2091	1084	4926	3690	1929.0	2400	711	1333	1
39	1789	2094	1086	4933	3689	1927.0	2400	711	1333	1
39	1786	2092	1084	4926	3688	1929.0	2400	711	1333	1
39	1789	2093	1085	4931	3688	1928.0	2400	711	1333	1
39	1786	2093	1085	4928	3686	1928.0	2400	711	1333	1
39	1789	2092	1085	4930	3690	1929.0	2400	711	1333	1
39	1786	2093	1085	4928	3686	1927.0	2400	711	1333	1
39	1789	2091	1085	4929	3690	1929.0	2400	711	1333	1
39	1787	2093	1085	4929	3686	1925.0	2400	711	1333	1
39	1787	2092	1085	4928	3689	1929.0	2400	711	1333	1
39	1787	2093	1085	4931	3689	1927.0	2400	711	1333	1
39	1787	2091	1084	4926	3689	1929.0	2400	711	1333	1
39	1787	2094	1086	4933	3686	1926.0	2400	711	1333	1
39	1787	2090	1083	4924	3692	1930.0	2400	711	1333	1
39	1788	2095	1086	4934	3684	1925.0	2400	711	1333	1
39	1786	2089	1083	4923	3690	1931.0	2400	711	1333	1
39	1789	2095	1086	4935	3686	1924.0	2400	711	1333	1
39	1785	2089	1083	4922	3689	1931.0	2400	711	1333	1
39	1789	2095	1086	4935	3688	1925.0	2400	711	1333	1
39	1785	2090	1084	4923	3689	1931.0	2400	711	1333	1
39	1789	2093	1086	4933	3689	1925.0	2400	711	1333	1
39	1785	2092	1084	4927	3689	1927.0	2400	711	1333	0
39	1788	2092	1085	4930	3690	1929.0	2400	711	1333	0
39	399	392	286	1104	3688	1927.0	2400	711	1333	0
39	359	342	263	994	4121	279.0	2400	711	1333	0
39	359	342	262	993	4182	230.0	2400	711	1333	0
39	359	342	262	993	4171	231.0	2400	711	1333	0
39	359	342	263	994	4171	231.0	2400	711	1333	0
40	359	343	263	994	4182	230.0	2400	1066	1111	1
40	1751	1341	781	3802	4182	232.0	2400	1066	1111	1
40	2426	1819	1030	5155	3047	976.0	2400	1066	1111	1
40	2421	1820	1030	5151	2953	1329.0	2400	1066	1111	1
40	2425	1819	1030	5154	2956	1332.0	2400	1066	1111	1
40	2423	1820	1030	5153	2953	1329.0	2400	1066	1111	1
40	2422	1819	1030	5152	2954	1332.0	2400	1066	1111	1
40	2424	1819	1029	5152	2956	1330.0	2400	1066	1111	1
40	2422	1821	1031	5154	2952	1330.0	2400	1066	1111	1
40	2423	1819	1029	5151	2957	1333.0	2400	1066	1111	1
40	2422	1822	1031	5156	2953	1331.0	2400	1066	1111	1
40	2423	1817	1029	5149	2958	1334.0	2400	1066	1111	1
40	2422	1822	1031	5157	2953	1328.0	2400	1066	1111	1
40	2423	1817	1028	5148	2958	1334.0	2400	1066	1111	1
40	2424	1822	1031	5158	2951	1328.0	2400	1066	1111	1
40	2420	1817	1028	5146	2956	1334.0	2400	1066	1111	1
40	2426	1822	1031	5159	2954	1329.0	2400	1066	1111	1
40	2419	1819	1029	5148	2954	1333.0	2400	1066	1111	1
40	2420	1820	1030	5150	2956	1332.0	2400	1066	1111	1
40	2424	1819	1030	5153	2956	1333.0	2400	1066	1111	1
40	2421	1821	1030	5152	2954	1330.0	2400	1066	1111	1
40	2423	1818	1029	5151	2956	1334.0	2400	1066	1111	1
40	2423	1821	1030	5155	2954	1329.0	2400	1066	1111	1
40	2420	1818	1029	5148	2955	1333.0	2400	1066	1111	1
40	2425	1820	1030	5156	2956	1330.0	2400	1066	1111	1
40	2420	1819	1029	5149	2954	1331.0	2400	1066	1111	1
40	2424	1819	1030	5154	2956	1332.0	2400	1066	1111	1
40	2419	1820	1030	5150	2955	1330.0	2400	1066	1111	0
40	2424	1819	1030	5153	2958	1333.0	2400	1066	1111	0
40	536	467	327	1348	2954	1330.0	2400	1066	1111	0
40	360	343	263	996	3715	323.0	2400	1066	1111	0
40	358	341	262	990	4174	232.0	2400	1066	1111	0
40	360	343	263	996	4179	230.0	2400	1066	1111	0
40	358	341	261	989	4174	232.0	2400	1066	1111	0
41	360	343	263	997	4168	230.0	2400	1422	888	1
41	358	341	262	990	4174	232.0	2400	1422	888	1
41	3060	1544	973	4150	4179	230.0	2400	1422	888	1
41	3062	1548	976	5382	1813	731.0	2400	1422	888	1
41	3057	1544	973	5370	2515	734.0	2400	1422	888	1
41	3063	1548	976	5382	2514	732.0	2400	1422	888	1
41	3056	1545	974	5370	2515	734.0	2400	1422	888	1
41	3063	1546	975	5379	2515	733.0	2400	1422	888	1
41	3057	1546	974	5373	2514	732.0	2400	1422	888	1
41	3060	1545	974	5376	2515	734.0	2400	1422	888	1
41	3060	1547	975	5377	2515	732.0	2400	1422	888	1
41	3057	1546	974	5373	2515	734.0	2400	1422	888	1
41	3061	1545	974	5376	2515	734.0	2400	1422	888	1
41	3056	1547	975	5374	2513	731.0	2400	1422	888	1
41	3060	1545	974	5375	2516	735.0	2400	1422	888	1
41	3058	1547	975	5375	2514	732.0	2400	1422	888	1
41	3058	1545	974	5373	2516	735.0	2400	1422	888	1
41	3060	1546	974	5376	2514	732.0	2400	1422	888	1
41	3056	1547	975	5374	2514	733.0	2400	1422	888	1
41	3060	1544	974	5373	2516	735.0	2400	1422	888	1
41	3057	1548	975	5376	2514	730.0	2400	1422	888	1
41	3060	1548	976	5380	2516	737.0	2400	1422	888	1
41	3055	1543	973	5367	2516	735.0	2400	1422	888	1
41	3062	1547	976	5381	2514	731.0	2400	1422	888	1
41	3054	1545	973	5368	2515	733.0	2400	1422	888	1
41	3062	1546	975	5379	2515	734.0	2400	1422	888	1
41	3056	1546	974	5371	2514	732.0	2400	1422	888	1
41	3059	1546	975	5375	2515	735.0	2400	1422	888	1
41	3058	1546	974	5373	2515	733.0	2400	1422	888	0
41	584	442	322	1358	2514	734.0	2400	1422	888	0
41	358	341	262	990	3491	272.0	2400	1422	888	0
41	360	343	263	996	4179	230.0	2400	1422	888	0
41	358	341	262	990	4174	232.0	2400	1422	888	0
41	360	343	263	996	4179	230.0	2400	1422	888	0
42	358	341	262	991	4174	232.0	2400	1777	666	1
42	360	343	263	995	4179	230.0	2400	1777	666	1
42	2757	1012	735	4305	4174	232.0	2400	1777	666	1
42	3701	1274	920	5605	2302	164.0	2400	1777	666	1
42	3694	1274	920	5599	2221	135.0	2400	1777	666	1
42	3696	1274	920	5601	2223	138.0	2400	1777	666	1
42	3693	1273	919	5595	2223	137.0	2400	1777	666	1
42	3699	1274	920	5603	2222	137.0	2400	1777	666	1
42	3691	1274	919	5595	2221	136.0	2400	1777	666	1
42	3698	1273	920	5602	2223	139.0	2400	1777	666	1
42	3693	1273	919	5596	2222	135.0	2400	1777	666	1
42	3696	1274	920	5601	2222	137.0	2400	1777	666	1
42	3695	1274	919	5598	2223	137.0	2400	1777	666	1
42	3694	1274	920	5599	2221	138.0	2400	1777	666	1
42	3696	1273	919	5598	2223	138.0	2400	1777	666	1
42	3692	1275	920	5599	2221	136.0	2400	1777	666	1
42	3696	1271	918	5596	2224	140.0	2400	1777	666	1
42	3694	1275	921	5601	2221	134.0	2400	1777	666	1
42	3692	1271	918	5593	2224	139.0	2400	1777	666	1
42	3697	1276	921	5604	2222	135.0	2400	1777	666	1
42	3690	1272	918	5591	2223	139.0	2400	1777	666	1
42	3698	1275	921	5605	2222	137.0	2400	1777	666	1
42	3689	1273	919	5592	2223	137.0	2400	1777	666	1
42	3691	1273	919	5595	2223	138.0	2400	1777	666	1
42	3695	1274	920	5599	2223	138.0	2400	1777	666	1
42	3694	1274	919	5598	2222	137.0	2400	1777	666	1
42	3692	1274	920	5597	2222	138.0	2400	1777	666	1
42	3696	1273	919	5600	2224	138.0	2400	1777	666	1
42	3690	1275	920	5596	2222	136.0	2400	1777	666	0
42	504	381	290	1191	2224	141.0	2400	1777	666	0
42	359	342	263	993	3583	225.0	2400	1777	666	0
42	359	342	262	993	4182	230.0	2400	1777	666	0
42	359	342	262	992	4171	231.0	2400	1777	666	0
42	359	342	263	994	4171	231.0	2400	1777	666	0
42	358	341	262	991	4182	230.0	2400	1777	666	0
43	359	343	263	995	4179	230.0	2400	2133	444	1
43	2999	779	662	4202	4182	232.0	2400	2133	444	1
43	4335	1002	866	5829	2109	0.0	2400	2133	444	1
43	4340	1000	865	5829	2014	0.0	2400	2133	444	1
43	4334	1002	866	5827	2012	0.0	2400	2133	444	1
43	4337	999	864	5826	2014	0.0	2400	2133	444	1
43	4334	999	864	5829	2012	0.0	2400	2133	444	1
43	4337	1003	866	5831	2015	0.0	2400	2133	444	1
43	4332	999	864	5820	2014	0.0	2400	2133	444	1
43	4338	1003	866	5833	2013	0.0	2400	2133	444	1
43	4330	1000	864	5819	2014	0.0	2400	2133	444	1
43	4339	1002	866	5832	2013	0.0	2400	2133	444	1
43	4330	1000	864	5820	2014	0.0	2400	2133	444	1
43	4336	1002	866	5829	2013	0.0	2400	2133	444	1
43	4333	1001	864	5823	2014	0.0	2400	2133	444	1
43	4333	1001	865	5825	2013	0.0	2400	2133	444	1
43	4335	1000	865	5826	2014	0.0	2400	2133	444	1
43	4330	1002	865	5823	2013	0.0	2400	2133	444	1
43	4336	1000	865	5827	2014	0.0	2400	2133	444	1
43	4331	1002	865	5824	2013	0.0	2400	2133	444	1
43	4334	1000	865	5825	2014	0.0	2400	2133	444	1
43	4333	1001	865	5825	2013	0.0	2400	2133	444	1
43	4332	1001	865	5823	2014	0.0	2400	2133	444	1
43	4334	1001	865	5826	2014	0.0	2400	2133	444	1
43	4329	1002	864	5823	2013	0.0	2400	2133	444	1
43	4330	1002	865	5824	2014	0.0	2400	2133	444	1
43	4332	999	864	5822	2015	0.0	2400	2133	444	1
43	4333	1002	866	5827	2014	0.0	2400	2133	444	0
43	749	405	321	1464	2014	0.0	2400	2133	444	0
43	360	343	263	996	3009	161.0	2400	2133	444	0
43	358	341	262	990	4174	232.0	2400	2133	444	0
43	360	343	263	997	4179	230.0	2400	2133	444	0
43	358	341	262	990	4174	232.0	2400	2133	444	0
43	360	343	263	997	4179	230.0	2400	2133	444	0
44	358	341	262	990	4174	232.0	2400	2488	222	1
44	3621	631	658	4595	4179	230.0	2400	2488	222	1
44	4981	749	822	6093	1942	0.0	2400	2488	222	1
44	4984	751	823	6099	1866	0.0	2400	2488	222	1
44	4982	749	822	6094	1866	0.0	2400	2488	222	1
44	4980	751	823	6095	1866	0.0	2400	2488	222	1
44	4984	749	822	6095	1867	0.0	2400	2488	222	1
44	4978	751	822	6092	1865	0.0	2400	2488	222	1
44	4982	749	822	6095	1866	0.0	2400	2488	222	1
44	4980	750	822	6092	1866	0.0	2400	2488	222	1
44	4981	750	822	6094	1865	0.0	2400	2488	222	1
44	4977	750	822	6090	1866	0.0	2400	2488	222	1
44	4982	749	822	6094	1866	0.0	2400	2488	222	1
44	4976	750	822	6089	1866	0.0	2400	2488	222	1
44	4980	749	821	6091	1866	0.0	2400	2488	222	1
44	4978	750	822	6092	1865	0.0	2400	2488	222	1
44	4977	749	821	6088	1866	0.0	2400	2488	222	1
44	4981	751	823	6095	1866	0.0	2400	2488	222	1
44	4974	748	821	6085	1866	0.0	2400	2488	222	1
44	4982	751	823	6097	1866	0.0	2400	2488	222	1
44	4973	748	820	6084	1867	0.0	2400	2488	222	1
44	4982	751	823	6097	1866	0.0	2400	2488	222	1
44	4974	748	821	6084	1867	0.0	2400	2488	222	1
44	4980	751	823	6095	1866	0.0	2400	2488	222	1
44	4976	748	821	6086	1867	0.0	2400	2488	222	1
44	4977	751	822	6092	1866	0.0	2400	2488	222	1
44	4977	749	821	6088	1866	0.0	2400	2488	222	1
44	4979	749	821	6090	1866	0.0	2400	2488	222	0
44	807	382	317	1489	1865	0.0	2400	2488	222	0
44	358	341	262	991	2864	108.0	2400	2488	222	0
44	360	343	263	995	4179	230.0	2400	2488	222	0
44	358	342	262	992	4174	232.0	2400	2488	222	0
44	359	343	263	994	4179	231.0	2400	2488	222	0
44	359	342	262	992	4182	232.0	2400	2488	222	0
45	359	342	263	993	4171	231.0	2400	2844	0	1
45	4107	552	674	4959	4182	230.0	2400	2844	0	1
45	5668	639	845	6610	1864	0.0	2400	2844	0	1
45	5661	640	845	6605	1796	0.0	2400	2844	0	1
45	5665	639	845	6607	1797	0.0	2400	2844	0	1
45	5661	640	845	6605	1796	0.0	2400	2844	0	1
45	5661	638	844	6602	1797	0.0	2400	2844	0	1
45	5662	640	845	6607	1796	0.0	2400	2844	0	1
45	5658	638	844	6599	1797	0.0	2400	2844	0	1
45	5663	640	846	6608	1796	0.0	2400	2844	0	1
45	5656	638	843	6596	1797	0.0	2400	2844	0	1
45	5655	638	843	6609	1796	0.0	2400	2844	0	1
45	5662	640	845	6607	1800	0.0	2400	2844	0	1
45	5657	638	843	6597	1797	0.0	2400	2844	0	1
45	5659	640	845	6604	1796	0.0	2400	2844	0	1
45	5659	638	844	6599	1797	0.0	2400	2844	0	1
45	5656	640	845	6601	1796	0.0	2400	2844	0	1
45	5659	638	844	6600	1797	0.0	2400	2844	0	1
45	5656	640	845	6600	1796	0.0	2400	2844	0	1
45	5657	638	844	6598	1797	0.0	2400	2844	0	1
45	5658	640	845	6602	1796	0.0	2400	2844	0	1
45	5653	638	843	6595	1797	0.0	2400	2844	0	1
45	5659	640	845	6603	1797	0.0	2400	2844	0	1
45	5652	638	844	6595	1797	0.0	2400	2844	0	1
45	5658	639	844	6600	1797	0.0	2400	2844	0	1
45	5654	639	844	6597	1796	0.0	2400	2844	0	1
45	5654	639	844	6596	1797	0.0	2400	2844	0	1
45	5656	639	844	6600	1797	0.0	2400	2844	0	0
45	5651	638	843	6593	1797	0.0	2400	2844	0	0
45	648	359	262	1300	1797	0.0	2400	2844	0	0
45	360	343	263	995	2931	164.0	2400	2844	0	0
45	358	341	262	990	4174	232.0	2400	2844	0	0
45	360	343	263	996	4179	230.0	2400	2844	0	0
45	358	341	262	989	4174	232.0	2400	2844	0	0
46	360	343	263	997	4179	230.0	2400	0	2000	1
46	693	2043	973	3791	4174	232.0	2400	0	2000	1
46	877	2961	1357	5304	6740	2287.0	2400	0	2000	1
46	874	2957	1354	5295	7286	3395.0	2400	0	2000	1
46	876	2959	1356	5301	7293	3392.0	2400	0	2000	1
46	874	2958	1355	5297	7288	3393.0	2400	0	2000	1
46	876	2956	1355	5298	7297	3393.0	2400	0	2000	1
46	875	2959	1356	5300	7284	3389.0	2400	0	2000	1
46	876	2957	1355	5298	7295	3393.0	2400	0	2000	1
46	874	2958	1355	5298	7284	3391.0	2400	0	2000	1
46	876	2958	1355	5300	7297	3393.0	2400	0	2000	1
46	874	2957	1355	5296	7284	3392.0	2400	0	2000	1
46	876	2959	1356	5301	7297	3391.0	2400	0	2000	1
46	874	2955	1354	5293	7288	3393.0	2400	0	2000	1
46	875	2955	1354	5294	7293	3389.0	2400	0	2000	1
46	875	2957	1355	5298	7286	3388.0	2400	0	2000	1
46	875	2958	1355	5299	7291	3391.0	2400	0	2000	1
46	874	2955	1354	5293	7291	3393.0	2400	0	2000	1
46	876	2960	1356	5303	7293	3389.0	2400	0	2000	1
46	874	2954	1353	5290	7288	3395.0	2400	0	2000	1
46	876	2959	1356	5302	7289	3388.0	2400	0	2000	1
46	874	2955	1354	5293	7288	3393.0	2400	0	2000	1
46	876	2957	1355	5298	7293	3389.0	2400	0	2000	1
46	874	2958	1355	5297	7284	3391.0	2400	0	2000	1
46	876	2955	1355	5295	7297	3393.0	2400	0	2000	1
46	874	2956	1354	5294	7284	3387.0	2400	0	2000	1
46	876	2958	1356	5300	7293	3390.0	2400	0	2000	1
46	873	2954	1353	5290	7288	3391.0	2400	0	2000	0
46	876	2960	1356	5303	7295	3388.0	2400	0	2000	0
46	415	633	384	1471	7288	3395.0	2400	0	2000	0
46	360	343	263	996	4916	583.0	2400	0	2000	0
46	358	341	262	990	4174	232.0	2400	0	2000	0
46	358	341	262	990	4179	230.0	2400	0	2000	0
46	360	343	263	995	4179	230.0	2400	0	2000	0
47	358	341	262	991	4174	232.0	2400	355	1777	1
47	960	1954	960	3922	4179	230.0	2400	355	1777	1
47	1231	2677	1272	5236	5201	2069.0	2400	355	1777	1
47	1231	2680	1274	5242	5327	2894.0	2400	355	1777	1
47	1231	2675	1272	5234	5334	2897.0	2400	355	1777	1
47	1231	2679	1274	5241	5327	2891.0	2400	355	1777	1
47	1230	2677	1273	5236	5334	2896.0	2400	355	1777	1
47	1230	2676	1272	5235	5334	2894.0	2400	355	1777	1
47	1231	2680	1274	5241	5331	2893.0	2400	355	1777	1
47	1229	2674	1271	5231	5334	2897.0	2400	355	1777	1
47	1232	2680	1274	5242	5331	2891.0	2400	355	1777	1
47	1229	2676	1272	5233	5330	2897.0	2400	355	1777	1
47	1232	2678	1273	5240	5334	2893.0	2400	355	1777	1
47	1229	2678	1272	5236	5327	2895.0	2400	355	1777	1
47	1232	2676	1273	5237	5334	2896.0	2400	355	1777	1
47	1230	2678	1273	5237	5327	2892.0	2400	355	1777	1
47	1230	2677	1272	5236	5334	2895.0	2400	355	1777	1
47	1231	2678	1273	5240	5331	2894.0	2400	355	1777	1
47	1229	2675	1271	5232	5330	2895.0	2400	355	1777	1
47	1231	2680	1274	5242	5331	2892.0	2400	355	1777	1
47	1229	2674	1271	5230	5334	2897.0	2400	355	1777	1
47	1232	2681	1274	5244	5331	2891.0	2400	355	1777	1
47	1229	2675	1271	5231	5330	2899.0	2400	355	1777	1
47	1232	2678	1273	5241	5331	2892.0	2400	355	1777	1
47	1230	2677	1272	5235	5327	2895.0	2400	355	1777	1
47	1232	2676	1272	5237	5331	2894.0	2400	355	1777	1
47	1230	2679	1273	5239	5324	2892.0	2400	355	1777	1
47	1230	2675	1272	5233	5334	2897.0	2400	355	1777	0
47	1231	2678	1273	5239	5331	2891.0	2400	355	1777	0
47	456	600	374	1462	5330	2895.0	2400	355	1777	0
47	359	342	262	993	4515	525.0	2400	355	1777	0
47	358	342	262	992	4171	231.0	2400	355	1777	0
47	359	342	263	994	4179	231.0	2400	355	1777	0
47	358	341	262	991	4182	230.0	2400	355	1777	0
48	360	341	262	995	4179	230.0	2400	711	1555	1
48	1388	1770	923	4073	4163	229.0	2400	711	1555	1
48	1848	2402	1215	5439	3920	1667.0	2400	711	1555	1
48	1848	2408	1218	5449	3886	2302.0	2400	711	1555	1
48	1847	2401	1214	5437	3893	2309.0	2400	711	1555	1
48	1850	2408	1218	5451	3886	2301.0	2400	711	1555	1
48	1845	2402	1215	5436	3890	2308.0	2400	711	1555	1
48	1850	2406	1217	5448	3890	2302.0	2400	711	1555	1
48	1845	2404	1215	5439	3888	2306.0	2400	711	1555	1
48	1850	2404	1216	5444	3891	2306.0	2400	711	1555	1
48	1845	2405	1216	5441	3886	2303.0	2400	711	1555	1
48	1849	2403	1216	5442	3893	2306.0	2400	711	1555	1
48	1848	2405	1216	5443	3887	2302.0	2400	711	1555	1
48	1847	2404	1216	5442	3888	2306.0	2400	711	1555	1
48	1848	2404	1215	5441	3890	2304.0	2400	711	1555	1
48	1847	2406	1217	5444	3886	2305.0	2400	711	1555	1
48	1848	2402	1215	5439	3892	2307.0	2400	711	1555	1
48	1847	2407	1217	5445	3886	2302.0	2400	711	1555	1
48	1847	2402	1215	5438	3892	2308.0	2400	711	1555	1
48	1846	2403	1215	5439	3888	2302.0	2400	711	1555	1
48	1848	2404	1216	5443	3890	2304.0	2400	711	1555	1
48	1847	2405	1216	5443	3889	2304.0	2400	711	1555	1
48	1847	2402	1215	5439	3890	2306.0	2400	711	1555	1
48	1847	2407	1217	5446	3888	2302.0	2400	711	1555	1
48	1847	2401	1214	5436	3892	2308.0	2400	711	1555	1
48	1849	2407	1217	5448	3885	2301.0	2400	711	1555	1
48	1845	2401	1214	5435	3890	2308.0	2400	711	1555	1
48	1850	2406	1217	5448	3889	2302.0	2400	711	1555	0
48	1845	2403	1215	5437	3888	2306.0	2400	711	1555	0
48	467	488	330	1311	3890	2304.0	2400	711	1555	0
48	357	341	261	989	4083	377.0	2400	711	1555	0
48	360	343	263	996	4176	231.0	2400	711	1555	0
48	357	341	261	989	4174	232.0	2400	711	1555	0
48	360	343	263	996	4176	231.0	2400	711	1555	0
49	358	341	262	990	4174	232.0	2400	1066	1333	1
49	360	343	263	996	4179	230.0	2400	1066	1333	1
49	1702	1475	831	3949	4174	232.0	2400	1066	1333	1
49	2482	2128	1159	5660	3217	1167.0	2400	1066	1333	1
49	2482	2133	1162	5668	3124	1704.0	2400	1066	1333	1
49	2480	2128	1159	5658	3129	1710.0	2400	1066	1333	1
49	2484	2132	1161	5667	3126	1705.0	2400	1066	1333	1
49	2479	2130	1160	5659	3125	1708.0	2400	1066	1333	1
49	2483	2130	1160	5662	3127	1708.0	2400	1066	1333	1
49	2479	2132	1161	5663	3124	1706.0	2400	1066	1333	1
49	2481	2128	1159	5659	3130	1710.0	2400	1066	1333	1
49	2482	2133	1161	5667	3125	1705.0	2400	1066	1333	1
49	2478	2128	1159	5656	3128	1711.0	2400	1066	1333	1
49	2484	2131	1161	5666	3127	1705.0	2400	1066	1333	1
49	2478	2130	1160	5659	3125	1707.0	2400	1066	1333	1
49	2483	2130	1160	5664	3129	1708.0	2400	1066	1333	1
49	2479	2131	1160	5660	3125	1706.0	2400	1066	1333	1
49	2482	2130	1160	5662	3127	1709.0	2400	1066	1333	1
49	2482	2131	1160	5663	3125	1707.0	2400	1066	1333	1
49	2480	2131	1161	5662	3125	1708.0	2400	1066	1333	1
49	2482	2129	1159	5660	3128	1708.0	2400	1066	1333	1
49	2481	2127	1159	5657	3124	1706.0	2400	1066	1333	1
49	2481	2133	1162	5667	3124	1703.0	2400	1066	1333	1
49	2479	2127	1159	5655	3130	1710.0	2400	1066	1333	1
49	2484	2133	1162	5669	3126	1704.0	2400	1066	1333	1
49	2478	2129	1159	5657	3127	1709.0	2400	1066	1333	1
49	2484	2131	1161	5665	3127	1707.0	2400	1066	1333	1
49	2478	2131	1160	5660	3125	1707.0	2400	1066	1333	1
49	2482	2129	1160	5662	3129	1709.0	2400	1066	1333	0
49	629	569	376	1586	3126	1705.0	2400	1066	1333	0
49	358	342	262	993	3668	418.0	2400	1066	1333	0
49	358	341	262	991	4179	231.0	2400	1066	1333	0
49	358	342	262	991	4179	230.0	2400	1066	1333	0
49	358	342	262	992	4179	231.0	2400	1066	1333	0
50	357	341	262	989	4179	231.0	2400	1422	1111	1
50	357	341	262	989	4187	230.0	2400	1422	1111	1
50	2218	1365	831	4292	4187	230.0	2400	1422	1111	1
50	3114	1856	1105	5881	2751	826.0	2400	1422	1111	1
50	3117	1855	1104	5881	2663	1109.0	2400	1422	1111	1
50	3114	1854	1104	5885	2661	1107.0	2400	1422	1111	1
50	3117	1859	1106	5888	2666	1107.0	2400	1422	1111	1
50	3113	1854	1103	5876	2663	1112.0	2400	1422	1111	1
50	3119	1858	1106	5890	2661	1108.0	2400	1422	1111	1
50	3111	1856	1104	5877	2663	1110.0	2400	1422	1111	1
50	3119	1857	1105	5887	2663	1111.0	2400	1422	1111	1
50	3113	1857	1104	5880	2661	1109.0	2400	1422	1111	1
50	3117	1857	1105	5884	2663	1112.0	2400	1422	1111	1
50	3116	1857	1105	5883	2662	1110.0	2400	1422	1111	1
50	3114	1858	1106	5884	2663	1110.0	2400	1422	1111	1
50	3117	1855	1104	5881	2665	1112.0	2400	1422	1111	1
50	3115	1859	1106	5885	2661	1107.0	2400	1422	1111	1
50	3115	1855	1104	5879	2664	1113.0	2400	1422	1111	1
50	3117	1859	1106	5888	2662	1108.0	2400	1422	1111	1
50	3113	1856	1104	5879	2663	1112.0	2400	1422	1111	1
50	3118	1857	1105	5886	2663	1110.0	2400	1422	1111	1
50	3113	1858	1105	5882	2662	1109.0	2400	1422	1111	1
50	3117	1855	1104	5882	2664	1113.0	2400	1422	1111	1
50	3115	1859	1106	5885	2661	1107.0	2400	1422	1111	1
50	3117	1859	1106	5888	2664	1113.0	2400	1422	1111	1
50	3111	1856	1104	5877	2663	1112.0	2400	1422	1111	1
50	3118	1857	1106	5887	2663	1111.0	2400	1422	1111	1
50	3111	1857	1104	5879	2663	1109.0	2400	1422	1111	1
50	3118	1856	1105	5885	2664	1112.0	2400	1422	1111	0
50	708	532	368	1609	2662	1108.0	2400	1422	1111	0
50	358	342	263	992	3371	340.0	2400	1422	1111	0
50	356	340	261	985	4189	231.0	2400	1422	1111	0
50	358	342	263	992	4184	230.0	2400	1422	1111	0
50	356	339	261	985	4189	231.0	2400	1422	1111	0
50	358	342	263	992	4184	228.0	2400	1422	1111	0
51	356	340	261	985	4189	231.0	2400	1777	888	1
51	2650	1182	795	4449	4184	230.0	2400	1777	888	1
51	3752	1581	1049	6103	2441	423.0	2400	1777	888	1
51	3754	1585	1051	6111	2350	509.0	2400	1777	888	1
51	3749	1582	1049	6100	2352	513.0	2400	1777	888	1
51	3755	1583	1050	6109	2350	512.0	2400	1777	888	1
51	3747	1584	1049	6101	2350	510.0	2400	1777	888	1
51	3750	1584	1050	6105	2351	515.0	2400	1777	888	1
51	3751	1582	1049	6103	2352	514.0	2400	1777	888	1
51	3752	1584	1050	6108	2350	511.0	2400	1777	888	1
51	3748	1583	1049	6101	2351	513.0	2400	1777	888	1
51	3754	1583	1050	6108	2351	513.0	2400	1777	888	1
51	3746	1583	1049	6100	2351	511.0	2400	1777	888	1
51	3753	1583	1050	6107	2352	514.0	2400	1777	888	1
51	3748	1583	1049	6102	2351	511.0	2400	1777	888	1
51	3750	1583	1050	6104	2351	513.0	2400	1777	888	1
51	3750	1583	1049	6103	2352	512.0	2400	1777	888	1
51	3748	1584	1050	6104	2351	513.0	2400	1777	888	1
51	3752	1581	1049	6102	2352	514.0	2400	1777	888	1
51	3748	1585	1050	6105	2349	509.0	2400	1777	888	1
51	3750	1581	1048	6099	2352	516.0	2400	1777	888	1
51	3750	1585	1051	6108	2349	510.0	2400	1777	888	1
51	3747	1580	1048	6096	2353	515.0	2400	1777	888	1
51	3753	1585	1051	6109	2350	510.0	2400	1777	888	1
51	3745	1582	1048	6097	2351	514.0	2400	1777	888	1
51	3746	1583	1049	6099	2351	514.0	2400	1777	888	1
51	3752	1583	1050	6105	2352	514.0	2400	1777	888	1
51	3748	1583	1049	6101	2350	511.0	2400	1777	888	0
51	654	448	330	1435	2351	513.0	2400	1777	888	0
51	356	340	261	987	3313	253.0	2400	1777	888	0
51	357	341	262	990	4184	230.0	2400	1777	888	0
51	357	341	262	989	4187	230.0	2400	1777	888	0
51	357	341	262	989	4187	230.0	2400	1777	888	0
51	357	341	262	989	4187	230.0	2400	1777	888	0
52	356	340	261	987	4187	230.0	2400	2133	666	1
52	2857	942	716	4302	4184	230.0	2400	2133	666	1
52	4392	1311	995	6334	2235	35.0	2400	2133	666	1
52	4391	1311	995	6333	2126	0.0	2400	2133	666	1
52	4393	1310	995	6333	2126	0.0	2400	2133	666	1
52	4387	1313	996	6332	2126	0.0	2400	2133	666	1
52	4391	1309	994	6330	2128	0.0	2400	2133	666	1
52	4390	1313	996	6336	2126	0.0	2400	2133	666	1
52	4387	1309	994	6325	2128	0.0	2400	2133	666	1
52	4384	1310	994	6337	2126	0.0	2400	2133	666	1
52	4393	1312	996	6336	2132	0.0	2400	2133	666	1
52	4387	1310	994	6328	2127	0.0	2400	2133	666	1
52	4389	1311	996	6332	2127	0.0	2400	2133	666	1
52	4390	1310	994	6329	2128	0.0	2400	2133	666	1
52	4386	1312	996	6331	2126	0.0	2400	2133	666	1
52	4390	1309	994	6329	2129	0.0	2400	2133	666	1
52	4387	1312	996	6332	2126	0.0	2400	2133	666	1
52	4387	1309	994	6326	2129	0.0	2400	2133	666	1
52	4390	1312	996	6334	2126	0.0	2400	2133	666	1
52	4384	1311	994	6326	2128	0.0	2400	2133	666	1
52	4392	1310	995	6333	2127	0.0	2400	2133	666	1
52	4385	1311	995	6328	2126	0.0	2400	2133	666	1
52	4388	1310	995	6329	2128	0.0	2400	2133	666	1
52	4389	1312	995	6332	2127	0.0	2400	2133	666	1
52	4385	1310	994	6326	2127	0.0	2400	2133	666	1
52	4391	1311	995	6333	2127	0.0	2400	2133	666	1
52	4383	1311	994	6324	2126	0.0	2400	2133	666	1
52	4390	1311	995	6332	2127	0.0	2400	2133	666	0
52	940	480	368	1761	2127	0.0	2400	2133	666	0
52	356	340	261	985	2850	183.0	2400	2133	666	0
52	358	342	262	991	4184	230.0	2400	2133	666	0
52	356	339	261	985	4179	231.0	2400	2133	666	0
52	358	342	263	992	4184	228.0	2400	2133	666	0
52	355	339	261	985	4189	231.0	2400	2133	666	0
53	358	342	263	992	4192	228.0	2400	2488	444	1
53	3435	799	708	4657	4189	231.0	2400	2488	444	1
53	5037	1040	943	6570	2045	0.0	2400	2488	444	1
53	5029	1038	940	6557	1959	0.0	2400	2488	444	1
53	5037	1040	942	6568	1958	0.0	2400	2488	444	1
53	5028	1038	940	6557	1958	0.0	2400	2488	444	1
53	5034	1039	942	6565	1958	0.0	2400	2488	444	1
53	5030	1038	941	6559	1959	0.0	2400	2488	444	1
53	5030	1039	941	6560	1958	0.0	2400	2488	444	1
53	5033	1038	941	6561	1958	0.0	2400	2488	444	1
53	5027	1039	941	6558	1958	0.0	2400	2488	444	1
53	5032	1038	941	6561	1959	0.0	2400	2488	444	1
53	5030	1038	941	6558	1958	0.0	2400	2488	444	1
53	5029	1039	941	6559	1958	0.0	2400	2488	444	1
53	5027	1039	941	6557	1958	0.0	2400	2488	444	1
53	5032	1038	941	6559	1959	0.0	2400	2488	444	1
53	5026	1039	941	6556	1957	0.0	2400	2488	444	1
53	5029	1037	940	6556	1959	0.0	2400	2488	444	1
53	5029	1040	941	6560	1958	0.0	2400	2488	444	1
53	5025	1037	940	6552	1958	0.0	2400	2488	444	1
53	5032	1039	942	6563	1958	0.0	2400	2488	444	1
53	5023	1038	939	6550	1959	0.0	2400	2488	444	1
53	5030	1039	941	6562	1957	0.0	2400	2488	444	1
53	5026	1038	940	6554	1959	0.0	2400	2488	444	1
53	5027	1039	941	6558	1958	0.0	2400	2488	444	1
53	5028	1037	940	6555	1959	0.0	2400	2488	444	1
53	5024	1040	941	6556	1958	0.0	2400	2488	444	1
53	5028	1037	940	6555	1960	0.0	2400	2488	444	0
53	5026	1040	941	6558	1958	0.0	2400	2488	444	0
53	1031	439	358	1789	1959	0.0	2400	2488	444	0
53	356	340	261	986	2667	96.0	2400	2488	444	0
53	358	342	262	991	4184	230.0	2400	2488	444	0
53	356	340	261	986	4179	231.0	2400	2488	444	0
53	357	341	262	990	4184	230.0	2400	2488	444	0
54	356	340	261	987	4187	230.0	2400	2844	222	1
54	3879	636	683	4854	4184	230.0	2400	2844	222	1
54	5690	788	900	6841	1916	0.0	2400	2844	222	1
54	5684	788	899	6835	1835	0.0	2400	2844	222	1
54	5688	788	900	6840	1834	0.0	2400	2844	222	1
54	5682	788	899	6833	1835	0.0	2400	2844	222	1
54	5685	788	899	6837	1835	0.0	2400	2844	222	1
54	5683	788	899	6834	1835	0.0	2400	2844	222	1
54	5681	789	899	6834	1834	0.0	2400	2844	222	1
54	5684	787	898	6834	1835	0.0	2400	2844	222	1
54	5680	789	899	6833	1834	0.0	2400	2844	222	1
54	5682	787	898	6831	1835	0.0	2400	2844	222	1
54	5682	789	900	6835	1834	0.0	2400	2844	222	1
54	5679	786	898	6828	1835	0.0	2400	2844	222	1
54	5676	787	898	6825	1835	0.0	2400	2844	222	1
54	5684	789	900	6837	1834	0.0	2400	2844	222	1
54	5677	787	898	6826	1835	0.0	2400	2844	222	1
54	5681	789	899	6834	1834	0.0	2400	2844	222	1
54	5679	787	898	6829	1835	0.0	2400	2844	222	1
54	5677	789	899	6831	1835	0.0	2400	2844	222	1
54	5680	787	898	6829	1836	0.0	2400	2844	222	1
54	5677	789	899	6830	1834	0.0	2400	2844	222	1
54	5678	787	898	6828	1836	0.0	2400	2844	222	1
54	5680	789	899	6833	1835	0.0	2400	2844	222	1
54	5675	787	898	6826	1835	0.0	2400	2844	222	1
54	5681	788	899	6833	1835	0.0	2400	2844	222	1
54	5674	787	898	6825	1835	0.0	2400	2844	222	1
54	5679	788	898	6830	1835	0.0	2400	2844	222	0
54	5677	788	898	6828	1835	0.0	2400	2844	222	0
54	904	386	327	1589	1835	0.0	2400	2844	222	0
54	357	341	262	990	2730	76.0	2400	2844	222	0
54	356	340	261	987	4187	230.0	2400	2844	222	0
54	357	341	261	991	4184	230.0	2400	2844	222	0
54	358	341	262	991	4176	231.0	2400	2844	222	0
55	356	340	261	986	4179	230.0	2400	3200	0	1
55	3975	544	660	4819	4184	230.0	2400	3200	0	1
55	6373	677	922	7353	1872	0.0	2400	3200	0	1
55	6370	679	923	7354	1776	0.0	2400	3200	0	1
55	6369	676	921	7348	1776	0.0	2400	3200	0	1
55	6371	679	923	7355	1775	0.0	2400	3200	0	1
55	6364	676	921	7343	1776	0.0	2400	3200	0	1
55	6370	679	923	7354	1776	0.0	2400	3200	0	1
55	6363	676	921	7342	1776	0.0	2400	3200	0	1
55	6368	679	923	7352	1776	0.0	2400	3200	0	1
55	6365	676	921	7344	1777	0.0	2400	3200	0	1
55	6364	678	922	7347	1776	0.0	2400	3200	0	1
55	6366	677	921	7346	1777	0.0	2400	3200	0	1
55	6363	678	922	7346	1775	0.0	2400	3200	0	1
55	6365	677	921	7345	1777	0.0	2400	3200	0	1
55	6364	678	922	7346	1776	0.0	2400	3200	0	1
55	6361	677	921	7342	1776	0.0	2400	3200	0	1
55	6360	677	921	7341	1776	0.0	2400	3200	0	1
55	6363	677	921	7345	1776	0.0	2400	3200	0	1
55	6361	677	922	7343	1776	0.0	2400	3200	0	1
55	6359	676	921	7339	1777	0.0	2400	3200	0	1
55	6363	678	922	7345	1776	0.0	2400	3200	0	1
55	6357	676	920	7337	1776	0.0	2400	3200	0	1
55	6362	678	922	7344	1776	0.0	2400	3200	0	1
55	6359	676	920	7338	1776	0.0	2400	3200	0	1
55	6359	678	922	7341	1776	0.0	2400	3200	0	1
55	6360	676	920	7339	1777	0.0	2400	3200	0	1
55	6358	678	922	7341	1776	0.0	2400	3200	0	0
55	6359	676	920	7337	1777	0.0	2400	3200	0	0
55	1338	397	370	2029	1775	0.0	2400	3200	0	0
55	355	339	261	985	2364	0.0	2400	3200	0	0
55	358	342	263	992	4192	228.0	2400	3200	0	0
55	356	340	261	986	4189	231.0	2400	3200	0	0
55	359	342	263	994	4184	230.0	2400	3200	0	0
56	357	340	261	988	4182	230.0	2400	355	2000	1
56	956	2043	996	4047	4176	229.0	2400	355	2000	1
56	1294	2994	1407	5761	5360	2185.0	2400	355	2000	1
56	1293	2995	1406	5760	5533	3275.0	2400	355	2000	1
56	1293	2992	1405	5756	5533	3278.0	2400	355	2000	1
56	1294	2995	1406	5760	5531	3274.0	2400	355	2000	1
56	1293	2994	1406	5759	5530	3278.0	2400	355	2000	1
56	1293	2992	1405	5757	5533	3276.0	2400	355	2000	1
56	1293	2996	1407	5762	5531	3274.0	2400	355	2000	1
56	1293	2991	1405	5755	5536	3279.0	2400	355	2000	1
56	1293	2994	1406	5760	5531	3272.0	2400	355	2000	1
56	1293	2993	1406	5758	5533	3276.0	2400	355	2000	1
56	1293	2992	1405	5756	5533	3275.0	2400	355	2000	1
56	1294	2996	1407	5763	5531	3274.0	2400	355	2000	1
56	1292	2989	1404	5751	5533	3278.0	2400	355	2000	1
56	1295	2996	1407	5765	5531	3270.0	2400	355	2000	1
56	1291	2991	1404	5752	5530	3278.0	2400	355	2000	1
56	1295	2994	1406	5762	5534	3274.0	2400	355	2000	1
56	1292	2993	1405	5755	5527	3276.0	2400	355	2000	1
56	1292	2994	1406	5758	5534	3276.0	2400	355	2000	1
56	1294	2992	1406	5758	5537	3277.0	2400	355	2000	1
56	1292	2993	1405	5756	5530	3273.0	2400	355	2000	1
56	1294	2994	1406	5760	5534	3276.0	2400	355	2000	1
56	1292	2991	1404	5754	5530	3276.0	2400	355	2000	1
56	1294	2996	1407	5764	5531	3273.0	2400	355	2000	1
56	1292	2989	1404	5751	5533	3278.0	2400	355	2000	1
56	1294	2996	1407	5764	5531	3270.0	2400	355	2000	1
56	1292	2990	1404	5753	5533	3278.0	2400	355	2000	1
56	1294	2993	1406	5760	5531	3272.0	2400	355	2000	0
56	510	769	447	1761	5530	3274.0	2400	355	2000	0
56	359	342	263	994	4730	721.0	2400	355	2000	0
56	359	342	262	993	4182	230.0	2400	355	2000	0
56	359	342	262	993	4171	231.0	2400	355	2000	0
56	359	342	263	994	4171	231.0	2400	355	2000	0
57	358	342	262	992	4182	230.0	2400	711	1777	1
57	360	343	263	995	4179	231.0	2400	711	1777	1
57	1351	1866	958	4176	4174	232.0	2400	711	1777	1
57	1912	2719	1348	5960	4092	1805.0	2400	711	1777	1
57	1910	2717	1348	5959	4071	2684.0	2400	711	1777	1
57	1910	2716	1347	5957	4075	2681.0	2400	711	1777	1
57	1910	2719	1349	5963	4073	2680.0	2400	711	1777	1
57	1910	2714	1346	5953	4077	2684.0	2400	711	1777	1
57	1911	2721	1350	5966	4071	2678.0	2400	711	1777	1
57	1908	2714	1346	5952	4077	2686.0	2400	711	1777	1
57	1913	2719	1349	5965	4074	2679.0	2400	711	1777	1
57	1908	2717	1347	5956	4073	2683.0	2400	711	1777	1
57	1912	2716	1348	5960	4076	2683.0	2400	711	1777	1
57	1909	2719	1348	5959	4072	2679.0	2400	711	1777	1
57	1910	2717	1348	5959	4076	2685.0	2400	711	1777	1
57	1911	2717	1348	5959	4075	2681.0	2400	711	1777	1
57	1910	2719	1349	5962	4073	2681.0	2400	711	1777	1
57	1910	2715	1347	5955	4077	2684.0	2400	711	1777	1
57	1910	2720	1349	5964	4073	2679.0	2400	711	1777	1
57	1909	2715	1346	5954	4077	2685.0	2400	711	1777	1
57	1912	2718	1348	5961	4072	2680.0	2400	711	1777	1
57	1909	2718	1348	5959	4072	2682.0	2400	711	1777	1
57	1911	2720	1349	5963	4076	2683.0	2400	711	1777	1
57	1908	2715	1347	5954	4075	2685.0	2400	711	1777	1
57	1912	2717	1348	5961	4076	2679.0	2400	711	1777	1
57	1908	2718	1348	5958	4072	2681.0	2400	711	1777	1
57	1912	2715	1347	5958	4078	2683.0	2400	711	1777	1
57	1909	2718	1348	5959	4070	2678.0	2400	711	1777	1
57	1910	2716	1348	5958	4076	2683.0	2400	711	1777	0
57	550	632	395	1601	4075	2680.0	2400	711	1777	0
57	360	343	263	996	4127	529.0	2400	711	1777	0
57	358	341	261	989	4174	232.0	2400	711	1777	0
57	360	343	263	996	4168	230.0	2400	711	1777	0
57	358	341	261	989	4174	232.0	2400	711	1777	0
57	360	343	263	996	4168	230.0	2400	711	1777	0
58	358	341	261	989	4174	232.0	2400	1066	1555	1
58	1631	1567	863	4016	4168	230.0	2400	1066	1555	1
58	2539	2444	1292	6175	3382	1312.0	2400	1066	1555	1
58	2540	2443	1292	6175	3292	2087.0	2400	1066	1555	1
58	2541	2441	1291	6173	3291	2085.0	2400	1066	1555	1
58	2541	2440	1290	6171	3289	2082.0	2400	1066	1555	1
58	2541	2446	1293	6180	3287	2082.0	2400	1066	1555	1
58	2538	2441	1291	6170	3292	2089.0	2400	1066	1555	1
58	2543	2444	1293	6179	3291	2083.0	2400	1066	1555	1
58	2538	2443	1291	6172	3290	2085.0	2400	1066	1555	1
58	2542	2441	1291	6174	3291	2087.0	2400	1066	1555	1
58	2538	2445	1292	6176	3288	2082.0	2400	1066	1555	1
58	2539	2440	1291	6170	3293	2089.0	2400	1066	1555	1
58	2541	2444	1293	6178	3290	2082.0	2400	1066	1555	1
58	2537	2441	1291	6169	3292	2086.0	2400	1066	1555	1
58	2542	2442	1292	6175	3292	2084.0	2400	1066	1555	1
58	2537	2443	1291	6172	3289	2083.0	2400	1066	1555	1
58	2541	2441	1291	6173	3292	2087.0	2400	1066	1555	1
58	2540	2442	1291	6173	3289	2082.0	2400	1066	1555	1
58	2539	2443	1292	6175	3289	2084.0	2400	1066	1555	1
58	2540	2440	1290	6170	3292	2086.0	2400	1066	1555	1
58	2539	2446	1293	6178	3288	2082.0	2400	1066	1555	1
58	2538	2439	1290	6166	3293	2090.0	2400	1066	1555	1
58	2536	2441	1290	6168	3289	2081.0	2400	1066	1555	1
58	2542	2442	1292	6177	3292	2085.0	2400	1066	1555	1
58	2537	2443	1291	6171	3290	2083.0	2400	1066	1555	1
58	2540	2441	1291	6173	3292	2087.0	2400	1066	1555	1
58	2540	2442	1291	6173	3290	2083.0	2400	1066	1555	0
58	756	723	450	1935	3289	2084.0	2400	1066	1555	0
58	358	341	262	991	3658	566.0	2400	1066	1555	0
58	360	343	263	995	4179	230.0	2400	1066	1555	0
58	359	342	262	992	4174	232.0	2400	1066	1555	0
58	359	342	263	994	4171	231.0	2400	1066	1555	0
58	359	342	262	992	4182	230.0	2400	1066	1555	0
59	359	342	262	993	4171	231.0	2400	1422	1333	1
59	2107	1479	868	4350	4171	231.0	2400	1422	1333	1
59	3177	2168	1236	6396	2903	1015.0	2400	1422	1333	1
59	3176	2172	1238	6402	2803	1485.0	2400	1422	1333	1
59	3173	2168	1236	6392	2806	1490.0	2400	1422	1333	1
59	3178	2170	1237	6400	2805	1487.0	2400	1422	1333	1
59	3171	2170	1236	6393	2804	1487.0	2400	1422	1333	1
59	3174	2169	1236	6397	2806	1490.0	2400	1422	1333	1
59	3173	2170	1237	6396	2806	1488.0	2400	1422	1333	1
59	3176	2167	1235	6393	2806	1489.0	2400	1422	1333	1
59	3174	2172	1238	6400	2803	1485.0	2400	1422	1333	1
59	3173	2166	1235	6389	2807	1491.0	2400	1422	1333	1
59	3177	2171	1238	6402	2804	1484.0	2400	1422	1333	1
59	3170	2169	1235	6390	2806	1489.0	2400	1422	1333	1
59	3178	2169	1237	6399	2805	1490.0	2400	1422	1333	1
59	3172	2170	1236	6393	2804	1486.0	2400	1422	1333	1
59	3175	2168	1236	6396	2806	1490.0	2400	1422	1333	1
59	3175	2169	1236	6395	2805	1486.0	2400	1422	1333	1
59	3173	2170	1237	6395	2804	1488.0	2400	1422	1333	1
59	3176	2167	1236	6395	2806	1489.0	2400	1422	1333	1
59	3172	2171	1237	6397	2804	1484.0	2400	1422	1333	1
59	3174	2167	1235	6392	2808	1491.0	2400	1422	1333	1
59	3175	2171	1237	6399	2803	1485.0	2400	1422	1333	1
59	3172	2169	1236	6392	2806	1490.0	2400	1422	1333	1
59	3176	2168	1236	6396	2806	1489.0	2400	1422	1333	1
59	3172	2171	1235	6396	2804	1486.0	2400	1422	1333	1
59	3174	2171	1237	6399	2805	1492.0	2400	1422	1333	1
59	3172	2167	1235	6390	2807	1490.0	2400	1422	1333	0
59	877	675	441	1983	2804	1486.0	2400	1422	1333	0
59	358	341	262	990	3296	457.0	2400	1422	1333	0
59	360	343	263	996	4179	230.0	2400	1422	1333	0
59	358	341	262	990	4174	232.0	2400	1422	1333	0
59	360	343	263	997	4179	230.0	2400	1422	1333	0
59	358	341	262	990	4174	232.0	2400	1422	1333	0
60	361	343	263	997	4179	230.0	2400	1777	1111	1
60	2506	1309	834	4493	4166	231.0	2400	1777	1111	1
60	3810	1899	1183	6624	2577	642.0	2400	1777	1111	1
60	3813	1895	1181	6619	2478	894.0	2400	1777	1111	1
60	3810	1899	1183	6624	2474	888.0	2400	1777	1111	1
60	3810	1895	1181	6616	2478	894.0	2400	1777	1111	1
60	3811	1899	1183	6625	2475	889.0	2400	1777	1111	1
60	3807	1895	1181	6615	2477	894.0	2400	1777	1111	1
60	3812	1897	1182	6623	2477	890.0	2400	1777	1111	1
60	3805	1897	1181	6615	2476	891.0	2400	1777	1111	1
60	3806	1898	1182	6617	2477	894.0	2400	1777	1111	1
60	3809	1895	1181	6616	2478	894.0	2400	1777	1111	1
60	3810	1898	1182	6621	2476	889.0	2400	1777	1111	1
60	3806	1896	1181	6615	2477	893.0	2400	1777	1111	1
60	3812	1896	1182	6621	2477	892.0	2400	1777	1111	1
60	3805	1897	1181	6615	2476	889.0	2400	1777	1111	1
60	3810	1896	1182	6619	2477	894.0	2400	1777	1111	1
60	3807	1897	1181	6617	2477	890.0	2400	1777	1111	1
60	3808	1897	1182	6617	2477	893.0	2400	1777	1111	1
60	3809	1896	1181	6616	2477	892.0	2400	1777	1111	1
60	3806	1899	1182	6618	2475	891.0	2400	1777	1111	1
60	3810	1894	1180	6615	2478	896.0	2400	1777	1111	1
60	3807	1899	1183	6621	2475	888.0	2400	1777	1111	1
60	3807	1894	1180	6612	2479	895.0	2400	1777	1111	1
60	3810	1899	1183	6622	2476	889.0	2400	1777	1111	1
60	3804	1895	1180	6611	2477	894.0	2400	1777	1111	1
60	3812	1897	1182	6622	2476	892.0	2400	1777	1111	1
60	3803	1897	1181	6612	2476	891.0	2400	1777	1111	0
60	844	559	391	1781	2478	895.0	2400	1777	1111	0
60	360	343	263	996	3141	322.0	2400	1777	1111	0
60	358	341	262	991	4174	232.0	2400	1777	1111	0
60	360	343	263	996	4179	230.0	2400	1777	1111	0
60	359	342	262	992	4174	232.0	2400	1777	1111	0
60	360	343	263	995	4171	231.0	2400	1777	1111	0
61	359	342	262	992	4174	232.0	2400	2133	888	1
61	2663	1066	750	4293	4171	231.0	2400	2133	888	1
61	4449	1622	1126	6844	2364	269.0	2400	2133	888	1
61	4450	1624	1127	6847	2238	291.0	2400	2133	888	1
61	4446	1624	1127	6843	2238	293.0	2400	2133	888	1
61	4451	1622	1126	6844	2238	294.0	2400	2133	888	1
61	4444	1625	1127	6843	2236	290.0	2400	2133	888	1
61	4448	1621	1126	6841	2239	297.0	2400	2133	888	1
61	4447	1625	1127	6845	2237	290.0	2400	2133	888	1
61	4445	1621	1125	6837	2238	296.0	2400	2133	888	1
61	4449	1624	1128	6847	2237	292.0	2400	2133	888	1
61	4442	1623	1126	6836	2239	293.0	2400	2133	888	1
61	4442	1623	1126	6837	2238	295.0	2400	2133	888	1
61	4449	1623	1127	6845	2238	295.0	2400	2133	888	1
61	4444	1623	1126	6839	2238	292.0	2400	2133	888	1
61	4446	1623	1127	6843	2238	294.0	2400	2133	888	1
61	4446	1622	1126	6840	2239	293.0	2400	2133	888	1
61	4443	1625	1127	6843	2237	292.0	2400	2133	888	1
61	4448	1621	1126	6840	2240	297.0	2400	2133	888	1
61	4443	1625	1127	6842	2237	290.0	2400	2133	888	1
61	4445	1621	1125	6838	2240	297.0	2400	2133	888	1
61	4446	1625	1128	6844	2237	292.0	2400	2133	888	1
61	4443	1622	1126	6837	2239	295.0	2400	2133	888	1
61	4447	1624	1127	6845	2238	293.0	2400	2133	888	1
61	4442	1623	1126	6838	2239	294.0	2400	2133	888	1
61	4448	1623	1127	6843	2239	295.0	2400	2133	888	1
61	4441	1624	1126	6837	2238	292.0	2400	2133	888	1
61	4447	1622	1126	6841	2238	297.0	2400	2133	888	0
61	4442	1624	1127	6840	2237	292.0	2400	2133	888	0
61	1173	595	433	2154	2240	296.0	2400	2133	888	0
61	360	343	262	994	2749	241.0	2400	2133	888	0
61	360	343	263	995	4163	232.0	2400	2133	888	0
61	358	341	262	990	4174	232.0	2400	2133	888	0
61	360	343	263	996	4179	230.0	2400	2133	888	0
62	358	341	262	990	4174	232.0	2400	2488	666	1
62	3232	955	755	4687	4179	230.0	2400	2488	666	1
62	5087	1351	1072	7070	2161	0.0	2400	2488	666	1
62	5095	1352	1074	7080	2057	0.0	2400	2488	666	1
62	5085	1351	1072	7068	2058	0.0	2400	2488	666	1
62	5092	1352	1074	7078	2058	0.0	2400	2488	666	1
62	5085	1351	1072	7068	2058	0.0	2400	2488	666	1
62	5090	1352	1073	7076	2058	0.0	2400	2488	666	1
62	5085	1351	1072	7069	2058	0.0	2400	2488	666	1
62	5088	1351	1073	7073	2058	0.0	2400	2488	666	1
62	5087	1351	1072	7070	2059	0.0	2400	2488	666	1
62	5087	1352	1073	7073	2057	0.0	2400	2488	666	1
62	5087	1351	1072	7071	2059	0.0	2400	2488	666	1
62	5085	1352	1073	7071	2058	0.0	2400	2488	666	1
62	5088	1350	1072	7071	2059	0.0	2400	2488	666	1
62	5089	1350	1072	7071	2058	0.0	2400	2488	666	1
62	5082	1351	1072	7066	2057	0.0	2400	2488	666	1
62	5088	1350	1072	7071	2059	0.0	2400	2488	666	1
62	5082	1351	1072	7066	2058	0.0	2400	2488	666	1
62	5086	1350	1072	7070	2059	0.0	2400	2488	666	1
62	5083	1351	1072	7067	2058	0.0	2400	2488	666	1
62	5084	1351	1072	7069	2059	0.0	2400	2488	666	1
62	5084	1350	1072	7067	2059	0.0	2400	2488	666	1
62	5083	1352	1073	7069	2059	0.0	2400	2488	666	1
62	5085	1349	1071	7066	2059	0.0	2400	2488	666	1
62	5081	1353	1073	7068	2058	0.0	2400	2488	666	1
62	5086	1349	1071	7066	2060	0.0	2400	2488	666	1
62	5082	1353	1073	7069	2057	0.0	2400	2488	666	0
62	5084	1349	1071	7064	2060	0.0	2400	2488	666	0
62	1275	538	420	2172	2057	0.0	2400	2488	666	0
62	358	341	262	990	2584	127.0	2400	2488	666	0
62	360	343	263	997	4179	230.0	2400	2488	666	0
62	358	341	262	990	4174	232.0	2400	2488	666	0
62	358	341	262	991	4179	230.0	2400	2488	666	0
63	360	343	263	996	4179	230.0	2400	2844	444	1
63	3639	791	723	4844	4174	232.0	2400	2844	444	1
63	5743	1080	1020	7316	2013	0.0	2400	2844	444	1
63	5735	1079	1019	7308	1917	0.0	2400	2844	444	1
63	5739	1079	1019	7311	1917	0.0	2400	2844	444	1
63	5735	1080	1019	7308	1916	0.0	2400	2844	444	1
63	5735	1079	1019	7307	1917	0.0	2400	2844	444	1
63	5736	1080	1020	7310	1917	0.0	2400	2844	444	1
63	5733	1079	1019	7305	1917	0.0	2400	2844	444	1
63	5736	1080	1020	7310	1917	0.0	2400	2844	444	1
63	5731	1079	1018	7302	1917	0.0	2400	2844	444	1
63	5737	1080	1020	7311	1917	0.0	2400	2844	444	1
63	5730	1078	1018	7300	1917	0.0	2400	2844	444	1
63	5737	1080	1020	7310	1917	0.0	2400	2844	444	1
63	5729	1078	1018	7299	1917	0.0	2400	2844	444	1
63	5736	1080	1020	7310	1917	0.0	2400	2844	444	1
63	5728	1078	1018	7298	1917	0.0	2400	2844	444	1
63	5729	1078	1018	7299	1917	0.0	2400	2844	444	1
63	5732	1080	1019	7306	1917	0.0	2400	2844	444	1
63	5730	1078	1018	7301	1918	0.0	2400	2844	444	1
63	5731	1080	1019	7305	1917	0.0	2400	2844	444	1
63	5731	1078	1018	7301	1918	0.0	2400	2844	444	1
63	5729	1080	1019	7304	1917	0.0	2400	2844	444	1
63	5731	1078	1018	7302	1918	0.0	2400	2844	444	1
63	5728	1080	1019	7302	1917	0.0	2400	2844	444	1
63	5732	1078	1018	7302	1918	0.0	2400	2844	444	1
63	5727	1079	1019	7300	1916	0.0	2400	2844	444	1
63	5733	1078	1019	7304	1918	0.0	2400	2844	444	0
63	5727	1079	1018	7299	1917	0.0	2400	2844	444	0
63	1170	453	376	1945	1918	0.0	2400	2844	444	0
63	359	342	262	992	2554	59.0	2400	2844	444	0
63	360	343	263	995	4171	231.0	2400	2844	444	0
63	358	341	262	991	4174	232.0	2400	2844	444	0
63	360	343	263	996	4179	230.0	2400	2844	444	0
64	358	341	262	990	4174	232.0	2400	3200	222	1
64	360	343	660	996	4179	230.0	2400	3200	222	1
64	6399	830	979	7596	11658	0.0	2400	3200	222	1
64	6393	828	977	7586	1811	0.0	2400	3200	222	1
64	6395	830	979	7591	1810	0.0	2400	3200	222	1
64	6393	828	977	7585	1812	0.0	2400	3200	222	1
64	6392	830	979	7588	1810	0.0	2400	3200	222	1
64	6393	828	977	7585	1812	0.0	2400	3200	222	1
64	6391	830	978	7587	1810	0.0	2400	3200	222	1
64	6392	828	977	7584	1811	0.0	2400	3200	222	1
64	6389	830	978	7585	1811	0.0	2400	3200	222	1
64	6392	828	977	7584	1811	0.0	2400	3200	222	1
64	6389	829	978	7584	1811	0.0	2400	3200	222	1
64	6391	828	977	7584	1811	0.0	2400	3200	222	1
64	6387	829	978	7582	1811	0.0	2400	3200	222	1
64	6390	829	977	7583	1812	0.0	2400	3200	222	1
64	6386	829	977	7580	1811	0.0	2400	3200	222	1
64	6389	829	978	7583	1811	0.0	2400	3200	222	1
64	6385	828	977	7578	1811	0.0	2400	3200	222	1
64	6388	829	978	7582	1811	0.0	2400	3200	222	1
64	6386	829	978	7581	1811	0.0	2400	3200	222	1
64	6385	827	976	7577	1812	0.0	2400	3200	222	1
64	6384	830	978	7580	1811	0.0	2400	3200	222	1
64	6386	827	976	7577	1812	0.0	2400	3200	222	1
64	6384	830	978	7580	1810	0.0	2400	3200	222	1
64	6386	827	976	7577	1812	0.0	2400	3200	222	1
64	6383	830	978	7579	1810	0.0	2400	3200	222	1
64	6384	827	976	7576	1812	0.0	2400	3200	222	1
64	6383	830	978	7579	1811	0.0	2400	3200	222	0
64	1585	440	407	2330	1812	0.0	2400	3200	222	0
64	360	343	263	996	2275	0.0	2400	3200	222	0
64	358	341	262	991	4174	232.0	2400	3200	222	0
64	360	343	263	996	4179	230.0	2400	3200	222	0
64	358	342	262	992	4174	232.0	2400	3200	222	0
65	360	343	263	995	4179	231.0	2400	711	2000	1
65	359	342	262	992	4174	232.0	2400	711	2000	1
65	1325	1958	994	4286	4171	231.0	2400	711	2000	1
65	1970	3037	1482	6483	4249	1932.0	2400	711	2000	1
65	1971	3036	1482	6483	4255	3069.0	2400	711	2000	1
65	1968	3031	1479	6473	4254	3067.0	2400	711	2000	1
65	1972	3035	1482	6483	4253	3062.0	2400	711	2000	1
65	1968	3032	1479	6473	4252	3065.0	2400	711	2000	1
65	1972	3034	1481	6482	4252	3064.0	2400	711	2000	1
65	1967	3032	1479	6473	4251	3064.0	2400	711	2000	1
65	1972	3034	1481	6481	4254	3064.0	2400	711	2000	1
65	1967	3032	1479	6473	4250	3064.0	2400	711	2000	1
65	1972	3034	1481	6481	4254	3064.0	2400	711	2000	1
65	1967	3033	1480	6474	4250	3064.0	2400	711	2000	1
65	1972	3032	1480	6479	4256	3065.0	2400	711	2000	1
65	1968	3034	1480	6477	4249	3062.0	2400	711	2000	1
65	1972	3031	1480	6477	4255	3066.0	2400	711	2000	1
65	1969	3034	1480	6478	4248	3060.0	2400	711	2000	1
65	1971	3032	1480	6477	4253	3066.0	2400	711	2000	1
65	1970	3033	1480	6477	4250	3062.0	2400	711	2000	1
65	1969	3033	1480	6477	4251	3064.0	2400	711	2000	1
65	1972	3033	1481	6479	4253	3064.0	2400	711	2000	1
65	1970	3031	1480	6479	4250	3063.0	2400	711	2000	1
65	1969	3033	1480	6477	4252	3061.0	2400	711	2000	1
65	1971	3031	1480	6475	4253	3064.0	2400	711	2000	1
65	1968	3034	1480	6476	4250	3060.0	2400	711	2000	1
65	1971	3031	1480	6475	4254	3066.0	2400	711	2000	1
65	1968	3034	1480	6477	4250	3060.0	2400	711	2000	1
65	1971	3030	1480	6475	4255	3066.0	2400	711	2000	0
65	680	877	504	2084	4250	3059.0	2400	711	2000	0
65	360	343	263	996	4214	794.0	2400	711	2000	0
65	358	341	261	990	4174	232.0	2400	711	2000	0
65	360	343	263	996	4168	230.0	2400	711	2000	0
65	358	341	261	989	4174	232.0	2400	711	2000	0
65	360	343	263	997	4168	230.0	2400	711	2000	0
66	358	341	261	989	4174	232.0	2400	1066	1777	1
66	1710	1802	965	4436	4168	230.0	2400	1066	1777	1
66	2599	2753	1422	6685	3521	1582.0	2400	1066	1777	1
66	2598	2759	1425	6693	3445	2460.0	2400	1066	1777	1
66	2599	2752	1421	6683	3451	2468.0	2400	1066	1777	1
66	2599	2759	1425	6694	3444	2459.0	2400	1066	1777	1
66	2599	2758	1424	6693	3450	2467.0	2400	1066	1777	1
66	2597	2754	1422	6683	3448	2467.0	2400	1066	1777	1
66	2599	2757	1424	6691	3446	2462.0	2400	1066	1777	1
66	2597	2755	1422	6684	3448	2465.0	2400	1066	1777	1
66	2600	2757	1424	6690	3446	2464.0	2400	1066	1777	1
66	2597	2755	1423	6686	3447	2465.0	2400	1066	1777	1
66	2600	2756	1423	6689	3448	2463.0	2400	1066	1777	1
66	2597	2756	1423	6686	3445	2464.0	2400	1066	1777	1
66	2599	2755	1423	6686	3448	2465.0	2400	1066	1777	1
66	2597	2757	1424	6688	3446	2463.0	2400	1066	1777	1
66	2599	2753	1422	6684	3449	2466.0	2400	1066	1777	1
66	2597	2758	1424	6691	3445	2460.0	2400	1066	1777	1
66	2598	2752	1421	6682	3450	2467.0	2400	1066	1777	1
66	2597	2759	1424	6691	3445	2460.0	2400	1066	1777	1
66	2598	2752	1421	6681	3450	2469.0	2400	1066	1777	1
66	2598	2759	1425	6692	3444	2460.0	2400	1066	1777	1
66	2598	2752	1421	6681	3450	2468.0	2400	1066	1777	1
66	2599	2759	1425	6694	3444	2460.0	2400	1066	1777	1
66	2600	2758	1425	6694	3450	2467.0	2400	1066	1777	1
66	2597	2753	1421	6681	3449	2466.0	2400	1066	1777	1
66	2600	2758	1424	6693	3445	2462.0	2400	1066	1777	1
66	2596	2754	1422	6682	3448	2466.0	2400	1066	1777	0
66	707	713	441	1873	3447	2463.0	2400	1066	1777	0
66	359	342	262	992	3767	573.0	2400	1066	1777	0
66	360	343	263	995	4171	231.0	2400	1066	1777	0
66	359	342	262	993	4174	232.0	2400	1066	1777	0
66	359	342	263	994	4171	231.0	2400	1066	1777	0
66	359	342	263	994	4182	230.0	2400	1066	1777	0
67	359	342	262	993	4182	230.0	2400	1422	1555	1
67	1941	1523	872	4254	4171	231.0	2400	1422	1555	1
67	3235	2479	1367	6907	3057	1135.0	2400	1422	1555	1
67	3232	2485	1369	6911	2940	1861.0	2400	1422	1555	1
67	3233	2478	1366	6903	2944	1870.0	2400	1422	1555	1
67	3233	2484	1369	6912	2939	1861.0	2400	1422	1555	1
67	3231	2479	1366	6902	2943	1869.0	2400	1422	1555	1
67	3234	2484	1369	6913	2940	1864.0	2400	1422	1555	1
67	3235	2483	1369	6913	2943	1868.0	2400	1422	1555	1
67	3229	2480	1366	6900	2942	1866.0	2400	1422	1555	1
67	3236	2482	1369	6912	2941	1866.0	2400	1422	1555	1
67	3228	2481	1367	6901	2942	1864.0	2400	1422	1555	1
67	3235	2482	1368	6910	2943	1867.0	2400	1422	1555	1
67	3228	2482	1367	6903	2941	1865.0	2400	1422	1555	1
67	3235	2481	1368	6909	2943	1868.0	2400	1422	1555	1
67	3228	2482	1367	6904	2941	1864.0	2400	1422	1555	1
67	3235	2480	1367	6908	2944	1868.0	2400	1422	1555	1
67	3229	2482	1368	6905	2940	1863.0	2400	1422	1555	1
67	3234	2479	1367	6906	2944	1867.0	2400	1422	1555	1
67	3230	2483	1368	6907	2940	1862.0	2400	1422	1555	1
67	3233	2479	1367	6905	2943	1869.0	2400	1422	1555	1
67	3231	2483	1368	6909	2941	1862.0	2400	1422	1555	1
67	3232	2479	1367	6903	2944	1868.0	2400	1422	1555	1
67	3233	2483	1368	6910	2941	1862.0	2400	1422	1555	1
67	3231	2479	1366	6902	2942	1868.0	2400	1422	1555	1
67	3234	2483	1369	6911	2940	1864.0	2400	1422	1555	1
67	3230	2483	1369	6901	2943	1867.0	2400	1422	1555	1
67	3229	2479	1366	6900	2942	1868.0	2400	1422	1555	0
67	963	789	494	2232	2941	1864.0	2400	1422	1555	0
67	358	341	261	989	3331	571.0	2400	1422	1555	0
67	360	343	263	997	4168	230.0	2400	1422	1555	0
67	358	341	261	989	4174	232.0	2400	1422	1555	0
67	360	343	263	997	4168	230.0	2400	1422	1555	0
67	358	341	262	990	4174	232.0	2400	1422	1555	0
68	360	343	263	997	4179	230.0	2400	1777	1333	1
68	2442	1452	886	4639	4174	232.0	2400	1777	1333	1
68	3871	2208	1313	7133	2701	850.0	2400	1777	1333	1
68	3865	2209	1313	7127	2596	1267.0	2400	1777	1333	1
68	3869	2207	1312	7129	2597	1270.0	2400	1777	1333	1
68	3865	2209	1313	7128	2596	1267.0	2400	1777	1333	1
68	3867	2207	1312	7127	2598	1270.0	2400	1777	1333	1
68	3865	2209	1313	7129	2596	1267.0	2400	1777	1333	1
68	3866	2207	1312	7126	2598	1270.0	2400	1777	1333	1
68	3866	2210	1313	7130	2597	1268.0	2400	1777	1333	1
68	3865	2206	1312	7124	2598	1272.0	2400	1777	1333	1
68	3864	2207	1311	7123	2597	1266.0	2400	1777	1333	1
68	3867	2210	1313	7132	2596	1269.0	2400	1777	1333	1
68	3863	2206	1311	7122	2597	1271.0	2400	1777	1333	1
68	3867	2210	1313	7132	2597	1268.0	2400	1777	1333	1
68	3862	2206	1311	7121	2597	1271.0	2400	1777	1333	1
68	3867	2210	1313	7132	2597	1268.0	2400	1777	1333	1
68	3862	2206	1311	7121	2597	1271.0	2400	1777	1333	1
68	3868	2209	1313	7132	2597	1268.0	2400	1777	1333	1
68	3861	2207	1311	7121	2597	1269.0	2400	1777	1333	1
68	3868	2209	1313	7132	2597	1270.0	2400	1777	1333	1
68	3861	2207	1311	7121	2597	1269.0	2400	1777	1333	1
68	3868	2209	1313	7131	2597	1270.0	2400	1777	1333	1
68	3861	2208	1312	7122	2597	1269.0	2400	1777	1333	1
68	3868	2208	1313	7130	2598	1271.0	2400	1777	1333	1
68	3860	2208	1312	7122	2597	1268.0	2400	1777	1333	1
68	3867	2207	1312	7128	2599	1271.0	2400	1777	1333	1
68	3860	2209	1312	7123	2596	1267.0	2400	1777	1333	0
68	3867	2207	1312	7126	2599	1273.0	2400	1777	1333	0
68	359	342	262	992	2596	1267.0	2400	1777	1333	0
68	359	342	263	994	4171	231.0	2400	1777	1333	0
68	358	342	262	991	4182	230.0	2400	1777	1333	0
68	360	343	263	995	4179	231.0	2400	1777	1333	0
68	358	341	262	991	4174	232.0	2400	1777	1333	0
69	360	343	263	996	4179	230.0	2400	2133	1111	1
69	2856	1301	861	4823	4174	232.0	2400	2133	1111	1
69	4504	1938	1259	7358	2446	496.0	2400	2133	1111	1
69	4507	1933	1257	7352	2347	675.0	2400	2133	1111	1
69	4502	1938	1259	7356	2344	667.0	2400	2133	1111	1
69	4505	1933	1257	7350	2348	675.0	2400	2133	1111	1
69	4502	1938	1259	7356	2345	668.0	2400	2133	1111	1
69	4503	1933	1257	7349	2348	675.0	2400	2133	1111	1
69	4503	1938	1259	7357	2345	669.0	2400	2133	1111	1
69	4501	1933	1257	7348	2347	675.0	2400	2133	1111	1
69	4504	1937	1259	7356	2346	669.0	2400	2133	1111	1
69	4500	1935	1257	7348	2347	673.0	2400	2133	1111	1
69	4504	1936	1259	7355	2346	673.0	2400	2133	1111	1
69	4504	1935	1258	7354	2347	671.0	2400	2133	1111	1
69	4498	1936	1258	7349	2346	671.0	2400	2133	1111	1
69	4505	1934	1258	7352	2348	674.0	2400	2133	1111	1
69	4498	1937	1258	7349	2345	669.0	2400	2133	1111	1
69	4504	1934	1257	7350	2347	676.0	2400	2133	1111	1
69	4498	1937	1258	7350	2345	670.0	2400	2133	1111	1
69	4503	1933	1257	7348	2348	676.0	2400	2133	1111	1
69	4500	1937	1259	7352	2345	669.0	2400	2133	1111	1
69	4501	1933	1256	7345	2347	674.0	2400	2133	1111	1
69	4501	1938	1259	7354	2345	670.0	2400	2133	1111	1
69	4500	1933	1256	7345	2347	676.0	2400	2133	1111	1
69	4502	1938	1259	7355	2345	670.0	2400	2133	1111	1
69	4498	1933	1256	7344	2347	675.0	2400	2133	1111	1
69	4502	1937	1259	7354	2346	671.0	2400	2133	1111	1
69	4497	1934	1257	7344	2347	674.0	2400	2133	1111	0
69	4503	1936	1259	7354	2346	672.0	2400	2133	1111	0
69	1011	592	418	1992	2347	672.0	2400	2133	1111	0
69	360	343	263	997	2934	300.0	2400	2133	1111	0
69	358	341	262	991	4174	232.0	2400	2133	1111	0
69	358	342	262	992	4179	230.0	2400	2133	1111	0
69	360	343	263	995	4179	231.0	2400	2133	1111	0
70	359	342	262	992	4174	232.0	2400	2488	888	1
70	2981	1065	778	4601	4171	231.0	2400	2488	888	1
70	5143	1663	1204	7581	2276	143.0	2400	2488	888	1
70	5147	1661	1203	7581	2156	73.0	2400	2488	888	1
70	5142	1664	1204	7580	2154	70.0	2400	2488	888	1
70	5144	1661	1203	7576	2155	75.0	2400	2488	888	1
70	5142	1664	1204	7581	2154	71.0	2400	2488	888	1
70	5142	1660	1202	7574	2156	75.0	2400	2488	888	1
70	5143	1664	1204	7582	2154	70.0	2400	2488	888	1
70	5140	1661	1202	7573	2156	75.0	2400	2488	888	1
70	5144	1663	1204	7581	2154	73.0	2400	2488	888	1
70	5138	1661	1202	7572	2155	73.0	2400	2488	888	1
70	5144	1662	1204	7581	2155	73.0	2400	2488	888	1
70	5136	1661	1202	7570	2156	71.0	2400	2488	888	1
70	5145	1662	1204	7581	2155	74.0	2400	2488	888	1
70	5136	1661	1202	7570	2155	71.0	2400	2488	888	1
70	5137	1662	1202	7571	2155	74.0	2400	2488	888	1
70	5142	1662	1203	7577	2155	75.0	2400	2488	888	1
70	5138	1662	1203	7573	2155	73.0	2400	2488	888	1
70	5140	1662	1203	7576	2155	74.0	2400	2488	888	1
70	5139	1662	1203	7574	2155	74.0	2400	2488	888	1
70	5138	1663	1203	7574	2155	74.0	2400	2488	888	1
70	5140	1661	1202	7574	2155	76.0	2400	2488	888	1
70	5137	1663	1203	7573	2155	73.0	2400	2488	888	1
70	5141	1661	1202	7574	2155	76.0	2400	2488	888	1
70	5135	1662	1203	7571	2154	72.0	2400	2488	888	1
70	5142	1661	1203	7576	2156	75.0	2400	2488	888	1
70	5134	1662	1202	7570	2155	71.0	2400	2488	888	0
70	5141	1661	1203	7576	2156	76.0	2400	2488	888	0
70	1366	619	460	2377	2155	72.0	2400	2488	888	0
70	360	343	263	996	2609	196.0	2400	2488	888	0
70	358	341	262	990	4174	232.0	2400	2488	888	0
70	360	343	263	996	4179	230.0	2400	2488	888	0
70	358	341	262	990	4174	232.0	2400	2488	888	0
71	358	341	262	989	4179	230.0	2400	2844	666	1
71	3582	965	790	5043	4179	230.0	2400	2844	666	1
71	5793	1390	1150	7816	2104	0.0	2400	2844	666	1
71	5792	1392	1151	7819	2005	0.0	2400	2844	666	1
71	5791	1389	1149	7812	2005	0.0	2400	2844	666	1
71	5789	1392	1151	7816	2004	0.0	2400	2844	666	1
71	5791	1388	1149	7812	2006	0.0	2400	2844	666	1
71	5788	1392	1151	7814	2004	0.0	2400	2844	666	1
71	5791	1388	1149	7812	2006	0.0	2400	2844	666	1
71	5787	1391	1150	7813	2004	0.0	2400	2844	666	1
71	5790	1389	1149	7811	2006	0.0	2400	2844	666	1
71	5786	1391	1150	7812	2004	0.0	2400	2844	666	1
71	5789	1389	1149	7811	2006	0.0	2400	2844	666	1
71	5786	1391	1150	7811	2004	0.0	2400	2844	666	1
71	5788	1389	1149	7810	2005	0.0	2400	2844	666	1
71	5786	1390	1150	7810	2004	0.0	2400	2844	666	1
71	5786	1390	1150	7810	2005	0.0	2400	2844	666	1
71	5786	1389	1149	7809	2005	0.0	2400	2844	666	1
71	5786	1388	1149	7810	2005	0.0	2400	2844	666	1
71	5784	1391	1150	7810	2006	0.0	2400	2844	666	1
71	5787	1388	1148	7807	2006	0.0	2400	2844	666	1
71	5783	1391	1150	7810	2004	0.0	2400	2844	666	1
71	5786	1388	1148	7806	2006	0.0	2400	2844	666	1
71	5783	1391	1150	7810	2004	0.0	2400	2844	666	1
71	5785	1388	1148	7805	2006	0.0	2400	2844	666	1
71	5783	1392	1150	7810	2004	0.0	2400	2844	666	1
71	5784	1388	1148	7804	2006	0.0	2400	2844	666	1
71	5784	1392	1150	7810	2004	0.0	2400	2844	666	1
71	5782	1388	1148	7802	2006	0.0	2400	2844	666	0
71	1483	559	447	2406	2004	0.0	2400	2844	666	0
71	358	341	262	990	2463	73.0	2400	2844	666	0
71	360	343	263	995	4179	230.0	2400	2844	666	0
71	358	341	262	991	4174	232.0	2400	2844	666	0
71	360	343	263	995	4179	230.0	2400	2844	666	0
72	358	342	262	992	4174	232.0	2400	3200	444	1
72	359	342	263	993	4179	231.0	2400	3200	444	1
72	3992	806	761	5210	4182	230.0	2400	3200	444	1
72	6443	1119	1097	8056	1976	0.0	2400	3200	444	1
72	6445	1118	1097	8056	1884	0.0	2400	3200	444	1
72	6441	1119	1097	8055	1884	0.0	2400	3200	444	1
72	6443	1117	1096	8053	1884	0.0	2400	3200	444	1
72	6441	1119	1097	8055	1884	0.0	2400	3200	444	1
72	6441	1117	1096	8051	1884	0.0	2400	3200	444	1
72	6440	1119	1098	8054	1884	0.0	2400	3200	444	1
72	6439	1116	1096	8048	1885	0.0	2400	3200	444	1
72	6439	1120	1098	8054	1884	0.0	2400	3200	444	1
72	6437	1117	1096	8046	1885	0.0	2400	3200	444	1
72	6440	1120	1098	8054	1884	0.0	2400	3200	444	1
72	6435	1117	1096	8045	1885	0.0	2400	3200	444	1
72	6440	1119	1098	8054	1884	0.0	2400	3200	444	1
72	6435	1117	1096	8045	1885	0.0	2400	3200	444	1
72	6440	1119	1098	8054	1884	0.0	2400	3200	444	1
72	6434	1118	1096	8045	1885	0.0	2400	3200	444	1
72	6439	1119	1097	8053	1884	0.0	2400	3200	444	1
72	6433	1118	1096	8045	1885	0.0	2400	3200	444	1
72	6433	1118	1096	8045	1884	0.0	2400	3200	444	1
72	6437	1118	1097	8049	1884	0.0	2400	3200	444	1
72	6433	1118	1096	8045	1885	0.0	2400	3200	444	1
72	6436	1117	1096	8047	1884	0.0	2400	3200	444	1
72	6433	1118	1096	8046	1884	0.0	2400	3200	444	1
72	6435	1117	1096	8045	1885	0.0	2400	3200	444	1
72	6433	1119	1097	8046	1884	0.0	2400	3200	444	1
72	6433	1117	1095	8043	1885	0.0	2400	3200	444	0
72	1351	469	399	2146	1884	0.0	2400	3200	444	0
72	358	341	262	991	2442	9.0	2400	3200	444	0
72	360	343	263	997	4179	230.0	2400	3200	444	0
72	358	341	262	990	4174	232.0	2400	3200	444	0
72	360	343	263	997	4179	230.0	2400	3200	444	0
72	358	341	262	990	4174	232.0	2400	3200	444	0
73	361	344	263	997	4179	230.0	2400	1066	2000	1
73	1607	1830	967	4374	4166	233.0	2400	1066	2000	1
73	2659	3071	1556	7206	3669	1658.0	2400	1066	2000	1
73	2655	3073	1556	7204	3596	2845.0	2400	1066	2000	1
73	2656	3072	1556	7204	3599	2849.0	2400	1066	2000	1
73	2657	3071	1556	7204	3598	2847.0	2400	1066	2000	1
73	2657	3072	1555	7204	3598	2845.0	2400	1066	2000	1
73	2656	3071	1555	7203	3596	2848.0	2400	1066	2000	1
73	2658	3071	1555	7204	3598	2846.0	2400	1066	2000	1
73	2655	3072	1555	7203	3595	2846.0	2400	1066	2000	1
73	2658	3070	1555	7203	3598	2848.0	2400	1066	2000	1
73	2655	3072	1556	7203	3595	2844.0	2400	1066	2000	1
73	2658	3069	1555	7203	3599	2847.0	2400	1066	2000	1
73	2654	3073	1556	7203	3596	2842.0	2400	1066	2000	1
73	2658	3069	1555	7203	3600	2849.0	2400	1066	2000	1
73	2654	3072	1555	7202	3596	2842.0	2400	1066	2000	1
73	2658	3069	1555	7202	3599	2848.0	2400	1066	2000	1
73	2654	3072	1555	7202	3595	2842.0	2400	1066	2000	1
73	2659	3070	1555	7203	3599	2848.0	2400	1066	2000	1
73	2655	3071	1555	7201	3594	2844.0	2400	1066	2000	1
73	2658	3071	1555	7204	3598	2847.0	2400	1066	2000	1
73	2656	3070	1555	7201	3595	2846.0	2400	1066	2000	1
73	2657	3070	1554	7204	3597	2845.0	2400	1066	2000	1
73	2657	3071	1556	7204	3596	2845.0	2400	1066	2000	1
73	2657	3069	1554	7201	3598	2845.0	2400	1066	2000	1
73	2656	3072	1556	7204	3595	2844.0	2400	1066	2000	1
73	2657	3069	1554	7200	3598	2847.0	2400	1066	2000	1
73	2656	3072	1556	7204	3595	2844.0	2400	1066	2000	0
73	855	927	540	2328	3598	2847.0	2400	1066	2000	0
73	360	343	263	995	3797	790.0	2400	1066	2000	0
73	359	342	262	992	4174	232.0	2400	1066	2000	0
73	359	342	263	994	4171	231.0	2400	1066	2000	0
73	359	342	262	993	4182	230.0	2400	1066	2000	0
73	359	342	262	993	4171	231.0	2400	1066	2000	0
74	359	342	263	994	4171	231.0	2400	1422	1777	1
74	2081	1786	990	4773	4182	230.0	2400	1422	1777	1
74	3293	2793	1499	7420	3162	1418.0	2400	1422	1777	1
74	3288	2796	1499	7419	3072	2242.0	2400	1422	1777	1
74	3292	2793	1499	7419	3074	2248.0	2400	1422	1777	1
74	3288	2795	1499	7418	3072	2242.0	2400	1422	1777	1
74	3291	2794	1499	7420	3074	2246.0	2400	1422	1777	1
74	3289	2795	1499	7420	3073	2244.0	2400	1422	1777	1
74	3289	2793	1498	7416	3075	2246.0	2400	1422	1777	1
74	3289	2795	1500	7420	3073	2244.0	2400	1422	1777	1
74	3290	2792	1498	7415	3075	2245.0	2400	1422	1777	1
74	3288	2796	1500	7420	3072	2242.0	2400	1422	1777	1
74	3290	2791	1497	7414	3076	2247.0	2400	1422	1777	1
74	3287	2796	1500	7420	3071	2241.0	2400	1422	1777	1
74	3289	2791	1497	7413	3077	2248.0	2400	1422	1777	1
74	3287	2797	1500	7419	3072	2241.0	2400	1422	1777	1
74	3289	2790	1497	7412	3076	2249.0	2400	1422	1777	1
74	3287	2796	1499	7418	3072	2240.0	2400	1422	1777	1
74	3289	2790	1497	7412	3075	2248.0	2400	1422	1777	1
74	3287	2796	1499	7418	3072	2240.0	2400	1422	1777	1
74	3289	2791	1498	7413	3075	2248.0	2400	1422	1777	1
74	3288	2795	1499	7418	3073	2241.0	2400	1422	1777	1
74	3289	2792	1498	7414	3074	2246.0	2400	1422	1777	1
74	3288	2794	1498	7416	3073	2242.0	2400	1422	1777	1
74	3288	2793	1499	7415	3073	2246.0	2400	1422	1777	1
74	3287	2794	1499	7416	3074	2243.0	2400	1422	1777	1
74	3289	2791	1497	7413	3075	2245.0	2400	1422	1777	1
74	3287	2795	1499	7418	3072	2241.0	2400	1422	1777	0
74	979	857	522	2346	3076	2247.0	2400	1422	1777	0
74	360	343	263	996	3411	652.0	2400	1422	1777	0
74	358	341	262	989	4174	232.0	2400	1422	1777	0
74	360	343	263	997	4179	230.0	2400	1422	1777	0
74	358	341	262	990	4174	232.0	2400	1422	1777	0
74	360	343	263	997	4179	230.0	2400	1422	1777	0
75	358	341	262	990	4174	232.0	2400	1777	1555	1
75	2483	1641	967	4955	4179	230.0	2400	1777	1555	1
75	3921	2521	1444	7637	2809	1076.0	2400	1777	1555	1
75	3926	2518	1443	7638	2715	1649.0	2400	1777	1555	1
75	3919	2521	1443	7635	2712	1643.0	2400	1777	1555	1
75	3925	2518	1443	7637	2715	1650.0	2400	1777	1555	1
75	3918	2521	1443	7634	2713	1643.0	2400	1777	1555	1
75	3924	2518	1443	7636	2715	1650.0	2400	1777	1555	1
75	3918	2521	1443	7635	2713	1644.0	2400	1777	1555	1
75	3919	2521	1444	7635	2716	1650.0	2400	1777	1555	1
75	3923	2519	1443	7635	2716	1649.0	2400	1777	1555	1
75	3920	2521	1444	7636	2713	1646.0	2400	1777	1555	1
75	3922	2519	1443	7634	2715	1649.0	2400	1777	1555	1
75	3921	2520	1444	7636	2713	1646.0	2400	1777	1555	1
75	3921	2519	1442	7633	2715	1647.0	2400	1777	1555	1
75	3922	2520	1444	7637	2713	1647.0	2400	1777	1555	1
75	3920	2519	1442	7633	2715	1647.0	2400	1777	1555	1
75	3922	2520	1443	7637	2713	1647.0	2400	1777	1555	1
75	3919	2520	1443	7633	2714	1648.0	2400	1777	1555	1
75	3923	2519	1443	7637	2715	1649.0	2400	1777	1555	1
75	3918	2520	1443	7631	2713	1646.0	2400	1777	1555	1
75	3924	2518	1443	7637	2714	1649.0	2400	1777	1555	1
75	3917	2520	1442	7631	2713	1644.0	2400	1777	1555	1
75	3924	2518	1443	7636	2714	1650.0	2400	1777	1555	1
75	3916	2520	1443	7631	2713	1644.0	2400	1777	1555	1
75	3923	2519	1443	7636	2716	1649.0	2400	1777	1555	1
75	3917	2520	1443	7632	2713	1646.0	2400	1777	1555	1
75	3923	2519	1443	7636	2715	1649.0	2400	1777	1555	0
75	934	691	452	2061	2713	1646.0	2400	1777	1555	0
75	360	343	263	995	3217	456.0	2400	1777	1555	0
75	359	342	262	992	4174	232.0	2400	1777	1555	0
75	360	343	263	995	4171	231.0	2400	1777	1555	0
75	358	341	262	991	4174	232.0	2400	1777	1555	0
75	360	343	263	996	4179	230.0	2400	1777	1555	0
76	358	341	262	990	4174	232.0	2400	2133	1333	1
76	2653	1382	878	4744	4179	230.0	2400	2133	1333	1
76	4557	2247	1388	7858	2568	677.0	2400	2133	1333	1
76	4564	2246	1389	7865	2450	1051.0	2400	2133	1333	1
76	4555	2247	1388	7856	2449	1046.0	2400	2133	1333	1
76	4563	2246	1389	7864	2451	1051.0	2400	2133	1333	1
76	4555	2246	1388	7855	2450	1046.0	2400	2133	1333	1
76	4563	2246	1389	7864	2451	1050.0	2400	2133	1333	1
76	4554	2246	1388	7854	2450	1046.0	2400	2133	1333	1
76	4562	2246	1389	7863	2451	1050.0	2400	2133	1333	1
76	4555	2247	1388	7856	2450	1047.0	2400	2133	1333	1
76	4560	2247	1389	7863	2451	1051.0	2400	2133	1333	1
76	4558	2247	1389	7861	2451	1049.0	2400	2133	1333	1
76	4557	2245	1388	7856	2451	1050.0	2400	2133	1333	1
76	4557	2247	1389	7859	2450	1048.0	2400	2133	1333	1
76	4558	2245	1388	7857	2451	1050.0	2400	2133	1333	1
76	4556	2247	1388	7858	2450	1047.0	2400	2133	1333	1
76	4559	2245	1388	7858	2451	1051.0	2400	2133	1333	1
76	4555	2247	1388	7856	2450	1047.0	2400	2133	1333	1
76	4559	2245	1388	7858	2451	1051.0	2400	2133	1333	1
76	4553	2247	1388	7854	2450	1047.0	2400	2133	1333	1
76	4560	2245	1388	7859	2451	1052.0	2400	2133	1333	1
76	4552	2246	1387	7852	2449	1047.0	2400	2133	1333	1
76	4560	2245	1388	7860	2451	1052.0	2400	2133	1333	1
76	4551	2246	1387	7851	2450	1047.0	2400	2133	1333	1
76	4560	2245	1388	7860	2451	1052.0	2400	2133	1333	1
76	4551	2246	1387	7851	2450	1047.0	2400	2133	1333	1
76	4560	2245	1389	7860	2451	1052.0	2400	2133	1333	0
76	4551	2246	1387	7851	2450	1046.0	2400	2133	1333	0
76	1251	744	501	2449	2451	1052.0	2400	2133	1333	0
76	360	343	263	996	2874	401.0	2400	2133	1333	0
76	358	341	262	991	4174	232.0	2400	2133	1333	0
76	360	343	263	996	4179	230.0	2400	2133	1333	0
76	359	342	262	992	4174	232.0	2400	2133	1333	0
77	360	343	263	995	4171	231.0	2400	2488	1111	1
77	3237	1314	900	5214	4174	232.0	2400	2488	1111	1
77	5205	1973	1335	8093	2346	364.0	2400	2488	1111	1
77	5198	1976	1335	8089	2249	447.0	2400	2488	1111	1
77	5203	1972	1334	8089	2250	454.0	2400	2488	1111	1
77	5196	1976	1335	8089	2248	446.0	2400	2488	1111	1
77	5201	1972	1334	8087	2251	454.0	2400	2488	1111	1
77	5196	1976	1335	8088	2249	447.0	2400	2488	1111	1
77	5200	1971	1333	8085	2251	454.0	2400	2488	1111	1
77	5196	1976	1335	8089	2249	447.0	2400	2488	1111	1
77	5199	1971	1333	8084	2251	454.0	2400	2488	1111	1
77	5195	1976	1335	8088	2249	447.0	2400	2488	1111	1
77	5199	1971	1333	8083	2251	455.0	2400	2488	1111	1
77	5195	1976	1335	8089	2248	447.0	2400	2488	1111	1
77	5198	1971	1333	8083	2252	455.0	2400	2488	1111	1
77	5198	1971	1333	8082	2249	447.0	2400	2488	1111	1
77	5194	1976	1335	8086	2248	447.0	2400	2488	1111	1
77	5198	1971	1333	8082	2251	455.0	2400	2488	1111	1
77	5194	1976	1335	8086	2248	447.0	2400	2488	1111	1
77	5197	1971	1333	8082	2251	455.0	2400	2488	1111	1
77	5193	1975	1335	8085	2249	448.0	2400	2488	1111	1
77	5196	1972	1333	8082	2251	454.0	2400	2488	1111	1
77	5193	1975	1334	8084	2249	449.0	2400	2488	1111	1
77	5196	1972	1333	8083	2251	454.0	2400	2488	1111	1
77	5192	1975	1334	8083	2249	449.0	2400	2488	1111	1
77	5196	1972	1334	8083	2251	455.0	2400	2488	1111	1
77	5192	1974	1334	8081	2250	449.0	2400	2488	1111	1
77	5195	1973	1334	8083	2251	453.0	2400	2488	1111	0
77	5192	1974	1334	8080	2250	451.0	2400	2488	1111	0
77	1344	673	480	2436	2250	453.0	2400	2488	1111	0
77	358	341	262	990	2695	274.0	2400	2488	1111	0
77	360	343	263	997	4179	230.0	2400	2488	1111	0
77	358	341	262	990	4174	232.0	2400	2488	1111	0
77	358	341	262	990	4179	230.0	2400	2488	1111	0
78	361	344	264	997	4179	230.0	2400	2844	888	1
78	3656	1159	874	5397	4177	232.0	2400	2844	888	1
78	5854	1702	1282	8332	2181	2.0	2400	2844	888	1
78	5846	1701	1280	8321	2090	0.0	2400	2844	888	1
78	5852	1701	1282	8329	2090	0.0	2400	2844	888	1
78	5844	1701	1280	8320	2091	0.0	2400	2844	888	1
78	5850	1701	1281	8326	2091	0.0	2400	2844	888	1
78	5843	1701	1280	8319	2090	0.0	2400	2844	888	1
78	5848	1700	1281	8323	2091	0.0	2400	2844	888	1
78	5843	1701	1280	8319	2091	0.0	2400	2844	888	1
78	5847	1700	1280	8321	2091	0.0	2400	2844	888	1
78	5843	1702	1281	8320	2090	0.0	2400	2844	888	1
78	5845	1700	1280	8319	2091	0.0	2400	2844	888	1
78	5843	1702	1281	8320	2090	0.0	2400	2844	888	1
78	5843	1700	1280	8317	2091	0.0	2400	2844	888	1
78	5842	1702	1281	8320	2090	0.0	2400	2844	888	1
78	5842	1700	1280	8316	2092	0.0	2400	2844	888	1
78	5840	1700	1279	8314	2091	0.0	2400	2844	888	1
78	5843	1702	1281	8320	2091	0.0	2400	2844	888	1
78	5840	1700	1279	8313	2091	0.0	2400	2844	888	1
78	5843	1701	1281	8320	2090	0.0	2400	2844	888	1
78	5838	1700	1279	8312	2092	0.0	2400	2844	888	1
78	5844	1701	1281	8320	2091	0.0	2400	2844	888	1
78	5838	1700	1279	8312	2091	0.0	2400	2844	888	1
78	5844	1701	1281	8319	2091	0.0	2400	2844	888	1
78	5838	1700	1280	8313	2091	0.0	2400	2844	888	1
78	5844	1700	1281	8319	2092	0.0	2400	2844	888	1
78	5838	1701	1280	8313	2091	0.0	2400	2844	888	0
78	5844	1700	1280	8319	2091	0.0	2400	2844	888	0
78	1214	553	421	2134	2091	0.0	2400	2844	888	0
78	360	343	263	995	2655	170.0	2400	2844	888	0
78	359	342	263	994	4174	232.0	2400	2844	888	0
78	359	342	263	994	4182	230.0	2400	2844	888	0
78	360	343	263	995	4182	230.0	2400	2844	888	0
79	359	342	262	993	4174	232.0	2400	3200	666	1
79	360	343	796	996	4171	231.0	2400	3200	666	1
79	6511	1432	1230	8579	20441	0.0	2400	3200	666	1
79	6506	1430	1228	8570	1963	0.0	2400	3200	666	1
79	6509	1431	1230	8576	1962	0.0	2400	3200	666	1
79	6503	1430	1228	8567	1963	0.0	2400	3200	666	1
79	6508	1430	1230	8574	1962	0.0	2400	3200	666	1
79	6500	1429	1228	8564	1963	0.0	2400	3200	666	1
79	6506	1430	1229	8572	1963	0.0	2400	3200	666	1
79	6500	1429	1228	8563	1963	0.0	2400	3200	666	1
79	6504	1430	1229	8570	1962	0.0	2400	3200	666	1
79	6499	1429	1228	8563	1963	0.0	2400	3200	666	1
79	6502	1430	1229	8569	1963	0.0	2400	3200	666	1
79	6498	1429	1228	8562	1963	0.0	2400	3200	666	1
79	6500	1431	1229	8567	1963	0.0	2400	3200	666	1
79	6499	1429	1228	8562	1963	0.0	2400	3200	666	1
79	6499	1431	1229	8566	1962	0.0	2400	3200	666	1
79	6499	1429	1228	8564	1964	0.0	2400	3200	666	1
79	6498	1430	1228	8564	1963	0.0	2400	3200	666	1
79	6499	1429	1228	8563	1963	0.0	2400	3200	666	1
79	6500	1429	1228	8564	1963	0.0	2400	3200	666	1
79	6496	1429	1228	8560	1963	0.0	2400	3200	666	1
79	6500	1429	1228	8564	1963	0.0	2400	3200	666	1
79	6494	1429	1227	8557	1963	0.0	2400	3200	666	1
79	6499	1429	1228	8564	1963	0.0	2400	3200	666	1
79	6493	1429	1227	8556	1963	0.0	2400	3200	666	1
79	6499	1429	1228	8563	1963	0.0	2400	3200	666	1
79	6492	1428	1227	8555	1963	0.0	2400	3200	666	1
79	6498	1429	1228	8563	1963	0.0	2400	3200	666	0
79	1624	565	461	2551	1963	0.0	2400	3200	666	0
79	361	343	264	997	2387	27.0	2400	3200	666	0
79	358	341	262	990	4177	230.0	2400	3200	666	0
79	360	343	264	997	4179	230.0	2400	3200	666	0
79	358	341	262	991	4185	231.0	2400	3200	666	0
80	360	343	263	997	4179	230.0	2400	1422	2000	1
80	359	342	262	992	4174	232.0	2400	1422	2000	1
80	2142	1998	1081	5141	4171	231.0	2400	1422	2000	1
80	3349	3107	1630	7932	3277	1666.0	2400	1422	2000	1
80	3348	3106	1630	7930	3199	2623.0	2400	1422	2000	1
80	3345	3111	1632	7934	3199	2622.0	2400	1422	2000	1
80	3348	3108	1630	7932	3203	2629.0	2400	1422	2000	1
80	3346	3110	1631	7933	3199	2625.0	2400	1422	2000	1
80	3347	3108	1631	7933	3202	2628.0	2400	1422	2000	1
80	3346	3108	1630	7931	3202	2625.0	2400	1422	2000	1
80	3346	3109	1631	7933	3201	2626.0	2400	1422	2000	1
80	3346	3107	1630	7930	3202	2627.0	2400	1422	2000	1
80	3345	3110	1632	7933	3201	2624.0	2400	1422	2000	1
80	3347	3106	1629	7929	3203	2628.0	2400	1422	2000	1
80	3345	3111	1632	7934	3199	2623.0	2400	1422	2000	1
80	3347	3106	1629	7927	3203	2629.0	2400	1422	2000	1
80	3345	3112	1632	7935	3199	2623.0	2400	1422	2000	1
80	3347	3105	1629	7926	3203	2631.0	2400	1422	2000	1
80	3345	3112	1632	7936	3199	2621.0	2400	1422	2000	1
80	3347	3105	1629	7926	3204	2631.0	2400	1422	2000	1
80	3346	3112	1632	7936	3199	2621.0	2400	1422	2000	1
80	3346	3105	1629	7926	3203	2631.0	2400	1422	2000	1
80	3345	3107	1630	7935	3199	2622.0	2400	1422	2000	1
80	3348	3109	1631	7934	3204	2624.0	2400	1422	2000	1
80	3344	3108	1630	7929	3201	2626.0	2400	1422	2000	1
80	3349	3108	1630	7933	3202	2626.0	2400	1422	2000	1
80	3344	3109	1631	7930	3199	2625.0	2400	1422	2000	1
80	3348	3106	1630	7931	3203	2627.0	2400	1422	2000	1
80	3344	3111	1631	7932	3200	2622.0	2400	1422	2000	0
80	966	900	538	2396	3203	2630.0	2400	1422	2000	0
80	360	343	263	995	3505	713.0	2400	1422	2000	0
80	359	342	262	992	4174	232.0	2400	1422	2000	0
80	360	343	263	996	4171	231.0	2400	1422	2000	0
80	358	341	262	991	4174	232.0	2400	1422	2000	0
80	360	343	263	997	4179	230.0	2400	1422	2000	0
81	358	341	262	991	4174	232.0	2400	1777	1777	1
81	2543	1847	1055	5313	4179	230.0	2400	1777	1777	1
81	3978	2832	1574	8145	2912	1317.0	2400	1777	1777	1
81	3983	2834	1576	8153	2827	2026.0	2400	1777	1777	1
81	3976	2832	1574	8143	2827	2026.0	2400	1777	1777	1
81	3983	2833	1575	8152	2828	2027.0	2400	1777	1777	1
81	3982	2832	1575	8150	2826	2025.0	2400	1777	1777	1
81	3974	2833	1574	8143	2827	2024.0	2400	1777	1777	1
81	3982	2831	1574	8148	2829	2029.0	2400	1777	1777	1
81	3974	2833	1574	8143	2826	2023.0	2400	1777	1777	1
81	3981	2830	1574	8146	2829	2029.0	2400	1777	1777	1
81	3975	2833	1574	8144	2826	2022.0	2400	1777	1777	1
81	3980	2830	1574	8145	2828	2028.0	2400	1777	1777	1
81	3977	2833	1574	8145	2826	2022.0	2400	1777	1777	1
81	3979	2831	1574	8144	2827	2028.0	2400	1777	1777	1
81	3978	2833	1574	8146	2826	2024.0	2400	1777	1777	1
81	3977	2831	1574	8143	2827	2027.0	2400	1777	1777	1
81	3978	2832	1574	8146	2827	2025.0	2400	1777	1777	1
81	3975	2831	1573	8141	2827	2026.0	2400	1777	1777	1
81	3980	2832	1574	8147	2827	2026.0	2400	1777	1777	1
81	3975	2832	1573	8141	2826	2025.0	2400	1777	1777	1
81	3980	2831	1574	8148	2827	2028.0	2400	1777	1777	1
81	3973	2832	1573	8140	2827	2024.0	2400	1777	1777	1
81	3981	2831	1574	8147	2828	2028.0	2400	1777	1777	1
81	3981	2830	1574	8146	2826	2023.0	2400	1777	1777	1
81	3973	2832	1573	8140	2826	2022.0	2400	1777	1777	1
81	3980	2830	1574	8146	2828	2028.0	2400	1777	1777	1
81	3974	2832	1573	8141	2826	2022.0	2400	1777	1777	0
81	931	733	469	2119	2828	2028.0	2400	1777	1777	0
81	358	341	262	991	3296	511.0	2400	1777	1777	0
81	360	343	263	997	4179	230.0	2400	1777	1777	0
81	358	342	262	992	4174	232.0	2400	1777	1777	0
81	360	343	263	996	4179	231.0	2400	1777	1777	0
81	359	342	262	992	4174	232.0	2400	1777	1777	0
82	360	343	263	995	4171	231.0	2400	2133	1555	1
82	2692	1556	951	5034	4174	232.0	2400	2133	1555	1
82	4615	2560	1520	8372	2659	885.0	2400	2133	1555	1
82	4619	2557	1519	8370	2553	1429.0	2400	2133	1555	1
82	4615	2560	1520	8370	2551	1424.0	2400	2133	1555	1
82	4617	2558	1519	8370	2552	1429.0	2400	2133	1555	1
82	4614	2558	1519	8368	2551	1426.0	2400	2133	1555	1
82	4615	2558	1519	8370	2552	1427.0	2400	2133	1555	1
82	4613	2559	1520	8370	2552	1427.0	2400	2133	1555	1
82	4615	2555	1518	8364	2554	1428.0	2400	2133	1555	1
82	4612	2560	1520	8369	2551	1423.0	2400	2133	1555	1
82	4616	2554	1517	8363	2554	1430.0	2400	2133	1555	1
82	4612	2560	1520	8370	2550	1422.0	2400	2133	1555	1
82	4614	2554	1517	8362	2554	1430.0	2400	2133	1555	1
82	4613	2561	1520	8371	2551	1422.0	2400	2133	1555	1
82	4613	2555	1517	8362	2554	1432.0	2400	2133	1555	1
82	4614	2560	1520	8371	2551	1424.0	2400	2133	1555	1
82	4613	2556	1518	8363	2553	1430.0	2400	2133	1555	1
82	4614	2559	1520	8370	2551	1425.0	2400	2133	1555	1
82	4611	2557	1518	8362	2553	1428.0	2400	2133	1555	1
82	4615	2558	1519	8369	2552	1427.0	2400	2133	1555	1
82	4610	2558	1519	8364	2552	1427.0	2400	2133	1555	1
82	4616	2557	1519	8368	2553	1429.0	2400	2133	1555	1
82	4610	2558	1519	8364	2551	1425.0	2400	2133	1555	1
82	4616	2556	1518	8367	2553	1429.0	2400	2133	1555	1
82	4609	2559	1519	8364	2551	1424.0	2400	2133	1555	1
82	4609	2559	1519	8364	2554	1430.0	2400	2133	1555	1
82	4614	2555	1517	8362	2554	1430.0	2400	2133	1555	0
82	1266	813	530	2564	2550	1424.0	2400	2133	1555	0
82	358	341	262	991	2946	484.0	2400	2133	1555	0
82	360	343	263	996	4179	230.0	2400	2133	1555	0
82	358	341	262	991	4174	232.0	2400	2133	1555	0
82	360	343	263	997	4179	230.0	2400	2133	1555	0
82	358	341	262	990	4174	232.0	2400	2133	1555	0
83	360	343	264	997	4179	230.0	2400	2488	1333	1
83	3261	1494	975	5499	4185	231.0	2400	2488	1333	1
83	5265	2285	1466	8607	2432	585.0	2400	2488	1333	1
83	5255	2285	1465	8596	2341	824.0	2400	2488	1333	1
83	5262	2285	1466	8602	2342	828.0	2400	2488	1333	1
83	5256	2285	1465	8596	2341	825.0	2400	2488	1333	1
83	5260	2286	1466	8602	2341	827.0	2400	2488	1333	1
83	5256	2284	1464	8595	2341	827.0	2400	2488	1333	1
83	5257	2286	1466	8600	2341	827.0	2400	2488	1333	1
83	5257	2283	1464	8594	2342	828.0	2400	2488	1333	1
83	5255	2287	1466	8598	2340	825.0	2400	2488	1333	1
83	5253	2287	1466	8597	2342	830.0	2400	2488	1333	1
83	5258	2283	1464	8596	2343	831.0	2400	2488	1333	1
83	5253	2286	1465	8596	2340	824.0	2400	2488	1333	1
83	5256	2283	1464	8595	2342	830.0	2400	2488	1333	1
83	5254	2285	1465	8595	2341	825.0	2400	2488	1333	1
83	5255	2285	1465	8596	2342	828.0	2400	2488	1333	1
83	5255	2283	1464	8593	2342	828.0	2400	2488	1333	1
83	5253	2286	1466	8596	2341	825.0	2400	2488	1333	1
83	5256	2282	1463	8592	2343	829.0	2400	2488	1333	1
83	5252	2287	1466	8597	2340	824.0	2400	2488	1333	1
83	5256	2281	1463	8591	2343	831.0	2400	2488	1333	1
83	5252	2287	1466	8597	2340	823.0	2400	2488	1333	1
83	5254	2282	1463	8590	2343	831.0	2400	2488	1333	1
83	5254	2287	1466	8598	2340	825.0	2400	2488	1333	1
83	5253	2283	1464	8590	2343	830.0	2400	2488	1333	1
83	5255	2286	1466	8598	2341	826.0	2400	2488	1333	1
83	5251	2283	1464	8589	2342	829.0	2400	2488	1333	0
83	5255	2285	1465	8597	2342	827.0	2400	2488	1333	0
83	360	344	264	997	2342	828.0	2400	2488	1333	0
83	358	341	262	991	4185	232.0	2400	2488	1333	0
83	360	343	263	996	4179	230.0	2400	2488	1333	0
83	359	342	262	992	4174	232.0	2400	2488	1333	0
83	360	343	263	996	4171	231.0	2400	2488	1333	0
84	359	342	262	993	4174	232.0	2400	2844	1111	1
84	3668	1338	948	5670	4171	231.0	2400	2844	1111	1
84	5909	2015	1413	8841	2261	227.0	2400	2844	1111	1
84	5912	2012	1412	8838	2175	227.0	2400	2844	1111	1
84	5906	2015	1413	8838	2173	222.0	2400	2844	1111	1
84	5909	2011	1411	8835	2175	228.0	2400	2844	1111	1
84	5905	2015	1413	8837	2173	222.0	2400	2844	1111	1
84	5906	2011	1411	8832	2175	229.0	2400	2844	1111	1
84	5906	2015	1413	8837	2174	223.0	2400	2844	1111	1
84	5905	2012	1411	8831	2175	228.0	2400	2844	1111	1
84	5906	2014	1413	8836	2174	225.0	2400	2844	1111	1
84	5902	2012	1411	8829	2175	227.0	2400	2844	1111	1
84	5906	2013	1413	8836	2174	226.0	2400	2844	1111	1
84	5907	2013	1412	8835	2175	225.0	2400	2844	1111	1
84	5899	2012	1411	8827	2174	226.0	2400	2844	1111	1
84	5906	2012	1412	8835	2175	227.0	2400	2844	1111	1
84	5899	2013	1411	8827	2175	224.0	2400	2844	1111	1
84	5907	2012	1412	8835	2175	229.0	2400	2844	1111	1
84	5899	2013	1411	8827	2174	224.0	2400	2844	1111	1
84	5906	2012	1412	8833	2175	229.0	2400	2844	1111	1
84	5899	2013	1411	8828	2174	224.0	2400	2844	1111	1
84	5905	2012	1412	8832	2175	229.0	2400	2844	1111	1
84	5899	2013	1411	8828	2174	225.0	2400	2844	1111	1
84	5904	2012	1411	8831	2175	229.0	2400	2844	1111	1
84	5899	2014	1412	8829	2174	226.0	2400	2844	1111	1
84	5903	2011	1411	8829	2175	230.0	2400	2844	1111	1
84	5899	2014	1412	8829	2174	224.0	2400	2844	1111	1
84	5901	2011	1411	8827	2175	230.0	2400	2844	1111	0
84	5899	2014	1412	8830	2174	225.0	2400	2844	1111	0
84	1268	614	450	2275	2176	230.0	2400	2844	1111	0
84	360	343	263	996	2687	228.0	2400	2844	1111	0
84	358	343	263	991	4174	232.0	2400	2844	1111	0
84	358	341	262	990	4189	232.0	2400	2844	1111	0
84	361	344	264	998	4179	230.0	2400	2844	1111	0
85	358	341	262	990	4177	232.0	2400	3200	888	1
85	3721	1094	855	5368	4179	230.0	2400	3200	888	1
85	6540	1720	1349	9027	2142	0.0	2400	3200	888	1
85	6540	1722	1350	9031	2036	0.0	2400	3200	888	1
85	6537	1720	1348	9022	2037	0.0	2400	3200	888	1
85	6537	1722	1350	9027	2035	0.0	2400	3200	888	1
85	6535	1720	1348	9021	2036	0.0	2400	3200	888	1
85	6536	1721	1349	9025	2035	0.0	2400	3200	888	1
85	6534	1720	1348	9020	2036	0.0	2400	3200	888	1
85	6534	1721	1349	9023	2036	0.0	2400	3200	888	1
85	6533	1720	1348	9020	2037	0.0	2400	3200	888	1
85	6534	1720	1348	9020	2036	0.0	2400	3200	888	1
85	6532	1721	1349	9019	2036	0.0	2400	3200	888	1
85	6533	1719	1348	9018	2036	0.0	2400	3200	888	1
85	6531	1721	1349	9019	2036	0.0	2400	3200	888	1
85	6532	1718	1348	9016	2036	0.0	2400	3200	888	1
85	6533	1718	1347	9015	2036	0.0	2400	3200	888	1
85	6530	1721	1349	9019	2035	0.0	2400	3200	888	1
85	6531	1718	1347	9013	2037	0.0	2400	3200	888	1
85	6529	1722	1349	9018	2035	0.0	2400	3200	888	1
85	6530	1717	1347	9012	2037	0.0	2400	3200	888	1
85	6529	1722	1349	9019	2035	0.0	2400	3200	888	1
85	6530	1717	1346	9011	2037	0.0	2400	3200	888	1
85	6528	1722	1349	9018	2035	0.0	2400	3200	888	1
85	6529	1717	1346	9011	2037	0.0	2400	3200	888	1
85	6528	1722	1349	9018	2035	0.0	2400	3200	888	1
85	6528	1717	1347	9011	2037	0.0	2400	3200	888	1
85	6527	1722	1349	9016	2036	0.0	2400	3200	888	0
85	6527	1718	1347	9011	2037	0.0	2400	3200	888	0
85	1690	639	497	2724	2036	0.0	2400	3200	888	0
85	359	342	262	992	2427	96.0	2400	3200	888	0
85	360	343	263	996	4171	231.0	2400	3200	888	0
85	359	342	262	993	4174	232.0	2400	3200	888	0
85	360	343	263	995	4171	231.0	2400	3200	888	0
86	359	342	263	994	4174	232.0	2400	1777	2000	1
86	2525	1996	1114	5512	4182	230.0	2400	1777	2000	1
86	4041	3148	1707	8667	3019	1515.0	2400	1777	2000	1
86	4039	3149	1707	8667	2936	2407.0	2400	1777	2000	1
86	4038	3147	1706	8663	2937	2409.0	2400	1777	2000	1
86	4039	3148	1707	8666	2936	2407.0	2400	1777	2000	1
86	4037	3147	1706	8662	2937	2408.0	2400	1777	2000	1
86	4040	3148	1707	8666	2937	2407.0	2400	1777	2000	1
86	4036	3147	1706	8661	2936	2407.0	2400	1777	2000	1
86	4040	3147	1707	8666	2937	2408.0	2400	1777	2000	1
86	4035	3147	1706	8661	2936	2406.0	2400	1777	2000	1
86	4041	3147	1707	8667	2938	2408.0	2400	1777	2000	1
86	4035	3147	1706	8660	2936	2405.0	2400	1777	2000	1
86	4041	3146	1707	8666	2937	2408.0	2400	1777	2000	1
86	4034	3148	1706	8661	2936	2404.0	2400	1777	2000	1
86	4041	3146	1706	8665	2938	2410.0	2400	1777	2000	1
86	4034	3148	1706	8660	2935	2404.0	2400	1777	2000	1
86	4041	3145	1706	8664	2938	2410.0	2400	1777	2000	1
86	4041	3145	1706	8660	2935	2403.0	2400	1777	2000	1
86	4034	3148	1706	8661	2934	2403.0	2400	1777	2000	1
86	4040	3145	1706	8663	2938	2410.0	2400	1777	2000	1
86	4036	3148	1707	8662	2935	2403.0	2400	1777	2000	1
86	4040	3146	1706	8663	2938	2409.0	2400	1777	2000	1
86	4037	3148	1706	8663	2935	2405.0	2400	1777	2000	1
86	4039	3146	1706	8662	2937	2409.0	2400	1777	2000	1
86	4039	3147	1707	8664	2936	2405.0	2400	1777	2000	1
86	4037	3146	1706	8661	2937	2406.0	2400	1777	2000	1
86	4040	3147	1707	8665	2937	2406.0	2400	1777	2000	1
86	4036	3147	1706	8660	2936	2406.0	2400	1777	2000	0
86	1125	923	562	2586	2937	2408.0	2400	1777	2000	0
86	358	341	262	991	3273	680.0	2400	1777	2000	0
86	361	344	264	998	4179	230.0	2400	1777	2000	0
86	358	341	262	990	4177	232.0	2400	1777	2000	0
86	361	344	264	998	4179	230.0	2400	1777	2000	0
87	358	341	262	990	4177	232.0	2400	2133	1777	1
87	361	344	264	998	4179	230.0	2400	2133	1777	1
87	2942	1853	1092	5712	4177	232.0	2400	2133	1777	1
87	4687	2873	1652	8897	2732	1170.0	2400	2133	1777	1
87	4694	2870	1652	8901	2648	1803.0	2400	2133	1777	1
87	4686	2872	1652	8896	2646	1796.0	2400	2133	1777	1
87	4692	2870	1652	8899	2648	1802.0	2400	2133	1777	1
87	4686	2873	1652	8896	2646	1797.0	2400	2133	1777	1
87	4691	2870	1652	8897	2648	1804.0	2400	2133	1777	1
87	4686	2873	1653	8897	2646	1797.0	2400	2133	1777	1
87	4690	2869	1651	8895	2649	1803.0	2400	2133	1777	1
87	4686	2873	1653	8897	2646	1797.0	2400	2133	1777	1
87	4689	2869	1651	8894	2649	1803.0	2400	2133	1777	1
87	4686	2873	1653	8897	2646	1797.0	2400	2133	1777	1
87	4689	2868	1651	8893	2649	1803.0	2400	2133	1777	1
87	4686	2873	1653	8898	2646	1796.0	2400	2133	1777	1
87	4689	2868	1651	8892	2649	1803.0	2400	2133	1777	1
87	4686	2874	1653	8898	2646	1796.0	2400	2133	1777	1
87	4688	2868	1650	8891	2649	1805.0	2400	2133	1777	1
87	4686	2874	1653	8898	2646	1797.0	2400	2133	1777	1
87	4688	2868	1650	8891	2649	1805.0	2400	2133	1777	1
87	4689	2868	1651	8892	2646	1797.0	2400	2133	1777	1
87	4686	2874	1653	8898	2646	1796.0	2400	2133	1777	1
87	4687	2868	1650	8890	2649	1805.0	2400	2133	1777	1
87	4685	2874	1653	8898	2646	1797.0	2400	2133	1777	1
87	4688	2868	1650	8891	2649	1805.0	2400	2133	1777	1
87	4685	2873	1653	8897	2646	1797.0	2400	2133	1777	1
87	4688	2868	1651	8892	2649	1803.0	2400	2133	1777	1
87	4685	2873	1653	8897	2647	1796.0	2400	2133	1777	0
87	1049	741	482	2247	2649	1803.0	2400	2133	1777	0
87	360	343	263	996	3117	476.0	2400	2133	1777	0
87	359	342	263	994	4174	232.0	2400	2133	1777	0
87	359	343	263	994	4182	230.0	2400	2133	1777	0
87	360	343	263	995	4182	232.0	2400	2133	1777	0
87	359	342	263	993	4174	232.0	2400	2133	1777	0
88	360	343	263	996	4182	230.0	2400	2488	1555	1
88	3061	1575	991	5423	4174	232.0	2400	2488	1555	1
88	5304	2596	1595	9096	2535	766.0	2400	2488	1555	1
88	5299	2595	1594	9089	2432	1208.0	2400	2488	1555	1
88	5297	2594	1593	9086	2433	1208.0	2400	2488	1555	1
88	5300	2595	1595	9092	2432	1208.0	2400	2488	1555	1
88	5297	2594	1593	9086	2433	1207.0	2400	2488	1555	1
88	5299	2596	1595	9092	2432	1208.0	2400	2488	1555	1
88	5297	2594	1593	9085	2433	1209.0	2400	2488	1555	1
88	5298	2596	1595	9091	2432	1208.0	2400	2488	1555	1
88	5296	2593	1593	9084	2434	1210.0	2400	2488	1555	1
88	5297	2596	1595	9090	2433	1207.0	2400	2488	1555	1
88	5296	2593	1593	9084	2434	1210.0	2400	2488	1555	1
88	5297	2596	1594	9090	2433	1207.0	2400	2488	1555	1
88	5295	2594	1593	9084	2434	1211.0	2400	2488	1555	1
88	5296	2596	1594	9089	2433	1209.0	2400	2488	1555	1
88	5296	2594	1593	9085	2434	1211.0	2400	2488	1555	1
88	5295	2595	1594	9088	2433	1208.0	2400	2488	1555	1
88	5296	2594	1593	9086	2434	1210.0	2400	2488	1555	1
88	5294	2595	1593	9086	2433	1208.0	2400	2488	1555	1
88	5296	2594	1593	9086	2433	1211.0	2400	2488	1555	1
88	5293	2594	1593	9084	2433	1208.0	2400	2488	1555	1
88	5296	2594	1593	9087	2434	1209.0	2400	2488	1555	1
88	5297	2594	1594	9087	2433	1208.0	2400	2488	1555	1
88	5292	2594	1593	9082	2433	1207.0	2400	2488	1555	1
88	5297	2594	1593	9087	2434	1210.0	2400	2488	1555	1
88	5291	2594	1593	9081	2433	1208.0	2400	2488	1555	1
88	5298	2594	1594	9087	2434	1210.0	2400	2488	1555	0
88	1398	815	542	2694	2433	1207.0	2400	2488	1555	0
88	361	344	264	998	2816	435.0	2400	2488	1555	0
88	358	341	262	991	4177	232.0	2400	2488	1555	0
88	361	344	264	998	4179	230.0	2400	2488	1555	0
88	358	341	262	991	4177	232.0	2400	2488	1555	0
88	361	344	264	998	4179	230.0	2400	2488	1555	0
89	358	341	262	991	4177	232.0	2400	2844	1333	1
89	3674	1508	1017	5924	4179	230.0	2400	2844	1333	1
89	5936	2305	1532	9289	2338	443.0	2400	2844	1333	1
89	5939	2303	1532	9290	2254	589.0	2400	2844	1333	1
89	5934	2305	1532	9286	2253	585.0	2400	2844	1333	1
89	5937	2303	1531	9286	2254	590.0	2400	2844	1333	1
89	5932	2305	1532	9286	2253	586.0	2400	2844	1333	1
89	5932	2305	1532	9285	2255	590.0	2400	2844	1333	1
89	5934	2302	1531	9282	2254	590.0	2400	2844	1333	1
89	5931	2305	1532	9284	2253	586.0	2400	2844	1333	1
89	5933	2301	1530	9280	2254	591.0	2400	2844	1333	1
89	5931	2305	1532	9284	2253	585.0	2400	2844	1333	1
89	5933	2301	1530	9279	2254	591.0	2400	2844	1333	1
89	5931	2306	1532	9285	2253	585.0	2400	2844	1333	1
89	5931	2301	1530	9277	2254	592.0	2400	2844	1333	1
89	5931	2305	1532	9284	2253	586.0	2400	2844	1333	1
89	5930	2301	1529	9276	2254	591.0	2400	2844	1333	1
89	5931	2305	1532	9285	2253	587.0	2400	2844	1333	1
89	5929	2301	1530	9276	2255	591.0	2400	2844	1333	1
89	5931	2305	1532	9284	2253	587.0	2400	2844	1333	1
89	5929	2301	1530	9275	2254	591.0	2400	2844	1333	1
89	5930	2305	1532	9284	2253	587.0	2400	2844	1333	1
89	5929	2301	1529	9275	2255	591.0	2400	2844	1333	1
89	5929	2305	1532	9283	2253	587.0	2400	2844	1333	1
89	5929	2301	1530	9276	2255	591.0	2400	2844	1333	1
89	5929	2302	1530	9276	2253	587.0	2400	2844	1333	1
89	5928	2305	1531	9280	2253	588.0	2400	2844	1333	1
89	5929	2302	1530	9277	2254	593.0	2400	2844	1333	0
89	1482	738	518	2664	2253	588.0	2400	2844	1333	0
89	360	343	263	994	2659	304.0	2400	2844	1333	0
89	359	342	262	993	4174	232.0	2400	2844	1333	0
89	360	343	263	995	4171	231.0	2400	2844	1333	0
89	359	342	262	992	4174	232.0	2400	2844	1333	0
89	360	343	263	996	4171	231.0	2400	2844	1333	0
90	359	342	262	992	4174	232.0	2400	3200	1111	1
90	4107	1353	991	6119	4171	231.0	2400	3200	1111	1
90	6574	2017	1470	9489	2188	76.0	2400	3200	1111	1
90	6574	2017	1471	9491	2108	0.0	2400	3200	1111	1
90	6570	2016	1470	9485	2109	0.0	2400	3200	1111	1
90	6572	2017	1471	9489	2109	0.0	2400	3200	1111	1
90	6567	2016	1469	9482	2109	0.0	2400	3200	1111	1
90	6570	2016	1470	9486	2109	0.0	2400	3200	1111	1
90	6567	2016	1469	9480	2109	0.0	2400	3200	1111	1
90	6569	2016	1469	9485	2108	0.0	2400	3200	1111	1
90	6568	2016	1470	9484	2109	0.0	2400	3200	1111	1
90	6565	2016	1469	9480	2109	0.0	2400	3200	1111	1
90	6567	2016	1470	9482	2109	0.0	2400	3200	1111	1
90	6565	2016	1469	9479	2109	0.0	2400	3200	1111	1
90	6566	2016	1469	9480	2109	0.0	2400	3200	1111	1
90	6565	2016	1469	9480	2109	0.0	2400	3200	1111	1
90	6565	2015	1469	9479	2109	0.0	2400	3200	1111	1
90	6564	2017	1470	9481	2109	0.0	2400	3200	1111	1
90	6563	2015	1469	9477	2110	0.0	2400	3200	1111	1
90	6564	2017	1470	9481	2109	0.0	2400	3200	1111	1
90	6562	2015	1468	9475	2110	0.0	2400	3200	1111	1
90	6563	2017	1470	9480	2109	0.0	2400	3200	1111	1
90	6560	2014	1468	9473	2110	0.0	2400	3200	1111	1
90	6562	2017	1470	9479	2109	0.0	2400	3200	1111	1
90	6559	2014	1468	9471	2110	0.0	2400	3200	1111	1
90	6563	2017	1470	9480	2109	0.0	2400	3200	1111	1
90	6559	2014	1468	9471	2110	0.0	2400	3200	1111	1
90	6562	2017	1470	9480	2109	0.0	2400	3200	1111	0
90	1325	604	451	2317	2110	0.0	2400	3200	1111	0
90	358	341	262	991	2627	193.0	2400	3200	1111	0
90	361	344	264	998	4179	230.0	2400	3200	1111	0
90	359	342	262	992	4177	232.0	2400	3200	1111	0
90	361	343	264	997	4171	231.0	2400	3200	1111	0
90	359	342	262	992	4177	230.0	2400	3200	1111	0
91	360	343	263	997	4171	231.0	2400	2133	2000	1
91	2756	1902	1096	5600	4174	232.0	2400	2133	2000	1
91	4715	3180	1779	9371	2840	1305.0	2400	2133	2000	1
91	4718	3175	1777	9366	2750	2186.0	2400	2133	2000	1
91	4713	3179	1778	9367	2746	2178.0	2400	2133	2000	1
91	4717	3174	1777	9366	2749	2186.0	2400	2133	2000	1
91	4711	3178	1777	9365	2747	2177.0	2400	2133	2000	1
91	4717	3174	1777	9366	2750	2185.0	2400	2133	2000	1
91	4710	3178	1777	9363	2747	2177.0	2400	2133	2000	1
91	4717	3175	1777	9366	2749	2186.0	2400	2133	2000	1
91	4710	3177	1777	9362	2747	2179.0	2400	2133	2000	1
91	4717	3174	1777	9366	2749	2184.0	2400	2133	2000	1
91	4717	3175	1777	9366	2747	2177.0	2400	2133	2000	1
91	4710	3177	1776	9361	2747	2179.0	2400	2133	2000	1
91	4717	3175	1777	9366	2749	2185.0	2400	2133	2000	1
91	4709	3177	1777	9361	2747	2179.0	2400	2133	2000	1
91	4717	3175	1777	9366	2750	2185.0	2400	2133	2000	1
91	4710	3177	1777	9360	2747	2179.0	2400	2133	2000	1
91	4716	3175	1777	9365	2749	2184.0	2400	2133	2000	1
91	4710	3176	1777	9360	2748	2179.0	2400	2133	2000	1
91	4716	3175	1777	9364	2749	2183.0	2400	2133	2000	1
91	4711	3176	1777	9362	2747	2179.0	2400	2133	2000	1
91	4715	3175	1777	9364	2749	2182.0	2400	2133	2000	1
91	4712	3176	1777	9362	2748	2179.0	2400	2133	2000	1
91	4713	3175	1777	9362	2749	2182.0	2400	2133	2000	1
91	4712	3176	1777	9363	2748	2180.0	2400	2133	2000	1
91	4713	3175	1776	9360	2749	2182.0	2400	2133	2000	1
91	4712	3176	1777	9363	2747	2181.0	2400	2133	2000	0
91	4712	3174	1776	9360	2749	2182.0	2400	2133	2000	0
91	1256	924	574	2716	2748	2180.0	2400	2133	2000	0
91	360	343	264	992	3100	630.0	2400	2133	2000	0
91	358	341	262	991	4185	231.0	2400	2133	2000	0
91	361	344	264	998	4179	230.0	2400	2133	2000	0
91	358	341	262	990	4177	232.0	2400	2133	2000	0
92	361	344	264	998	4179	230.0	2400	2488	1777	1
92	3338	1863	1130	6111	4177	232.0	2400	2488	1777	1
92	5341	2885	1714	9553	2594	1029.0	2400	2488	1777	1
92	5336	2882	1712	9542	2516	1565.0	2400	2488	1777	1
92	5338	2885	1713	9549	2515	1563.0	2400	2488	1777	1
92	5334	2882	1712	9540	2516	1566.0	2400	2488	1777	1
92	5337	2884	1713	9547	2516	1564.0	2400	2488	1777	1
92	5333	2882	1711	9539	2516	1565.0	2400	2488	1777	1
92	5336	2884	1713	9545	2516	1565.0	2400	2488	1777	1
92	5333	2882	1711	9539	2516	1565.0	2400	2488	1777	1
92	5335	2883	1713	9544	2516	1565.0	2400	2488	1777	1
92	5333	2883	1712	9540	2517	1564.0	2400	2488	1777	1
92	5335	2883	1712	9542	2516	1565.0	2400	2488	1777	1
92	5333	2882	1712	9540	2515	1565.0	2400	2488	1777	1
92	5333	2882	1712	9540	2516	1564.0	2400	2488	1777	1
92	5333	2882	1711	9538	2516	1564.0	2400	2488	1777	1
92	5333	2883	1712	9540	2515	1565.0	2400	2488	1777	1
92	5332	2881	1711	9537	2516	1565.0	2400	2488	1777	1
92	5333	2883	1712	9541	2516	1563.0	2400	2488	1777	1
92	5332	2881	1711	9536	2516	1565.0	2400	2488	1777	1
92	5333	2883	1712	9541	2515	1563.0	2400	2488	1777	1
92	5331	2881	1711	9536	2516	1565.0	2400	2488	1777	1
92	5333	2883	1713	9542	2516	1564.0	2400	2488	1777	1
92	5331	2881	1711	9536	2517	1565.0	2400	2488	1777	1
92	5333	2883	1713	9541	2516	1564.0	2400	2488	1777	1
92	5331	2881	1711	9536	2517	1565.0	2400	2488	1777	1
92	5332	2883	1712	9541	2516	1564.0	2400	2488	1777	1
92	5331	2881	1711	9536	2517	1566.0	2400	2488	1777	0
92	5332	2883	1712	9540	2516	1564.0	2400	2488	1777	0
92	1349	846	550	2692	2517	1566.0	2400	2488	1777	0
92	360	343	263	996	2900	494.0	2400	2488	1777	0
92	359	342	262	993	4174	232.0	2400	2488	1777	0
92	360	343	263	995	4171	231.0	2400	2488	1777	0
92	359	343	263	994	4174	232.0	2400	2488	1777	0
93	360	343	263	995	4182	232.0	2400	2844	1555	1
93	3756	1705	1102	6288	4174	232.0	2400	2844	1555	1
93	5975	2594	1651	9745	2406	665.0	2400	2844	1555	1
93	5971	2591	1649	9737	2329	946.0	2400	2844	1555	1
93	5972	2594	1650	9743	2329	944.0	2400	2844	1555	1
93	5969	2590	1648	9734	2330	947.0	2400	2844	1555	1
93	5970	2594	1650	9741	2329	943.0	2400	2844	1555	1
93	5968	2590	1648	9732	2330	948.0	2400	2844	1555	1
93	5970	2594	1650	9740	2329	944.0	2400	2844	1555	1
93	5967	2589	1648	9730	2330	948.0	2400	2844	1555	1
93	5969	2594	1650	9740	2329	942.0	2400	2844	1555	1
93	5966	2589	1648	9729	2330	948.0	2400	2844	1555	1
93	5968	2594	1650	9739	2329	943.0	2400	2844	1555	1
93	5966	2589	1647	9728	2330	949.0	2400	2844	1555	1
93	5967	2594	1650	9737	2328	944.0	2400	2844	1555	1
93	5966	2589	1647	9728	2330	949.0	2400	2844	1555	1
93	5966	2593	1650	9737	2328	944.0	2400	2844	1555	1
93	5966	2593	1649	9735	2331	948.0	2400	2844	1555	1
93	5965	2590	1648	9729	2330	948.0	2400	2844	1555	1
93	5965	2592	1649	9733	2329	945.0	2400	2844	1555	1
93	5964	2590	1648	9728	2330	947.0	2400	2844	1555	1
93	5964	2592	1648	9731	2329	945.0	2400	2844	1555	1
93	5965	2590	1648	9729	2330	948.0	2400	2844	1555	1
93	5963	2591	1648	9730	2329	945.0	2400	2844	1555	1
93	5964	2590	1648	9729	2330	947.0	2400	2844	1555	1
93	5963	2591	1648	9728	2330	945.0	2400	2844	1555	1
93	5965	2590	1648	9730	2329	947.0	2400	2844	1555	1
93	5962	2591	1648	9727	2330	945.0	2400	2844	1555	0
93	5964	2591	1649	9731	2330	947.0	2400	2844	1555	0
93	1217	685	474	2327	2330	946.0	2400	2844	1555	0
93	360	343	263	996	2828	339.0	2400	2844	1555	0
93	358	341	262	990	4174	232.0	2400	2844	1555	0
93	360	343	263	997	4179	230.0	2400	2844	1555	0
93	358	341	262	990	4174	232.0	2400	2844	1555	0
94	361	343	264	997	4179	230.0	2400	3200	1333	1
94	358	341	997	990	4177	230.0	2400	3200	1333	1
94	6598	2302	1585	9926	33367	0.0	2400	3200	1333	1
94	6596	2302	1586	9925	2178	331.0	2400	3200	1333	1
94	6594	2301	1585	9921	2179	331.0	2400	3200	1333	1
94	6594	2301	1585	9921	2178	330.0	2400	3200	1333	1
94	6592	2302	1585	9919	2178	330.0	2400	3200	1333	1
94	6592	2301	1585	9919	2178	333.0	2400	3200	1333	1
94	6591	2302	1585	9919	2179	331.0	2400	3200	1333	1
94	6591	2300	1584	9916	2179	333.0	2400	3200	1333	1
94	6589	2302	1585	9918	2178	331.0	2400	3200	1333	1
94	6591	2299	1584	9914	2179	334.0	2400	3200	1333	1
94	6588	2303	1585	9918	2178	329.0	2400	3200	1333	1
94	6590	2298	1583	9913	2179	336.0	2400	3200	1333	1
94	6589	2303	1586	9919	2178	328.0	2400	3200	1333	1
94	6590	2298	1583	9912	2180	334.0	2400	3200	1333	1
94	6588	2303	1586	9918	2178	328.0	2400	3200	1333	1
94	6589	2298	1583	9910	2180	335.0	2400	3200	1333	1
94	6588	2303	1586	9919	2177	329.0	2400	3200	1333	1
94	6588	2297	1583	9909	2180	335.0	2400	3200	1333	1
94	6588	2297	1583	9909	2178	328.0	2400	3200	1333	1
94	6587	2303	1586	9918	2178	328.0	2400	3200	1333	1
94	6588	2298	1583	9910	2180	335.0	2400	3200	1333	1
94	6587	2303	1586	9918	2178	329.0	2400	3200	1333	1
94	6588	2298	1583	9909	2180	335.0	2400	3200	1333	1
94	6586	2303	1586	9917	2178	329.0	2400	3200	1333	1
94	6587	2298	1583	9909	2180	335.0	2400	3200	1333	1
94	6586	2303	1585	9916	2178	329.0	2400	3200	1333	1
94	6587	2298	1583	9910	2179	336.0	2400	3200	1333	0
94	1630	742	532	2814	2178	329.0	2400	3200	1333	0
94	359	342	262	993	2561	252.0	2400	3200	1333	0
94	359	343	263	994	4171	231.0	2400	3200	1333	0
94	359	342	263	994	4182	232.0	2400	3200	1333	0
94	359	342	262	993	4182	230.0	2400	3200	1333	0
95	360	343	263	995	4171	231.0	2400	2488	2000	1
95	359	342	262	992	4174	232.0	2400	2488	2000	1
95	3369	2042	1204	6402	4171	231.0	2400	2488	2000	1
95	5370	3174	1830	9998	2673	1248.0	2400	2488	2000	1
95	5368	3173	1830	9994	2598	1926.0	2400	2488	2000	1
95	5375	3172	1831	10001	2598	1925.0	2400	2488	2000	1
95	5367	3173	1830	9993	2597	1921.0	2400	2488	2000	1
95	5374	3172	1831	10001	2598	1926.0	2400	2488	2000	1
95	5366	3173	1830	9992	2598	1921.0	2400	2488	2000	1
95	5374	3172	1831	10000	2599	1926.0	2400	2488	2000	1
95	5365	3173	1830	9993	2598	1921.0	2400	2488	2000	1
95	5373	3172	1830	9999	2599	1926.0	2400	2488	2000	1
95	5365	3173	1830	9993	2597	1922.0	2400	2488	2000	1
95	5373	3171	1830	9997	2599	1926.0	2400	2488	2000	1
95	5365	3173	1830	9993	2597	1921.0	2400	2488	2000	1
95	5372	3171	1830	9997	2599	1926.0	2400	2488	2000	1
95	5365	3174	1830	9993	2597	1921.0	2400	2488	2000	1
95	5372	3170	1830	9996	2599	1928.0	2400	2488	2000	1
95	5365	3174	1830	9994	2597	1919.0	2400	2488	2000	1
95	5371	3170	1829	9994	2599	1928.0	2400	2488	2000	1
95	5365	3174	1830	9994	2597	1921.0	2400	2488	2000	1
95	5370	3169	1829	9992	2599	1928.0	2400	2488	2000	1
95	5366	3169	1829	9995	2597	1919.0	2400	2488	2000	1
95	5366	3174	1831	9996	2600	1921.0	2400	2488	2000	1
95	5368	3170	1829	9990	2600	1927.0	2400	2488	2000	1
95	5368	3174	1831	9997	2597	1921.0	2400	2488	2000	1
95	5367	3170	1828	9989	2599	1926.0	2400	2488	2000	1
95	5368	3175	1831	9998	2597	1923.0	2400	2488	2000	1
95	5367	3170	1828	9989	2599	1928.0	2400	2488	2000	0
95	1348	900	572	2770	2597	1923.0	2400	2488	2000	0
95	358	341	262	990	2966	564.0	2400	2488	2000	0
95	361	343	264	997	4179	230.0	2400	2488	2000	0
95	358	341	262	990	4177	230.0	2400	2488	2000	0
95	360	343	264	997	4179	230.0	2400	2488	2000	0
95	358	341	262	990	4185	231.0	2400	2488	2000	0
96	360	343	263	997	4179	230.0	2400	2844	1777	1
96	3790	1889	1178	6588	4174	232.0	2400	2844	1777	1
96	5993	2881	1766	10180	2478	888.0	2400	2844	1777	1
96	5986	2878	1764	10169	2406	1309.0	2400	2844	1777	1
96	5989	2880	1765	10174	2406	1308.0	2400	2844	1777	1
96	5984	2878	1764	10166	2406	1309.0	2400	2844	1777	1
96	5983	2878	1764	10165	2406	1308.0	2400	2844	1777	1
96	5986	2879	1764	10169	2406	1309.0	2400	2844	1777	1
96	5983	2878	1764	10165	2406	1309.0	2400	2844	1777	1
96	5985	2878	1764	10167	2406	1309.0	2400	2844	1777	1
96	5984	2878	1764	10166	2406	1308.0	2400	2844	1777	1
96	5984	2878	1764	10165	2406	1308.0	2400	2844	1777	1
96	5983	2878	1764	10165	2406	1308.0	2400	2844	1777	1
96	5982	2878	1764	10164	2406	1309.0	2400	2844	1777	1
96	5984	2878	1764	10166	2407	1309.0	2400	2844	1777	1
96	5982	2878	1763	10163	2406	1308.0	2400	2844	1777	1
96	5983	2878	1764	10165	2406	1310.0	2400	2844	1777	1
96	5981	2878	1763	10161	2406	1309.0	2400	2844	1777	1
96	5983	2878	1764	10165	2406	1310.0	2400	2844	1777	1
96	5980	2878	1763	10161	2406	1309.0	2400	2844	1777	1
96	5983	2877	1764	10165	2406	1310.0	2400	2844	1777	1
96	5979	2878	1763	10161	2407	1307.0	2400	2844	1777	1
96	5984	2877	1764	10164	2407	1311.0	2400	2844	1777	1
96	5979	2878	1763	10161	2406	1307.0	2400	2844	1777	1
96	5978	2878	1763	10160	2407	1311.0	2400	2844	1777	1
96	5983	2876	1763	10162	2407	1311.0	2400	2844	1777	1
96	5977	2878	1763	10160	2406	1306.0	2400	2844	1777	1
96	5983	2875	1763	10161	2407	1311.0	2400	2844	1777	0
96	1196	719	486	2357	2406	1305.0	2400	2844	1777	0
96	359	342	262	992	2896	390.0	2400	2844	1777	0
96	358	341	262	991	4171	231.0	2400	2844	1777	0
96	358	341	262	991	4179	230.0	2400	2844	1777	0
96	359	342	262	992	4179	230.0	2400	2844	1777	0
96	358	341	262	990	4171	231.0	2400	2844	1777	0
97	359	342	263	993	4179	230.0	2400	3200	1555	1
97	3837	1589	1061	6198	4182	230.0	2400	3200	1555	1
97	6611	2589	1701	10356	2337	485.0	2400	3200	1555	1
97	6611	2584	1699	10349	2249	695.0	2400	3200	1555	1
97	6608	2589	1701	10354	2248	688.0	2400	3200	1555	1
97	6608	2583	1698	10344	2250	696.0	2400	3200	1555	1
97	6607	2589	1701	10351	2248	688.0	2400	3200	1555	1
97	6606	2582	1698	10342	2249	696.0	2400	3200	1555	1
97	6605	2583	1697	10340	2248	687.0	2400	3200	1555	1
97	6605	2588	1700	10349	2248	690.0	2400	3200	1555	1
97	6605	2583	1697	10339	2250	696.0	2400	3200	1555	1
97	6603	2588	1700	10347	2247	690.0	2400	3200	1555	1
97	6604	2583	1698	10340	2250	696.0	2400	3200	1555	1
97	6603	2588	1700	10347	2249	690.0	2400	3200	1555	1
97	6604	2583	1698	10340	2250	696.0	2400	3200	1555	1
97	6602	2588	1700	10345	2249	690.0	2400	3200	1555	1
97	6604	2584	1698	10341	2250	697.0	2400	3200	1555	1
97	6601	2587	1700	10344	2249	691.0	2400	3200	1555	1
97	6604	2584	1698	10341	2250	695.0	2400	3200	1555	1
97	6600	2587	1699	10343	2249	691.0	2400	3200	1555	1
97	6603	2584	1699	10342	2250	696.0	2400	3200	1555	1
97	6599	2587	1699	10341	2249	691.0	2400	3200	1555	1
97	6603	2585	1699	10342	2250	697.0	2400	3200	1555	1
97	6599	2586	1699	10339	2249	692.0	2400	3200	1555	1
97	6604	2585	1699	10343	2250	695.0	2400	3200	1555	1
97	6598	2586	1698	10338	2249	692.0	2400	3200	1555	1
97	6604	2586	1699	10344	2249	696.0	2400	3200	1555	1
97	6604	2586	1699	10344	2249	694.0	2400	3200	1555	0
97	1619	793	551	2877	2249	694.0	2400	3200	1555	0
97	361	343	264	997	2619	322.0	2400	3200	1555	0
97	358	341	262	990	4177	230.0	2400	3200	1555	0
97	361	344	264	998	4179	230.0	2400	3200	1555	0
97	358	341	262	991	4177	232.0	2400	3200	1555	0
97	361	344	264	998	4179	230.0	2400	3200	1555	0
98	358	341	262	991	4177	232.0	2400	2844	2000	1
98	3775	2052	1242	6811	4179	230.0	2400	2844	2000	1
98	6003	3169	1881	10608	2554	1104.0	2400	2844	2000	1
98	6007	3167	1881	10608	2484	1676.0	2400	2844	2000	1
98	6000	3169	1881	10604	2483	1671.0	2400	2844	2000	1
98	6005	3166	1880	10603	2484	1677.0	2400	2844	2000	1
98	5999	3169	1881	10603	2482	1671.0	2400	2844	2000	1
98	6003	3165	1880	10601	2484	1677.0	2400	2844	2000	1
98	5999	3169	1881	10603	2483	1670.0	2400	2844	2000	1
98	6002	3165	1879	10598	2484	1677.0	2400	2844	2000	1
98	6000	3170	1881	10604	2482	1671.0	2400	2844	2000	1
98	6000	3170	1881	10605	2484	1678.0	2400	2844	2000	1
98	5999	3164	1879	10595	2484	1678.0	2400	2844	2000	1
98	6000	3170	1881	10605	2483	1671.0	2400	2844	2000	1
98	5998	3164	1878	10594	2484	1678.0	2400	2844	2000	1
98	6000	3170	1881	10605	2482	1672.0	2400	2844	2000	1
98	5998	3164	1878	10594	2484	1678.0	2400	2844	2000	1
98	6000	3170	1882	10605	2482	1672.0	2400	2844	2000	1
98	5997	3164	1879	10593	2485	1678.0	2400	2844	2000	1
98	6000	3169	1881	10605	2483	1671.0	2400	2844	2000	1
98	5997	3164	1878	10593	2484	1677.0	2400	2844	2000	1
98	6000	3169	1881	10604	2483	1672.0	2400	2844	2000	1
98	5997	3165	1879	10593	2484	1677.0	2400	2844	2000	1
98	6000	3169	1881	10604	2483	1673.0	2400	2844	2000	1
98	5997	3165	1879	10593	2484	1677.0	2400	2844	2000	1
98	5999	3169	1881	10602	2483	1673.0	2400	2844	2000	1
98	5997	3164	1879	10593	2484	1677.0	2400	2844	2000	1
98	5997	3169	1881	10600	2483	1671.0	2400	2844	2000	0
98	5997	3164	1879	10593	2485	1678.0	2400	2844	2000	0
98	359	342	263	994	2483	1671.0	2400	2844	2000	0
98	359	342	262	993	4182	230.0	2400	2844	2000	0
98	360	343	263	995	4171	231.0	2400	2844	2000	0
98	359	342	262	992	4174	232.0	2400	2844	2000	0
98	360	343	263	996	4171	231.0	2400	2844	2000	0
99	358	341	262	991	4174	232.0	2400	3200	1777	1
99	4194	1891	1213	6984	4179	230.0	2400	3200	1777	1
99	6626	2874	1815	10784	2387	735.0	2400	3200	1777	1
99	6628	2872	1815	10783	2319	1056.0	2400	3200	1777	1
99	6623	2874	1815	10779	2318	1052.0	2400	3200	1777	1
99	6626	2872	1815	10781	2319	1057.0	2400	3200	1777	1
99	6621	2873	1814	10776	2318	1053.0	2400	3200	1777	1
99	6625	2871	1815	10778	2319	1057.0	2400	3200	1777	1
99	6620	2873	1814	10775	2319	1052.0	2400	3200	1777	1
99	6624	2872	1815	10778	2319	1057.0	2400	3200	1777	1
99	6619	2874	1815	10775	2319	1054.0	2400	3200	1777	1
99	6623	2872	1815	10776	2319	1058.0	2400	3200	1777	1
99	6619	2874	1815	10775	2318	1054.0	2400	3200	1777	1
99	6621	2872	1815	10776	2319	1058.0	2400	3200	1777	1
99	6620	2872	1814	10774	2319	1055.0	2400	3200	1777	1
99	6620	2873	1815	10776	2319	1056.0	2400	3200	1777	1
99	6619	2871	1814	10771	2319	1056.0	2400	3200	1777	1
99	6620	2874	1815	10777	2319	1054.0	2400	3200	1777	1
99	6618	2872	1814	10771	2319	1058.0	2400	3200	1777	1
99	6621	2874	1815	10777	2319	1056.0	2400	3200	1777	1
99	6617	2872	1814	10770	2319	1058.0	2400	3200	1777	1
99	6620	2873	1815	10776	2319	1057.0	2400	3200	1777	1
99	6615	2871	1813	10768	2319	1056.0	2400	3200	1777	1
99	6620	2873	1815	10776	2319	1056.0	2400	3200	1777	1
99	6614	2871	1813	10767	2319	1056.0	2400	3200	1777	1
99	6620	2873	1815	10776	2319	1057.0	2400	3200	1777	1
99	6614	2871	1813	10766	2319	1056.0	2400	3200	1777	1
99	6619	2872	1815	10774	2319	1057.0	2400	3200	1777	0
99	6613	2871	1813	10766	2319	1055.0	2400	3200	1777	0
99	1278	712	490	2427	2320	1057.0	2400	3200	1777	0
99	358	341	262	991	2803	350.0	2400	3200	1777	0
99	361	344	264	998	4179	230.0	2400	3200	1777	0
99	360	343	263	997	4177	232.0	2400	3200	1777	0
99	359	342	262	992	4174	232.0	2400	3200	1777	0
100	360	343	263	996	4171	231.0	2400	3200	2000	1
100	3888	1927	1200	6736	4174	232.0	2400	3200	2000	1
100	6647	3161	1931	11219	2469	900.0	2400	3200	2000	1
100	6640	3162	1931	11214	2387	1417.0	2400	3200	2000	1
100	6642	3160	1931	11214	2389	1421.0	2400	3200	2000	1
100	6638	3162	1931	11212	2389	1417.0	2400	3200	2000	1
100	6641	3159	1930	11210	2389	1422.0	2400	3200	2000	1
100	6637	3162	1931	11212	2388	1417.0	2400	3200	2000	1
100	6639	3158	1929	11207	2389	1422.0	2400	3200	2000	1
100	6636	3163	1931	11212	2388	1417.0	2400	3200	2000	1
100	6638	3158	1929	11206	2389	1424.0	2400	3200	2000	1
100	6636	3164	1932	11213	2388	1417.0	2400	3200	2000	1
100	6637	3157	1929	11203	2390	1425.0	2400	3200	2000	1
100	6636	3164	1932	11212	2388	1416.0	2400	3200	2000	1
100	6635	3157	1928	11201	2390	1425.0	2400	3200	2000	1
100	6635	3164	1932	11213	2388	1417.0	2400	3200	2000	1
100	6635	3164	1932	11212	2390	1425.0	2400	3200	2000	1
100	6634	3157	1928	11200	2390	1425.0	2400	3200	2000	1
100	6634	3164	1931	11211	2388	1417.0	2400	3200	2000	1
100	6633	3157	1928	11199	2390	1426.0	2400	3200	2000	1
100	6634	3163	1931	11210	2388	1418.0	2400	3200	2000	1
100	6632	3157	1928	11199	2390	1425.0	2400	3200	2000	1
100	6634	3163	1931	11210	2388	1418.0	2400	3200	2000	1
100	6631	3158	1929	11199	2390	1425.0	2400	3200	2000	1
100	6634	3162	1930	11207	2389	1419.0	2400	3200	2000	1
100	6631	3158	1929	11199	2389	1424.0	2400	3200	2000	1
100	6633	3161	1930	11205	2389	1419.0	2400	3200	2000	1
100	6631	3159	1929	11200	2389	1423.0	2400	3200	2000	0
100	6633	3160	1930	11204	2389	1421.0	2400	3200	2000	0
100	1588	892	588	2990	2389	1421.0	2400	3200	2000	0
100	359	342	262	992	2741	461.0	2400	3200	2000	0
100	360	343	263	996	4171	231.0	2400	3200	2000	0
100	358	341	262	991	4174	232.0	2400	3200	2000	0
100	360	343	263	996	4179	230.0	2400	3200	2000	0
999	358	343	263	990	4174	232.0	2400	3200	2000	1
999	2095	945	518	3639	4189	232.0	2400	3200	2000	1
999	3193	1327	682	5314	2333	432.0	2400	3200	2000	1
999	3192	1324	681	5309	2204	558.0	2400	3200	2000	1
999	3190	1326	682	5310	2203	555.0	2400	3200	2000	1
999	3190	1324	681	5307	2205	558.0	2400	3200	2000	1
999	3189	1325	682	5308	2204	555.0	2400	3200	2000	1
999	3191	1324	681	5307	2205	556.0	2400	3200	2000	1
999	3189	1325	682	5307	2204	555.0	2400	3200	2000	1
999	3191	1325	681	5308	2205	556.0	2400	3200	2000	1
999	3188	1325	681	5306	2204	556.0	2400	3200	2000	1
999	3190	1325	681	5308	2204	557.0	2400	3200	2000	1
999	3188	1325	681	5305	2204	557.0	2400	3200	2000	1
999	3190	1325	681	5308	2204	557.0	2400	3200	2000	1
999	3188	1324	681	5305	2204	557.0	2400	3200	2000	1
999	3190	1325	681	5307	2204	556.0	2400	3200	2000	1
999	3188	1324	681	5305	2204	557.0	2400	3200	2000	1
999	3189	1325	681	5307	2204	556.0	2400	3200	2000	1
999	3188	1324	681	5304	2204	557.0	2400	3200	2000	1
999	3188	1324	680	5304	2204	556.0	2400	3200	2000	1
999	3189	1325	682	5307	2203	557.0	2400	3200	2000	1
999	3188	1323	680	5303	2205	556.0	2400	3200	2000	1
999	3189	1325	682	5308	2203	555.0	2400	3200	2000	1
999	3188	1323	680	5303	2205	556.0	2400	3200	2000	1
999	3189	1325	682	5307	2203	555.0	2400	3200	2000	1
999	3188	1323	680	5303	2205	556.0	2400	3200	2000	1
999	3188	1325	682	5307	2203	555.0	2400	3200	2000	1
999	3188	1323	680	5303	2206	557.0	2400	3200	2000	1
999	3188	1325	682	5306	2203	555.0	2400	3200	2000	0
999	891	526	340	1802	2206	557.0	2400	3200	2000	0
999	360	343	263	997	2844	292.0	2400	3200	2000	0
999	358	341	262	991	4174	232.0	2400	3200	2000	0
999	360	343	263	996	4179	230.0	2400	3200	2000	0
999	358	342	262	992	4174	232.0	2400	3200	2000	0
999	360	343	263	996	4179	231.0	2400	3200	2000	1
999	359	342	262	993	4174	232.0	2400	3200	2000	1
999	2115	953	522	3671	4171	231.0	2400	3200	2000	1
999	3188	1324	681	5305	2331	435.0	2400	3200	2000	1
999	3189	1325	681	5307	2204	556.0	2400	3200	2000	1
999	3188	1324	681	5305	2204	557.0	2400	3200	2000	1
999	3188	1325	681	5306	2204	556.0	2400	3200	2000	1
999	3188	1324	680	5304	2204	557.0	2400	3200	2000	1
999	3188	1325	681	5306	2203	557.0	2400	3200	2000	1
999	3188	1323	680	5303	2204	557.0	2400	3200	2000	1
999	3188	1325	682	5306	2203	555.0	2400	3200	2000	1
999	3187	1323	680	5303	2206	557.0	2400	3200	2000	1
999	3188	1325	682	5307	2203	555.0	2400	3200	2000	1
999	3188	1323	680	5303	2206	557.0	2400	3200	2000	1
999	3187	1325	682	5306	2203	555.0	2400	3200	2000	1
999	3188	1323	680	5303	2206	557.0	2400	3200	2000	1
999	3188	1325	682	5306	2203	555.0	2400	3200	2000	1
999	3188	1323	680	5303	2206	557.0	2400	3200	2000	1
999	3187	1325	681	5305	2203	555.0	2400	3200	2000	1
999	3188	1324	680	5304	2205	558.0	2400	3200	2000	1
999	3187	1324	681	5304	2203	557.0	2400	3200	2000	1
999	3186	1324	681	5305	2205	556.0	2400	3200	2000	1
999	3189	1324	681	5306	2205	556.0	2400	3200	2000	1
999	3186	1324	681	5302	2204	555.0	2400	3200	2000	1
999	3189	1324	681	5306	2205	556.0	2400	3200	2000	1
999	3185	1323	681	5301	2204	555.0	2400	3200	2000	1
999	3189	1324	681	5306	2205	555.0	2400	3200	2000	1
999	3185	1323	680	5300	2204	555.0	2400	3200	2000	1
999	3189	1325	681	5306	2204	556.0	2400	3200	2000	0
999	749	477	320	1586	2204	557.0	2400	3200	2000	0
999	360	343	263	995	3018	275.0	2400	3200	2000	0
999	358	341	262	991	4174	232.0	2400	3200	2000	0
999	360	343	263	996	4179	230.0	2400	3200	2000	0
999	358	341	262	990	4174	232.0	2400	3200	2000	0
999	360	343	263	996	4179	230.0	2400	3200	2000	0
999	358	341	262	990	4174	232.0	2400	3200	2000	1
999	1969	903	501	3451	4179	230.0	2400	3200	2000	1
999	3187	1323	680	5302	2360	419.0	2400	3200	2000	1
999	3188	1325	682	5307	2203	555.0	2400	3200	2000	1
999	3187	1323	680	5302	2206	557.0	2400	3200	2000	1
999	3187	1323	680	5302	2203	555.0	2400	3200	2000	1
999	3187	1325	681	5305	2203	555.0	2400	3200	2000	1
999	3188	1324	680	5304	2205	558.0	2400	3200	2000	1
999	3186	1324	681	5304	2203	557.0	2400	3200	2000	1
999	3189	1324	681	5306	2205	556.0	2400	3200	2000	1
999	3186	1324	681	5303	2204	555.0	2400	3200	2000	1
999	3189	1324	681	5306	2205	556.0	2400	3200	2000	1
999	3185	1323	681	5301	2204	555.0	2400	3200	2000	1
999	3189	1324	681	5306	2205	555.0	2400	3200	2000	1
999	3185	1323	680	5300	2204	555.0	2400	3200	2000	1
999	3188	1325	681	5306	2204	556.0	2400	3200	2000	1
999	3184	1323	680	5299	2204	557.0	2400	3200	2000	1
999	3189	1325	681	5307	2204	556.0	2400	3200	2000	1
999	3184	1322	680	5298	2204	557.0	2400	3200	2000	1
999	3189	1325	682	5308	2204	555.0	2400	3200	2000	1
999	3184	1322	680	5298	2205	556.0	2400	3200	2000	1
999	3189	1325	682	5307	2204	555.0	2400	3200	2000	1
999	3184	1322	680	5297	2205	556.0	2400	3200	2000	1
999	3183	1322	679	5297	2204	555.0	2400	3200	2000	1
999	3189	1325	682	5308	2203	556.0	2400	3200	2000	1
999	3182	1321	679	5295	2205	556.0	2400	3200	2000	1
999	3190	1326	682	5309	2204	554.0	2400	3200	2000	1
999	3182	1322	679	5295	2205	558.0	2400	3200	2000	0
999	899	530	343	1818	2204	556.0	2400	3200	2000	0
999	358	341	262	991	2844	293.0	2400	3200	2000	0
999	360	343	263	997	4179	230.0	2400	3200	2000	0
999	358	341	262	991	4174	232.0	2400	3200	2000	0
999	360	343	263	996	4179	230.0	2400	3200	2000	0
999	358	342	262	992	4174	232.0	2400	3200	2000	0
