Stim	HueR	HueG	HueB	HueC	HueCT	HueLux	Yellow	Red	Green	Trig
1	336	449	391	1213	0	4.0	2400	0	0	1
1	341	451	393	1222	5824	313.0	2400	0	0	1
1	336	449	391	1213	5781	313.0	2400	0	0	1
1	338	451	393	1219	5824	313.0	2400	0	0	1
1	336	449	391	1214	5820	314.0	2400	0	0	1
1	338	451	393	1219	5824	313.0	2400	0	0	1
1	337	450	392	1215	5820	314.0	2400	0	0	1
1	337	451	393	1218	5822	313.0	2400	0	0	1
1	336	449	391	1212	5834	314.0	2400	0	0	1
1	336	449	391	1213	5824	313.0	2400	0	0	1
1	335	448	391	1211	5824	313.0	2400	0	0	1
1	336	449	391	1212	5837	312.0	2400	0	0	1
1	336	449	391	1212	5824	313.0	2400	0	0	1
1	336	449	391	1214	5824	313.0	2400	0	0	1
1	337	450	392	1215	5824	313.0	2400	0	0	1
1	337	450	392	1213	5822	313.0	2400	0	0	1
1	336	448	391	1212	5822	313.0	2400	0	0	1
1	336	449	392	1214	5824	311.0	2400	0	0	1
1	335	448	390	1210	5836	312.0	2400	0	0	1
1	336	449	391	1214	5826	312.0	2400	0	0	1
1	335	447	390	1208	5824	313.0	2400	0	0	1
1	336	449	391	1212	5826	311.0	2400	0	0	1
1	334	446	389	1205	5824	313.0	2400	0	0	1
1	335	448	390	1210	5828	310.0	2400	0	0	1
1	333	445	388	1203	5826	312.0	2400	0	0	1
1	335	447	390	1208	5830	310.0	2400	0	0	1
1	332	443	387	1198	5826	311.0	2400	0	0	1
1	332	444	387	1200	5832	308.0	2400	0	0	0
1	329	440	384	1188	5832	309.0	2400	0	0	0
1	330	441	385	1193	5837	306.0	2400	0	0	0
1	328	438	382	1184	5836	307.0	2400	0	0	0
1	329	440	384	1190	5828	305.0	2400	0	0	0
1	326	436	381	1178	5837	306.0	2400	0	0	0
1	328	438	382	1184	5843	303.0	2400	0	0	0
2	326	436	381	1178	5828	305.0	2400	0	222	1
2	341	569	429	1377	5843	303.0	2400	0	222	1
2	348	612	446	1447	6184	473.0	2400	0	222	1
2	347	609	444	1440	6273	526.0	2400	0	222	1
2	349	613	447	1450	6266	523.0	2400	0	222	1
2	348	611	446	1445	6270	527.0	2400	0	222	1
2	350	614	448	1454	6273	524.0	2400	0	222	1
2	349	613	447	1449	6267	527.0	2400	0	222	1
2	351	615	449	1456	6270	527.0	2400	0	222	1
2	350	614	448	1452	6264	528.0	2400	0	222	1
2	353	618	451	1463	6267	527.0	2400	0	222	1
2	352	617	451	1462	6258	530.0	2400	0	222	1
2	353	618	452	1464	6272	529.0	2400	0	222	1
2	351	616	450	1458	6269	530.0	2400	0	222	1
2	352	618	451	1462	6275	528.0	2400	0	222	1
2	352	618	451	1462	6272	531.0	2400	0	222	1
2	354	620	452	1467	6272	531.0	2400	0	222	1
2	354	619	452	1466	6255	532.0	2400	0	222	1
2	354	620	453	1469	6255	531.0	2400	0	222	1
2	355	621	454	1470	6266	532.0	2400	0	222	1
2	355	621	454	1471	6263	532.0	2400	0	222	1
2	354	620	453	1469	6263	532.0	2400	0	222	1
2	355	622	454	1473	6266	532.0	2400	0	222	1
2	355	621	453	1470	6263	534.0	2400	0	222	1
2	355	622	455	1474	6252	533.0	2400	0	222	1
2	355	621	454	1471	6274	533.0	2400	0	222	1
2	356	622	455	1474	6263	532.0	2400	0	222	1
2	355	621	453	1470	6260	533.0	2400	0	222	0
2	356	623	455	1476	6252	533.0	2400	0	222	0
2	333	449	390	1208	6260	534.0	2400	0	222	0
2	334	447	390	1207	5853	315.0	2400	0	222	0
2	332	445	388	1201	5839	311.0	2400	0	222	0
2	334	447	390	1208	5843	310.0	2400	0	222	0
2	332	444	388	1201	5839	311.0	2400	0	222	0
3	334	447	390	1208	5843	309.0	2400	355	0	1
3	332	445	388	1201	5839	311.0	2400	355	0	1
3	761	468	434	1654	5843	310.0	2400	355	0	1
3	764	471	436	1662	3555	173.0	2400	355	0	1
3	760	468	434	1653	3556	176.0	2400	355	0	1
3	764	471	436	1661	3558	174.0	2400	355	0	1
3	761	467	434	1653	3554	176.0	2400	355	0	1
3	763	471	436	1661	3555	172.0	2400	355	0	1
3	762	468	434	1655	3559	176.0	2400	355	0	1
3	763	471	437	1663	3552	173.0	2400	355	0	1
3	762	469	435	1657	3564	175.0	2400	355	0	1
3	765	473	438	1667	3557	174.0	2400	355	0	1
3	762	470	436	1659	3563	177.0	2400	355	0	1
3	765	474	439	1669	3562	175.0	2400	355	0	1
3	763	471	437	1662	3568	178.0	2400	355	0	1
3	765	475	440	1671	3564	175.0	2400	355	0	1
3	765	473	438	1668	3573	179.0	2400	355	0	1
3	767	476	441	1676	3563	177.0	2400	355	0	1
3	766	475	439	1672	3573	179.0	2400	355	0	1
3	767	477	441	1678	3566	179.0	2400	355	0	1
3	768	478	442	1679	3575	181.0	2400	355	0	1
3	767	476	440	1675	3575	181.0	2400	355	0	1
3	769	478	442	1680	3568	180.0	2400	355	0	1
3	767	477	441	1677	3572	181.0	2400	355	0	1
3	768	478	442	1681	3573	181.0	2400	355	0	1
3	768	478	442	1680	3577	181.0	2400	355	0	1
3	767	478	442	1679	3575	181.0	2400	355	0	1
3	768	478	442	1680	3578	181.0	2400	355	0	0
3	767	478	442	1678	3575	181.0	2400	355	0	0
3	340	455	396	1227	3578	181.0	2400	355	0	0
3	339	454	395	1225	5828	317.0	2400	355	0	0
3	340	455	396	1228	5830	317.0	2400	355	0	0
3	339	454	395	1225	5828	317.0	2400	355	0	0
3	340	455	396	1228	5830	317.0	2400	355	0	0
4	339	453	394	1224	5828	317.0	2400	0	444	1
4	340	455	396	1229	5819	316.0	2400	0	444	1
4	388	848	554	1838	5828	317.0	2400	0	444	1
4	409	1008	620	2090	6831	807.0	2400	0	444	1
4	407	1008	620	2082	7166	1004.0	2400	0	444	1
4	407	1006	618	2083	7194	1005.0	2400	0	444	1
4	409	1008	620	2089	7176	1003.0	2400	0	444	1
4	407	1006	618	2084	7166	1004.0	2400	0	444	1
4	409	1008	620	2090	7176	1003.0	2400	0	444	1
4	407	1006	618	2083	7166	1004.0	2400	0	444	1
4	409	1008	620	2091	7176	1003.0	2400	0	444	1
4	407	1005	617	2081	7166	1004.0	2400	0	444	1
4	409	1009	620	2092	7166	1002.0	2400	0	444	1
4	407	1005	617	2081	7166	1006.0	2400	0	444	1
4	409	1009	620	2091	7166	1002.0	2400	0	444	1
4	407	1005	617	2081	7166	1006.0	2400	0	444	1
4	409	1008	620	2090	7166	1002.0	2400	0	444	1
4	407	1006	618	2083	7166	1004.0	2400	0	444	1
4	409	1008	620	2089	7176	1003.0	2400	0	444	1
4	407	1006	618	2083	7166	1004.0	2400	0	444	1
4	409	1008	620	2089	7176	1003.0	2400	0	444	1
4	407	1006	618	2083	7166	1004.0	2400	0	444	1
4	409	1009	620	2090	7176	1003.0	2400	0	444	1
4	409	1009	620	2091	7166	1006.0	2400	0	444	1
4	407	1005	618	2082	7166	1006.0	2400	0	444	1
4	409	1009	620	2090	7176	1001.0	2400	0	444	1
4	407	1006	618	2085	7166	1006.0	2400	0	444	1
4	409	1007	619	2088	7176	1003.0	2400	0	444	1
4	408	1007	618	2085	7157	1003.0	2400	0	444	0
4	343	481	406	1268	7162	1004.0	2400	0	444	0
4	339	454	395	1225	5900	350.0	2400	0	444	0
4	340	455	396	1228	5830	317.0	2400	0	444	0
4	339	454	395	1226	5828	317.0	2400	0	444	0
4	340	455	396	1228	5830	317.0	2400	0	444	0
5	339	454	395	1227	5828	317.0	2400	355	222	1
5	340	454	395	1227	5830	317.0	2400	355	222	1
5	681	617	485	1790	5817	317.0	2400	355	222	1
5	792	670	513	1972	4104	397.0	2400	355	222	1
5	793	671	514	1975	3857	424.0	2400	355	222	1
5	791	669	513	1971	3858	425.0	2400	355	222	1
5	793	671	514	1976	3860	423.0	2400	355	222	1
5	793	671	514	1975	3858	425.0	2400	355	222	1
5	792	669	513	1972	3858	425.0	2400	355	222	1
5	792	671	514	1975	3857	423.0	2400	355	222	1
5	792	669	513	1971	3861	425.0	2400	355	222	1
5	792	671	514	1975	3857	423.0	2400	355	222	1
5	792	669	513	1971	3861	425.0	2400	355	222	1
5	793	672	515	1976	3857	423.0	2400	355	222	1
5	791	669	512	1969	3861	426.0	2400	355	222	1
5	794	672	515	1978	3855	424.0	2400	355	222	1
5	791	669	512	1969	3860	425.0	2400	355	222	1
5	794	672	515	1978	3855	424.0	2400	355	222	1
5	791	669	512	1969	3860	425.0	2400	355	222	1
5	793	671	515	1976	3855	424.0	2400	355	222	1
5	792	669	512	1970	3863	424.0	2400	355	222	1
5	793	671	515	1976	3852	424.0	2400	355	222	1
5	792	669	512	1970	3863	424.0	2400	355	222	1
5	793	672	515	1978	3852	424.0	2400	355	222	1
5	791	668	512	1969	3863	426.0	2400	355	222	1
5	791	668	512	1968	3855	422.0	2400	355	222	1
5	794	671	515	1977	3855	422.0	2400	355	222	1
5	791	669	512	1969	3860	424.0	2400	355	222	1
5	793	671	515	1976	3855	424.0	2400	355	222	0
5	360	463	400	1258	3863	424.0	2400	355	222	0
5	341	456	396	1230	5624	321.0	2400	355	222	0
5	339	453	394	1223	5815	319.0	2400	355	222	0
5	340	456	396	1230	5819	316.0	2400	355	222	0
5	339	453	394	1223	5828	319.0	2400	355	222	0
5	340	455	396	1230	5819	316.0	2400	355	222	0
6	339	453	394	1224	5828	317.0	2400	711	0	1
6	1200	503	490	2139	5819	316.0	2400	711	0	1
6	1479	517	518	2430	2894	45.0	2400	711	0	1
6	1478	519	520	2433	2653	0.0	2400	711	0	1
6	1479	518	519	2431	2659	0.0	2400	711	0	1
6	1478	519	520	2432	2655	0.0	2400	711	0	1
6	1478	518	519	2430	2659	0.0	2400	711	0	1
6	1480	519	520	2434	2656	0.0	2400	711	0	1
6	1480	518	519	2429	2657	0.0	2400	711	0	1
6	1477	518	519	2430	2651	0.0	2400	711	0	1
6	1479	518	519	2433	2657	0.0	2400	711	0	1
6	1479	518	519	2433	2657	0.0	2400	711	0	1
6	1477	518	519	2430	2657	0.0	2400	711	0	1
6	1480	519	519	2434	2657	0.0	2400	711	0	1
6	1477	518	518	2429	2654	0.0	2400	711	0	1
6	1480	519	520	2434	2654	0.0	2400	711	0	1
6	1478	517	518	2429	2657	0.0	2400	711	0	1
6	1477	519	519	2432	2653	0.0	2400	711	0	1
6	1479	517	518	2430	2659	0.0	2400	711	0	1
6	1477	519	519	2432	2653	0.0	2400	711	0	1
6	1478	517	518	2428	2659	0.0	2400	711	0	1
6	1480	519	520	2435	2653	0.0	2400	711	0	1
6	1476	517	518	2427	2657	0.0	2400	711	0	1
6	1480	519	520	2435	2655	0.0	2400	711	0	1
6	1476	517	518	2426	2657	0.0	2400	711	0	1
6	1478	519	520	2433	2655	0.0	2400	711	0	1
6	1478	517	520	2428	2659	0.0	2400	711	0	1
6	1478	517	518	2428	2657	0.0	2400	711	0	0
6	352	456	398	1243	2653	0.0	2400	711	0	0
6	338	453	394	1222	5698	314.0	2400	711	0	0
6	341	456	396	1230	5832	316.0	2400	711	0	0
6	338	453	394	1222	5815	319.0	2400	711	0	0
6	341	456	397	1231	5832	316.0	2400	711	0	0
6	338	453	394	1222	5826	318.0	2400	711	0	0
7	341	456	397	1231	5832	316.0	2400	0	666	1
7	420	1119	670	2265	5826	318.0	2400	0	666	1
7	458	1414	794	2730	7468	1139.0	2400	0	666	1
7	455	1408	790	2718	7996	1501.0	2400	0	666	1
7	458	1414	794	2730	8006	1496.0	2400	0	666	1
7	455	1408	790	2719	7996	1501.0	2400	0	666	1
7	458	1412	793	2727	8006	1496.0	2400	0	666	1
7	456	1411	791	2722	7987	1499.0	2400	0	666	1
7	458	1411	793	2726	8000	1500.0	2400	0	666	1
7	456	1411	791	2722	7987	1497.0	2400	0	666	1
7	458	1412	793	2728	8000	1500.0	2400	0	666	1
7	458	1413	794	2729	7987	1499.0	2400	0	666	1
7	456	1409	791	2719	7996	1500.0	2400	0	666	1
7	458	1413	793	2728	8000	1496.0	2400	0	666	1
7	456	1411	792	2722	7987	1501.0	2400	0	666	1
7	457	1411	792	2725	8008	1499.0	2400	0	666	1
7	456	1411	792	2723	7993	1499.0	2400	0	666	1
7	457	1411	792	2724	8008	1499.0	2400	0	666	1
7	456	1410	791	2721	7993	1499.0	2400	0	666	1
7	457	1413	793	2727	8000	1498.0	2400	0	666	1
7	456	1409	791	2721	8002	1501.0	2400	0	666	1
7	457	1413	793	2727	8000	1496.0	2400	0	666	1
7	456	1410	791	2722	8002	1501.0	2400	0	666	1
7	457	1410	792	2723	8000	1498.0	2400	0	666	1
7	457	1412	792	2725	7993	1497.0	2400	0	666	1
7	457	1410	792	2722	7993	1500.0	2400	0	666	1
7	457	1412	792	2725	7993	1497.0	2400	0	666	1
7	457	1411	792	2724	7993	1500.0	2400	0	666	0
7	457	1410	792	2723	7993	1499.0	2400	0	666	0
7	340	455	396	1228	7993	1497.0	2400	0	666	0
7	339	454	395	1226	5828	317.0	2400	0	666	0
7	340	455	396	1229	5830	317.0	2400	0	666	0
7	339	454	395	1225	5828	317.0	2400	0	666	0
7	340	455	396	1229	5830	317.0	2400	0	666	0
8	339	453	394	1224	5828	317.0	2400	355	444	1
8	707	891	599	2213	5819	316.0	2400	355	444	1
8	838	1047	672	2565	4618	738.0	2400	355	444	1
8	840	1048	673	2568	4446	888.0	2400	355	444	1
8	839	1047	672	2565	4443	888.0	2400	355	444	1
8	840	1048	673	2568	4442	888.0	2400	355	444	1
8	839	1047	671	2565	4443	888.0	2400	355	444	1
8	840	1049	674	2571	4438	889.0	2400	355	444	1
8	838	1046	671	2562	4448	889.0	2400	355	444	1
8	841	1050	674	2572	4441	887.0	2400	355	444	1
8	837	1046	671	2562	4444	890.0	2400	355	444	1
8	840	1049	674	2571	4445	888.0	2400	355	444	1
8	837	1046	671	2562	4448	889.0	2400	355	444	1
8	837	1046	671	2562	4445	888.0	2400	355	444	1
8	838	1048	673	2567	4445	888.0	2400	355	444	1
8	837	1045	671	2560	4450	889.0	2400	355	444	1
8	839	1050	674	2571	4445	886.0	2400	355	444	1
8	836	1045	670	2560	4451	891.0	2400	355	444	1
8	840	1050	674	2571	4444	887.0	2400	355	444	1
8	837	1046	671	2561	4448	891.0	2400	355	444	1
8	839	1049	673	2569	4445	888.0	2400	355	444	1
8	837	1047	671	2563	4447	890.0	2400	355	444	1
8	838	1049	673	2568	4445	889.0	2400	355	444	1
8	837	1047	672	2564	4450	891.0	2400	355	444	1
8	838	1049	674	2570	4449	888.0	2400	355	444	1
8	837	1046	671	2562	4455	890.0	2400	355	444	1
8	840	1049	673	2571	4445	888.0	2400	355	444	1
8	837	1046	671	2561	4443	890.0	2400	355	444	0
8	839	1049	673	2570	4445	888.0	2400	355	444	0
8	374	494	413	1316	4447	890.0	2400	355	444	0
8	340	455	396	1229	5598	356.0	2400	355	444	0
8	340	455	396	1224	5828	317.0	2400	355	444	0
8	339	454	395	1225	5828	317.0	2400	355	444	0
8	340	455	396	1229	5830	317.0	2400	355	444	0
9	339	454	395	1226	5828	317.0	2400	711	222	1
9	1191	644	540	2328	5830	317.0	2400	711	222	1
9	1505	713	592	2731	3077	234.0	2400	711	222	1
9	1504	713	593	2731	2828	203.0	2400	711	222	1
9	1504	713	592	2730	2831	203.0	2400	711	222	1
9	1505	713	592	2732	2829	203.0	2400	711	222	1
9	1503	713	592	2729	2828	203.0	2400	711	222	1
9	1505	713	592	2731	2830	204.0	2400	711	222	1
9	1503	713	592	2730	2828	203.0	2400	711	222	1
9	1505	712	592	2731	2830	204.0	2400	711	222	1
9	1504	714	593	2732	2828	201.0	2400	711	222	1
9	1504	712	592	2729	2831	204.0	2400	711	222	1
9	1506	714	593	2734	2829	202.0	2400	711	222	1
9	1502	712	591	2726	2829	203.0	2400	711	222	1
9	1506	714	593	2734	2828	203.0	2400	711	222	1
9	1502	711	591	2725	2829	203.0	2400	711	222	1
9	1502	711	591	2725	2828	202.0	2400	711	222	1
9	1506	714	593	2735	2828	202.0	2400	711	222	1
9	1503	712	591	2727	2829	203.0	2400	711	222	1
9	1505	714	593	2734	2827	203.0	2400	711	222	1
9	1504	712	591	2728	2830	204.0	2400	711	222	1
9	1504	714	593	2732	2826	202.0	2400	711	222	1
9	1504	711	591	2727	2831	204.0	2400	711	222	1
9	1504	714	593	2732	2826	201.0	2400	711	222	1
9	1504	712	591	2728	2831	204.0	2400	711	222	1
9	1504	714	593	2733	2826	202.0	2400	711	222	1
9	1504	711	591	2727	2831	204.0	2400	711	222	1
9	1505	715	594	2735	2826	201.0	2400	711	222	0
9	1502	711	591	2724	2833	205.0	2400	711	222	0
9	374	463	402	1273	2826	202.0	2400	711	222	0
9	338	453	394	1223	5486	315.0	2400	711	222	0
9	341	456	397	1231	5832	316.0	2400	711	222	0
9	339	453	394	1223	5826	318.0	2400	711	222	0
9	340	456	396	1230	5819	316.0	2400	711	222	0
10	340	456	396	1230	5828	319.0	2400	1066	0	1
10	1601	524	532	2559	5828	319.0	2400	1066	0	1
10	2204	560	599	3201	2576	0.0	2400	1066	0	1
10	2207	558	598	3200	2320	0.0	2400	1066	0	1
10	2204	560	599	3201	2317	0.0	2400	1066	0	1
10	2206	558	598	3200	2320	0.0	2400	1066	0	1
10	2206	560	599	3202	2317	0.0	2400	1066	0	1
10	2204	558	598	3198	2319	0.0	2400	1066	0	1
10	2207	560	599	3204	2318	0.0	2400	1066	0	1
10	2203	558	598	3197	2319	0.0	2400	1066	0	1
10	2207	559	599	3203	2319	0.0	2400	1066	0	1
10	2203	559	598	3197	2319	0.0	2400	1066	0	1
10	2207	559	599	3203	2319	0.0	2400	1066	0	1
10	2204	559	598	3199	2319	0.0	2400	1066	0	1
10	2205	559	598	3200	2318	0.0	2400	1066	0	1
10	2206	559	599	3201	2318	0.0	2400	1066	0	1
10	2202	558	598	3197	2319	0.0	2400	1066	0	1
10	2207	559	599	3203	2321	0.0	2400	1066	0	1
10	2207	560	599	3203	2319	0.0	2400	1066	0	1
10	2202	558	597	3195	2319	0.0	2400	1066	0	1
10	2206	560	599	3203	2317	0.0	2400	1066	0	1
10	2205	558	598	3198	2319	0.0	2400	1066	0	1
10	2204	560	599	3201	2318	0.0	2400	1066	0	1
10	2205	558	597	3198	2320	0.0	2400	1066	0	1
10	2203	560	599	3200	2316	0.0	2400	1066	0	1
10	2206	558	597	3198	2321	0.0	2400	1066	0	1
10	2203	560	599	3201	2316	0.0	2400	1066	0	1
10	2205	558	597	3197	2322	0.0	2400	1066	0	0
10	2204	560	599	3201	2316	0.0	2400	1066	0	0
10	498	462	411	1391	2320	0.0	2400	1066	0	0
10	340	456	396	1230	4535	266.0	2400	1066	0	0
10	338	453	394	1222	5828	319.0	2400	1066	0	0
10	340	456	396	1230	5832	316.0	2400	1066	0	0
10	338	452	394	1221	5828	319.0	2400	1066	0	0
11	340	456	396	1230	5832	315.0	2400	0	888	1
11	338	452	394	1221	5828	319.0	2400	0	888	1
11	503	1814	964	2762	5832	315.0	2400	0	888	1
11	505	1814	965	3360	12399	1994.0	2400	0	888	1
11	503	1813	963	3354	8671	1992.0	2400	0	888	1
11	505	1816	966	3362	8685	1993.0	2400	0	888	1
11	502	1811	962	3350	8679	1995.0	2400	0	888	1
11	504	1816	965	3361	8692	1991.0	2400	0	888	1
11	501	1810	962	3348	8685	1996.0	2400	0	888	1
11	503	1815	965	3358	8706	1990.0	2400	0	888	1
11	501	1809	961	3346	8700	1995.0	2400	0	888	1
11	502	1812	963	3352	8699	1989.0	2400	0	888	1
11	500	1810	961	3346	8699	1992.0	2400	0	888	1
11	500	1808	961	3345	8713	1991.0	2400	0	888	1
11	499	1809	960	3344	8713	1987.0	2400	0	888	1
11	500	1807	960	3342	8720	1990.0	2400	0	888	1
11	499	1808	960	3341	8706	1987.0	2400	0	888	1
11	499	1807	959	3340	8720	1989.0	2400	0	888	1
11	498	1805	958	3336	8713	1988.0	2400	0	888	1
11	498	1808	959	3340	8720	1986.0	2400	0	888	1
11	498	1804	957	3333	8727	1990.0	2400	0	888	1
11	498	1805	958	3335	8712	1985.0	2400	0	888	1
11	498	1808	959	3340	8720	1986.0	2400	0	888	1
11	498	1805	958	3337	8727	1990.0	2400	0	888	1
11	498	1807	959	3339	8720	1986.0	2400	0	888	1
11	499	1807	959	3340	8727	1988.0	2400	0	888	1
11	498	1805	958	3335	8713	1988.0	2400	0	888	1
11	499	1808	960	3342	8720	1986.0	2400	0	888	1
11	497	1804	957	3332	8720	1989.0	2400	0	888	0
11	346	555	434	1375	8727	1985.0	2400	0	888	0
11	331	443	386	1196	6170	446.0	2400	0	888	0
11	332	444	388	1200	5834	309.0	2400	0	888	0
11	330	442	386	1194	5843	309.0	2400	0	888	0
11	332	444	388	1200	5847	307.0	2400	0	888	0
12	330	442	386	1194	5843	309.0	2400	355	666	1
12	332	445	388	1202	5847	307.0	2400	355	666	1
12	726	1163	712	2624	5843	310.0	2400	355	666	1
12	881	1443	839	3181	5127	1078.0	2400	355	666	1
12	880	1442	838	3178	5019	1377.0	2400	355	666	1
12	879	1442	838	3177	5019	1376.0	2400	355	666	1
12	880	1443	839	3180	5023	1377.0	2400	355	666	1
12	879	1442	838	3176	5023	1377.0	2400	355	666	1
12	880	1444	840	3182	5023	1377.0	2400	355	666	1
12	879	1440	837	3173	5027	1378.0	2400	355	666	1
12	880	1445	840	3183	5018	1374.0	2400	355	666	1
12	878	1440	836	3172	5027	1380.0	2400	355	666	1
12	881	1445	840	3184	5018	1375.0	2400	355	666	1
12	878	1440	837	3172	5023	1379.0	2400	355	666	1
12	881	1445	840	3185	5023	1375.0	2400	355	666	1
12	878	1440	837	3174	5023	1379.0	2400	355	666	1
12	881	1443	839	3181	5023	1375.0	2400	355	666	1
12	878	1442	837	3175	5019	1377.0	2400	355	666	1
12	879	1442	839	3178	5023	1378.0	2400	355	666	1
12	879	1442	837	3176	5027	1376.0	2400	355	666	1
12	879	1442	838	3178	5018	1378.0	2400	355	666	1
12	879	1442	837	3176	5023	1377.0	2400	355	666	1
12	879	1442	838	3178	5018	1378.0	2400	355	666	1
12	878	1442	838	3176	5023	1377.0	2400	355	666	1
12	876	1438	835	3166	5027	1377.0	2400	355	666	1
12	878	1441	837	3174	5022	1374.0	2400	355	666	1
12	876	1438	835	3168	5023	1376.0	2400	355	666	1
12	879	1443	838	3178	5022	1374.0	2400	355	666	1
12	878	1441	837	3174	5023	1378.0	2400	355	666	0
12	354	483	405	1278	5023	1376.0	2400	355	666	0
12	331	443	387	1197	5749	350.0	2400	355	666	0
12	331	443	387	1197	5845	308.0	2400	355	666	0
12	330	443	386	1196	5845	308.0	2400	355	666	0
12	330	442	386	1195	5847	309.0	2400	355	666	0
12	330	442	386	1195	5847	307.0	2400	355	666	0
13	330	442	386	1194	5847	307.0	2400	711	444	1
13	1133	864	622	2586	5847	307.0	2400	711	444	1
13	1540	1078	741	3290	3458	540.0	2400	711	444	1
13	1540	1078	742	3290	3179	659.0	2400	711	444	1
13	1541	1078	741	3290	3180	658.0	2400	711	444	1
13	1540	1078	741	3289	3177	658.0	2400	711	444	1
13	1540	1079	742	3290	3178	659.0	2400	711	444	1
13	1541	1076	741	3288	3180	660.0	2400	711	444	1
13	1542	1079	743	3294	3177	655.0	2400	711	444	1
13	1538	1076	740	3284	3180	658.0	2400	711	444	1
13	1542	1079	743	3295	3178	657.0	2400	711	444	1
13	1538	1075	740	3283	3182	658.0	2400	711	444	1
13	1542	1079	742	3294	3178	655.0	2400	711	444	1
13	1538	1077	740	3285	3179	659.0	2400	711	444	1
13	1541	1078	742	3292	3178	658.0	2400	711	444	1
13	1541	1078	741	3290	3180	658.0	2400	711	444	1
13	1541	1080	743	3295	3177	658.0	2400	711	444	1
13	1542	1079	742	3294	3183	660.0	2400	711	444	1
13	1542	1082	745	3301	3179	659.0	2400	711	444	1
13	1542	1079	743	3294	3187	661.0	2400	711	444	1
13	1545	1084	746	3306	3180	658.0	2400	711	444	1
13	1540	1079	742	3292	3186	663.0	2400	711	444	1
13	1545	1083	746	3305	3182	660.0	2400	711	444	1
13	1539	1078	742	3291	3186	661.0	2400	711	444	1
13	1542	1079	743	3296	3183	658.0	2400	711	444	1
13	1540	1080	744	3295	3182	658.0	2400	711	444	1
13	1541	1079	743	3294	3187	660.0	2400	711	444	1
13	1541	1082	745	3299	3183	658.0	2400	711	444	0
13	450	505	422	1403	3188	662.0	2400	711	444	0
13	333	447	390	1207	4963	342.0	2400	711	444	0
13	331	444	388	1200	5853	311.0	2400	711	444	0
13	333	447	391	1208	5857	309.0	2400	711	444	0
13	332	445	389	1203	5864	311.0	2400	711	444	0
13	334	448	392	1211	5855	309.0	2400	711	444	0
14	332	446	390	1205	5862	311.0	2400	1066	222	1
14	1664	659	586	2810	5866	310.0	2400	1066	222	1
14	2227	747	667	3483	2657	71.0	2400	1066	222	1
14	2224	749	668	3485	2433	0.0	2400	1066	222	1
14	2226	748	667	3484	2438	0.0	2400	1066	222	1
14	2227	750	669	3489	2435	0.0	2400	1066	222	1
14	2223	748	667	3482	2438	0.0	2400	1066	222	1
14	2229	750	669	3491	2437	0.0	2400	1066	222	1
14	2223	748	668	3483	2437	0.0	2400	1066	222	1
14	2226	748	668	3485	2438	0.0	2400	1066	222	1
14	2223	748	668	3482	2437	0.0	2400	1066	222	1
14	2226	748	667	3484	2438	0.0	2400	1066	222	1
14	2222	747	667	3479	2435	0.0	2400	1066	222	1
14	2226	747	667	3482	2437	0.0	2400	1066	222	1
14	2224	747	667	3479	2434	0.0	2400	1066	222	1
14	2221	745	666	3475	2435	0.0	2400	1066	222	1
14	2225	746	666	3478	2436	0.0	2400	1066	222	1
14	2220	745	666	3474	2433	0.0	2400	1066	222	1
14	2224	745	665	3476	2436	0.0	2400	1066	222	1
14	2222	745	666	3476	2431	0.0	2400	1066	222	1
14	2220	744	665	3471	2435	0.0	2400	1066	222	1
14	2224	745	666	3478	2433	0.0	2400	1066	222	1
14	2219	744	664	3470	2434	0.0	2400	1066	222	1
14	2224	745	666	3478	2433	0.0	2400	1066	222	1
14	2221	744	665	3472	2434	0.0	2400	1066	222	1
14	2221	746	666	3476	2433	0.0	2400	1066	222	1
14	2223	745	665	3475	2436	0.0	2400	1066	222	1
14	2223	744	665	3475	2432	0.0	2400	1066	222	0
14	521	477	419	1434	2433	0.0	2400	1066	222	0
14	331	446	389	1203	4455	277.0	2400	1066	222	0
14	333	448	391	1210	5868	311.0	2400	1066	222	0
14	332	446	389	1203	5864	312.0	2400	1066	222	0
14	333	448	391	1210	5855	311.0	2400	1066	222	0
14	331	445	389	1202	5864	312.0	2400	1066	222	0
15	333	448	391	1209	5868	310.0	2400	1422	0	1
15	2155	547	587	3129	5864	312.0	2400	1422	0	1
15	2923	592	673	3947	2321	0.0	2400	1422	0	1
15	2924	589	670	3942	2142	0.0	2400	1422	0	1
15	2928	592	673	3951	2138	0.0	2400	1422	0	1
15	2921	589	670	3939	2140	0.0	2400	1422	0	1
15	2929	592	673	3953	2139	0.0	2400	1422	0	1
15	2923	590	670	3941	2141	0.0	2400	1422	0	1
15	2926	593	673	3951	2137	0.0	2400	1422	0	1
15	2927	591	672	3949	2141	0.0	2400	1422	0	1
15	2925	595	674	3953	2140	0.0	2400	1422	0	1
15	2928	596	676	3959	2143	0.0	2400	1422	0	1
15	2925	593	673	3950	2145	0.0	2400	1422	0	1
15	2932	597	676	3964	2142	0.0	2400	1422	0	1
15	2924	593	673	3949	2144	0.0	2400	1422	0	1
15	2929	596	676	3961	2142	0.0	2400	1422	0	1
15	2927	593	673	3952	2145	0.0	2400	1422	0	1
15	2926	596	675	3956	2141	0.0	2400	1422	0	1
15	2929	593	673	3953	2144	0.0	2400	1422	0	1
15	2926	595	675	3955	2139	0.0	2400	1422	0	1
15	2925	592	672	3948	2144	0.0	2400	1422	0	1
15	2928	594	674	3955	2140	0.0	2400	1422	0	1
15	2921	590	671	3941	2142	0.0	2400	1422	0	1
15	2927	592	673	3952	2140	0.0	2400	1422	0	1
15	2920	588	669	3936	2141	0.0	2400	1422	0	1
15	2923	590	671	3944	2138	0.0	2400	1422	0	1
15	2923	587	669	3938	2139	0.0	2400	1422	0	1
15	2920	589	671	3939	2137	0.0	2400	1422	0	0
15	2924	587	669	3938	2140	0.0	2400	1422	0	0
15	490	440	385	1368	2135	0.0	2400	1422	0	0
15	329	442	387	1195	4384	253.0	2400	1422	0	0
15	327	439	384	1188	5872	307.0	2400	1422	0	0
15	328	441	386	1192	5865	305.0	2400	1422	0	0
15	326	438	384	1185	5874	307.0	2400	1422	0	0
16	327	439	385	1188	5878	304.0	2400	0	1111	1
16	464	1578	863	2974	5876	304.0	2400	0	1111	1
16	542	2208	1129	3966	8477	1708.0	2400	0	1111	1
16	540	2203	1126	3955	9327	2482.0	2400	0	1111	1
16	541	2208	1129	3965	9335	2477.0	2400	0	1111	1
16	540	2204	1127	3956	9341	2483.0	2400	0	1111	1
16	541	2206	1128	3961	9342	2478.0	2400	0	1111	1
16	540	2207	1128	3962	9334	2480.0	2400	0	1111	1
16	541	2205	1128	3960	9349	2482.0	2400	0	1111	1
16	541	2208	1129	3965	9334	2479.0	2400	0	1111	1
16	541	2206	1128	3963	9341	2483.0	2400	0	1111	1
16	540	2205	1128	3960	9334	2480.0	2400	0	1111	1
16	541	2209	1129	3965	9349	2479.0	2400	0	1111	1
16	540	2204	1127	3957	9341	2484.0	2400	0	1111	1
16	540	2207	1128	3962	9342	2478.0	2400	0	1111	1
16	541	2205	1128	3960	9349	2482.0	2400	0	1111	1
16	542	2209	1130	3968	9334	2479.0	2400	0	1111	1
16	541	2206	1129	3963	9334	2483.0	2400	0	1111	1
16	542	2210	1131	3970	9341	2479.0	2400	0	1111	1
16	542	2209	1130	3967	9341	2484.0	2400	0	1111	1
16	543	2208	1130	3967	9334	2483.0	2400	0	1111	1
16	543	2211	1131	3971	9319	2481.0	2400	0	1111	1
16	543	2208	1130	3967	9326	2485.0	2400	0	1111	1
16	543	2211	1131	3971	9319	2481.0	2400	0	1111	1
16	544	2210	1131	3972	9326	2485.0	2400	0	1111	1
16	543	2208	1130	3967	9312	2483.0	2400	0	1111	1
16	544	2213	1133	3976	9319	2481.0	2400	0	1111	1
16	543	2208	1130	3967	9326	2487.0	2400	0	1111	0
16	544	2212	1132	3976	9319	2481.0	2400	0	1111	0
16	354	653	475	1525	9319	2486.0	2400	0	1111	0
16	329	443	387	1197	6503	568.0	2400	0	1111	0
16	328	441	386	1192	5872	309.0	2400	0	1111	0
16	329	443	387	1195	5874	307.0	2400	0	1111	0
16	331	446	389	1204	5872	309.0	2400	0	1111	0
17	331	445	388	1201	5868	311.0	2400	355	888	1
17	740	1406	817	2996	5857	310.0	2400	355	888	1
17	928	1848	1013	3819	5597	1380.0	2400	355	888	1
17	931	1853	1016	3830	5549	1874.0	2400	355	888	1
17	928	1851	1014	3825	5548	1878.0	2400	355	888	1
17	931	1852	1016	3829	5554	1878.0	2400	355	888	1
17	930	1853	1015	3829	5548	1877.0	2400	355	888	1
17	932	1853	1017	3832	5549	1879.0	2400	355	888	1
17	930	1852	1015	3828	5548	1877.0	2400	355	888	1
17	932	1856	1018	3836	5549	1878.0	2400	355	888	1
17	930	1850	1015	3825	5552	1881.0	2400	355	888	1
17	932	1856	1018	3838	5549	1875.0	2400	355	888	1
17	929	1850	1014	3825	5552	1881.0	2400	355	888	1
17	933	1855	1018	3837	5549	1876.0	2400	355	888	1
17	930	1853	1016	3830	5548	1879.0	2400	355	888	1
17	931	1853	1017	3832	5553	1879.0	2400	355	888	1
17	931	1854	1017	3834	5552	1878.0	2400	355	888	1
17	930	1851	1015	3826	5552	1879.0	2400	355	888	1
17	932	1857	1018	3839	5549	1876.0	2400	355	888	1
17	930	1851	1015	3826	5552	1883.0	2400	355	888	1
17	933	1857	1018	3840	5549	1876.0	2400	355	888	1
17	929	1851	1015	3827	5548	1883.0	2400	355	888	1
17	932	1854	1017	3835	5553	1877.0	2400	355	888	1
17	930	1854	1016	3831	5548	1879.0	2400	355	888	1
17	932	1854	1017	3835	5553	1880.0	2400	355	888	1
17	931	1853	1015	3830	5548	1879.0	2400	355	888	1
17	932	1856	1018	3838	5544	1879.0	2400	355	888	1
17	930	1851	1015	3827	5552	1881.0	2400	355	888	0
17	934	1857	1019	3841	5549	1876.0	2400	355	888	0
17	407	619	467	1529	5547	1881.0	2400	355	888	0
17	337	452	394	1220	5762	503.0	2400	355	888	0
17	334	449	391	1213	5845	315.0	2400	355	888	0
17	336	452	393	1220	5851	314.0	2400	355	888	0
17	334	449	391	1213	5847	316.0	2400	355	888	0
18	335	449	391	1220	5851	314.0	2400	711	666	1
18	1194	1163	755	3085	5837	313.0	2400	711	666	1
18	1594	1490	921	3948	3784	895.0	2400	711	666	1
18	1597	1495	924	3959	3563	1160.0	2400	711	666	1
18	1593	1490	921	3948	3566	1164.0	2400	711	666	1
18	1597	1493	923	3957	3565	1160.0	2400	711	666	1
18	1594	1493	922	3952	3564	1162.0	2400	711	666	1
18	1595	1493	923	3954	3566	1164.0	2400	711	666	1
18	1596	1493	922	3955	3567	1163.0	2400	711	666	1
18	1595	1494	923	3955	3563	1163.0	2400	711	666	1
18	1595	1491	921	3951	3567	1164.0	2400	711	666	1
18	1597	1495	924	3958	3562	1161.0	2400	711	666	1
18	1594	1491	921	3949	3565	1164.0	2400	711	666	1
18	1597	1492	923	3955	3563	1161.0	2400	711	666	1
18	1593	1492	921	3951	3564	1160.0	2400	711	666	1
18	1594	1492	922	3952	3566	1163.0	2400	711	666	1
18	1597	1494	923	3957	3566	1162.0	2400	711	666	1
18	1594	1493	923	3954	3564	1164.0	2400	711	666	1
18	1595	1491	923	3952	3568	1163.0	2400	711	666	1
18	1594	1491	922	3951	3567	1159.0	2400	711	666	1
18	1596	1492	922	3954	3566	1161.0	2400	711	666	1
18	1594	1494	923	3954	3563	1161.0	2400	711	666	1
18	1594	1491	921	3950	3568	1165.0	2400	711	666	1
18	1597	1494	923	3957	3563	1161.0	2400	711	666	1
18	1593	1491	921	3950	3564	1164.0	2400	711	666	1
18	1596	1492	922	3954	3566	1162.0	2400	711	666	1
18	1595	1493	922	3953	3563	1161.0	2400	711	666	1
18	1594	1491	922	3950	3564	1163.0	2400	711	666	0
18	1596	1492	922	3953	3566	1161.0	2400	711	666	0
18	441	538	437	1447	3563	1161.0	2400	711	666	0
18	335	450	392	1216	5166	386.0	2400	711	666	0
18	336	452	393	1220	5849	314.0	2400	711	666	0
18	335	450	392	1216	5847	316.0	2400	711	666	0
18	337	452	394	1220	5849	314.0	2400	711	666	0
19	335	450	392	1215	5845	315.0	2400	1066	444	1
19	337	452	394	1221	5849	314.0	2400	1066	444	1
19	1536	870	662	2992	5845	315.0	2400	1066	444	1
19	2272	1126	826	4078	2978	389.0	2400	1066	444	1
19	2274	1130	829	4087	2695	435.0	2400	1066	444	1
19	2269	1126	826	4075	2699	438.0	2400	1066	444	1
19	2275	1129	828	4087	2697	436.0	2400	1066	444	1
19	2270	1127	826	4078	2698	437.0	2400	1066	444	1
19	2272	1128	828	4082	2697	437.0	2400	1066	444	1
19	2273	1127	827	4080	2699	436.0	2400	1066	444	1
19	2271	1129	828	4083	2696	435.0	2400	1066	444	1
19	2271	1126	826	4076	2700	438.0	2400	1066	444	1
19	2275	1130	829	4088	2696	435.0	2400	1066	444	1
19	2269	1125	826	4074	2699	438.0	2400	1066	444	1
19	2274	1129	829	4086	2697	434.0	2400	1066	444	1
19	2271	1127	826	4078	2699	436.0	2400	1066	444	1
19	2271	1129	828	4083	2696	436.0	2400	1066	444	1
19	2273	1127	826	4080	2700	438.0	2400	1066	444	1
19	2271	1130	829	4085	2695	436.0	2400	1066	444	1
19	2271	1125	826	4076	2702	439.0	2400	1066	444	1
19	2275	1130	829	4088	2696	433.0	2400	1066	444	1
19	2275	1129	828	4086	2699	438.0	2400	1066	444	1
19	2270	1126	826	4076	2697	437.0	2400	1066	444	1
19	2271	1128	828	4081	2696	435.0	2400	1066	444	1
19	2273	1126	826	4079	2699	437.0	2400	1066	444	1
19	2271	1130	829	4085	2695	434.0	2400	1066	444	1
19	2270	1126	826	4076	2702	439.0	2400	1066	444	1
19	2275	1130	829	4089	2696	435.0	2400	1066	444	1
19	2269	1126	826	4076	2700	438.0	2400	1066	444	0
19	621	551	457	1640	2698	436.0	2400	1066	444	0
19	335	450	392	1214	4194	333.0	2400	1066	444	0
19	337	453	394	1222	5849	314.0	2400	1066	444	0
19	335	450	392	1215	5845	317.0	2400	1066	444	0
19	337	453	394	1222	5849	314.0	2400	1066	444	0
20	335	450	392	1215	5845	317.0	2400	1422	222	1
20	337	453	394	1222	5849	314.0	2400	1422	222	1
20	2057	674	626	3215	5845	317.0	2400	1422	222	1
20	2956	792	749	4263	2455	0.0	2400	1422	222	1
20	2957	790	748	4260	2239	0.0	2400	1422	222	1
20	2955	790	747	4258	2237	0.0	2400	1422	222	1
20	2956	792	749	4263	2236	0.0	2400	1422	222	1
20	2951	790	747	4254	2239	0.0	2400	1422	222	1
20	2958	792	749	4264	2237	0.0	2400	1422	222	1
20	2952	790	747	4255	2238	0.0	2400	1422	222	1
20	2954	791	748	4259	2237	0.0	2400	1422	222	1
20	2956	791	748	4259	2238	0.0	2400	1422	222	1
20	2952	791	748	4256	2236	0.0	2400	1422	222	1
20	2955	790	748	4258	2239	0.0	2400	1422	222	1
20	2953	791	748	4258	2238	0.0	2400	1422	222	1
20	2951	790	748	4255	2238	0.0	2400	1422	222	1
20	2956	791	749	4261	2239	0.0	2400	1422	222	1
20	2951	791	748	4255	2239	0.0	2400	1422	222	1
20	2956	791	748	4260	2239	0.0	2400	1422	222	1
20	2954	791	748	4258	2237	0.0	2400	1422	222	1
20	2952	790	748	4255	2238	0.0	2400	1422	222	1
20	2957	791	749	4262	2239	0.0	2400	1422	222	1
20	2950	790	747	4254	2238	0.0	2400	1422	222	1
20	2953	790	748	4259	2239	0.0	2400	1422	222	1
20	2951	791	748	4256	2239	0.0	2400	1422	222	1
20	2955	790	748	4258	2239	0.0	2400	1422	222	1
20	2950	791	748	4255	2238	0.0	2400	1422	222	1
20	2953	790	747	4256	2239	0.0	2400	1422	222	1
20	2956	792	749	4261	2237	0.0	2400	1422	222	0
20	719	500	444	1661	2238	0.0	2400	1422	222	0
20	336	452	393	1220	3741	230.0	2400	1422	222	0
20	335	450	392	1214	5847	316.0	2400	1422	222	0
20	336	452	393	1220	5849	314.0	2400	1422	222	0
20	335	450	392	1214	5847	316.0	2400	1422	222	0
20	337	452	393	1220	5849	314.0	2400	1422	222	0
21	335	450	391	1214	5834	316.0	2400	1777	0	1
21	2513	575	631	3523	5837	315.0	2400	1777	0	1
21	3657	636	754	4728	2231	0.0	2400	1777	0	1
21	3658	639	756	4734	2039	0.0	2400	1777	0	1
21	3653	636	753	4724	2041	0.0	2400	1777	0	1
21	3661	639	756	4737	2038	0.0	2400	1777	0	1
21	3652	636	756	4722	2040	0.0	2400	1777	0	1
21	3655	636	753	4725	2040	0.0	2400	1777	0	1
21	3654	639	756	4730	2038	0.0	2400	1777	0	1
21	3658	636	754	4728	2041	0.0	2400	1777	0	1
21	3653	639	755	4729	2037	0.0	2400	1777	0	1
21	3654	636	753	4724	2040	0.0	2400	1777	0	1
21	3658	639	756	4734	2038	0.0	2400	1777	0	1
21	3650	635	753	4720	2041	0.0	2400	1777	0	1
21	3658	639	756	4735	2039	0.0	2400	1777	0	1
21	3653	636	753	4723	2041	0.0	2400	1777	0	1
21	3653	638	755	4729	2038	0.0	2400	1777	0	1
21	3657	636	753	4727	2041	0.0	2400	1777	0	1
21	3652	638	755	4728	2037	0.0	2400	1777	0	1
21	3653	635	753	4723	2041	0.0	2400	1777	0	1
21	3657	639	756	4733	2038	0.0	2400	1777	0	1
21	3650	636	753	4720	2041	0.0	2400	1777	0	1
21	3658	639	756	4735	2039	0.0	2400	1777	0	1
21	3653	636	753	4724	2041	0.0	2400	1777	0	1
21	3653	639	756	4729	2038	0.0	2400	1777	0	1
21	3652	639	755	4728	2041	0.0	2400	1777	0	1
21	3653	636	753	4724	2041	0.0	2400	1777	0	1
21	3656	638	756	4732	2038	0.0	2400	1777	0	0
21	698	470	431	1599	2041	0.0	2400	1777	0	0
21	337	452	394	1222	3743	199.0	2400	1777	0	0
21	335	450	392	1215	5845	315.0	2400	1777	0	0
21	337	452	394	1221	5849	314.0	2400	1777	0	0
21	335	450	392	1215	5845	315.0	2400	1777	0	0
21	336	452	394	1221	5849	314.0	2400	1777	0	0
22	335	450	392	1216	5858	315.0	2400	0	1333	1
22	494	1750	942	3261	5849	314.0	2400	0	1333	1
22	599	2625	1311	4635	8656	1912.0	2400	0	1333	1
22	600	2623	1311	4633	9729	2989.0	2400	0	1333	1
22	600	2627	1311	4637	9715	2985.0	2400	0	1333	1
22	600	2624	1311	4635	9715	2992.0	2400	0	1333	1
22	599	2623	1310	4631	9715	2987.0	2400	0	1333	1
22	601	2628	1312	4640	9723	2986.0	2400	0	1333	1
22	600	2622	1310	4632	9708	2992.0	2400	0	1333	1
22	600	2625	1311	4636	9709	2984.0	2400	0	1333	1
22	600	2623	1310	4632	9715	2988.0	2400	0	1333	1
22	600	2627	1312	4639	9709	2986.0	2400	0	1333	1
22	600	2623	1310	4632	9722	2991.0	2400	0	1333	1
22	600	2624	1311	4634	9709	2986.0	2400	0	1333	1
22	600	2627	1312	4638	9715	2987.0	2400	0	1333	1
22	600	2623	1310	4632	9722	2991.0	2400	0	1333	1
22	600	2626	1311	4636	9709	2986.0	2400	0	1333	1
22	600	2625	1311	4635	9715	2990.0	2400	0	1333	1
22	599	2622	1310	4630	9715	2988.0	2400	0	1333	1
22	600	2627	1312	4640	9723	2985.0	2400	0	1333	1
22	599	2621	1309	4629	9722	2991.0	2400	0	1333	1
22	600	2626	1312	4638	9717	2984.0	2400	0	1333	1
22	599	2624	1310	4632	9722	2989.0	2400	0	1333	1
22	600	2623	1310	4632	9723	2988.0	2400	0	1333	1
22	599	2626	1311	4635	9709	2986.0	2400	0	1333	1
22	600	2623	1311	4634	9729	2990.0	2400	0	1333	1
22	599	2623	1309	4630	9715	2985.0	2400	0	1333	1
22	599	2621	1309	4628	9717	2987.0	2400	0	1333	0
22	381	819	549	1797	9717	2984.0	2400	0	1333	0
22	335	450	392	1214	6881	767.0	2400	0	1333	0
22	337	452	394	1221	5849	314.0	2400	0	1333	0
22	335	450	392	1214	5845	315.0	2400	0	1333	0
22	337	452	394	1221	5849	314.0	2400	0	1333	0
22	335	450	392	1214	5845	315.0	2400	0	1333	0
23	337	453	394	1222	5849	314.0	2400	355	1111	1
23	744	1595	897	3276	5845	317.0	2400	355	1111	1
23	984	2264	1194	4484	5984	1619.0	2400	355	1111	1
23	980	2257	1189	4469	6014	2380.0	2400	355	1111	1
23	982	2262	1192	4479	6013	2373.0	2400	355	1111	1
23	979	2261	1191	4473	6015	2379.0	2400	355	1111	1
23	981	2260	1192	4476	6026	2379.0	2400	355	1111	1
23	980	2261	1191	4474	6020	2376.0	2400	355	1111	1
23	981	2262	1192	4477	6021	2378.0	2400	355	1111	1
23	979	2257	1189	4467	6020	2379.0	2400	355	1111	1
23	981	2264	1193	4481	6018	2374.0	2400	355	1111	1
23	982	2263	1193	4467	6024	2381.0	2400	355	1111	1
23	979	2259	1190	4472	6019	2379.0	2400	355	1111	1
23	983	2261	1192	4479	6022	2376.0	2400	355	1111	1
23	981	2261	1191	4477	6011	2377.0	2400	355	1111	1
23	982	2261	1192	4478	6016	2378.0	2400	355	1111	1
23	981	2259	1190	4473	6015	2377.0	2400	355	1111	1
23	982	2264	1193	4483	6012	2376.0	2400	355	1111	1
23	980	2258	1190	4470	6019	2381.0	2400	355	1111	1
23	983	2264	1194	4484	6017	2374.0	2400	355	1111	1
23	980	2259	1190	4472	6018	2380.0	2400	355	1111	1
23	983	2260	1192	4478	6017	2376.0	2400	355	1111	1
23	981	2262	1191	4477	6011	2375.0	2400	355	1111	1
23	982	2260	1192	4477	6016	2380.0	2400	355	1111	1
23	981	2259	1190	4473	6015	2375.0	2400	355	1111	1
23	982	2264	1193	4481	6012	2376.0	2400	355	1111	1
23	980	2258	1189	4470	6019	2381.0	2400	355	1111	1
23	983	2264	1193	4482	6013	2375.0	2400	355	1111	0
23	980	2259	1190	4471	6014	2381.0	2400	355	1111	0
23	448	761	530	1778	6017	2376.0	2400	355	1111	0
23	336	452	393	1220	5898	667.0	2400	355	1111	0
23	335	450	392	1216	5847	316.0	2400	355	1111	0
23	336	452	393	1219	5849	314.0	2400	355	1111	0
23	336	451	393	1217	5847	316.0	2400	355	1111	0
24	336	452	393	1220	5847	315.0	2400	711	888	1
24	1161	1366	837	3350	5847	316.0	2400	711	888	1
24	1645	1899	1097	4596	4131	1166.0	2400	711	888	1
24	1642	1896	1095	4588	3914	1660.0	2400	711	888	1
24	1645	1896	1095	4591	3914	1658.0	2400	711	888	1
24	1642	1898	1096	4592	3909	1657.0	2400	711	888	1
24	1642	1895	1095	4588	3916	1660.0	2400	711	888	1
24	1645	1899	1097	4595	3914	1656.0	2400	711	888	1
24	1641	1895	1095	4587	3913	1660.0	2400	711	888	1
24	1644	1896	1095	4591	3916	1656.0	2400	711	888	1
24	1642	1898	1096	4590	3911	1657.0	2400	711	888	1
24	1643	1896	1095	4589	3916	1660.0	2400	711	888	1
24	1644	1898	1096	4593	3912	1657.0	2400	711	888	1
24	1642	1897	1096	4590	3913	1659.0	2400	711	888	1
24	1644	1899	1097	4595	3916	1658.0	2400	711	888	1
24	1641	1894	1094	4584	3916	1660.0	2400	711	888	1
24	1645	1897	1096	4593	3913	1655.0	2400	711	888	1
24	1641	1897	1095	4587	3912	1657.0	2400	711	888	1
24	1643	1896	1095	4589	3915	1659.0	2400	711	888	1
24	1643	1897	1095	4590	3912	1657.0	2400	711	888	1
24	1642	1897	1096	4590	3912	1659.0	2400	711	888	1
24	1643	1894	1094	4586	3916	1658.0	2400	711	888	1
24	1644	1900	1097	4596	3910	1655.0	2400	711	888	1
24	1641	1894	1094	4584	3916	1662.0	2400	711	888	1
24	1646	1900	1098	4598	3913	1655.0	2400	711	888	1
24	1641	1895	1094	4585	3914	1660.0	2400	711	888	1
24	1645	1897	1096	4594	3913	1657.0	2400	711	888	1
24	1642	1897	1095	4589	3912	1657.0	2400	711	888	0
24	1643	1897	1096	4591	3914	1659.0	2400	711	888	0
24	509	640	484	1660	3915	1658.0	2400	711	888	0
24	337	453	394	1222	5013	490.0	2400	711	888	0
24	335	450	392	1214	5845	317.0	2400	711	888	0
24	335	450	392	1214	5849	314.0	2400	711	888	0
24	337	453	394	1223	5849	314.0	2400	711	888	0
25	335	450	392	1214	5845	317.0	2400	1066	666	1
25	1470	1071	742	3222	5849	314.0	2400	1066	666	1
25	2322	1533	1001	4720	3274	670.0	2400	1066	666	1
25	2320	1534	1002	4722	2968	933.0	2400	1066	666	1
25	2321	1530	1000	4716	2972	934.0	2400	1066	666	1
25	2322	1535	1003	4725	2968	929.0	2400	1066	666	1
25	2317	1530	999	4712	2972	934.0	2400	1066	666	1
25	2323	1534	1002	4725	2969	931.0	2400	1066	666	1
25	2318	1532	1000	4716	2970	933.0	2400	1066	666	1
25	2319	1533	1002	4719	2970	933.0	2400	1066	666	1
25	2320	1532	1000	4718	2972	933.0	2400	1066	666	1
25	2318	1535	1002	4721	2968	932.0	2400	1066	666	1
25	2317	1531	1000	4713	2973	936.0	2400	1066	666	1
25	2321	1535	1003	4725	2970	932.0	2400	1066	666	1
25	2318	1531	1000	4714	2973	935.0	2400	1066	666	1
25	2323	1533	1002	4724	2970	932.0	2400	1066	666	1
25	2319	1533	1002	4720	2970	932.0	2400	1066	666	1
25	2322	1531	1000	4719	2972	933.0	2400	1066	666	1
25	2320	1535	1002	4724	2967	930.0	2400	1066	666	1
25	2317	1531	1000	4714	2973	936.0	2400	1066	666	1
25	2323	1534	1002	4724	2970	932.0	2400	1066	666	1
25	2317	1533	1001	4717	2970	933.0	2400	1066	666	1
25	2319	1533	1001	4719	2972	934.0	2400	1066	666	1
25	2322	1533	1001	4722	2971	934.0	2400	1066	666	1
25	2319	1534	1002	4720	2969	933.0	2400	1066	666	1
25	2320	1531	1000	4718	2972	934.0	2400	1066	666	1
25	2321	1535	1002	4724	2969	931.0	2400	1066	666	1
25	2318	1531	1000	4715	2971	935.0	2400	1066	666	0
25	2322	1533	1001	4721	2970	932.0	2400	1066	666	0
25	723	662	511	1901	2969	933.0	2400	1066	666	0
25	336	451	393	1218	4083	436.0	2400	1066	666	0
25	336	451	393	1217	5847	315.0	2400	1066	666	0
25	336	451	393	1218	5847	315.0	2400	1066	666	0
25	336	451	393	1218	5847	315.0	2400	1066	666	0
26	336	451	393	1218	5847	315.0	2400	1422	444	1
26	1956	887	705	3427	5847	315.0	2400	1422	444	1
26	2999	1170	907	4852	2687	248.0	2400	1422	444	1
26	2994	1167	906	4844	2440	209.0	2400	1422	444	1
26	3000	1168	907	4850	2441	206.0	2400	1422	444	1
26	2996	1168	906	4847	2439	205.0	2400	1422	444	1
26	2994	1168	906	4845	2440	207.0	2400	1422	444	1
26	2999	1167	906	4847	2441	208.0	2400	1422	444	1
26	2995	1169	907	4848	2438	205.0	2400	1422	444	1
26	2993	1167	905	4841	2442	208.0	2400	1422	444	1
26	2999	1169	907	4851	2439	207.0	2400	1422	444	1
26	2992	1168	906	4842	2440	207.0	2400	1422	444	1
26	2994	1168	907	4845	2441	209.0	2400	1422	444	1
26	2997	1168	906	4846	2441	207.0	2400	1422	444	1
26	2995	1169	907	4848	2439	207.0	2400	1422	444	1
26	2999	1167	906	4847	2442	208.0	2400	1422	444	1
26	3001	1170	908	4855	2438	205.0	2400	1422	444	1
26	2993	1167	905	4842	2440	207.0	2400	1422	444	1
26	3001	1169	908	4853	2440	207.0	2400	1422	444	1
26	2997	1169	907	4850	2440	206.0	2400	1422	444	1
26	2998	1166	905	4846	2441	208.0	2400	1422	444	1
26	3002	1170	908	4855	2438	204.0	2400	1422	444	1
26	2995	1166	905	4842	2440	207.0	2400	1422	444	1
26	3001	1169	908	4854	2438	205.0	2400	1422	444	1
26	2998	1167	906	4847	2440	206.0	2400	1422	444	1
26	2997	1169	907	4849	2439	205.0	2400	1422	444	1
26	3001	1166	905	4848	2440	208.0	2400	1422	444	1
26	2998	1171	908	4853	2436	203.0	2400	1422	444	1
26	2993	1166	905	4839	2441	210.0	2400	1422	444	0
26	867	595	496	1944	2439	206.0	2400	1422	444	0
26	335	450	392	1214	3557	294.0	2400	1422	444	0
26	337	453	394	1223	5849	314.0	2400	1422	444	0
26	335	450	392	1214	5845	317.0	2400	1422	444	0
26	337	453	394	1223	5849	314.0	2400	1422	444	0
27	335	450	392	1214	5845	317.0	2400	1777	222	1
27	337	453	394	1223	5849	314.0	2400	1777	222	1
27	2350	679	654	3509	5845	317.0	2400	1777	222	1
27	3676	830	826	5019	2345	0.0	2400	1777	222	1
27	3675	833	828	5023	2116	0.0	2400	1777	222	1
27	3678	830	826	5020	2118	0.0	2400	1777	222	1
27	3673	833	828	5021	2114	0.0	2400	1777	222	1
27	3671	829	825	5013	2118	0.0	2400	1777	222	1
27	3676	833	828	5025	2116	0.0	2400	1777	222	1
27	3667	830	825	5010	2118	0.0	2400	1777	222	1
27	3673	832	828	5021	2116	0.0	2400	1777	222	1
27	3671	830	825	5014	2118	0.0	2400	1777	222	1
27	3668	832	827	5015	2116	0.0	2400	1777	222	1
27	3670	829	825	5012	2118	0.0	2400	1777	222	1
27	3672	833	828	5020	2116	0.0	2400	1777	222	1
27	3665	829	825	5008	2119	0.0	2400	1777	222	1
27	3673	832	828	5020	2118	0.0	2400	1777	222	1
27	3669	830	826	5013	2118	0.0	2400	1777	222	1
27	3667	832	827	5015	2117	0.0	2400	1777	222	1
27	3671	830	826	5014	2120	0.0	2400	1777	222	1
27	3669	832	827	5017	2117	0.0	2400	1777	222	1
27	3673	832	828	5021	2119	0.0	2400	1777	222	1
27	3671	830	826	5015	2118	0.0	2400	1777	222	1
27	3669	832	827	5016	2117	0.0	2400	1777	222	1
27	3675	830	826	5018	2118	0.0	2400	1777	222	1
27	3672	832	827	5019	2116	0.0	2400	1777	222	1
27	3667	829	825	5009	2118	0.0	2400	1777	222	1
27	3679	832	828	5026	2116	0.0	2400	1777	222	1
27	3667	830	826	5011	2117	0.0	2400	1777	222	0
27	884	514	465	1844	2118	0.0	2400	1777	222	0
27	336	451	392	1217	3376	183.0	2400	1777	222	0
27	337	452	394	1221	5836	315.0	2400	1777	222	0
27	335	451	392	1216	5845	315.0	2400	1777	222	0
27	336	452	393	1220	5849	316.0	2400	1777	222	0
27	335	451	392	1216	5847	316.0	2400	1777	222	0
28	336	452	393	1220	5849	316.0	2400	2133	0	1
28	2522	573	631	3530	5847	316.0	2400	2133	0	1
28	4374	678	834	5489	2228	0.0	2400	2133	0	1
28	4374	677	833	5488	1971	0.0	2400	2133	0	1
28	4371	677	833	5484	1970	0.0	2400	2133	0	1
28	4373	678	833	5487	1970	0.0	2400	2133	0	1
28	4376	677	833	5490	1970	0.0	2400	2133	0	1
28	4370	678	833	5484	1970	0.0	2400	2133	0	1
28	4371	678	833	5485	1970	0.0	2400	2133	0	1
28	4391	679	835	5507	1970	0.0	2400	2133	0	1
28	4383	678	834	5499	1969	0.0	2400	2133	0	1
28	4375	678	833	5490	1970	0.0	2400	2133	0	1
28	4376	678	834	5491	1970	0.0	2400	2133	0	1
28	4379	678	834	5493	1970	0.0	2400	2133	0	1
28	4383	678	834	5498	1969	0.0	2400	2133	0	1
28	4379	678	834	5493	1970	0.0	2400	2133	0	1
28	4370	678	833	5485	1969	0.0	2400	2133	0	1
28	4370	677	832	5483	1970	0.0	2400	2133	0	1
28	4375	678	834	5490	1969	0.0	2400	2133	0	1
28	4367	677	832	5480	1971	0.0	2400	2133	0	1
28	4370	678	833	5485	1970	0.0	2400	2133	0	1
28	4380	678	834	5494	1970	0.0	2400	2133	0	1
28	4369	677	832	5482	1969	0.0	2400	2133	0	1
28	4373	678	834	5489	1970	0.0	2400	2133	0	1
28	4366	676	832	5479	1971	0.0	2400	2133	0	1
28	4369	678	833	5485	1971	0.0	2400	2133	0	1
28	4370	677	832	5482	1971	0.0	2400	2133	0	1
28	4365	678	833	5480	1969	0.0	2400	2133	0	0
28	1254	502	492	2187	1971	0.0	2400	2133	0	0
28	336	452	393	1220	2829	25.0	2400	2133	0	0
28	335	450	392	1214	5847	316.0	2400	2133	0	0
28	337	452	394	1220	5849	314.0	2400	2133	0	0
28	335	450	392	1214	5845	315.0	2400	2133	0	0
28	337	452	394	1221	5849	314.0	2400	2133	0	0
29	335	450	392	1215	5845	315.0	2400	0	1555	1
29	517	1935	1022	3553	5849	314.0	2400	0	1555	1
29	648	3033	1485	5277	8922	2138.0	2400	0	1555	1
29	650	3030	1485	5276	10122	3489.0	2400	0	1555	1
29	648	3028	1483	5271	10095	3484.0	2400	0	1555	1
29	650	3035	1487	5283	10110	3483.0	2400	0	1555	1
29	648	3031	1486	5268	10107	3490.0	2400	0	1555	1
29	648	3032	1485	5275	10128	3486.0	2400	0	1555	1
29	650	3029	1485	5275	10122	3488.0	2400	0	1555	1
29	648	3028	1483	5269	10095	3482.0	2400	0	1555	1
29	650	3034	1487	5282	10110	3483.0	2400	0	1555	1
29	647	3026	1482	5266	10107	3489.0	2400	0	1555	1
29	650	3031	1486	5278	10118	3481.0	2400	0	1555	1
29	648	3031	1484	5273	10101	3485.0	2400	0	1555	1
29	650	3029	1485	5275	10116	3487.0	2400	0	1555	1
29	648	3029	1483	5271	10095	3482.0	2400	0	1555	1
29	650	3033	1487	5281	10110	3485.0	2400	0	1555	1
29	647	3026	1482	5266	10107	3487.0	2400	0	1555	1
29	650	3033	1486	5280	10118	3481.0	2400	0	1555	1
29	648	3029	1483	5271	10101	3488.0	2400	0	1555	1
29	650	3029	1485	5274	10110	3485.0	2400	0	1555	1
29	648	3029	1483	5271	10095	3482.0	2400	0	1555	1
29	650	3032	1486	5279	10110	3485.0	2400	0	1555	1
29	647	3025	1482	5265	10101	3486.0	2400	0	1555	1
29	650	3031	1485	5278	10118	3479.0	2400	0	1555	1
29	650	3028	1484	5273	10095	3486.0	2400	0	1555	1
29	647	3028	1483	5269	10089	3482.0	2400	0	1555	1
29	650	3033	1486	5281	10123	3483.0	2400	0	1555	0
29	408	1048	645	2156	10101	3488.0	2400	0	1555	0
29	337	453	394	1222	7414	1049.0	2400	0	1555	0
29	335	450	392	1214	5845	317.0	2400	0	1555	0
29	337	453	394	1222	5849	314.0	2400	0	1555	0
29	335	450	392	1214	5845	317.0	2400	0	1555	0
29	337	453	394	1222	5849	314.0	2400	0	1555	0
30	335	450	392	1214	5845	317.0	2400	355	1333	1
30	728	1710	945	3430	5849	314.0	2400	355	1333	1
30	1023	2666	1363	5107	6336	1771.0	2400	355	1333	1
30	1023	2664	1364	5106	6467	2878.0	2400	355	1333	1
30	1021	2662	1362	5100	6471	2874.0	2400	355	1333	1
30	1022	2668	1366	5111	6473	2873.0	2400	355	1333	1
30	1019	2661	1361	5096	6483	2879.0	2400	355	1333	1
30	1021	2663	1363	5104	6479	2873.0	2400	355	1333	1
30	1019	2665	1363	5104	6477	2874.0	2400	355	1333	1
30	1019	2661	1361	5096	6487	2877.0	2400	355	1333	1
30	1021	2668	1365	5110	6479	2873.0	2400	355	1333	1
30	1018	2662	1362	5097	6484	2880.0	2400	355	1333	1
30	1020	2663	1363	5102	6488	2874.0	2400	355	1333	1
30	1019	2665	1363	5102	6482	2874.0	2400	355	1333	1
30	1019	2665	1364	5104	6487	2877.0	2400	355	1333	1
30	1017	2661	1361	5094	6490	2877.0	2400	355	1333	1
30	1020	2666	1364	5106	6489	2873.0	2400	355	1333	1
30	1017	2663	1362	5098	6485	2878.0	2400	355	1333	1
30	1019	2663	1363	5101	6493	2876.0	2400	355	1333	1
30	1019	2663	1362	5100	6487	2874.0	2400	355	1333	1
30	1020	2667	1365	5107	6483	2875.0	2400	355	1333	1
30	1018	2661	1361	5095	6489	2879.0	2400	355	1333	1
30	1020	2664	1363	5103	6484	2873.0	2400	355	1333	1
30	1018	2665	1363	5102	6482	2876.0	2400	355	1333	1
30	1020	2662	1363	5100	6492	2878.0	2400	355	1333	1
30	1023	2663	1362	5103	6482	2872.0	2400	355	1333	1
30	1023	2667	1365	5110	6463	2874.0	2400	355	1333	1
30	1024	2665	1364	5109	6474	2878.0	2400	355	1333	0
30	472	891	586	1991	6466	2875.0	2400	355	1333	0
30	336	452	393	1220	6121	824.0	2400	355	1333	0
30	335	451	392	1217	5847	316.0	2400	355	1333	0
30	336	452	393	1220	5849	316.0	2400	355	1333	0
30	336	451	392	1217	5847	316.0	2400	355	1333	0
30	336	452	393	1219	5836	315.0	2400	355	1333	0
31	336	451	392	1217	5847	316.0	2400	711	1111	1
31	1014	1384	834	3235	5836	315.0	2400	711	1111	1
31	1689	2302	1269	5227	4524	1244.0	2400	711	1111	1
31	1686	2305	1270	5228	4244	2156.0	2400	711	1111	1
31	1689	2301	1268	5225	4251	2161.0	2400	711	1111	1
31	1694	2304	1270	5234	4242	2155.0	2400	711	1111	1
31	1691	2304	1270	5231	4237	2157.0	2400	711	1111	1
31	1691	2301	1269	5227	4242	2158.0	2400	711	1111	1
31	1693	2303	1269	5232	4240	2154.0	2400	711	1111	1
31	1691	2305	1270	5233	4237	2156.0	2400	711	1111	1
31	1691	2301	1269	5227	4243	2159.0	2400	711	1111	1
31	1691	2305	1270	5233	4240	2154.0	2400	711	1111	1
31	1690	2301	1268	5226	4243	2159.0	2400	711	1111	1
31	1693	2303	1270	5232	4240	2155.0	2400	711	1111	1
31	1690	2304	1270	5231	4239	2155.0	2400	711	1111	1
31	1690	2301	1269	5227	4245	2158.0	2400	711	1111	1
31	1692	2302	1269	5230	4242	2154.0	2400	711	1111	1
31	1691	2304	1270	5232	4239	2155.0	2400	711	1111	1
31	1689	2300	1268	5224	4243	2158.0	2400	711	1111	1
31	1693	2303	1270	5233	4242	2153.0	2400	711	1111	1
31	1690	2304	1269	5230	4239	2155.0	2400	711	1111	1
31	1690	2301	1269	5227	4242	2159.0	2400	711	1111	1
31	1693	2302	1269	5230	4242	2154.0	2400	711	1111	1
31	1691	2305	1270	5233	4237	2154.0	2400	711	1111	1
31	1689	2300	1268	5224	4243	2159.0	2400	711	1111	1
31	1693	2304	1270	5234	4242	2153.0	2400	711	1111	1
31	1690	2303	1269	5228	4239	2157.0	2400	711	1111	1
31	1690	2301	1269	5228	4242	2157.0	2400	711	1111	0
31	1692	2302	1269	5229	4242	2154.0	2400	711	1111	0
31	335	450	392	1214	4238	2155.0	2400	711	1111	0
31	336	452	393	1220	5849	314.0	2400	711	1111	0
31	335	450	392	1214	5847	316.0	2400	711	1111	0
31	336	452	393	1220	5849	314.0	2400	711	1111	0
31	335	450	392	1215	5847	316.0	2400	711	1111	0
32	337	452	394	1221	5849	314.0	2400	1066	888	1
32	1424	1247	811	3434	5845	315.0	2400	1066	888	1
32	2371	1940	1176	5364	3532	912.0	2400	1066	888	1
32	2366	1935	1173	5351	3230	1431.0	2400	1066	888	1
32	2371	1937	1175	5360	3229	1427.0	2400	1066	888	1
32	2368	1937	1174	5356	3228	1427.0	2400	1066	888	1
32	2367	1937	1175	5358	3229	1429.0	2400	1066	888	1
32	2369	1934	1173	5353	3232	1428.0	2400	1066	888	1
32	2370	1940	1176	5364	3226	1424.0	2400	1066	888	1
32	2365	1934	1172	5350	3230	1431.0	2400	1066	888	1
32	2371	1937	1175	5360	3229	1426.0	2400	1066	888	1
32	2368	1937	1174	5355	3228	1427.0	2400	1066	888	1
32	2367	1937	1175	5357	3228	1429.0	2400	1066	888	1
32	2369	1934	1176	5352	3231	1428.0	2400	1066	888	1
32	2365	1934	1172	5348	3229	1422.0	2400	1066	888	1
32	2371	1937	1175	5361	3228	1426.0	2400	1066	888	1
32	2367	1937	1174	5355	3228	1427.0	2400	1066	888	1
32	2367	1937	1175	5356	3229	1429.0	2400	1066	888	1
32	2369	1934	1172	5352	3231	1428.0	2400	1066	888	1
32	2369	1940	1176	5362	3225	1425.0	2400	1066	888	1
32	2365	1934	1172	5347	3231	1432.0	2400	1066	888	1
32	2371	1937	1175	5360	3227	1426.0	2400	1066	888	1
32	2367	1937	1173	5354	3228	1427.0	2400	1066	888	1
32	2367	1937	1175	5356	3228	1430.0	2400	1066	888	1
32	2368	1934	1172	5351	3231	1428.0	2400	1066	888	1
32	2369	1940	1176	5362	3225	1425.0	2400	1066	888	1
32	2365	1934	1172	5348	3231	1432.0	2400	1066	888	1
32	2371	1937	1175	5360	3228	1426.0	2400	1066	888	0
32	2366	1937	1174	5354	3228	1427.0	2400	1066	888	0
32	884	850	603	2332	3230	1429.0	2400	1066	888	0
32	335	450	392	1214	3987	613.0	2400	1066	888	0
32	337	453	394	1222	5849	314.0	2400	1066	888	0
32	337	453	394	1222	5845	317.0	2400	1066	888	0
32	335	450	392	1215	5845	317.0	2400	1066	888	0
33	337	452	394	1222	5849	314.0	2400	1422	666	1
33	1779	1047	758	3489	5845	315.0	2400	1422	666	1
33	3046	1576	1082	5491	2955	520.0	2400	1422	666	1
33	3046	1571	1079	5482	2655	706.0	2400	1422	666	1
33	3051	1575	1082	5494	2651	700.0	2400	1422	666	1
33	3044	1573	1079	5484	2652	703.0	2400	1422	666	1
33	3048	1573	1081	5489	2652	704.0	2400	1422	666	1
33	3048	1573	1080	5488	2653	702.0	2400	1422	666	1
33	3045	1575	1081	5489	2652	702.0	2400	1422	666	1
33	3047	1571	1079	5485	2654	706.0	2400	1422	666	1
33	3049	1575	1082	5494	2651	700.0	2400	1422	666	1
33	3043	1572	1079	5483	2654	704.0	2400	1422	666	1
33	3048	1573	1080	5489	2654	703.0	2400	1422	666	1
33	3047	1573	1080	5489	2652	702.0	2400	1422	666	1
33	3044	1574	1080	5486	2653	703.0	2400	1422	666	1
33	3047	1571	1079	5485	2654	705.0	2400	1422	666	1
33	3043	1572	1079	5483	2651	700.0	2400	1422	666	1
33	3048	1572	1080	5488	2654	703.0	2400	1422	666	1
33	3047	1574	1080	5488	2652	701.0	2400	1422	666	1
33	3044	1573	1080	5484	2652	704.0	2400	1422	666	1
33	3048	1572	1080	5487	2654	704.0	2400	1422	666	1
33	3046	1574	1081	5489	2652	701.0	2400	1422	666	1
33	3043	1572	1079	5482	2654	704.0	2400	1422	666	1
33	3049	1572	1080	5489	2653	703.0	2400	1422	666	1
33	3045	1574	1080	5487	2651	700.0	2400	1422	666	1
33	3043	1571	1079	5482	2653	705.0	2400	1422	666	1
33	3049	1572	1080	5488	2654	701.0	2400	1422	666	1
33	3043	1574	1080	5484	2651	700.0	2400	1422	666	0
33	3044	1572	1080	5484	2654	705.0	2400	1422	666	0
33	976	714	554	2223	2654	702.0	2400	1422	666	0
33	336	452	393	1219	3536	404.0	2400	1422	666	0
33	335	451	392	1216	5847	316.0	2400	1422	666	0
33	336	452	393	1220	5849	316.0	2400	1422	666	0
33	335	450	392	1216	5847	316.0	2400	1422	666	0
34	335	450	392	1216	5849	314.0	2400	1777	444	1
34	1922	806	671	3279	5849	314.0	2400	1777	444	1
34	3725	1208	985	5616	2641	157.0	2400	1777	444	1
34	3723	1209	986	5617	2280	0.0	2400	1777	444	1
34	3728	1207	985	5616	2282	0.0	2400	1777	444	1
34	3725	1210	987	5620	2278	0.0	2400	1777	444	1
34	3723	1207	984	5611	2282	0.0	2400	1777	444	1
34	3729	1210	987	5623	2279	0.0	2400	1777	444	1
34	3720	1208	984	5610	2281	0.0	2400	1777	444	1
34	3724	1209	986	5617	2280	0.0	2400	1777	444	1
34	3721	1207	984	5610	2281	0.0	2400	1777	444	1
34	3721	1209	986	5614	2280	0.0	2400	1777	444	1
34	3725	1206	984	5613	2282	0.0	2400	1777	444	1
34	3725	1211	987	5620	2279	0.0	2400	1777	444	1
34	3719	1206	984	5608	2282	0.0	2400	1777	444	1
34	3727	1210	987	5622	2281	0.0	2400	1777	444	1
34	3720	1207	984	5609	2281	0.0	2400	1777	444	1
34	3718	1209	986	5612	2280	0.0	2400	1777	444	1
34	3722	1211	987	5618	2283	0.0	2400	1777	444	1
34	3719	1206	984	5606	2282	0.0	2400	1777	444	1
34	3724	1209	987	5617	2280	0.0	2400	1777	444	1
34	3717	1207	984	5606	2282	0.0	2400	1777	444	1
34	3722	1209	986	5616	2280	0.0	2400	1777	444	1
34	3721	1207	984	5609	2282	0.0	2400	1777	444	1
34	3720	1210	987	5616	2280	0.0	2400	1777	444	1
34	3720	1206	984	5608	2284	0.0	2400	1777	444	1
34	3718	1210	986	5613	2280	0.0	2400	1777	444	1
34	3711	1206	983	5599	2283	0.0	2400	1777	444	1
34	3720	1209	986	5614	2282	0.0	2400	1777	444	0
34	1340	674	567	2519	2283	0.0	2400	1777	444	0
34	337	453	394	1222	2951	213.0	2400	1777	444	0
34	335	450	392	1214	5845	317.0	2400	1777	444	0
34	337	453	394	1222	5849	314.0	2400	1777	444	0
34	335	450	392	1214	5845	317.0	2400	1777	444	0
35	337	452	394	1222	5849	314.0	2400	2133	222	1
35	335	450	392	1215	5845	315.0	2400	2133	222	1
35	2396	871	906	3535	5849	314.0	2400	2133	222	1
35	4403	873	907	5793	2467	0.0	2400	2133	222	1
35	4402	871	905	5787	2035	0.0	2400	2133	222	1
35	4406	873	908	5796	2033	0.0	2400	2133	222	1
35	4397	870	905	5782	2036	0.0	2400	2133	222	1
35	4409	873	908	5799	2034	0.0	2400	2133	222	1
35	4400	871	905	5785	2035	0.0	2400	2133	222	1
35	4402	872	907	5790	2034	0.0	2400	2133	222	1
35	4399	870	905	5783	2035	0.0	2400	2133	222	1
35	4396	872	906	5784	2034	0.0	2400	2133	222	1
35	4404	871	906	5790	2035	0.0	2400	2133	222	1
35	4407	872	907	5794	2034	0.0	2400	2133	222	1
35	4395	871	905	5781	2034	0.0	2400	2133	222	1
35	4393	872	906	5781	2035	0.0	2400	2133	222	1
35	4397	871	905	5783	2036	0.0	2400	2133	222	1
35	4398	872	906	5785	2034	0.0	2400	2133	222	1
35	4392	871	905	5777	2035	0.0	2400	2133	222	1
35	4397	871	906	5783	2035	0.0	2400	2133	222	1
35	4392	871	905	5778	2035	0.0	2400	2133	222	1
35	4393	871	905	5779	2035	0.0	2400	2133	222	1
35	4386	871	904	5771	2035	0.0	2400	2133	222	1
35	4389	871	905	5775	2035	0.0	2400	2133	222	1
35	4398	871	906	5784	2035	0.0	2400	2133	222	1
35	4393	871	906	5780	2035	0.0	2400	2133	222	1
35	4394	871	905	5779	2036	0.0	2400	2133	222	1
35	4397	872	906	5784	2035	0.0	2400	2133	222	1
35	4389	870	905	5774	2035	0.0	2400	2133	222	0
35	1563	578	548	2598	2035	0.0	2400	2133	222	0
35	335	450	392	1216	2653	3.0	2400	2133	222	0
35	336	452	393	1219	5849	314.0	2400	2133	222	0
35	335	450	392	1216	5847	316.0	2400	2133	222	0
35	337	452	394	1220	5849	314.0	2400	2133	222	0
35	335	450	392	1216	5845	315.0	2400	2133	222	0
36	337	452	394	1220	5849	314.0	2400	2488	0	1
36	2718	584	652	3735	5845	315.0	2400	2488	0	1
36	5105	720	914	6263	2183	0.0	2400	2488	0	1
36	5104	717	912	6258	1920	0.0	2400	2488	0	1
36	5100	717	912	6253	1919	0.0	2400	2488	0	1
36	5105	720	914	6264	1919	0.0	2400	2488	0	1
36	5096	717	911	6248	1920	0.0	2400	2488	0	1
36	5101	720	914	6260	1918	0.0	2400	2488	0	1
36	5095	717	911	6248	1921	0.0	2400	2488	0	1
36	5093	719	913	6250	1919	0.0	2400	2488	0	1
36	5096	716	911	6248	1921	0.0	2400	2488	0	1
36	5093	719	913	6251	1919	0.0	2400	2488	0	1
36	5090	716	910	6242	1921	0.0	2400	2488	0	1
36	5095	719	913	6253	1919	0.0	2400	2488	0	1
36	5081	716	910	6233	1921	0.0	2400	2488	0	1
36	5087	719	913	6246	1920	0.0	2400	2488	0	1
36	5086	716	910	6238	1922	0.0	2400	2488	0	1
36	5081	719	912	6239	1919	0.0	2400	2488	0	1
36	5084	716	910	6236	1922	0.0	2400	2488	0	1
36	5085	719	912	6243	1920	0.0	2400	2488	0	1
36	5077	715	909	6228	1922	0.0	2400	2488	0	1
36	5085	719	912	6243	1920	0.0	2400	2488	0	1
36	5118	721	916	6277	1922	0.0	2400	2488	0	1
36	5120	718	914	6274	1919	0.0	2400	2488	0	1
36	5117	721	916	6276	1917	0.0	2400	2488	0	1
36	5117	718	913	6271	1919	0.0	2400	2488	0	1
36	5121	721	916	6281	1918	0.0	2400	2488	0	1
36	5112	718	913	6266	1920	0.0	2400	2488	0	0
36	1615	524	534	2574	1918	0.0	2400	2488	0	0
36	335	450	392	1215	2570	0.0	2400	2488	0	0
36	337	453	394	1222	5849	314.0	2400	2488	0	0
36	335	450	392	1215	5845	317.0	2400	2488	0	0
36	337	453	394	1222	5849	314.0	2400	2488	0	0
36	335	450	392	1215	5845	317.0	2400	2488	0	0
37	337	452	394	1221	5849	314.0	2400	0	1777	1
37	495	1765	950	3285	5845	315.0	2400	0	1777	1
37	699	3436	1659	5916	8703	1929.0	2400	0	1777	1
37	698	3439	1659	5918	10433	3982.0	2400	0	1777	1
37	699	3439	1660	5920	10446	3987.0	2400	0	1777	1
37	697	3434	1657	5911	10439	3986.0	2400	0	1777	1
37	697	3435	1657	5912	10448	3981.0	2400	0	1777	1
37	698	3437	1659	5917	10448	3982.0	2400	0	1777	1
37	698	3439	1659	5918	10446	3984.0	2400	0	1777	1
37	698	3434	1658	5913	10446	3987.0	2400	0	1777	1
37	698	3438	1659	5918	10441	3980.0	2400	0	1777	1
37	698	3437	1659	5917	10446	3985.0	2400	0	1777	1
37	698	3434	1657	5912	10446	3984.0	2400	0	1777	1
37	699	3440	1660	5921	10435	3980.0	2400	0	1777	1
37	698	3435	1658	5913	10439	3987.0	2400	0	1777	1
37	698	3436	1658	5915	10441	3981.0	2400	0	1777	1
37	699	3439	1659	5920	10441	3983.0	2400	0	1777	1
37	697	3433	1657	5909	10433	3986.0	2400	0	1777	1
37	699	3438	1659	5918	10448	3979.0	2400	0	1777	1
37	698	3437	1658	5915	10433	3985.0	2400	0	1777	1
37	698	3435	1658	5913	10441	3984.0	2400	0	1777	1
37	698	3439	1659	5919	10441	3981.0	2400	0	1777	1
37	699	3436	1658	5915	10446	3987.0	2400	0	1777	1
37	698	3435	1657	5913	10428	3982.0	2400	0	1777	1
37	697	3432	1656	5921	10435	3982.0	2400	0	1777	1
37	699	3439	1660	5921	10443	3978.0	2400	0	1777	1
37	697	3435	1657	5912	10439	3986.0	2400	0	1777	1
37	699	3436	1658	5915	10448	3982.0	2400	0	1777	0
37	453	1424	805	2748	10428	3982.0	2400	0	1777	0
37	337	453	394	1222	8161	1511.0	2400	0	1777	0
37	335	450	392	1214	5845	317.0	2400	0	1777	0
37	337	453	394	1222	5849	314.0	2400	0	1777	0
37	335	450	392	1214	5845	317.0	2400	0	1777	0
37	337	453	394	1222	5849	314.0	2400	0	1777	0
38	335	449	391	1213	5845	317.0	2400	355	1555	1
38	692	1700	940	3383	5837	313.0	2400	355	1555	1
38	1082	3072	1538	5758	6566	1770.0	2400	355	1555	1
38	1084	3070	1539	5758	6806	3371.0	2400	355	1555	1
38	1083	3071	1538	5758	6800	3367.0	2400	355	1555	1
38	1085	3073	1540	5763	6801	3369.0	2400	355	1555	1
38	1083	3067	1536	5751	6798	3370.0	2400	355	1555	1
38	1086	3076	1541	5768	6794	3365.0	2400	355	1555	1
38	1082	3068	1537	5751	6797	3374.0	2400	355	1555	1
38	1082	3072	1538	5758	6803	3366.0	2400	355	1555	1
38	1084	3070	1538	5757	6806	3371.0	2400	355	1555	1
38	1083	3071	1538	5757	6796	3367.0	2400	355	1555	1
38	1084	3073	1540	5763	6801	3369.0	2400	355	1555	1
38	1083	3067	1536	5751	6803	3371.0	2400	355	1555	1
38	1085	3075	1541	5766	6794	3365.0	2400	355	1555	1
38	1082	3067	1536	5751	6802	3373.0	2400	355	1555	1
38	1085	3072	1539	5762	6799	3365.0	2400	355	1555	1
38	1082	3071	1538	5757	6795	3370.0	2400	355	1555	1
38	1084	3069	1538	5757	6806	3370.0	2400	355	1555	1
38	1084	3072	1538	5759	6796	3366.0	2400	355	1555	1
38	1084	3072	1539	5760	6796	3371.0	2400	355	1555	1
38	1083	3068	1537	5753	6800	3370.0	2400	355	1555	1
38	1085	3074	1540	5765	6798	3365.0	2400	355	1555	1
38	1082	3068	1537	5753	6798	3372.0	2400	355	1555	1
38	1084	3070	1538	5758	6803	3366.0	2400	355	1555	1
38	1083	3073	1539	5760	6796	3367.0	2400	355	1555	1
38	1083	3068	1537	5754	6805	3372.0	2400	355	1555	1
38	1084	3073	1539	5762	6798	3365.0	2400	355	1555	0
38	582	1312	769	2710	6800	3371.0	2400	355	1555	0
38	336	451	393	1218	6425	1319.0	2400	355	1555	0
38	336	451	393	1218	5847	315.0	2400	355	1555	0
38	336	451	393	1218	5847	315.0	2400	355	1555	0
38	336	451	393	1219	5847	315.0	2400	355	1555	0
38	336	451	393	1218	5847	315.0	2400	355	1555	0
39	336	452	394	1220	5847	315.0	2400	711	1333	1
39	1002	1523	891	3426	5858	315.0	2400	711	1333	1
39	1742	2707	1443	5870	4778	1426.0	2400	711	1333	1
39	1743	2705	1442	5868	4542	2650.0	2400	711	1333	1
39	1742	2710	1444	5875	4538	2648.0	2400	711	1333	1
39	1740	2704	1441	5863	4545	2654.0	2400	711	1333	1
39	1744	2708	1443	5874	4542	2648.0	2400	711	1333	1
39	1741	2708	1443	5869	4539	2651.0	2400	711	1333	1
39	1742	2706	1442	5868	4544	2652.0	2400	711	1333	1
39	1743	2706	1442	5868	4540	2650.0	2400	711	1333	1
39	1742	2710	1444	5875	4538	2649.0	2400	711	1333	1
39	1745	2710	1444	5877	4545	2654.0	2400	711	1333	1
39	1740	2706	1442	5866	4539	2653.0	2400	711	1333	1
39	1744	2706	1443	5871	4544	2650.0	2400	711	1333	1
39	1742	2708	1442	5870	4539	2648.0	2400	711	1333	1
39	1742	2708	1443	5872	4540	2653.0	2400	711	1333	1
39	1742	2704	1441	5864	4543	2652.0	2400	711	1333	1
39	1743	2711	1445	5877	4538	2647.0	2400	711	1333	1
39	1739	2704	1440	5862	4545	2655.0	2400	711	1333	1
39	1744	2707	1443	5873	4542	2649.0	2400	711	1333	1
39	1740	2708	1442	5868	4539	2650.0	2400	711	1333	1
39	1742	2706	1443	5869	4544	2653.0	2400	711	1333	1
39	1742	2705	1441	5865	4542	2649.0	2400	711	1333	1
39	1742	2711	1445	5876	4538	2649.0	2400	711	1333	1
39	1739	2703	1440	5860	4547	2655.0	2400	711	1333	1
39	1744	2709	1444	5875	4541	2647.0	2400	711	1333	1
39	1740	2706	1441	5866	4541	2652.0	2400	711	1333	1
39	1743	2706	1443	5871	4542	2651.0	2400	711	1333	0
39	1742	2707	1442	5870	4541	2649.0	2400	711	1333	0
39	335	450	392	1215	4541	2651.0	2400	711	1333	0
39	337	453	394	1222	5849	314.0	2400	711	1333	0
39	335	450	392	1215	5845	317.0	2400	711	1333	0
39	337	453	394	1222	5849	314.0	2400	711	1333	0
39	335	450	392	1216	5845	317.0	2400	711	1333	0
40	337	453	394	1222	5849	314.0	2400	1066	1111	1
40	1189	1229	785	3180	5845	317.0	2400	1066	1111	1
40	2419	2344	1349	6001	3894	979.0	2400	1066	1111	1
40	2421	2341	1347	5998	3476	1927.0	2400	1066	1111	1
40	2419	2346	1350	6004	3471	1923.0	2400	1066	1111	1
40	2417	2341	1347	5993	3478	1929.0	2400	1066	1111	1
40	2422	2344	1349	6003	3474	1924.0	2400	1066	1111	1
40	2417	2344	1349	5999	3473	1926.0	2400	1066	1111	1
40	2419	2342	1348	5997	3478	1927.0	2400	1066	1111	1
40	2420	2344	1349	6001	3474	1924.0	2400	1066	1111	1
40	2417	2343	1348	5997	3474	1926.0	2400	1066	1111	1
40	2421	2341	1348	5997	3476	1926.0	2400	1066	1111	1
40	2418	2345	1349	6001	3472	1922.0	2400	1066	1111	1
40	2421	2342	1348	5993	3477	1928.0	2400	1066	1111	1
40	2417	2345	1349	6000	3470	1923.0	2400	1066	1111	1
40	2418	2341	1347	5994	3478	1929.0	2400	1066	1111	1
40	2421	2344	1349	6002	3473	1924.0	2400	1066	1111	1
40	2417	2343	1348	5996	3474	1926.0	2400	1066	1111	1
40	2420	2342	1348	5998	3475	1926.0	2400	1066	1111	1
40	2419	2344	1348	5999	3473	1924.0	2400	1066	1111	1
40	2417	2343	1348	5996	3474	1927.0	2400	1066	1111	1
40	2420	2340	1347	5994	3475	1926.0	2400	1066	1111	1
40	2419	2346	1350	6003	3471	1921.0	2400	1066	1111	1
40	2416	2340	1346	5991	3477	1929.0	2400	1066	1111	1
40	2422	2344	1350	6004	3474	1923.0	2400	1066	1111	1
40	2416	2343	1348	5996	3474	1925.0	2400	1066	1111	1
40	2420	2342	1349	5999	3477	1927.0	2400	1066	1111	1
40	2419	2343	1348	5999	3474	1923.0	2400	1066	1111	0
40	2418	2343	1349	5999	3474	1926.0	2400	1066	1111	0
40	1078	1122	731	2916	3477	1925.0	2400	1066	1111	0
40	337	453	394	1223	3966	885.0	2400	1066	1111	0
40	335	450	394	1214	5845	317.0	2400	1066	1111	0
40	335	450	392	1214	5872	313.0	2400	1066	1111	0
40	337	453	394	1223	5849	314.0	2400	1066	1111	0
41	335	450	392	1215	5845	317.0	2400	1422	888	1
41	1572	1138	780	3422	5849	314.0	2400	1422	888	1
41	3099	1975	1252	6125	3239	714.0	2400	1422	888	1
41	3100	1981	1256	6136	2854	1194.0	2400	1422	888	1
41	3094	1975	1252	6120	2859	1201.0	2400	1422	888	1
41	3102	1978	1255	6133	2856	1196.0	2400	1422	888	1
41	3095	1978	1253	6125	2856	1196.0	2400	1422	888	1
41	3097	1978	1254	6128	2857	1200.0	2400	1422	888	1
41	3099	1976	1253	6126	2858	1198.0	2400	1422	888	1
41	3096	1980	1255	6130	2855	1195.0	2400	1422	888	1
41	3096	1975	1252	6120	2859	1201.0	2400	1422	888	1
41	3100	1979	1255	6134	2855	1195.0	2400	1422	888	1
41	3093	1977	1253	6122	2857	1198.0	2400	1422	888	1
41	3099	1977	1254	6129	2858	1199.0	2400	1422	888	1
41	3097	1978	1253	6126	2857	1196.0	2400	1422	888	1
41	3095	1978	1254	6126	2855	1199.0	2400	1422	888	1
41	3097	1980	1255	6130	2859	1199.0	2400	1422	888	1
41	3094	1975	1252	6119	2858	1201.0	2400	1422	888	1
41	3100	1977	1254	6130	2856	1196.0	2400	1422	888	1
41	3093	1978	1254	6124	2856	1196.0	2400	1422	888	1
41	3097	1977	1254	6126	2860	1200.0	2400	1422	888	1
41	3099	1977	1254	6128	2857	1197.0	2400	1422	888	1
41	3094	1979	1254	6127	2856	1196.0	2400	1422	888	1
41	3097	1976	1253	6124	2859	1201.0	2400	1422	888	1
41	3098	1979	1255	6130	2855	1196.0	2400	1422	888	1
41	3093	1977	1253	6122	2858	1199.0	2400	1422	888	1
41	3098	1976	1253	6127	2858	1199.0	2400	1422	888	1
41	3096	1979	1254	6127	2856	1195.0	2400	1422	888	1
41	3093	1976	1253	6121	2857	1200.0	2400	1422	888	0
41	1327	997	701	2977	2858	1197.0	2400	1422	888	0
41	336	451	393	1218	3370	629.0	2400	1422	888	0
41	336	452	393	1220	5847	315.0	2400	1422	888	0
41	336	451	393	1218	5847	316.0	2400	1422	888	0
41	336	452	393	1220	5847	315.0	2400	1422	888	0
42	337	452	394	1220	5847	316.0	2400	1777	666	1
42	1858	967	732	3450	5845	315.0	2400	1777	666	1
42	3778	1614	1160	6261	2824	387.0	2400	1777	666	1
42	3776	1614	1159	6259	2455	471.0	2400	1777	666	1
42	3773	1615	1160	6258	2454	473.0	2400	1777	666	1
42	3776	1612	1159	6255	2456	475.0	2400	1777	666	1
42	3776	1616	1161	6262	2454	470.0	2400	1777	666	1
42	3771	1612	1158	6249	2457	474.0	2400	1777	666	1
42	3778	1614	1161	6261	2454	472.0	2400	1777	666	1
42	3773	1613	1159	6254	2455	471.0	2400	1777	666	1
42	3772	1614	1160	6255	2455	472.0	2400	1777	666	1
42	3776	1611	1158	6254	2457	473.0	2400	1777	666	1
42	3773	1616	1161	6259	2453	469.0	2400	1777	666	1
42	3770	1611	1157	6247	2457	475.0	2400	1777	666	1
42	3778	1614	1161	6262	2454	471.0	2400	1777	666	1
42	3770	1613	1158	6250	2456	471.0	2400	1777	666	1
42	3773	1614	1160	6257	2455	474.0	2400	1777	666	1
42	3775	1612	1158	6254	2456	473.0	2400	1777	666	1
42	3772	1611	1158	6249	2454	471.0	2400	1777	666	1
42	3777	1616	1161	6262	2454	470.0	2400	1777	666	1
42	3769	1613	1158	6249	2456	474.0	2400	1777	666	1
42	3775	1614	1161	6259	2455	474.0	2400	1777	666	1
42	3773	1613	1159	6253	2457	472.0	2400	1777	666	1
42	3770	1614	1160	6255	2455	472.0	2400	1777	666	1
42	3774	1611	1158	6251	2458	474.0	2400	1777	666	1
42	3773	1616	1161	6259	2453	469.0	2400	1777	666	1
42	3769	1611	1157	6246	2457	475.0	2400	1777	666	1
42	3777	1614	1160	6260	2454	472.0	2400	1777	666	1
42	3769	1613	1158	6250	2455	472.0	2400	1777	666	0
42	1451	827	642	2852	2455	474.0	2400	1777	666	0
42	335	450	392	1215	3025	364.0	2400	1777	666	0
42	337	452	394	1222	5849	314.0	2400	1777	666	0
42	335	450	392	1216	5845	315.0	2400	1777	666	0
42	337	453	394	1222	5849	314.0	2400	1777	666	0
42	335	450	392	1216	5845	317.0	2400	1777	666	0
43	337	452	394	1221	5849	314.0	2400	2133	444	1
43	4457	1251	1067	6393	5845	315.0	2400	2133	444	1
43	4455	1248	1065	6386	2173	0.0	2400	2133	444	1
43	4460	1249	1066	6394	2171	0.0	2400	2133	444	1
43	4454	1249	1065	6387	2172	0.0	2400	2133	444	1
43	4454	1249	1065	6387	2172	0.0	2400	2133	444	1
43	4458	1248	1065	6390	2172	0.0	2400	2133	444	1
43	4454	1250	1066	6389	2172	0.0	2400	2133	444	1
43	4453	1248	1065	6385	2173	0.0	2400	2133	444	1
43	4458	1248	1065	6390	2173	0.0	2400	2133	444	1
43	4452	1249	1065	6386	2172	0.0	2400	2133	444	1
43	4452	1248	1065	6384	2173	0.0	2400	2133	444	1
43	4457	1249	1066	6391	2173	0.0	2400	2133	444	1
43	4451	1249	1065	6385	2173	0.0	2400	2133	444	1
43	4452	1249	1065	6386	2173	0.0	2400	2133	444	1
43	4456	1248	1065	6388	2173	0.0	2400	2133	444	1
43	4452	1250	1066	6387	2172	0.0	2400	2133	444	1
43	4451	1248	1064	6382	2174	0.0	2400	2133	444	1
43	4457	1249	1066	6391	2172	0.0	2400	2133	444	1
43	4450	1249	1066	6382	2173	0.0	2400	2133	444	1
43	4455	1247	1064	6386	2173	0.0	2400	2133	444	1
43	4451	1251	1066	6388	2171	0.0	2400	2133	444	1
43	4449	1247	1064	6379	2174	0.0	2400	2133	444	1
43	4456	1250	1066	6391	2172	0.0	2400	2133	444	1
43	4449	1248	1064	6380	2173	0.0	2400	2133	444	1
43	4450	1250	1066	6385	2172	0.0	2400	2133	444	1
43	4454	1247	1064	6383	2174	0.0	2400	2133	444	1
43	4451	1251	1066	6388	2171	0.0	2400	2133	444	0
43	1930	758	652	3215	2174	0.0	2400	2133	444	0
43	337	453	394	1223	2594	92.0	2400	2133	444	0
43	335	450	392	1214	5845	317.0	2400	2133	444	0
43	337	453	394	1222	5849	314.0	2400	2133	444	0
43	335	450	392	1214	5845	317.0	2400	2133	444	0
43	337	453	394	1223	5849	314.0	2400	2133	444	0
44	335	450	392	1214	5845	317.0	2400	2488	222	1
44	2326	644	640	3438	5849	314.0	2400	2488	222	1
44	5143	912	986	6569	2333	0.0	2400	2488	222	1
44	5141	915	988	6573	1973	0.0	2400	2488	222	1
44	5142	915	989	6575	1975	0.0	2400	2488	222	1
44	5137	912	986	6563	1976	0.0	2400	2488	222	1
44	5144	915	989	6576	1974	0.0	2400	2488	222	1
44	5138	912	986	6565	1975	0.0	2400	2488	222	1
44	5138	914	988	6569	1974	0.0	2400	2488	222	1
44	5142	912	986	6568	1976	0.0	2400	2488	222	1
44	5138	914	988	6570	1973	0.0	2400	2488	222	1
44	5136	912	986	6562	1976	0.0	2400	2488	222	1
44	5142	914	988	6573	1974	0.0	2400	2488	222	1
44	5136	913	986	6564	1975	0.0	2400	2488	222	1
44	5136	914	987	6567	1974	0.0	2400	2488	222	1
44	5139	912	987	6566	1975	0.0	2400	2488	222	1
44	5135	914	987	6566	1974	0.0	2400	2488	222	1
44	5130	912	986	6558	1975	0.0	2400	2488	222	1
44	5137	913	987	6566	1975	0.0	2400	2488	222	1
44	5130	912	986	6558	1975	0.0	2400	2488	222	1
44	5132	913	987	6560	1975	0.0	2400	2488	222	1
44	5134	912	986	6561	1975	0.0	2400	2488	222	1
44	5130	912	986	6557	1975	0.0	2400	2488	222	1
44	5135	912	986	6564	1975	0.0	2400	2488	222	1
44	5130	913	986	6559	1975	0.0	2400	2488	222	1
44	5131	912	986	6559	1975	0.0	2400	2488	222	1
44	5134	913	987	6564	1975	0.0	2400	2488	222	1
44	5128	912	985	6555	1975	0.0	2400	2488	222	0
44	2227	633	627	3326	1974	0.0	2400	2488	222	0
44	335	451	392	1216	2361	0.0	2400	2488	222	0
44	337	452	394	1220	5849	316.0	2400	2488	222	0
44	335	450	392	1216	5845	315.0	2400	2488	222	0
44	337	452	394	1221	5849	314.0	2400	2488	222	0
44	335	450	392	1215	5845	315.0	2400	2488	222	0
45	337	453	394	1222	5849	314.0	2400	2844	0	1
45	2598	577	639	3608	5845	317.0	2400	2844	0	1
45	5856	762	997	7058	2209	0.0	2400	2844	0	1
45	5854	759	995	7050	1882	0.0	2400	2844	0	1
45	5851	762	996	7053	1880	0.0	2400	2844	0	1
45	5851	759	994	7048	1881	0.0	2400	2844	0	1
45	5847	759	994	7042	1880	0.0	2400	2844	0	1
45	5851	762	997	7054	1880	0.0	2400	2844	0	1
45	5851	759	994	7047	1882	0.0	2400	2844	0	1
45	5847	762	996	7049	1880	0.0	2400	2844	0	1
45	5849	759	994	7045	1882	0.0	2400	2844	0	1
45	5852	762	997	7054	1880	0.0	2400	2844	0	1
45	5845	759	994	7041	1882	0.0	2400	2844	0	1
45	5852	763	997	7055	1881	0.0	2400	2844	0	1
45	5847	759	994	7044	1882	0.0	2400	2844	0	1
45	5847	762	996	7050	1880	0.0	2400	2844	0	1
45	5849	759	994	7046	1882	0.0	2400	2844	0	1
45	5848	762	996	7050	1880	0.0	2400	2844	0	1
45	5846	759	994	7043	1882	0.0	2400	2844	0	1
45	5850	762	996	7052	1880	0.0	2400	2844	0	1
45	5844	759	994	7041	1881	0.0	2400	2844	0	1
45	5849	762	996	7051	1881	0.0	2400	2844	0	1
45	5848	760	994	7046	1882	0.0	2400	2844	0	1
45	5843	761	995	7044	1880	0.0	2400	2844	0	1
45	5846	761	995	7047	1882	0.0	2400	2844	0	1
45	5835	759	993	7032	1882	0.0	2400	2844	0	1
45	5838	761	994	7038	1881	0.0	2400	2844	0	1
45	5835	759	993	7033	1882	0.0	2400	2844	0	0
45	2300	562	608	3296	1881	0.0	2400	2844	0	0
45	336	451	393	1218	2287	0.0	2400	2844	0	0
45	336	452	393	1219	5847	315.0	2400	2844	0	0
45	336	451	393	1218	5847	316.0	2400	2844	0	0
45	336	451	393	1219	5847	315.0	2400	2844	0	0
45	336	452	393	1219	5847	315.0	2400	2844	0	0
46	336	451	393	1218	5847	316.0	2400	0	2000	1
46	479	1630	893	3074	5847	315.0	2400	0	2000	1
46	748	3850	1835	6567	8493	1763.0	2400	0	2000	1
46	748	3845	1833	6560	10737	4490.0	2400	0	2000	1
46	748	3848	1834	6564	10727	4484.0	2400	0	2000	1
46	749	3849	1835	6566	10732	4488.0	2400	0	2000	1
46	747	3844	1832	6557	10725	4488.0	2400	0	2000	1
46	749	3851	1836	6571	10734	4483.0	2400	0	2000	1
46	749	3847	1834	6558	10730	4491.0	2400	0	2000	1
46	747	3848	1834	6563	10720	4486.0	2400	0	2000	1
46	748	3845	1833	6561	10745	4488.0	2400	0	2000	1
46	747	3846	1832	6559	10727	4484.0	2400	0	2000	1
46	749	3850	1835	6568	10734	4487.0	2400	0	2000	1
46	746	3841	1830	6552	10725	4490.0	2400	0	2000	1
46	749	3850	1835	6570	10737	4480.0	2400	0	2000	1
46	746	3844	1832	6557	10725	4490.0	2400	0	2000	1
46	749	3846	1834	6563	10747	4484.0	2400	0	2000	1
46	747	3849	1833	6563	10720	4484.0	2400	0	2000	1
46	749	3846	1834	6563	10740	4491.0	2400	0	2000	1
46	747	3845	1832	6558	10720	4484.0	2400	0	2000	1
46	749	3850	1836	6569	10734	4485.0	2400	0	2000	1
46	746	3841	1830	6552	10730	4489.0	2400	0	2000	1
46	749	3849	1835	6568	10737	4480.0	2400	0	2000	1
46	747	3845	1832	6558	10725	4488.0	2400	0	2000	1
46	749	3845	1833	6562	10734	4485.0	2400	0	2000	1
46	747	3848	1833	6563	10715	4484.0	2400	0	2000	1
46	749	3846	1831	6563	10740	4489.0	2400	0	2000	1
46	749	3850	1836	6570	10704	4487.0	2400	0	2000	0
46	508	1872	995	3452	10730	4489.0	2400	0	2000	0
46	337	453	394	1222	8853	2061.0	2400	0	2000	0
46	335	450	392	1216	5845	317.0	2400	0	2000	0
46	337	452	394	1221	5849	314.0	2400	0	2000	0
46	335	450	392	1216	5845	315.0	2400	0	2000	0
46	337	452	394	1221	5849	314.0	2400	0	2000	0
47	336	451	392	1217	5845	315.0	2400	355	1777	1
47	642	1619	902	3216	5836	315.0	2400	355	1777	1
47	1130	3475	1711	6393	6743	1686.0	2400	355	1777	1
47	1131	3476	1712	6397	7159	3865.0	2400	355	1777	1
47	1130	3479	1713	6399	7158	3866.0	2400	355	1777	1
47	1130	3474	1711	6392	7166	3870.0	2400	355	1777	1
47	1131	3476	1711	6396	7159	3864.0	2400	355	1777	1
47	1131	3479	1712	6399	7154	3866.0	2400	355	1777	1
47	1130	3474	1710	6391	7158	3870.0	2400	355	1777	1
47	1131	3478	1712	6398	7156	3864.0	2400	355	1777	1
47	1130	3477	1712	6397	7158	3869.0	2400	355	1777	1
47	1131	3479	1713	6400	7163	3868.0	2400	355	1777	1
47	1129	3475	1710	6391	7161	3870.0	2400	355	1777	1
47	1131	3475	1711	6394	7161	3866.0	2400	355	1777	1
47	1130	3479	1712	6397	7154	3865.0	2400	355	1777	1
47	1130	3475	1711	6394	7163	3871.0	2400	355	1777	1
47	1130	3475	1711	6392	7159	3865.0	2400	355	1777	1
47	1131	3479	1713	6401	7159	3865.0	2400	355	1777	1
47	1129	3472	1709	6387	7161	3870.0	2400	355	1777	1
47	1132	3479	1713	6401	7158	3862.0	2400	355	1777	1
47	1129	3475	1710	6391	7156	3869.0	2400	355	1777	1
47	1131	3474	1711	6393	7161	3866.0	2400	355	1777	1
47	1129	3477	1711	6394	7154	3863.0	2400	355	1777	1
47	1131	3477	1712	6397	7165	3869.0	2400	355	1777	1
47	1129	3472	1709	6387	7158	3867.0	2400	355	1777	1
47	1131	3481	1714	6403	7158	3862.0	2400	355	1777	1
47	1128	3473	1709	6388	7164	3872.0	2400	355	1777	1
47	1131	3476	1712	6396	7163	3864.0	2400	355	1777	0
47	1129	3478	1711	6394	7158	3866.0	2400	355	1777	0
47	335	450	392	1214	7165	3870.0	2400	355	1777	0
47	337	453	394	1223	5849	314.0	2400	355	1777	0
47	335	450	392	1214	5845	317.0	2400	355	1777	0
47	337	453	394	1223	5849	314.0	2400	355	1777	0
47	335	450	392	1214	5845	317.0	2400	355	1777	0
48	337	453	394	1223	5849	314.0	2400	711	1555	1
48	884	1462	857	3223	5845	317.0	2400	711	1555	1
48	1785	3114	1617	6506	5084	1393.0	2400	711	1555	1
48	1784	3108	1613	6495	4841	3152.0	2400	711	1555	1
48	1786	3115	1617	6509	4834	3145.0	2400	711	1555	1
48	1782	3110	1613	6496	4839	3153.0	2400	711	1555	1
48	1786	3110	1615	6501	4838	3149.0	2400	711	1555	1
48	1784	3113	1615	6502	4835	3146.0	2400	711	1555	1
48	1784	3111	1615	6501	4839	3152.0	2400	711	1555	1
48	1785	3108	1613	6497	4839	3149.0	2400	711	1555	1
48	1785	3116	1617	6509	4833	3145.0	2400	711	1555	1
48	1783	3109	1613	6495	4841	3155.0	2400	711	1555	1
48	1786	3111	1615	6503	4836	3147.0	2400	711	1555	1
48	1783	3109	1614	6497	4835	3148.0	2400	711	1555	1
48	1785	3110	1614	6500	4839	3146.0	2400	711	1555	1
48	1784	3114	1616	6505	4835	3147.0	2400	711	1555	1
48	1784	3108	1613	6495	4841	3153.0	2400	711	1555	1
48	1786	3112	1615	6503	4834	3145.0	2400	711	1555	1
48	1783	3112	1615	6501	4835	3150.0	2400	711	1555	1
48	1785	3108	1614	6497	4841	3150.0	2400	711	1555	1
48	1786	3112	1615	6504	4834	3144.0	2400	711	1555	1
48	1784	3112	1615	6500	4835	3150.0	2400	711	1555	1
48	1786	3109	1614	6498	4839	3150.0	2400	711	1555	1
48	1785	3113	1615	6504	4833	3146.0	2400	711	1555	1
48	1784	3111	1615	6500	4837	3151.0	2400	711	1555	1
48	1785	3108	1613	6497	4839	3149.0	2400	711	1555	1
48	1784	3114	1616	6506	4833	3145.0	2400	711	1555	1
48	1782	3108	1613	6494	4841	3153.0	2400	711	1555	0
48	1788	3111	1616	6505	4838	3146.0	2400	711	1555	0
48	898	1481	866	3264	4833	3147.0	2400	711	1555	0
48	337	452	394	1221	5065	1412.0	2400	711	1555	0
48	337	453	394	1216	5845	315.0	2400	711	1555	0
48	335	450	392	1215	5845	317.0	2400	711	1555	0
48	337	453	394	1222	5849	314.0	2400	711	1555	0
49	335	450	392	1215	5845	317.0	2400	1066	1333	1
49	1013	1183	753	2944	5849	314.0	2400	1066	1333	1
49	2461	2748	1521	6631	4221	987.0	2400	1066	1333	1
49	2464	2746	1521	6632	3716	2425.0	2400	1066	1333	1
49	2464	2746	1520	6631	3713	2421.0	2400	1066	1333	1
49	2462	2750	1523	6635	3711	2421.0	2400	1066	1333	1
49	2462	2743	1519	6624	3717	2426.0	2400	1066	1333	1
49	2464	2751	1523	6638	3711	2418.0	2400	1066	1333	1
49	2459	2744	1519	6622	3715	2427.0	2400	1066	1333	1
49	2465	2747	1521	6634	3714	2420.0	2400	1066	1333	1
49	2459	2747	1520	6628	3712	2422.0	2400	1066	1333	1
49	2462	2746	1521	6629	3716	2424.0	2400	1066	1333	1
49	2463	2745	1520	6628	3714	2421.0	2400	1066	1333	1
49	2461	2749	1522	6634	3712	2420.0	2400	1066	1333	1
49	2462	2743	1518	6623	3717	2425.0	2400	1066	1333	1
49	2464	2750	1519	6637	3709	2419.0	2400	1066	1333	1
49	2464	2746	1521	6632	3710	2428.0	2400	1066	1333	1
49	2460	2748	1520	6629	3713	2421.0	2400	1066	1333	1
49	2461	2746	1521	6628	3715	2426.0	2400	1066	1333	1
49	2463	2745	1519	6627	3715	2421.0	2400	1066	1333	1
49	2461	2750	1522	6634	3710	2421.0	2400	1066	1333	1
49	2461	2743	1519	6623	3717	2427.0	2400	1066	1333	1
49	2465	2748	1522	6635	3712	2418.0	2400	1066	1333	1
49	2459	2747	1520	6627	3713	2423.0	2400	1066	1333	1
49	2463	2745	1520	6629	3716	2424.0	2400	1066	1333	1
49	2463	2747	1521	6631	3712	2420.0	2400	1066	1333	1
49	2461	2747	1521	6630	3713	2422.0	2400	1066	1333	1
49	2463	2744	1519	6626	3716	2423.0	2400	1066	1333	1
49	2462	2748	1521	6632	3710	2419.0	2400	1066	1333	0
49	1290	1479	898	3643	3715	2424.0	2400	1066	1333	0
49	336	451	393	1219	4032	1258.0	2400	1066	1333	0
49	336	451	393	1218	5847	315.0	2400	1066	1333	0
49	336	452	393	1219	5847	315.0	2400	1066	1333	0
49	336	452	393	1220	5847	316.0	2400	1066	1333	0
50	336	452	393	1220	5847	316.0	2400	1422	1111	1
50	1325	1134	758	3175	5847	316.0	2400	1422	1111	1
50	3139	2385	1428	6763	3544	804.0	2400	1422	1111	1
50	3141	2380	1425	6757	3060	1700.0	2400	1422	1111	1
50	3142	2385	1428	6766	3055	1693.0	2400	1422	1111	1
50	3136	2382	1426	6755	3058	1699.0	2400	1422	1111	1
50	3143	2382	1427	6762	3059	1697.0	2400	1422	1111	1
50	3137	2383	1426	6758	3056	1694.0	2400	1422	1111	1
50	3138	2382	1426	6758	3058	1699.0	2400	1422	1111	1
50	3141	2380	1425	6757	3058	1697.0	2400	1422	1111	1
50	3138	2386	1428	6763	3055	1693.0	2400	1422	1111	1
50	3139	2379	1425	6753	3060	1702.0	2400	1422	1111	1
50	3142	2385	1428	6766	3055	1692.0	2400	1422	1111	1
50	3136	2381	1425	6753	3058	1699.0	2400	1422	1111	1
50	3142	2382	1427	6761	3058	1696.0	2400	1422	1111	1
50	3138	2383	1426	6757	3056	1695.0	2400	1422	1111	1
50	3137	2383	1427	6758	3057	1698.0	2400	1422	1111	1
50	3140	2379	1425	6754	3059	1698.0	2400	1422	1111	1
50	3136	2379	1424	6750	3055	1692.0	2400	1422	1111	1
50	3142	2383	1428	6764	3056	1694.0	2400	1422	1111	1
50	3135	2382	1426	6754	3058	1696.0	2400	1422	1111	1
50	3140	2382	1427	6760	3059	1698.0	2400	1422	1111	1
50	3139	2382	1426	6757	3058	1695.0	2400	1422	1111	1
50	3137	2384	1428	6760	3056	1696.0	2400	1422	1111	1
50	3140	2379	1424	6754	3061	1699.0	2400	1422	1111	1
50	3139	2386	1428	6764	3054	1693.0	2400	1422	1111	1
50	3135	2379	1424	6750	3060	1701.0	2400	1422	1111	1
50	3142	2383	1427	6763	3057	1694.0	2400	1422	1111	1
50	3135	2383	1426	6755	3057	1696.0	2400	1422	1111	0
50	1607	1324	861	3728	3059	1699.0	2400	1422	1111	0
50	335	450	392	1215	3396	937.0	2400	1422	1111	0
50	337	452	394	1221	5849	314.0	2400	1422	1111	0
50	335	450	392	1215	5845	315.0	2400	1422	1111	0
50	337	452	394	1221	5849	314.0	2400	1422	1111	0
50	335	451	392	1216	5845	315.0	2400	1422	1111	0
51	337	452	394	1221	5849	316.0	2400	1777	888	1
51	3816	2016	1332	6886	5845	315.0	2400	1777	888	1
51	3813	2018	1332	6885	2627	968.0	2400	1777	888	1
51	3809	2017	1332	6879	2628	972.0	2400	1777	888	1
51	3814	2015	1331	6881	2629	972.0	2400	1777	888	1
51	3809	2018	1332	6881	2626	967.0	2400	1777	888	1
51	3809	2015	1330	6876	2629	973.0	2400	1777	888	1
51	3812	2016	1331	6881	2627	970.0	2400	1777	888	1
51	3807	2018	1332	6878	2627	970.0	2400	1777	888	1
51	3816	2015	1331	6883	2630	974.0	2400	1777	888	1
51	3813	2019	1333	6886	2626	967.0	2400	1777	888	1
51	3807	2014	1330	6873	2629	973.0	2400	1777	888	1
51	3817	2016	1332	6887	2628	969.0	2400	1777	888	1
51	3805	2017	1331	6874	2626	967.0	2400	1777	888	1
51	3811	2016	1331	6879	2629	974.0	2400	1777	888	1
51	3807	2016	1331	6876	2627	970.0	2400	1777	888	1
51	3805	2016	1331	6874	2629	971.0	2400	1777	888	1
51	3808	2013	1329	6873	2629	972.0	2400	1777	888	1
51	3803	2018	1332	6876	2627	968.0	2400	1777	888	1
51	3806	2018	1332	6879	2632	975.0	2400	1777	888	1
51	3798	2015	1329	6865	2631	974.0	2400	1777	888	1
51	3806	2015	1331	6875	2630	974.0	2400	1777	888	1
51	3800	2015	1329	6867	2630	970.0	2400	1777	888	1
51	3802	2015	1330	6870	2630	973.0	2400	1777	888	1
51	3803	2013	1329	6868	2630	972.0	2400	1777	888	1
51	3799	2018	1332	6872	2629	969.0	2400	1777	888	1
51	3801	2012	1328	6864	2633	976.0	2400	1777	888	1
51	3803	2019	1332	6876	2628	969.0	2400	1777	888	0
51	1769	1095	779	3551	2631	977.0	2400	1777	888	0
51	337	453	394	1223	3011	583.0	2400	1777	888	0
51	335	450	392	1214	5845	317.0	2400	1777	888	0
51	337	453	394	1223	5849	314.0	2400	1777	888	0
51	335	450	392	1215	5845	317.0	2400	1777	888	0
51	337	453	394	1223	5849	314.0	2400	1777	888	0
52	335	450	392	1215	5845	317.0	2400	2133	666	1
52	1537	802	639	2899	5849	314.0	2400	2133	666	1
52	4483	1650	1235	7001	2917	299.0	2400	2133	666	1
52	4485	1655	1236	7011	2323	244.0	2400	2133	666	1
52	4486	1653	1238	7009	2324	251.0	2400	2133	666	1
52	4487	1653	1237	7009	2324	246.0	2400	2133	666	1
52	4497	1653	1239	7020	2323	246.0	2400	2133	666	1
52	4497	1653	1238	7019	2322	242.0	2400	2133	666	1
52	4493	1655	1239	7018	2322	242.0	2400	2133	666	1
52	4499	1652	1238	7019	2323	246.0	2400	2133	666	1
52	4495	1655	1239	7020	2320	240.0	2400	2133	666	1
52	4494	1652	1237	7014	2323	246.0	2400	2133	666	1
52	4498	1654	1239	7022	2321	243.0	2400	2133	666	1
52	4491	1654	1238	7014	2322	243.0	2400	2133	666	1
52	4498	1653	1238	7019	2323	246.0	2400	2133	666	1
52	4494	1654	1238	7017	2321	242.0	2400	2133	666	1
52	4493	1652	1237	7014	2322	245.0	2400	2133	666	1
52	4497	1653	1238	7019	2322	243.0	2400	2133	666	1
52	4490	1654	1238	7013	2322	242.0	2400	2133	666	1
52	4484	1651	1237	7004	2323	246.0	2400	2133	666	1
52	4470	1652	1235	6990	2324	244.0	2400	2133	666	1
52	4459	1651	1234	6979	2325	252.0	2400	2133	666	1
52	4482	1654	1238	7006	2328	255.0	2400	2133	666	1
52	4491	1651	1236	7009	2325	249.0	2400	2133	666	1
52	4496	1654	1239	7020	2321	243.0	2400	2133	666	1
52	4488	1653	1237	7009	2323	244.0	2400	2133	666	1
52	4496	1653	1239	7019	2323	246.0	2400	2133	666	1
52	4492	1653	1237	7013	2323	242.0	2400	2133	666	0
52	2312	1022	795	3974	2322	245.0	2400	2133	666	0
52	335	450	392	1215	2614	280.0	2400	2133	666	0
52	337	453	394	1223	5849	314.0	2400	2133	666	0
52	335	450	392	1215	5845	317.0	2400	2133	666	0
52	337	453	394	1223	5849	314.0	2400	2133	666	0
52	335	450	392	1214	5845	317.0	2400	2133	666	0
53	337	453	394	1223	5849	314.0	2400	2488	444	1
53	1915	724	637	3152	5845	317.0	2400	2488	444	1
53	5169	1289	1144	7144	2573	54.0	2400	2488	444	1
53	5168	1286	1142	7137	2096	0.0	2400	2488	444	1
53	5163	1290	1144	7139	2095	0.0	2400	2488	444	1
53	5180	1287	1143	7150	2097	0.0	2400	2488	444	1
53	5175	1288	1143	7146	2093	0.0	2400	2488	444	1
53	5182	1290	1146	7158	2094	0.0	2400	2488	444	1
53	5177	1288	1144	7149	2095	0.0	2400	2488	444	1
53	5176	1290	1145	7152	2094	0.0	2400	2488	444	1
53	5163	1286	1141	7132	2096	0.0	2400	2488	444	1
53	5158	1290	1143	7133	2095	0.0	2400	2488	444	1
53	5159	1286	1141	7127	2097	0.0	2400	2488	444	1
53	5173	1290	1145	7149	2095	0.0	2400	2488	444	1
53	5161	1287	1142	7132	2096	0.0	2400	2488	444	1
53	5162	1288	1143	7134	2096	0.0	2400	2488	444	1
53	5156	1287	1142	7127	2096	0.0	2400	2488	444	1
53	5157	1288	1142	7130	2097	0.0	2400	2488	444	1
53	5162	1286	1142	7132	2097	0.0	2400	2488	444	1
53	5155	1288	1143	7129	2096	0.0	2400	2488	444	1
53	5161	1287	1142	7132	2098	0.0	2400	2488	444	1
53	5157	1289	1143	7131	2096	0.0	2400	2488	444	1
53	5154	1287	1141	7124	2097	0.0	2400	2488	444	1
53	5159	1287	1142	7131	2096	0.0	2400	2488	444	1
53	5155	1286	1141	7125	2097	0.0	2400	2488	444	1
53	5156	1288	1142	7129	2097	0.0	2400	2488	444	1
53	5153	1287	1142	7125	2097	0.0	2400	2488	444	1
53	5165	1288	1143	7137	2098	0.0	2400	2488	444	0
53	2633	849	749	4032	2096	0.0	2400	2488	444	0
53	337	452	394	1220	2368	0.0	2400	2488	444	0
53	335	451	392	1216	5845	315.0	2400	2488	444	0
53	337	452	394	1221	5849	316.0	2400	2488	444	0
53	335	450	392	1216	5845	315.0	2400	2488	444	0
53	337	452	394	1221	5849	314.0	2400	2488	444	0
54	335	450	392	1215	5845	315.0	2400	2844	222	1
54	2140	616	613	3216	5849	314.0	2400	2844	222	1
54	5852	952	1064	7318	2382	0.0	2400	2844	222	1
54	5857	954	1067	7328	1930	0.0	2400	2844	222	1
54	5851	951	1064	7317	1931	0.0	2400	2844	222	1
54	5850	954	1066	7322	1930	0.0	2400	2844	222	1
54	5851	951	1064	7317	1932	0.0	2400	2844	222	1
54	5848	954	1066	7319	1930	0.0	2400	2844	222	1
54	5851	954	1066	7313	1932	0.0	2400	2844	222	1
54	5843	951	1063	7308	1929	0.0	2400	2844	222	1
54	5853	954	1066	7325	1930	0.0	2400	2844	222	1
54	5845	951	1063	7311	1931	0.0	2400	2844	222	1
54	5837	953	1065	7308	1930	0.0	2400	2844	222	1
54	5854	951	1064	7320	1933	0.0	2400	2844	222	1
54	5869	955	1068	7343	1930	0.0	2400	2844	222	1
54	5869	952	1066	7336	1931	0.0	2400	2844	222	1
54	5873	955	1069	7346	1929	0.0	2400	2844	222	1
54	5858	952	1065	7325	1931	0.0	2400	2844	222	1
54	5849	953	1066	7320	1930	0.0	2400	2844	222	1
54	5855	952	1065	7322	1932	0.0	2400	2844	222	1
54	5868	955	1068	7341	1930	0.0	2400	2844	222	1
54	5870	952	1066	7338	1931	0.0	2400	2844	222	1
54	5866	955	1068	7338	1929	0.0	2400	2844	222	1
54	5866	952	1066	7334	1931	0.0	2400	2844	222	1
54	5862	954	1067	7333	1930	0.0	2400	2844	222	1
54	5850	952	1064	7317	1931	0.0	2400	2844	222	1
54	5855	953	1064	7325	1930	0.0	2400	2844	222	1
54	5854	953	1066	7324	1930	0.0	2400	2844	222	0
54	2769	672	689	3909	1931	0.0	2400	2844	222	0
54	336	452	393	1220	2220	0.0	2400	2844	222	0
54	336	451	393	1218	5847	316.0	2400	2844	222	0
54	336	452	393	1220	5847	315.0	2400	2844	222	0
54	336	452	393	1219	5847	316.0	2400	2844	222	0
54	336	451	393	1219	5847	316.0	2400	2844	222	0
55	336	452	393	1219	5847	315.0	2400	3200	0	1
55	1989	544	574	2967	5847	316.0	2400	3200	0	1
55	6602	803	1078	7845	2391	0.0	2400	3200	0	1
55	6593	802	1077	7834	1851	0.0	2400	3200	0	1
55	6577	802	1076	7819	1851	0.0	2400	3200	0	1
55	6572	801	1074	7812	1852	0.0	2400	3200	0	1
55	6567	802	1075	7808	1852	0.0	2400	3200	0	1
55	6580	801	1075	7819	1852	0.0	2400	3200	0	1
55	6591	803	1078	7834	1851	0.0	2400	3200	0	1
55	6587	801	1076	7827	1852	0.0	2400	3200	0	1
55	6594	804	1078	7838	1851	0.0	2400	3200	0	1
55	6589	804	1078	7832	1851	0.0	2400	3200	0	1
55	6589	801	1076	7827	1852	0.0	2400	3200	0	1
55	6587	803	1077	7830	1850	0.0	2400	3200	0	1
55	6578	800	1074	7816	1852	0.0	2400	3200	0	1
55	6574	803	1076	7817	1851	0.0	2400	3200	0	1
55	6566	799	1073	7802	1852	0.0	2400	3200	0	1
55	6567	802	1075	7810	1851	0.0	2400	3200	0	1
55	6559	799	1072	7796	1853	0.0	2400	3200	0	1
55	6561	802	1075	7804	1851	0.0	2400	3200	0	1
55	6587	800	1075	7825	1853	0.0	2400	3200	0	1
55	6577	803	1077	7821	1851	0.0	2400	3200	0	1
55	6566	799	1073	7803	1853	0.0	2400	3200	0	1
55	6562	802	1075	7804	1851	0.0	2400	3200	0	1
55	6549	798	1071	7785	1853	0.0	2400	3200	0	1
55	6554	802	1074	7797	1852	0.0	2400	3200	0	1
55	6548	799	1071	7785	1853	0.0	2400	3200	0	1
55	6557	802	1074	7799	1852	0.0	2400	3200	0	0
55	6589	801	1076	7827	1853	0.0	2400	3200	0	0
55	335	450	392	1215	1850	0.0	2400	3200	0	0
55	337	453	394	1222	5849	314.0	2400	3200	0	0
55	335	450	392	1215	5845	317.0	2400	3200	0	0
55	337	453	394	1222	5849	314.0	2400	3200	0	0
55	335	450	392	1216	5845	317.0	2400	3200	0	0
56	337	453	394	1222	5849	314.0	2400	355	2000	1
56	590	1489	844	2976	5845	317.0	2400	355	2000	1
56	1182	3886	1887	7043	6841	1540.0	2400	355	2000	1
56	1182	3886	1886	7042	7473	4368.0	2400	355	2000	1
56	1183	3890	1889	7050	7470	4369.0	2400	355	2000	1
56	1181	3883	1885	7036	7474	4373.0	2400	355	2000	1
56	1183	3888	1888	7047	7472	4365.0	2400	355	2000	1
56	1181	3887	1887	7044	7471	4370.0	2400	355	2000	1
56	1182	3883	1886	7039	7478	4370.0	2400	355	2000	1
56	1182	3887	1887	7045	7470	4364.0	2400	355	2000	1
56	1182	3887	1887	7044	7473	4370.0	2400	355	2000	1
56	1182	3882	1885	7037	7473	4370.0	2400	355	2000	1
56	1183	3888	1887	7045	7467	4363.0	2400	355	2000	1
56	1182	3882	1885	7037	7468	4371.0	2400	355	2000	1
56	1182	3888	1888	7047	7467	4363.0	2400	355	2000	1
56	1181	3885	1886	7040	7476	4371.0	2400	355	2000	1
56	1182	3883	1886	7039	7475	4368.0	2400	355	2000	1
56	1181	3887	1886	7043	7470	4364.0	2400	355	2000	1
56	1181	3885	1886	7042	7475	4371.0	2400	355	2000	1
56	1181	3881	1884	7034	7475	4368.0	2400	355	2000	1
56	1183	3888	1888	7047	7468	4363.0	2400	355	2000	1
56	1180	3884	1885	7038	7471	4370.0	2400	355	2000	1
56	1183	3883	1886	7041	7477	4367.0	2400	355	2000	1
56	1181	3887	1886	7043	7465	4364.0	2400	355	2000	1
56	1182	3886	1887	7043	7475	4371.0	2400	355	2000	1
56	1181	3882	1885	7036	7473	4368.0	2400	355	2000	1
56	1183	3890	1889	7051	7472	4364.0	2400	355	2000	1
56	1180	3881	1884	7034	7474	4373.0	2400	355	2000	1
56	1183	3886	1887	7044	7474	4363.0	2400	355	2000	0
56	763	2187	1147	4160	7468	4368.0	2400	355	2000	0
56	337	453	394	1223	7118	2364.0	2400	355	2000	0
56	337	453	394	1223	5845	317.0	2400	355	2000	0
56	335	450	392	1214	5845	317.0	2400	355	2000	0
56	337	453	394	1222	5849	314.0	2400	355	2000	0
57	335	450	391	1214	5845	317.0	2400	711	1777	1
57	781	1360	807	2975	5837	315.0	2400	711	1777	1
57	1840	3518	1789	7148	5327	1302.0	2400	711	1777	1
57	1840	3521	1791	7153	5095	3645.0	2400	711	1777	1
57	1839	3514	1787	7141	5099	3649.0	2400	711	1777	1
57	1841	3522	1792	7156	5093	3641.0	2400	711	1777	1
57	1837	3516	1788	7143	5099	3649.0	2400	711	1777	1
57	1842	3518	1790	7150	5099	3644.0	2400	711	1777	1
57	1838	3520	1789	7148	5093	3644.0	2400	711	1777	1
57	1839	3517	1789	7147	5099	3649.0	2400	711	1777	1
57	1839	3516	1788	7144	5097	3644.0	2400	711	1777	1
57	1839	3521	1791	7153	5095	3643.0	2400	711	1777	1
57	1837	3513	1787	7138	5101	3649.0	2400	711	1777	1
57	1841	3518	1790	7151	5097	3640.0	2400	711	1777	1
57	1837	3519	1789	7146	5095	3644.0	2400	711	1777	1
57	1839	3516	1788	7145	5101	3648.0	2400	711	1777	1
57	1839	3520	1790	7151	5095	3643.0	2400	711	1777	1
57	1838	3513	1787	7139	5099	3648.0	2400	711	1777	1
57	1841	3518	1790	7150	5095	3640.0	2400	711	1777	1
57	1838	3518	1789	7147	5095	3644.0	2400	711	1777	1
57	1839	3515	1788	7143	5099	3646.0	2400	711	1777	1
57	1840	3517	1789	7146	5095	3642.0	2400	711	1777	1
57	1839	3520	1790	7149	5095	3644.0	2400	711	1777	1
57	1838	3514	1787	7140	5099	3648.0	2400	711	1777	1
57	1841	3518	1789	7148	5095	3641.0	2400	711	1777	1
57	1838	3518	1789	7147	5093	3645.0	2400	711	1777	1
57	1839	3514	1788	7142	5099	3646.0	2400	711	1777	1
57	1841	3518	1789	7149	5095	3640.0	2400	711	1777	1
57	1838	3518	1789	7146	5093	3645.0	2400	711	1777	0
57	1047	1896	1051	4014	5099	3646.0	2400	711	1777	0
57	336	451	393	1217	5215	1883.0	2400	711	1777	0
57	336	452	393	1219	5847	315.0	2400	711	1777	0
57	335	451	392	1216	5847	316.0	2400	711	1777	0
57	336	452	393	1220	5849	316.0	2400	711	1777	0
57	336	452	393	1220	5847	316.0	2400	711	1777	0
58	841	1083	696	2628	5847	316.0	2400	1066	1555	1
58	2513	3150	1694	7269	4544	926.0	2400	1066	1555	1
58	2511	3153	1694	7269	3937	2916.0	2400	1066	1555	1
58	2509	3152	1694	7267	3939	2921.0	2400	1066	1555	1
58	2511	3148	1692	7263	3941	2920.0	2400	1066	1555	1
58	2510	3155	1696	7273	3936	2915.0	2400	1066	1555	1
58	2508	3147	1691	7259	3943	2923.0	2400	1066	1555	1
58	2513	3153	1695	7274	3938	2915.0	2400	1066	1555	1
58	2507	3151	1693	7263	3939	2920.0	2400	1066	1555	1
58	2513	3150	1694	7269	3941	2920.0	2400	1066	1555	1
58	2508	3152	1693	7266	3937	2916.0	2400	1066	1555	1
58	2510	3151	1694	7267	3941	2921.0	2400	1066	1555	1
58	2511	3148	1692	7263	3940	2918.0	2400	1066	1555	1
58	2509	3155	1696	7273	3936	2915.0	2400	1066	1555	1
58	2508	3147	1691	7257	3944	2923.0	2400	1066	1555	1
58	2513	3153	1695	7273	3937	2915.0	2400	1066	1555	1
58	2507	3150	1692	7261	3938	2920.0	2400	1066	1555	1
58	2509	3152	1693	7265	3940	2919.0	2400	1066	1555	1
58	2509	3152	1694	7268	3939	2921.0	2400	1066	1555	1
58	2511	3148	1692	7262	3941	2920.0	2400	1066	1555	1
58	2509	3155	1696	7273	3936	2915.0	2400	1066	1555	1
58	2509	3147	1691	7258	3944	2923.0	2400	1066	1555	1
58	2513	3153	1695	7273	3936	2914.0	2400	1066	1555	1
58	2507	3150	1692	7261	3938	2920.0	2400	1066	1555	1
58	2512	3150	1694	7267	3940	2919.0	2400	1066	1555	1
58	2509	3152	1693	7266	3938	2916.0	2400	1066	1555	1
58	2509	3151	1694	7265	3939	2921.0	2400	1066	1555	1
58	2511	3149	1692	7264	3941	2919.0	2400	1066	1555	0
58	1494	1889	1086	4439	3936	2916.0	2400	1066	1555	0
58	335	450	392	1216	4149	1701.0	2400	1066	1555	0
58	337	452	394	1221	5849	314.0	2400	1066	1555	0
58	335	450	392	1216	5845	315.0	2400	1066	1555	0
58	336	452	393	1220	5849	314.0	2400	1066	1555	0
58	335	451	392	1216	5847	316.0	2400	1066	1555	0
59	336	452	393	1219	5849	316.0	2400	1422	1333	1
59	3186	2788	1600	7397	5847	316.0	2400	1422	1333	1
59	3189	2784	1599	7394	3250	2195.0	2400	1422	1333	1
59	3187	2789	1600	7398	3246	2188.0	2400	1422	1333	1
59	3185	2785	1599	7391	3249	2196.0	2400	1422	1333	1
59	3189	2785	1599	7395	3249	2191.0	2400	1422	1333	1
59	3184	2789	1600	7396	3246	2190.0	2400	1422	1333	1
59	3186	2783	1598	7390	3251	2197.0	2400	1422	1333	1
59	3188	2788	1600	7398	3248	2188.0	2400	1422	1333	1
59	3183	2786	1599	7390	3248	2194.0	2400	1422	1333	1
59	3189	2784	1599	7394	3250	2193.0	2400	1422	1333	1
59	3184	2788	1599	7394	3246	2188.0	2400	1422	1333	1
59	3185	2785	1599	7391	3250	2196.0	2400	1422	1333	1
59	3188	2784	1598	7393	3249	2191.0	2400	1422	1333	1
59	3184	2789	1600	7396	3246	2189.0	2400	1422	1333	1
59	3186	2782	1597	7388	3251	2197.0	2400	1422	1333	1
59	3187	2788	1600	7398	3246	2187.0	2400	1422	1333	1
59	3182	2784	1597	7386	3249	2194.0	2400	1422	1333	1
59	3189	2785	1599	7395	3249	2192.0	2400	1422	1333	1
59	3186	2785	1599	7392	3246	2190.0	2400	1422	1333	1
59	3186	2785	1598	7391	3248	2191.0	2400	1422	1333	1
59	3184	2788	1600	7395	3247	2191.0	2400	1422	1333	1
59	3186	2782	1597	7386	3251	2195.0	2400	1422	1333	1
59	3186	2789	1601	7399	3246	2187.0	2400	1422	1333	1
59	3182	2783	1597	7384	3251	2195.0	2400	1422	1333	1
59	3189	2786	1599	7396	3248	2190.0	2400	1422	1333	1
59	3181	2786	1598	7388	3246	2191.0	2400	1422	1333	1
59	3185	2785	1599	7392	3251	2195.0	2400	1422	1333	0
59	1862	1693	1034	4511	3249	2191.0	2400	1422	1333	0
59	337	453	394	1222	3470	1310.0	2400	1422	1333	0
59	335	450	391	1213	5845	317.0	2400	1422	1333	0
59	337	453	394	1222	5837	315.0	2400	1422	1333	0
59	335	449	391	1213	5845	317.0	2400	1422	1333	0
59	337	453	394	1222	5837	313.0	2400	1422	1333	0
60	335	449	391	1213	5845	317.0	2400	1777	1111	1
60	1283	983	693	2915	5837	313.0	2400	1777	1111	1
60	3866	2420	1504	7522	3418	627.0	2400	1777	1111	1
60	3861	2419	1503	7526	2789	1463.0	2400	1777	1111	1
60	3865	2424	1507	7527	2794	1464.0	2400	1777	1111	1
60	3858	2422	1504	7517	2793	1468.0	2400	1777	1111	1
60	3865	2422	1506	7524	2793	1469.0	2400	1777	1111	1
60	3861	2422	1505	7520	2792	1465.0	2400	1777	1111	1
60	3860	2423	1506	7521	2792	1467.0	2400	1777	1111	1
60	3864	2419	1504	7519	2793	1468.0	2400	1777	1111	1
60	3860	2425	1506	7524	2790	1462.0	2400	1777	1111	1
60	3859	2419	1503	7514	2794	1472.0	2400	1777	1111	1
60	3864	2422	1505	7524	2791	1465.0	2400	1777	1111	1
60	3857	2423	1505	7518	2792	1466.0	2400	1777	1111	1
60	3862	2420	1505	7520	2794	1470.0	2400	1777	1111	1
60	3861	2422	1505	7520	2792	1464.0	2400	1777	1111	1
60	3857	2423	1505	7519	2792	1467.0	2400	1777	1111	1
60	3862	2419	1504	7518	2794	1470.0	2400	1777	1111	1
60	3860	2424	1506	7522	2791	1463.0	2400	1777	1111	1
60	3858	2420	1504	7515	2793	1470.0	2400	1777	1111	1
60	3864	2420	1505	7521	2793	1466.0	2400	1777	1111	1
60	3857	2423	1505	7519	2791	1463.0	2400	1777	1111	1
60	3862	2422	1505	7521	2794	1470.0	2400	1777	1111	1
60	3856	2423	1505	7516	2792	1467.0	2400	1777	1111	1
60	3862	2420	1504	7518	2794	1470.0	2400	1777	1111	1
60	3859	2423	1505	7519	2791	1465.0	2400	1777	1111	1
60	3858	2421	1505	7516	2793	1470.0	2400	1777	1111	1
60	3862	2419	1504	7518	2793	1467.0	2400	1777	1111	0
60	2089	1432	946	4353	2791	1463.0	2400	1777	1111	0
60	335	450	392	1215	3057	889.0	2400	1777	1111	0
60	337	452	394	1220	5849	314.0	2400	1777	1111	0
60	335	450	392	1215	5845	315.0	2400	1777	1111	0
60	337	452	394	1221	5849	314.0	2400	1777	1111	0
60	335	450	392	1215	5845	315.0	2400	1777	1111	0
61	337	452	394	1221	5849	314.0	2400	2133	888	1
61	1202	782	602	2543	5845	315.0	2400	2133	888	1
61	4542	2059	1412	7656	3265	403.0	2400	2133	888	1
61	4545	2054	1409	7650	2468	741.0	2400	2133	888	1
61	4541	2060	1413	7656	2464	735.0	2400	2133	888	1
61	4540	2054	1409	7644	2468	742.0	2400	2133	888	1
61	4536	2056	1409	7644	2465	736.0	2400	2133	888	1
61	4544	2056	1411	7654	2467	741.0	2400	2133	888	1
61	4538	2056	1410	7646	2466	737.0	2400	2133	888	1
61	4540	2057	1411	7651	2466	739.0	2400	2133	888	1
61	4541	2054	1409	7646	2467	740.0	2400	2133	888	1
61	4537	2059	1412	7651	2465	736.0	2400	2133	888	1
61	4540	2053	1409	7644	2469	743.0	2400	2133	888	1
61	4541	2059	1412	7655	2465	735.0	2400	2133	888	1
61	4536	2055	1409	7642	2468	742.0	2400	2133	888	1
61	4543	2057	1412	7654	2466	739.0	2400	2133	888	1
61	4535	2056	1409	7643	2467	738.0	2400	2133	888	1
61	4539	2056	1411	7649	2467	741.0	2400	2133	888	1
61	4538	2054	1409	7644	2468	738.0	2400	2133	888	1
61	4535	2059	1412	7648	2466	737.0	2400	2133	888	1
61	4539	2053	1408	7643	2469	744.0	2400	2133	888	1
61	4538	2059	1412	7652	2465	736.0	2400	2133	888	1
61	4534	2054	1409	7640	2469	743.0	2400	2133	888	1
61	4542	2056	1411	7652	2467	738.0	2400	2133	888	1
61	4538	2056	1411	7647	2467	737.0	2400	2133	888	1
61	4538	2054	1409	7644	2467	739.0	2400	2133	888	1
61	4533	2058	1411	7646	2466	737.0	2400	2133	888	1
61	4537	2054	1409	7642	2469	743.0	2400	2133	888	0
61	2688	1349	963	4816	2466	737.0	2400	2133	888	0
61	335	450	392	1215	2669	551.0	2400	2133	888	0
61	336	452	394	1220	5849	314.0	2400	2133	888	0
61	335	450	392	1216	5858	315.0	2400	2133	888	0
61	336	452	394	1220	5849	314.0	2400	2133	888	0
61	335	450	392	1216	5858	315.0	2400	2133	888	0
62	336	452	393	1219	5849	314.0	2400	2488	666	1
62	1531	755	619	2824	5847	316.0	2400	2488	666	1
62	5227	1694	1318	7791	2870	241.0	2400	2488	666	1
62	5220	1694	1317	7782	2224	12.0	2400	2488	666	1
62	5226	1693	1317	7787	2224	15.0	2400	2488	666	1
62	5222	1694	1317	7785	2223	11.0	2400	2488	666	1
62	5220	1693	1317	7782	2224	14.0	2400	2488	666	1
62	5224	1692	1317	7784	2224	13.0	2400	2488	666	1
62	5219	1692	1317	7779	2223	10.0	2400	2488	666	1
62	5222	1692	1317	7782	2224	12.0	2400	2488	666	1
62	5216	1694	1317	7780	2224	11.0	2400	2488	666	1
62	5219	1691	1316	7779	2225	16.0	2400	2488	666	1
62	5220	1693	1317	7782	2224	11.0	2400	2488	666	1
62	5214	1693	1316	7776	2224	13.0	2400	2488	666	1
62	5221	1692	1317	7782	2225	16.0	2400	2488	666	1
62	5216	1693	1317	7779	2224	11.0	2400	2488	666	1
62	5216	1693	1317	7778	2225	14.0	2400	2488	666	1
62	5219	1691	1316	7778	2225	14.0	2400	2488	666	1
62	5214	1694	1317	7778	2223	11.0	2400	2488	666	1
62	5216	1690	1315	7773	2226	17.0	2400	2488	666	1
62	5218	1692	1317	7780	2223	11.0	2400	2488	666	1
62	5212	1692	1315	7772	2225	12.0	2400	2488	666	1
62	5219	1692	1317	7780	2224	16.0	2400	2488	666	1
62	5215	1692	1316	7775	2224	12.0	2400	2488	666	1
62	5214	1693	1317	7777	2224	14.0	2400	2488	666	1
62	5217	1690	1315	7774	2226	15.0	2400	2488	666	1
62	5214	1690	1315	7779	2223	11.0	2400	2488	666	1
62	5219	1693	1317	7781	2226	12.0	2400	2488	666	0
62	3073	1146	910	4894	2224	13.0	2400	2488	666	0
62	337	452	394	1221	2413	145.0	2400	2488	666	0
62	335	450	392	1214	5845	315.0	2400	2488	666	0
62	337	452	394	1221	5849	314.0	2400	2488	666	0
62	335	449	391	1213	5845	315.0	2400	2488	666	0
62	337	452	394	1221	5837	313.0	2400	2488	666	0
63	335	450	391	1213	5845	315.0	2400	2844	444	1
63	1679	664	594	2836	5837	315.0	2400	2844	444	1
63	5912	1329	1224	7924	2663	68.0	2400	2844	444	1
63	5911	1331	1226	7928	2035	0.0	2400	2844	444	1
63	5912	1327	1223	7922	2036	0.0	2400	2844	444	1
63	5909	1331	1225	7926	2034	0.0	2400	2844	444	1
63	5906	1327	1222	7916	2036	0.0	2400	2844	444	1
63	5912	1330	1225	7927	2035	0.0	2400	2844	444	1
63	5905	1328	1223	7916	2035	0.0	2400	2844	444	1
63	5908	1330	1225	7923	2035	0.0	2400	2844	444	1
63	5909	1327	1223	7918	2036	0.0	2400	2844	444	1
63	5905	1326	1222	7914	2034	0.0	2400	2844	444	1
63	5908	1330	1225	7924	2035	0.0	2400	2844	444	1
63	5901	1327	1222	7911	2036	0.0	2400	2844	444	1
63	5905	1329	1225	7920	2035	0.0	2400	2844	444	1
63	5903	1326	1222	7913	2037	0.0	2400	2844	444	1
63	5902	1330	1225	7919	2035	0.0	2400	2844	444	1
63	5903	1326	1222	7912	2037	0.0	2400	2844	444	1
63	5906	1329	1225	7921	2035	0.0	2400	2844	444	1
63	5899	1327	1222	7909	2037	0.0	2400	2844	444	1
63	5905	1329	1225	7920	2035	0.0	2400	2844	444	1
63	5902	1326	1222	7911	2037	0.0	2400	2844	444	1
63	5899	1330	1224	7914	2035	0.0	2400	2844	444	1
63	5901	1326	1222	7909	2037	0.0	2400	2844	444	1
63	5904	1329	1224	7918	2035	0.0	2400	2844	444	1
63	5896	1327	1222	7907	2036	0.0	2400	2844	444	1
63	5901	1329	1224	7915	2036	0.0	2400	2844	444	1
63	5903	1326	1222	7911	2037	0.0	2400	2844	444	0
63	5898	1330	1224	7913	2034	0.0	2400	2844	444	0
63	337	452	394	1221	2037	0.0	2400	2844	444	0
63	335	450	392	1214	5845	315.0	2400	2844	444	0
63	336	452	393	1220	5849	314.0	2400	2844	444	0
63	335	450	392	1214	5847	316.0	2400	2844	444	0
63	336	452	394	1220	5849	314.0	2400	2844	444	0
64	335	450	392	1214	5858	315.0	2400	3200	222	1
64	1451	549	528	2446	5849	314.0	2400	3200	222	1
64	6608	994	1147	8118	2706	8.0	2400	3200	222	1
64	6609	995	1149	8122	1894	0.0	2400	3200	222	1
64	6606	994	1147	8115	1895	0.0	2400	3200	222	1
64	6605	995	1148	8118	1894	0.0	2400	3200	222	1
64	6605	993	1147	8113	1895	0.0	2400	3200	222	1
64	6604	995	1148	8116	1894	0.0	2400	3200	222	1
64	6596	993	1146	8104	1895	0.0	2400	3200	222	1
64	6587	993	1146	8097	1895	0.0	2400	3200	222	1
64	6580	992	1144	8087	1896	0.0	2400	3200	222	1
64	6580	993	1145	8090	1895	0.0	2400	3200	222	1
64	6577	991	1144	8084	1896	0.0	2400	3200	222	1
64	6577	991	1144	8083	1895	0.0	2400	3200	222	1
64	6574	992	1144	8082	1895	0.0	2400	3200	222	1
64	6568	991	1143	8075	1896	0.0	2400	3200	222	1
64	6570	992	1144	8078	1896	0.0	2400	3200	222	1
64	6571	991	1143	8077	1896	0.0	2400	3200	222	1
64	6566	992	1143	8074	1895	0.0	2400	3200	222	1
64	6567	991	1143	8073	1896	0.0	2400	3200	222	1
64	6597	993	1147	8106	1896	0.0	2400	3200	222	1
64	6587	992	1145	8095	1895	0.0	2400	3200	222	1
64	6597	993	1147	8107	1895	0.0	2400	3200	222	1
64	6590	993	1146	8099	1895	0.0	2400	3200	222	1
64	6589	993	1146	8098	1895	0.0	2400	3200	222	1
64	6590	993	1145	8098	1895	0.0	2400	3200	222	1
64	6586	992	1145	8094	1894	0.0	2400	3200	222	1
64	6581	992	1145	8089	1895	0.0	2400	3200	222	1
64	6583	992	1144	8090	1896	0.0	2400	3200	222	0
64	4028	771	837	5280	1895	0.0	2400	3200	222	0
64	335	450	392	1216	2043	0.0	2400	3200	222	0
64	335	451	392	1216	5849	314.0	2400	3200	222	0
64	336	452	393	1219	5849	316.0	2400	3200	222	0
64	335	450	392	1216	5847	316.0	2400	3200	222	0
65	336	452	393	1219	5849	314.0	2400	711	2000	1
65	661	1189	726	2608	5847	316.0	2400	711	2000	1
65	1884	3926	1964	7787	5575	1130.0	2400	711	2000	1
65	1885	3926	1963	7787	5362	4147.0	2400	711	2000	1
65	1884	3930	1965	7792	5358	4147.0	2400	711	2000	1
65	1883	3922	1961	7780	5364	4153.0	2400	711	2000	1
65	1885	3929	1965	7792	5358	4143.0	2400	711	2000	1
65	1882	3926	1963	7784	5362	4151.0	2400	711	2000	1
65	1885	3924	1963	7784	5364	4148.0	2400	711	2000	1
65	1883	3927	1963	7785	5358	4144.0	2400	711	2000	1
65	1883	3927	1964	7788	5362	4150.0	2400	711	2000	1
65	1883	3922	1961	7778	5364	4149.0	2400	711	2000	1
65	1884	3929	1965	7792	5358	4143.0	2400	711	2000	1
65	1881	3924	1962	7780	5364	4151.0	2400	711	2000	1
65	1886	3925	1963	7787	5365	4146.0	2400	711	2000	1
65	1883	3925	1963	7786	5356	4146.0	2400	711	2000	1
65	1884	3924	1961	7781	5362	4147.0	2400	711	2000	1
65	1884	3930	1965	7792	5356	4146.0	2400	711	2000	1
65	1882	3921	1960	7776	5364	4153.0	2400	711	2000	1
65	1886	3927	1964	7790	5358	4143.0	2400	711	2000	1
65	1882	3926	1963	7783	5358	4148.0	2400	711	2000	1
65	1885	3924	1963	7784	5364	4148.0	2400	711	2000	1
65	1884	3925	1962	7784	5358	4144.0	2400	711	2000	1
65	1884	3929	1965	7791	5358	4147.0	2400	711	2000	1
65	1884	3921	1960	7777	5364	4151.0	2400	711	2000	1
65	1886	3928	1965	7792	5354	4142.0	2400	711	2000	1
65	1882	3924	1961	7780	5360	4149.0	2400	711	2000	1
65	1886	3924	1963	7785	5360	4147.0	2400	711	2000	1
65	1883	3926	1962	7784	5356	4144.0	2400	711	2000	0
65	1259	2519	1328	5129	5360	4149.0	2400	711	2000	0
65	335	450	391	1213	5409	2595.0	2400	711	2000	0
65	337	453	394	1222	5837	315.0	2400	711	2000	0
65	335	449	391	1213	5845	317.0	2400	711	2000	0
65	337	453	391	1222	5837	313.0	2400	711	2000	0
65	337	452	394	1221	5811	319.0	2400	711	2000	0
66	796	1097	699	2606	5845	315.0	2400	1066	1777	1
66	2553	3562	1869	7909	4736	961.0	2400	1066	1777	1
66	2552	3553	1864	7893	4165	3425.0	2400	1066	1777	1
66	2557	3558	1868	7906	4158	3415.0	2400	1066	1777	1
66	2550	3557	1866	7898	4158	3418.0	2400	1066	1777	1
66	2555	3555	1867	7901	4163	3420.0	2400	1066	1777	1
66	2554	3556	1866	7898	4159	3415.0	2400	1066	1777	1
66	2553	3559	1868	7903	4158	3417.0	2400	1066	1777	1
66	2553	3552	1864	7893	4163	3421.0	2400	1066	1777	1
66	2554	3560	1868	7906	4157	3413.0	2400	1066	1777	1
66	2550	3555	1865	7894	4162	3422.0	2400	1066	1777	1
66	2556	3556	1867	7902	4162	3418.0	2400	1066	1777	1
66	2551	3558	1866	7899	4158	3416.0	2400	1066	1777	1
66	2553	3556	1867	7899	4162	3421.0	2400	1066	1777	1
66	2554	3554	1865	7897	4161	3417.0	2400	1066	1777	1
66	2552	3560	1868	7904	4157	3415.0	2400	1066	1777	1
66	2552	3551	1864	7891	4164	3423.0	2400	1066	1777	1
66	2550	3556	1865	7895	4158	3411.0	2400	1066	1777	1
66	2555	3554	1866	7899	4162	3419.0	2400	1066	1777	1
66	2551	3558	1866	7898	4158	3414.0	2400	1066	1777	1
66	2551	3555	1866	7896	4162	3421.0	2400	1066	1777	1
66	2554	3553	1865	7896	4162	3417.0	2400	1066	1777	1
66	2552	3560	1868	7904	4157	3413.0	2400	1066	1777	1
66	2551	3553	1864	7892	4164	3423.0	2400	1066	1777	1
66	2556	3556	1867	7902	4159	3415.0	2400	1066	1777	1
66	2551	3558	1866	7898	4158	3416.0	2400	1066	1777	1
66	2554	3553	1865	7896	4162	3421.0	2400	1066	1777	1
66	2553	3556	1866	7898	4157	3413.0	2400	1066	1777	0
66	1573	2184	1215	4946	4160	3418.0	2400	1066	1777	0
66	335	451	392	1216	4326	2047.0	2400	1066	1777	0
66	336	452	393	1219	5849	316.0	2400	1066	1777	0
66	336	451	392	1217	5847	316.0	2400	1066	1777	0
66	336	452	393	1219	5836	315.0	2400	1066	1777	0
66	336	451	393	1217	5847	316.0	2400	1066	1777	0
67	336	451	393	1218	5847	315.0	2400	1422	1555	1
67	3227	3194	1773	8028	5847	315.0	2400	1422	1555	1
67	3229	3188	1771	8021	3438	2695.0	2400	1422	1555	1
67	3230	3191	1772	8027	3435	2687.0	2400	1422	1555	1
67	3227	3192	1772	8025	3435	2690.0	2400	1422	1555	1
67	3231	3188	1771	8024	3437	2693.0	2400	1422	1555	1
67	3229	3193	1773	8030	3433	2686.0	2400	1422	1555	1
67	3226	3190	1771	8021	3438	2693.0	2400	1422	1555	1
67	3231	3189	1771	8025	3437	2691.0	2400	1422	1555	1
67	3225	3193	1772	8024	3433	2688.0	2400	1422	1555	1
67	3227	3189	1771	8021	3439	2695.0	2400	1422	1555	1
67	3228	3189	1771	8021	3436	2689.0	2400	1422	1555	1
67	3220	3193	1772	8020	3435	2689.0	2400	1422	1555	1
67	3222	3186	1769	8012	3442	2697.0	2400	1422	1555	1
67	3229	3192	1772	8028	3437	2687.0	2400	1422	1555	1
67	3225	3190	1770	8020	3437	2692.0	2400	1422	1555	1
67	3231	3188	1771	8024	3437	2692.0	2400	1422	1555	1
67	3226	3191	1771	8022	3433	2686.0	2400	1422	1555	1
67	3227	3190	1771	8022	3437	2693.0	2400	1422	1555	1
67	3226	3194	1773	8027	3436	2691.0	2400	1422	1555	1
67	3226	3186	1769	8014	3439	2696.0	2400	1422	1555	1
67	3228	3192	1772	8027	3434	2686.0	2400	1422	1555	1
67	3224	3189	1770	8017	3437	2693.0	2400	1422	1555	1
67	3231	3189	1771	8025	3437	2691.0	2400	1422	1555	1
67	3225	3191	1771	8021	3433	2688.0	2400	1422	1555	1
67	3226	3190	1772	8022	3437	2693.0	2400	1422	1555	1
67	3228	3187	1769	8017	3438	2690.0	2400	1422	1555	1
67	3218	3193	1772	8019	3433	2687.0	2400	1422	1555	0
67	2127	2148	1246	5433	3444	2698.0	2400	1422	1555	0
67	337	453	394	1222	3589	1787.0	2400	1422	1555	0
67	335	450	392	1214	5845	317.0	2400	1422	1555	0
67	337	453	394	1222	5849	314.0	2400	1422	1555	0
67	335	450	392	1214	5845	317.0	2400	1422	1555	0
67	337	453	394	1222	5849	314.0	2400	1422	1555	0
68	334	449	391	1213	5845	317.0	2400	1777	1333	1
68	984	889	629	2487	5851	314.0	2400	1777	1333	1
68	3892	2824	1675	8136	3816	623.0	2400	1777	1333	1
68	3886	2825	1675	8142	2957	1967.0	2400	1777	1333	1
68	3891	2823	1675	8135	2962	1971.0	2400	1777	1333	1
68	3890	2822	1674	8131	2957	1966.0	2400	1777	1333	1
68	3887	2827	1677	8138	2957	1966.0	2400	1777	1333	1
68	3888	2820	1673	8127	2962	1972.0	2400	1777	1333	1
68	3900	2827	1678	8150	2957	1964.0	2400	1777	1333	1
68	3896	2824	1675	8141	2957	1967.0	2400	1777	1333	1
68	3905	2824	1677	8151	2955	1966.0	2400	1777	1333	1
68	3899	2825	1676	8145	2954	1962.0	2400	1777	1333	1
68	3900	2826	1678	8149	2955	1966.0	2400	1777	1333	1
68	3899	2821	1675	8139	2957	1966.0	2400	1777	1333	1
68	3900	2829	1679	8152	2953	1960.0	2400	1777	1333	1
68	3900	2821	1675	8140	2957	1970.0	2400	1777	1333	1
68	3903	2826	1678	8151	2953	1960.0	2400	1777	1333	1
68	3896	2825	1676	8143	2955	1965.0	2400	1777	1333	1
68	3901	2823	1676	8146	2956	1967.0	2400	1777	1333	1
68	3900	2825	1676	8146	2954	1962.0	2400	1777	1333	1
68	3900	2826	1677	8147	2955	1966.0	2400	1777	1333	1
68	3903	2822	1678	8144	2955	1966.0	2400	1777	1333	1
68	3899	2821	1675	8140	2954	1958.0	2400	1777	1333	1
68	3902	2825	1677	8149	2954	1960.0	2400	1777	1333	1
68	3896	2825	1676	8143	2955	1964.0	2400	1777	1333	1
68	3901	2823	1676	8145	2956	1967.0	2400	1777	1333	1
68	3890	2825	1676	8136	2954	1962.0	2400	1777	1333	1
68	3887	2824	1675	8133	2959	1969.0	2400	1777	1333	0
68	2553	1927	1191	5526	2960	1969.0	2400	1777	1333	0
68	336	452	393	1219	3109	1340.0	2400	1777	1333	0
68	336	451	392	1217	5847	316.0	2400	1777	1333	0
68	336	451	393	1218	5836	315.0	2400	1777	1333	0
68	336	451	393	1217	5847	315.0	2400	1777	1333	0
68	336	451	393	1218	5847	315.0	2400	1777	1333	0
69	336	451	393	1217	5847	315.0	2400	2133	1111	1
69	1091	811	606	2478	5847	315.0	2400	2133	1111	1
69	4587	2460	1583	8284	3483	482.0	2400	2133	1111	1
69	4580	2463	1584	8282	2608	1234.0	2400	2133	1111	1
69	4580	2461	1583	8279	2611	1241.0	2400	2133	1111	1
69	4585	2459	1583	8281	2610	1238.0	2400	2133	1111	1
69	4580	2459	1582	8275	2608	1234.0	2400	2133	1111	1
69	4582	2461	1583	8281	2609	1236.0	2400	2133	1111	1
69	4575	2462	1583	8275	2610	1238.0	2400	2133	1111	1
69	4582	2460	1583	8279	2611	1242.0	2400	2133	1111	1
69	4567	2461	1582	8265	2609	1236.0	2400	2133	1111	1
69	4560	2461	1582	8260	2613	1243.0	2400	2133	1111	1
69	4562	2457	1580	8255	2615	1246.0	2400	2133	1111	1
69	4556	2462	1582	8258	2612	1240.0	2400	2133	1111	1
69	4559	2456	1579	8251	2616	1248.0	2400	2133	1111	1
69	4560	2461	1582	8261	2613	1240.0	2400	2133	1111	1
69	4554	2459	1580	8250	2615	1246.0	2400	2133	1111	1
69	4561	2459	1581	8258	2615	1246.0	2400	2133	1111	1
69	4558	2460	1580	8256	2614	1243.0	2400	2133	1111	1
69	4559	2458	1581	8256	2614	1246.0	2400	2133	1111	1
69	4557	2457	1579	8250	2615	1242.0	2400	2133	1111	1
69	4552	2462	1581	8254	2614	1242.0	2400	2133	1111	1
69	4555	2455	1578	8246	2617	1250.0	2400	2133	1111	1
69	4551	2462	1581	8253	2613	1241.0	2400	2133	1111	1
69	4546	2458	1579	8242	2618	1251.0	2400	2133	1111	1
69	4533	2458	1577	8228	2617	1248.0	2400	2133	1111	1
69	4540	2457	1579	8236	2619	1253.0	2400	2133	1111	1
69	4537	2457	1577	8230	2619	1248.0	2400	2133	1111	0
69	2803	1629	1089	5337	2618	1250.0	2400	2133	1111	0
69	335	450	391	1214	2792	864.0	2400	2133	1111	0
69	337	453	394	1222	5837	315.0	2400	2133	1111	0
69	335	450	392	1214	5845	317.0	2400	2133	1111	0
69	337	453	394	1222	5849	314.0	2400	2133	1111	0
69	335	450	392	1214	5845	317.0	2400	2133	1111	0
70	337	453	394	1222	5849	314.0	2400	2488	888	1
70	913	646	522	2063	5845	317.0	2400	2488	888	1
70	5219	2093	1485	8366	3553	341.0	2400	2488	888	1
70	5216	2090	1482	8357	2357	522.0	2400	2488	888	1
70	5211	2095	1485	8360	2356	520.0	2400	2488	888	1
70	5213	2089	1482	8353	2359	527.0	2400	2488	888	1
70	5212	2095	1485	8361	2356	520.0	2400	2488	888	1
70	5223	2092	1484	8367	2359	527.0	2400	2488	888	1
70	5220	2093	1484	8365	2355	520.0	2400	2488	888	1
70	5226	2093	1485	8372	2356	522.0	2400	2488	888	1
70	5216	2091	1483	8359	2356	519.0	2400	2488	888	1
70	5223	2096	1486	8373	2357	521.0	2400	2488	888	1
70	5267	2094	1489	8412	2357	524.0	2400	2488	888	1
70	5264	2099	1491	8418	2349	505.0	2400	2488	888	1
70	5262	2095	1489	8409	2352	512.0	2400	2488	888	1
70	5268	2096	1490	8416	2351	508.0	2400	2488	888	1
70	5260	2096	1489	8408	2350	507.0	2400	2488	888	1
70	5264	2095	1489	8413	2351	510.0	2400	2488	888	1
70	5264	2094	1488	8410	2351	507.0	2400	2488	888	1
70	5259	2098	1490	8411	2349	507.0	2400	2488	888	1
70	5264	2094	1488	8410	2352	513.0	2400	2488	888	1
70	5263	2097	1490	8413	2349	507.0	2400	2488	888	1
70	5259	2096	1489	8407	2351	510.0	2400	2488	888	1
70	5265	2095	1489	8413	2351	511.0	2400	2488	888	1
70	5260	2097	1489	8410	2350	507.0	2400	2488	888	1
70	5261	2096	1489	8409	2351	512.0	2400	2488	888	1
70	5258	2098	1490	8410	2351	510.0	2400	2488	888	1
70	5263	2094	1489	8409	2352	513.0	2400	2488	888	0
70	3524	1515	1102	5872	2350	506.0	2400	2488	888	0
70	336	451	393	1219	2478	440.0	2400	2488	888	0
70	336	451	393	1218	5847	315.0	2400	2488	888	0
70	336	451	393	1219	5847	315.0	2400	2488	888	0
70	336	451	393	1217	5847	315.0	2400	2488	888	0
70	336	451	393	1218	5847	315.0	2400	2488	888	0
71	335	451	392	1216	5847	315.0	2400	2844	666	1
71	1208	650	549	2358	5849	316.0	2400	2844	666	1
71	5959	1734	1398	8562	3080	231.0	2400	2844	666	1
71	5957	1734	1398	8561	2149	0.0	2400	2844	666	1
71	5958	1732	1397	8558	2149	0.0	2400	2844	666	1
71	5953	1735	1398	8558	2149	0.0	2400	2844	666	1
71	5955	1731	1396	8553	2150	0.0	2400	2844	666	1
71	5956	1734	1398	8559	2148	0.0	2400	2844	666	1
71	5950	1733	1396	8551	2150	0.0	2400	2844	666	1
71	5957	1733	1398	8558	2149	0.0	2400	2844	666	1
71	5951	1733	1397	8552	2149	0.0	2400	2844	666	1
71	5954	1731	1396	8552	2150	0.0	2400	2844	666	1
71	5949	1735	1398	8554	2148	0.0	2400	2844	666	1
71	5951	1731	1395	8549	2150	0.0	2400	2844	666	1
71	5952	1734	1398	8556	2148	0.0	2400	2844	666	1
71	5946	1733	1396	8547	2150	0.0	2400	2844	666	1
71	5952	1733	1397	8555	2150	0.0	2400	2844	666	1
71	5946	1732	1396	8546	2150	0.0	2400	2844	666	1
71	5949	1734	1397	8552	2150	0.0	2400	2844	666	1
71	5949	1730	1395	8546	2150	0.0	2400	2844	666	1
71	5946	1735	1398	8551	2148	0.0	2400	2844	666	1
71	5948	1730	1395	8545	2151	0.0	2400	2844	666	1
71	5948	1734	1398	8553	2149	0.0	2400	2844	666	1
71	5942	1732	1395	8542	2151	0.0	2400	2844	666	1
71	5949	1733	1397	8552	2150	0.0	2400	2844	666	1
71	5943	1732	1395	8543	2150	0.0	2400	2844	666	1
71	5945	1734	1397	8549	2150	0.0	2400	2844	666	1
71	5947	1730	1395	8543	2151	0.0	2400	2844	666	1
71	5943	1735	1397	8548	2149	0.0	2400	2844	666	0
71	337	453	394	1223	2151	0.0	2400	2844	666	0
71	335	450	392	1214	5845	317.0	2400	2844	666	0
71	337	453	394	1222	5849	314.0	2400	2844	666	0
71	335	450	392	1214	5845	317.0	2400	2844	666	0
71	337	453	394	1222	5849	314.0	2400	2844	666	0
72	335	450	392	1214	5845	317.0	2400	3200	444	1
72	1293	594	533	2358	5849	314.0	2400	3200	444	1
72	6650	1368	1304	8701	2906	127.0	2400	3200	444	1
72	6649	1371	1306	8706	1988	0.0	2400	3200	444	1
72	6641	1369	1303	8693	1989	0.0	2400	3200	444	1
72	6646	1370	1305	8701	1988	0.0	2400	3200	444	1
72	6642	1367	1303	8692	1989	0.0	2400	3200	444	1
72	6640	1371	1306	8698	1988	0.0	2400	3200	444	1
72	6642	1368	1303	8693	1990	0.0	2400	3200	444	1
72	6642	1371	1306	8699	1988	0.0	2400	3200	444	1
72	6637	1368	1303	8689	1990	0.0	2400	3200	444	1
72	6642	1370	1305	8698	1989	0.0	2400	3200	444	1
72	6637	1369	1303	8690	1990	0.0	2400	3200	444	1
72	6640	1367	1303	8690	1989	0.0	2400	3200	444	1
72	6636	1371	1305	8693	1988	0.0	2400	3200	444	1
72	6635	1367	1303	8686	1990	0.0	2400	3200	444	1
72	6641	1370	1305	8696	1989	0.0	2400	3200	444	1
72	6632	1368	1303	8685	1989	0.0	2400	3200	444	1
72	6637	1369	1304	8692	1989	0.0	2400	3200	444	1
72	6636	1368	1303	8688	1990	0.0	2400	3200	444	1
72	6634	1370	1304	8690	1989	0.0	2400	3200	444	1
72	6636	1367	1303	8687	1990	0.0	2400	3200	444	1
72	6633	1370	1304	8689	1989	0.0	2400	3200	444	1
72	6634	1367	1303	8685	1990	0.0	2400	3200	444	1
72	6630	1368	1303	8681	1989	0.0	2400	3200	444	1
72	6624	1368	1302	8675	1989	0.0	2400	3200	444	1
72	6628	1368	1303	8679	1990	0.0	2400	3200	444	1
72	6637	1369	1304	8689	1989	0.0	2400	3200	444	1
72	6634	1369	1304	8688	1989	0.0	2400	3200	444	0
72	4196	1012	950	5793	1990	0.0	2400	3200	444	0
72	336	451	393	1219	2119	0.0	2400	3200	444	0
72	336	451	393	1218	5847	315.0	2400	3200	444	0
72	336	451	393	1217	5847	315.0	2400	3200	444	0
72	336	451	393	1217	5847	315.0	2400	3200	444	0
72	336	451	393	1218	5847	315.0	2400	3200	444	0
73	539	771	543	1882	5847	315.0	2400	1066	2000	1
73	2598	3967	2042	8543	5229	644.0	2400	1066	2000	1
73	2600	3964	2040	8539	4375	3923.0	2400	1066	2000	1
73	2594	3969	2042	8541	4370	3919.0	2400	1066	2000	1
73	2591	3963	2038	8529	4380	3927.0	2400	1066	2000	1
73	2593	3964	2040	8534	4377	3922.0	2400	1066	2000	1
73	2587	3966	2040	8531	4378	3921.0	2400	1066	2000	1
73	2589	3961	2038	8526	4385	3926.0	2400	1066	2000	1
73	2589	3963	2038	8527	4380	3919.0	2400	1066	2000	1
73	2584	3965	2040	8528	4380	3922.0	2400	1066	2000	1
73	2586	3959	2036	8518	4389	3926.0	2400	1066	2000	1
73	2584	3965	2039	8527	4380	3919.0	2400	1066	2000	1
73	2581	3962	2037	8518	4387	3926.0	2400	1066	2000	1
73	2584	3961	2037	8520	4388	3924.0	2400	1066	2000	1
73	2575	3962	2037	8519	4384	3922.0	2400	1066	2000	1
73	2575	3958	2035	8506	4396	3926.0	2400	1066	2000	1
73	2574	3966	2039	8517	4392	3921.0	2400	1066	2000	1
73	2572	3959	2035	8505	4399	3931.0	2400	1066	2000	1
73	2577	3961	2037	8514	4396	3924.0	2400	1066	2000	1
73	2590	3965	2039	8531	4393	3924.0	2400	1066	2000	1
73	2589	3962	2038	8527	4380	3925.0	2400	1066	2000	1
73	2587	3960	2037	8522	4380	3921.0	2400	1066	2000	1
73	2584	3967	2040	8529	4381	3919.0	2400	1066	2000	1
73	2583	3958	2036	8514	4389	3929.0	2400	1066	2000	1
73	2587	3964	2039	8527	4384	3918.0	2400	1066	2000	1
73	2579	3962	2037	8516	4384	3924.0	2400	1066	2000	1
73	2584	3960	2037	8518	4390	3925.0	2400	1066	2000	1
73	2580	3961	2036	8516	4384	3920.0	2400	1066	2000	0
73	1855	2825	1505	6156	4388	3924.0	2400	1066	2000	0
73	334	449	391	1211	4476	2755.0	2400	1066	2000	0
73	336	452	393	1219	5851	314.0	2400	1066	2000	0
73	334	449	391	1211	5847	316.0	2400	1066	2000	0
73	336	452	391	1220	5851	314.0	2400	1066	2000	0
73	336	452	393	1220	5824	318.0	2400	1066	2000	0
74	698	843	585	2140	5847	316.0	2400	1422	1777	1
74	3251	3599	1944	8644	4584	675.0	2400	1422	1777	1
74	3249	3590	1939	8627	3633	3202.0	2400	1422	1777	1
74	3254	3593	1942	8638	3628	3192.0	2400	1422	1777	1
74	3247	3594	1941	8631	3628	3193.0	2400	1422	1777	1
74	3250	3594	1942	8635	3632	3197.0	2400	1422	1777	1
74	3253	3589	1939	8629	3631	3196.0	2400	1422	1777	1
74	3251	3596	1943	8639	3625	3189.0	2400	1422	1777	1
74	3248	3592	1939	8627	3631	3198.0	2400	1422	1777	1
74	3270	3593	1943	8652	3628	3195.0	2400	1422	1777	1
74	3273	3595	1943	8656	3617	3187.0	2400	1422	1777	1
74	3273	3597	1945	8662	3615	3189.0	2400	1422	1777	1
74	3276	3591	1941	8653	3618	3191.0	2400	1422	1777	1
74	3275	3597	1945	8664	3611	3183.0	2400	1422	1777	1
74	3270	3594	1942	8653	3616	3190.0	2400	1422	1777	1
74	3277	3593	1944	8660	3616	3189.0	2400	1422	1777	1
74	3274	3593	1943	8656	3613	3184.0	2400	1422	1777	1
74	3274	3590	1941	8651	3614	3186.0	2400	1422	1777	1
74	3277	3596	1945	8664	3612	3182.0	2400	1422	1777	1
74	3271	3596	1943	8657	3615	3188.0	2400	1422	1777	1
74	3275	3594	1944	8660	3617	3191.0	2400	1422	1777	1
74	3275	3592	1942	8656	3615	3186.0	2400	1422	1777	1
74	3273	3599	1946	8665	3613	3184.0	2400	1422	1777	1
74	3272	3592	1942	8652	3619	3193.0	2400	1422	1777	1
74	3278	3594	1944	8662	3614	3185.0	2400	1422	1777	1
74	3271	3596	1943	8657	3613	3185.0	2400	1422	1777	1
74	3274	3595	1944	8660	3617	3191.0	2400	1422	1777	1
74	3276	3591	1942	8654	3616	3188.0	2400	1422	1777	0
74	2339	2594	1450	6291	3612	3182.0	2400	1422	1777	0
74	334	449	391	1213	3723	2273.0	2400	1422	1777	0
74	336	452	393	1220	5851	314.0	2400	1422	1777	0
74	335	449	391	1213	5847	316.0	2400	1422	1777	0
74	337	452	394	1220	5837	313.0	2400	1422	1777	0
74	335	450	391	1213	5845	315.0	2400	1422	1777	0
75	337	452	394	1220	5837	315.0	2400	1777	1555	1
75	3955	3229	1851	8791	5845	315.0	2400	1777	1555	1
75	3950	3230	1849	8785	3109	2457.0	2400	1777	1555	1
75	3948	3232	1851	8788	3109	2462.0	2400	1777	1555	1
75	3950	3226	1848	8781	3113	2464.0	2400	1777	1555	1
75	3950	3231	1851	8789	3109	2456.0	2400	1777	1555	1
75	3945	3230	1849	8782	3112	2462.0	2400	1777	1555	1
75	3951	3228	1850	8786	3112	2464.0	2400	1777	1555	1
75	3949	3229	1849	8783	3110	2458.0	2400	1777	1555	1
75	3947	3233	1851	8787	3110	2461.0	2400	1777	1555	1
75	3949	3226	1848	8779	3113	2466.0	2400	1777	1555	1
75	3950	3230	1850	8788	3109	2457.0	2400	1777	1555	1
75	3945	3231	1850	8783	3111	2461.0	2400	1777	1555	1
75	3949	3228	1849	8783	3113	2464.0	2400	1777	1555	1
75	3949	3228	1848	8782	3110	2459.0	2400	1777	1555	1
75	3946	3233	1851	8787	3109	2460.0	2400	1777	1555	1
75	3948	3226	1848	8778	3114	2466.0	2400	1777	1555	1
75	3950	3229	1850	8785	3109	2457.0	2400	1777	1555	1
75	3944	3231	1850	8782	3110	2460.0	2400	1777	1555	1
75	3950	3226	1848	8780	3114	2465.0	2400	1777	1555	1
75	3945	3233	1851	8786	3108	2456.0	2400	1777	1555	1
75	3946	3227	1848	8778	3114	2467.0	2400	1777	1555	1
75	3951	3227	1849	8784	3111	2459.0	2400	1777	1555	1
75	3945	3231	1849	8782	3109	2457.0	2400	1777	1555	1
75	3946	3229	1849	8781	3112	2465.0	2400	1777	1555	1
75	3950	3226	1848	8781	3112	2462.0	2400	1777	1555	1
75	3946	3232	1850	8785	3109	2456.0	2400	1777	1555	1
75	3945	3228	1849	8778	3113	2466.0	2400	1777	1555	0
75	2685	2253	1338	6132	3112	2460.0	2400	1777	1555	0
75	335	451	392	1216	3236	1705.0	2400	1777	1555	0
75	336	451	393	1218	5849	316.0	2400	1777	1555	0
75	335	451	392	1217	5847	315.0	2400	1777	1555	0
75	336	451	393	1218	5849	316.0	2400	1777	1555	0
75	336	451	392	1217	5847	315.0	2400	1777	1555	0
76	336	451	393	1218	5836	315.0	2400	2133	1333	1
76	562	587	468	1635	5847	315.0	2400	2133	1333	1
76	4630	2865	1756	8918	4563	401.0	2400	2133	1333	1
76	4626	2867	1756	8916	2748	1733.0	2400	2133	1333	1
76	4626	2864	1755	8911	2749	1738.0	2400	2133	1333	1
76	4630	2862	1755	8913	2747	1734.0	2400	2133	1333	1
76	4624	2866	1756	8914	2746	1729.0	2400	2133	1333	1
76	4625	2863	1754	8910	2749	1737.0	2400	2133	1333	1
76	4629	2862	1754	8911	2747	1733.0	2400	2133	1333	1
76	4623	2865	1755	8910	2746	1730.0	2400	2133	1333	1
76	4624	2863	1754	8907	2749	1736.0	2400	2133	1333	1
76	4627	2860	1753	8907	2747	1733.0	2400	2133	1333	1
76	4623	2865	1755	8910	2746	1728.0	2400	2133	1333	1
76	4622	2862	1753	8903	2749	1736.0	2400	2133	1333	1
76	4627	2860	1753	8906	2747	1733.0	2400	2133	1333	1
76	4620	2863	1753	8903	2745	1728.0	2400	2133	1333	1
76	4621	2861	1753	8902	2748	1735.0	2400	2133	1333	1
76	4625	2858	1752	8900	2748	1732.0	2400	2133	1333	1
76	4620	2863	1754	8903	2745	1727.0	2400	2133	1333	1
76	4618	2858	1751	8894	2748	1735.0	2400	2133	1333	1
76	4624	2857	1751	8898	2747	1730.0	2400	2133	1333	1
76	4618	2857	1751	8894	2745	1726.0	2400	2133	1333	1
76	4621	2854	1749	8889	2747	1728.0	2400	2133	1333	1
76	4616	2860	1751	8894	2744	1724.0	2400	2133	1333	1
76	4615	2855	1749	8886	2748	1733.0	2400	2133	1333	1
76	4622	2856	1750	8893	2746	1727.0	2400	2133	1333	1
76	4616	2857	1750	8889	2744	1726.0	2400	2133	1333	1
76	4616	2858	1751	8891	2746	1729.0	2400	2133	1333	0
76	3391	2161	1358	6682	2747	1730.0	2400	2133	1333	0
76	330	445	388	1201	2837	1316.0	2400	2133	1333	0
76	329	443	387	1195	5870	311.0	2400	2133	1333	0
76	330	444	388	1200	5872	309.0	2400	2133	1333	0
76	329	442	386	1194	5870	309.0	2400	2133	1333	0
76	330	444	388	1199	5861	308.0	2400	2133	1333	0
77	329	442	386	1194	5870	309.0	2400	2488	1111	1
77	766	624	499	1886	5861	308.0	2400	2488	1111	1
77	5302	2495	1657	9028	3871	370.0	2400	2488	1111	1
77	5305	2492	1657	9030	2472	1003.0	2400	2488	1111	1
77	5302	2490	1655	9022	2471	998.0	2400	2488	1111	1
77	5298	2495	1654	9025	2471	997.0	2400	2488	1111	1
77	5302	2491	1656	9024	2471	1007.0	2400	2488	1111	1
77	5294	2492	1654	9016	2471	998.0	2400	2488	1111	1
77	5301	2490	1655	9022	2472	1003.0	2400	2488	1111	1
77	5298	2489	1653	9015	2471	997.0	2400	2488	1111	1
77	5296	2494	1656	9022	2470	998.0	2400	2488	1111	1
77	5300	2488	1653	9015	2473	1005.0	2400	2488	1111	1
77	5299	2493	1656	9024	2469	996.0	2400	2488	1111	1
77	5294	2491	1654	9015	2472	1002.0	2400	2488	1111	1
77	5301	2490	1655	9022	2472	1002.0	2400	2488	1111	1
77	5296	2490	1653	9014	2471	997.0	2400	2488	1111	1
77	5296	2494	1656	9021	2470	1000.0	2400	2488	1111	1
77	5299	2488	1653	9014	2473	1005.0	2400	2488	1111	1
77	5298	2493	1656	9022	2469	996.0	2400	2488	1111	1
77	5293	2491	1654	9014	2472	1002.0	2400	2488	1111	1
77	5301	2491	1656	9022	2472	1002.0	2400	2488	1111	1
77	5295	2490	1654	9014	2471	998.0	2400	2488	1111	1
77	5294	2494	1656	9021	2471	1000.0	2400	2488	1111	1
77	5297	2488	1653	9013	2474	1005.0	2400	2488	1111	1
77	5292	2491	1654	9012	2470	997.0	2400	2488	1111	1
77	5299	2491	1656	9020	2472	1003.0	2400	2488	1111	1
77	5294	2489	1653	9012	2471	999.0	2400	2488	1111	1
77	5293	2494	1656	9019	2471	999.0	2400	2488	1111	0
77	3907	1913	1297	6820	2473	1005.0	2400	2488	1111	0
77	329	443	387	1196	2555	801.0	2400	2488	1111	0
77	327	439	384	1187	5872	309.0	2400	2488	1111	0
77	329	442	386	1194	5865	305.0	2400	2488	1111	0
77	327	439	383	1186	5861	308.0	2400	2488	1111	0
77	329	441	386	1193	5853	306.0	2400	2488	1111	0
78	326	438	383	1184	5861	306.0	2400	2844	888	1
78	788	580	482	1842	5867	305.0	2400	2844	888	1
78	5993	2125	1561	9160	3713	306.0	2400	2844	888	1
78	5995	2126	1562	9165	2256	265.0	2400	2844	888	1
78	5988	2125	1560	9155	2256	266.0	2400	2844	888	1
78	5990	2126	1562	9161	2256	268.0	2400	2844	888	1
78	5990	2122	1559	9152	2257	267.0	2400	2844	888	1
78	5987	2127	1562	9159	2255	263.0	2400	2844	888	1
78	5990	2124	1561	9159	2258	270.0	2400	2844	888	1
78	5983	2125	1560	9151	2257	265.0	2400	2844	888	1
78	5989	2125	1561	9158	2257	269.0	2400	2844	888	1
78	5987	2122	1559	9151	2257	267.0	2400	2844	888	1
78	5984	2127	1562	9157	2256	264.0	2400	2844	888	1
78	5987	2121	1559	9150	2258	271.0	2400	2844	888	1
78	5987	2125	1561	9157	2256	262.0	2400	2844	888	1
78	5981	2124	1559	9149	2257	267.0	2400	2844	888	1
78	5988	2124	1561	9157	2257	269.0	2400	2844	888	1
78	5983	2123	1559	9149	2257	265.0	2400	2844	888	1
78	5984	2126	1561	9155	2256	267.0	2400	2844	888	1
78	5986	2122	1559	9149	2257	270.0	2400	2844	888	1
78	5983	2126	1561	9154	2255	264.0	2400	2844	888	1
78	5983	2122	1559	9146	2258	270.0	2400	2844	888	1
78	5986	2124	1561	9154	2256	265.0	2400	2844	888	1
78	5979	2124	1559	9147	2257	266.0	2400	2844	888	1
78	5984	2124	1560	9152	2257	270.0	2400	2844	888	1
78	5984	2121	1559	9147	2257	267.0	2400	2844	888	1
78	5983	2122	1559	9146	2256	263.0	2400	2844	888	1
78	5984	2124	1560	9151	2256	265.0	2400	2844	888	0
78	4205	1593	1190	6645	2257	267.0	2400	2844	888	0
78	328	440	385	1189	2353	278.0	2400	2844	888	0
78	326	438	383	1184	5863	306.0	2400	2844	888	0
78	327	440	384	1188	5867	305.0	2400	2844	888	0
78	326	438	383	1184	5865	307.0	2400	2844	888	0
78	327	440	384	1188	5867	305.0	2400	2844	888	0
79	326	438	383	1184	5865	307.0	2400	3200	666	1
79	447	465	405	1341	5867	305.0	2400	3200	666	1
79	6697	1761	1469	9316	4843	292.0	2400	3200	666	1
79	6690	1764	1470	9314	2084	0.0	2400	3200	666	1
79	6692	1761	1469	9311	2086	0.0	2400	3200	666	1
79	6690	1763	1470	9312	2085	0.0	2400	3200	666	1
79	6686	1763	1470	9308	2086	0.0	2400	3200	666	1
79	6690	1762	1470	9310	2086	0.0	2400	3200	666	1
79	6686	1763	1469	9307	2085	0.0	2400	3200	666	1
79	6686	1763	1470	9308	2086	0.0	2400	3200	666	1
79	6683	1763	1470	9306	2086	0.0	2400	3200	666	1
79	6684	1761	1469	9305	2086	0.0	2400	3200	666	1
79	6686	1761	1469	9306	2086	0.0	2400	3200	666	1
79	6682	1763	1469	9304	2086	0.0	2400	3200	666	1
79	6684	1761	1469	9304	2086	0.0	2400	3200	666	1
79	6685	1761	1469	9304	2086	0.0	2400	3200	666	1
79	6681	1763	1469	9303	2086	0.0	2400	3200	666	1
79	6684	1761	1469	9303	2086	0.0	2400	3200	666	1
79	6683	1761	1468	9301	2086	0.0	2400	3200	666	1
79	6680	1763	1469	9302	2085	0.0	2400	3200	666	1
79	6683	1760	1468	9301	2086	0.0	2400	3200	666	1
79	6681	1762	1469	9302	2085	0.0	2400	3200	666	1
79	6678	1762	1469	9299	2086	0.0	2400	3200	666	1
79	6682	1761	1469	9301	2086	0.0	2400	3200	666	1
79	6679	1762	1468	9299	2086	0.0	2400	3200	666	1
79	6680	1762	1469	9301	2086	0.0	2400	3200	666	1
79	6682	1760	1468	9299	2086	0.0	2400	3200	666	1
79	6678	1763	1469	9300	2085	0.0	2400	3200	666	1
79	6679	1428	1195	9296	2086	0.0	2400	3200	666	0
79	326	438	383	1184	2071	0.0	2400	3200	666	0
79	327	440	384	1188	5867	305.0	2400	3200	666	0
79	326	438	383	1183	5865	307.0	2400	3200	666	0
79	327	440	384	1188	5867	305.0	2400	3200	666	0
79	326	438	383	1184	5865	307.0	2400	3200	666	0
80	328	440	385	1189	5867	305.0	2400	1422	2000	1
80	484	632	477	1620	5863	306.0	2400	1422	2000	1
80	3314	3994	2111	9276	5145	491.0	2400	1422	2000	1
80	3311	3994	2111	9273	3787	3683.0	2400	1422	2000	1
80	3309	3997	2112	9277	3789	3683.0	2400	1422	2000	1
80	3312	3990	2109	9269	3792	3688.0	2400	1422	2000	1
80	3311	3997	2112	9278	3786	3678.0	2400	1422	2000	1
80	3308	3994	2110	9270	3791	3688.0	2400	1422	2000	1
80	3315	3993	2111	9276	3790	3685.0	2400	1422	2000	1
80	3309	3996	2111	9274	3786	3681.0	2400	1422	2000	1
80	3311	3995	2112	9276	3791	3687.0	2400	1422	2000	1
80	3313	3991	2110	9271	3791	3684.0	2400	1422	2000	1
80	3310	3999	2114	9280	3787	3679.0	2400	1422	2000	1
80	3315	3994	2112	9278	3794	3690.0	2400	1422	2000	1
80	3308	3996	2112	9274	3788	3681.0	2400	1422	2000	1
80	3312	3995	2112	9276	3793	3687.0	2400	1422	2000	1
80	3313	3992	2110	9271	3790	3684.0	2400	1422	2000	1
80	3310	3999	2114	9281	3786	3680.0	2400	1422	2000	1
80	3311	3991	2109	9269	3794	3690.0	2400	1422	2000	1
80	3314	3995	2112	9279	3787	3680.0	2400	1422	2000	1
80	3308	3995	2111	9272	3788	3683.0	2400	1422	2000	1
80	3314	3992	2111	9275	3792	3686.0	2400	1422	2000	1
80	3310	3993	2110	9271	3787	3679.0	2400	1422	2000	1
80	3310	3996	2112	9277	3789	3683.0	2400	1422	2000	1
80	3313	3989	2109	9268	3792	3686.0	2400	1422	2000	1
80	3311	3997	2113	9279	3786	3676.0	2400	1422	2000	1
80	3309	3991	2109	9267	3792	3687.0	2400	1422	2000	1
80	3315	3993	2111	9276	3789	3681.0	2400	1422	2000	1
80	3308	3995	2111	9272	3786	3681.0	2400	1422	2000	0
80	2576	3107	1682	7266	3792	3686.0	2400	1422	2000	0
80	327	440	385	1189	3853	2836.0	2400	1422	2000	0
80	327	440	384	1188	5876	306.0	2400	1422	2000	0
80	329	443	387	1196	5865	307.0	2400	1422	2000	0
80	327	439	384	1187	5872	309.0	2400	1422	2000	0
80	329	442	387	1195	5865	305.0	2400	1422	2000	0
81	511	604	468	1607	5872	307.0	2400	1777	1777	1
81	3987	3628	2017	9399	4880	444.0	2400	1777	1777	1
81	3987	3622	2013	9389	3262	2955.0	2400	1777	1777	1
81	3982	3629	2017	9398	3258	2949.0	2400	1777	1777	1
81	3983	3622	2013	9384	3264	2958.0	2400	1777	1777	1
81	3986	3625	2016	9394	3259	2950.0	2400	1777	1777	1
81	3979	3625	2014	9386	3261	2951.0	2400	1777	1777	1
81	3986	3622	2014	9390	3262	2955.0	2400	1777	1777	1
81	3981	3622	2013	9384	3259	2948.0	2400	1777	1777	1
81	3981	3626	2016	9391	3261	2951.0	2400	1777	1777	1
81	3985	3619	2012	9382	3263	2955.0	2400	1777	1777	1
81	3982	3627	2016	9393	3257	2945.0	2400	1777	1777	1
81	3980	3622	2013	9382	3263	2956.0	2400	1777	1777	1
81	3986	3623	2015	9392	3261	2951.0	2400	1777	1777	1
81	3984	3623	2015	9390	3260	2949.0	2400	1777	1777	1
81	3982	3622	2013	9385	3261	2950.0	2400	1777	1777	1
81	3980	3627	2016	9391	3260	2950.0	2400	1777	1777	1
81	3984	3619	2012	9382	3264	2957.0	2400	1777	1777	1
81	3982	3626	2016	9393	3258	2946.0	2400	1777	1777	1
81	3979	3622	2013	9383	3263	2954.0	2400	1777	1777	1
81	3986	3622	2015	9390	3262	2951.0	2400	1777	1777	1
81	3978	3626	2014	9386	3260	2947.0	2400	1777	1777	1
81	3983	3623	2014	9388	3263	2957.0	2400	1777	1777	1
81	3982	3622	2013	9384	3261	2951.0	2400	1777	1777	1
81	3980	3627	2016	9391	3260	2950.0	2400	1777	1777	1
81	3983	3619	2012	9382	3264	2957.0	2400	1777	1777	1
81	3982	3626	2016	9391	3259	2946.0	2400	1777	1777	1
81	3979	3623	2013	9383	3263	2954.0	2400	1777	1777	0
81	2945	2715	1550	7054	3261	2953.0	2400	1777	1777	0
81	327	439	384	1187	3347	2194.0	2400	1777	1777	0
81	328	441	386	1193	5865	305.0	2400	1777	1777	0
81	327	440	384	1187	5874	307.0	2400	1777	1777	0
81	327	439	384	1187	5865	307.0	2400	1777	1777	0
81	328	441	386	1192	5865	305.0	2400	1777	1777	0
82	327	440	384	1187	5874	307.0	2400	2133	1555	1
82	4670	3258	1921	9527	5865	307.0	2400	2133	1555	1
82	4661	3261	1921	9520	2878	2220.0	2400	2133	1555	1
82	4662	3259	1921	9520	2881	2227.0	2400	2133	1555	1
82	4664	3256	1919	9516	2880	2224.0	2400	2133	1555	1
82	4658	3262	1922	9520	2878	2220.0	2400	2133	1555	1
82	4661	3256	1919	9514	2882	2229.0	2400	2133	1555	1
82	4662	3258	1920	9518	2879	2221.0	2400	2133	1555	1
82	4656	3260	1920	9515	2879	2223.0	2400	2133	1555	1
82	4662	3256	1919	9514	2882	2228.0	2400	2133	1555	1
82	4659	3257	1919	9513	2879	2221.0	2400	2133	1555	1
82	4658	3260	1921	9516	2880	2223.0	2400	2133	1555	1
82	4663	3255	1919	9514	2882	2227.0	2400	2133	1555	1
82	4658	3260	1921	9517	2878	2219.0	2400	2133	1555	1
82	4658	3258	1919	9513	2882	2227.0	2400	2133	1555	1
82	4662	3256	1919	9515	2880	2225.0	2400	2133	1555	1
82	4659	3256	1919	9514	2879	2221.0	2400	2133	1555	1
82	4660	3256	1919	9512	2880	2222.0	2400	2133	1555	1
82	4654	3260	1920	9514	2879	2221.0	2400	2133	1555	1
82	4659	3255	1919	9511	2883	2229.0	2400	2133	1555	1
82	4659	3257	1920	9513	2880	2220.0	2400	2133	1555	1
82	4654	3260	1920	9513	2880	2222.0	2400	2133	1555	1
82	4659	3255	1919	9511	2883	2229.0	2400	2133	1555	1
82	4656	3258	1920	9513	2880	2220.0	2400	2133	1555	1
82	4653	3259	1919	9510	2882	2225.0	2400	2133	1555	1
82	4659	3255	1919	9511	2882	2228.0	2400	2133	1555	1
82	4653	3259	1919	9510	2880	2220.0	2400	2133	1555	1
82	4654	3258	1919	9509	2882	2228.0	2400	2133	1555	0
82	3700	2631	1578	7667	2881	2226.0	2400	2133	1555	0
82	327	440	385	1190	2942	1796.0	2400	2133	1555	0
82	327	440	384	1188	5876	306.0	2400	2133	1555	0
82	327	441	385	1190	5865	307.0	2400	2133	1555	0
82	327	440	384	1188	5876	308.0	2400	2133	1555	0
82	327	441	385	1190	5865	307.0	2400	2133	1555	0
83	327	439	422	1187	5876	308.0	2400	2488	1333	1
83	5349	2892	1826	9654	6307	277.0	2400	2488	1333	1
83	5342	2896	1828	9653	2591	1491.0	2400	2488	1333	1
83	5341	2894	1826	9649	2594	1498.0	2400	2488	1333	1
83	5346	2892	1827	9652	2592	1497.0	2400	2488	1333	1
83	5338	2895	1827	9647	2592	1491.0	2400	2488	1333	1
83	5342	2894	1827	9650	2594	1499.0	2400	2488	1333	1
83	5342	2891	1825	9646	2593	1496.0	2400	2488	1333	1
83	5337	2897	1828	9650	2592	1492.0	2400	2488	1333	1
83	5341	2891	1825	9644	2595	1501.0	2400	2488	1333	1
83	5340	2894	1827	9650	2592	1493.0	2400	2488	1333	1
83	5332	2894	1825	9640	2594	1496.0	2400	2488	1333	1
83	5329	2891	1825	9634	2594	1500.0	2400	2488	1333	1
83	5316	2892	1823	9622	2595	1497.0	2400	2488	1333	1
83	5315	2893	1824	9622	2597	1504.0	2400	2488	1333	1
83	5312	2888	1821	9611	2598	1505.0	2400	2488	1333	1
83	5306	2894	1824	9616	2596	1500.0	2400	2488	1333	1
83	5307	2888	1821	9607	2600	1510.0	2400	2488	1333	1
83	5322	2891	1824	9627	2598	1502.0	2400	2488	1333	1
83	5341	2892	1826	9648	2596	1500.0	2400	2488	1333	1
83	5338	2892	1825	9643	2593	1494.0	2400	2488	1333	1
83	5338	2896	1828	9650	2592	1495.0	2400	2488	1333	1
83	5340	2890	1824	9642	2595	1499.0	2400	2488	1333	1
83	5337	2897	1828	9650	2591	1492.0	2400	2488	1333	1
83	5337	2891	1825	9641	2595	1501.0	2400	2488	1333	1
83	5340	2893	1827	9648	2593	1494.0	2400	2488	1333	1
83	5333	2894	1825	9640	2593	1495.0	2400	2488	1333	1
83	5341	2892	1827	9647	2594	1500.0	2400	2488	1333	0
83	4236	2352	1508	7783	2593	1493.0	2400	2488	1333	0
83	328	442	386	1193	2653	1233.0	2400	2488	1333	0
83	326	439	384	1186	5874	308.0	2400	2488	1333	0
83	328	442	386	1193	5878	306.0	2400	2488	1333	0
83	326	439	384	1185	5874	308.0	2400	2488	1333	0
83	328	442	386	1193	5878	306.0	2400	2488	1333	0
84	326	439	383	1185	5874	308.0	2400	2844	1111	1
84	449	487	415	1376	5867	306.0	2400	2844	1111	1
84	6041	2531	1735	9801	4912	319.0	2400	2844	1111	1
84	6038	2528	1733	9793	2366	763.0	2400	2844	1111	1
84	6035	2533	1736	9800	2365	761.0	2400	2844	1111	1
84	6033	2530	1734	9792	2368	768.0	2400	2844	1111	1
84	6038	2531	1736	9799	2367	765.0	2400	2844	1111	1
84	6030	2531	1734	9791	2367	763.0	2400	2844	1111	1
84	6027	2531	1735	9790	2368	768.0	2400	2844	1111	1
84	6033	2527	1733	9788	2369	768.0	2400	2844	1111	1
84	6033	2534	1737	9799	2367	761.0	2400	2844	1111	1
84	6035	2528	1733	9790	2369	769.0	2400	2844	1111	1
84	6035	2531	1736	9797	2366	762.0	2400	2844	1111	1
84	6029	2531	1734	9789	2368	764.0	2400	2844	1111	1
84	6035	2530	1735	9796	2368	768.0	2400	2844	1111	1
84	6028	2529	1733	9785	2368	764.0	2400	2844	1111	1
84	6032	2533	1736	9796	2367	766.0	2400	2844	1111	1
84	6032	2527	1732	9786	2369	769.0	2400	2844	1111	1
84	6029	2533	1736	9795	2366	762.0	2400	2844	1111	1
84	6026	2529	1733	9782	2370	770.0	2400	2844	1111	1
84	6034	2530	1735	9794	2367	766.0	2400	2844	1111	1
84	6029	2530	1735	9789	2368	764.0	2400	2844	1111	1
84	6019	2528	1732	9774	2369	766.0	2400	2844	1111	1
84	6024	2533	1735	9788	2368	768.0	2400	2844	1111	1
84	6032	2527	1732	9785	2369	772.0	2400	2844	1111	1
84	6029	2533	1736	9794	2366	762.0	2400	2844	1111	1
84	6024	2529	1733	9781	2369	770.0	2400	2844	1111	1
84	6023	2529	1734	9782	2368	767.0	2400	2844	1111	0
84	4575	1996	1389	7593	2369	767.0	2400	2844	1111	0
84	328	442	386	1193	2437	648.0	2400	2844	1111	0
84	326	439	384	1186	5874	308.0	2400	2844	1111	0
84	328	441	386	1193	5878	306.0	2400	2844	1111	0
84	326	439	384	1186	5874	307.0	2400	2844	1111	0
84	328	442	386	1193	5878	306.0	2400	2844	1111	0
85	327	439	384	1187	5874	308.0	2400	3200	888	1
85	328	441	386	1192	5865	305.0	2400	3200	888	1
85	6611	2124	1614	9764	5874	307.0	2400	3200	888	1
85	6711	2150	1634	9900	2188	24.0	2400	3200	888	1
85	6705	2149	1633	9892	2185	18.0	2400	3200	888	1
85	6700	2147	1631	9893	2185	19.0	2400	3200	888	1
85	6703	2152	1634	9895	2187	19.0	2400	3200	888	1
85	6703	2149	1632	9890	2186	24.0	2400	3200	888	1
85	6705	2149	1633	9892	2184	21.0	2400	3200	888	1
85	6692	2149	1632	9879	2185	19.0	2400	3200	888	1
85	6693	2148	1632	9878	2186	24.0	2400	3200	888	1
85	6688	2146	1630	9870	2186	22.0	2400	3200	888	1
85	6684	2150	1632	9873	2185	22.0	2400	3200	888	1
85	6684	2146	1630	9867	2187	28.0	2400	3200	888	1
85	6680	2149	1631	9867	2186	24.0	2400	3200	888	1
85	6687	2149	1631	9873	2187	29.0	2400	3200	888	1
85	6688	2148	1631	9873	2186	27.0	2400	3200	888	1
85	6687	2150	1632	9875	2186	25.0	2400	3200	888	1
85	6702	2149	1633	9889	2186	28.0	2400	3200	888	1
85	6700	2148	1632	9885	2185	20.0	2400	3200	888	1
85	6697	2151	1633	9887	2185	20.0	2400	3200	888	1
85	6700	2147	1632	9884	2186	25.0	2400	3200	888	1
85	6698	2148	1632	9884	2185	19.0	2400	3200	888	1
85	6695	2150	1631	9883	2185	21.0	2400	3200	888	1
85	6682	2148	1631	9868	2185	26.0	2400	3200	888	1
85	6680	2148	1631	9866	2187	27.0	2400	3200	888	1
85	6681	2146	1630	9864	2187	27.0	2400	3200	888	1
85	6677	2149	1630	9864	2187	25.0	2400	3200	888	0
85	5448	1814	1388	8179	2187	31.0	2400	3200	888	0
85	327	440	385	1189	2233	78.0	2400	3200	888	0
85	327	440	385	1190	5876	306.0	2400	3200	888	0
85	327	440	385	1189	5876	306.0	2400	3200	888	0
85	328	441	385	1191	5876	306.0	2400	3200	888	0
85	327	440	385	1189	5863	307.0	2400	3200	888	0
86	328	441	385	1191	5876	306.0	2400	1777	2000	1
86	327	440	385	1188	5863	307.0	2400	1777	2000	1
86	4028	4039	2192	10038	5876	306.0	2400	1777	2000	1
86	4031	4031	2188	10029	3415	3462.0	2400	1777	2000	1
86	4028	4036	2190	10035	3410	3452.0	2400	1777	2000	1
86	4026	4034	2189	10029	3414	3459.0	2400	1777	2000	1
86	4031	4031	2189	10031	3413	3457.0	2400	1777	2000	1
86	4023	4035	2189	10028	3411	3451.0	2400	1777	2000	1
86	4019	4030	2186	10017	3415	3460.0	2400	1777	2000	1
86	4015	4035	2189	10021	3414	3456.0	2400	1777	2000	1
86	4019	4028	2185	10013	3419	3463.0	2400	1777	2000	1
86	4017	4034	2189	10021	3413	3453.0	2400	1777	2000	1
86	4014	4032	2187	10014	3418	3460.0	2400	1777	2000	1
86	4021	4030	2187	10020	3418	3460.0	2400	1777	2000	1
86	4013	4033	2187	10015	3414	3454.0	2400	1777	2000	1
86	4018	4032	2188	10020	3418	3462.0	2400	1777	2000	1
86	4018	4029	2186	10014	3417	3458.0	2400	1777	2000	1
86	4015	4036	2189	10022	3415	3454.0	2400	1777	2000	1
86	4019	4027	2185	10012	3419	3464.0	2400	1777	2000	1
86	4018	4033	2188	10021	3413	3452.0	2400	1777	2000	1
86	4014	4031	2186	10013	3417	3459.0	2400	1777	2000	1
86	4022	4030	2187	10020	3417	3459.0	2400	1777	2000	1
86	4013	4033	2187	10015	3414	3454.0	2400	1777	2000	1
86	4020	4032	2188	10021	3418	3462.0	2400	1777	2000	1
86	4017	4029	2185	10013	3416	3457.0	2400	1777	2000	1
86	4014	4035	2189	10021	3414	3455.0	2400	1777	2000	1
86	4015	4034	2189	10020	3420	3463.0	2400	1777	2000	1
86	4013	4030	2185	10009	3419	3461.0	2400	1777	2000	1
86	3315	3345	1843	8334	3417	3458.0	2400	1777	2000	0
86	326	439	384	1186	3465	2854.0	2400	1777	2000	0
86	329	442	386	1194	5878	306.0	2400	1777	2000	0
86	326	439	384	1186	5861	308.0	2400	1777	2000	0
86	329	442	386	1194	5878	306.0	2400	1777	2000	0
86	326	439	384	1186	5861	308.0	2400	1777	2000	0
87	329	442	387	1195	5878	306.0	2400	2133	1777	1
87	327	439	384	1187	5872	307.0	2400	2133	1777	1
87	4712	3665	2095	10162	5865	305.0	2400	2133	1777	1
87	4702	3666	2093	10151	3012	2721.0	2400	2133	1777	1
87	4709	3663	2093	10155	3014	2727.0	2400	2133	1777	1
87	4704	3663	2092	10148	3012	2720.0	2400	2133	1777	1
87	4704	3667	2095	10156	3013	2723.0	2400	2133	1777	1
87	4707	3659	2091	10147	3015	2727.0	2400	2133	1777	1
87	4702	3668	2095	10156	3011	2716.0	2400	2133	1777	1
87	4705	3661	2092	10148	3017	2729.0	2400	2133	1777	1
87	4701	3665	2093	10150	3012	2719.0	2400	2133	1777	1
87	4708	3662	2093	10153	3015	2726.0	2400	2133	1777	1
87	4703	3663	2092	10147	3012	2719.0	2400	2133	1777	1
87	4703	3666	2094	10152	3013	2723.0	2400	2133	1777	1
87	4707	3660	2091	10146	3015	2726.0	2400	2133	1777	1
87	4703	3668	2095	10154	3010	2718.0	2400	2133	1777	1
87	4708	3661	2092	10149	3015	2729.0	2400	2133	1777	1
87	4707	3664	2094	10154	3011	2718.0	2400	2133	1777	1
87	4702	3665	2093	10149	3013	2722.0	2400	2133	1777	1
87	4709	3661	2093	10152	3014	2726.0	2400	2133	1777	1
87	4709	3665	2093	10156	3012	2717.0	2400	2133	1777	1
87	4716	3665	2095	10164	3012	2724.0	2400	2133	1777	1
87	4717	3661	2093	10159	3011	2720.0	2400	2133	1777	1
87	4712	3668	2096	10165	3009	2715.0	2400	2133	1777	1
87	4717	3661	2093	10159	3013	2725.0	2400	2133	1777	1
87	4715	3665	2095	10163	3009	2715.0	2400	2133	1777	1
87	4713	3665	2094	10161	3011	2720.0	2400	2133	1777	1
87	4719	3662	2094	10161	3011	2721.0	2400	2133	1777	1
87	3706	2922	1701	10160	3008	2715.0	2400	2133	1777	0
87	327	440	385	1189	3139	2163.0	2400	2133	1777	0
87	328	441	385	1191	5876	306.0	2400	2133	1777	0
87	327	440	385	1189	5863	307.0	2400	2133	1777	0
87	327	440	385	1189	5876	306.0	2400	2133	1777	0
87	327	440	385	1190	5876	306.0	2400	2133	1777	0
87	327	440	385	1189	5876	306.0	2400	2133	1777	0
88	328	441	385	1190	5876	306.0	2400	2488	1555	1
88	5155	3175	1929	9879	5863	307.0	2400	2488	1555	1
88	5372	3297	1998	10268	2725	1925.0	2400	2488	1555	1
88	5365	3299	1998	10263	2715	1997.0	2400	2488	1555	1
88	5373	3295	1997	10265	2717	2002.0	2400	2488	1555	1
88	5364	3297	1997	10260	2714	1994.0	2400	2488	1555	1
88	5368	3297	1998	10264	2717	2000.0	2400	2488	1555	1
88	5362	3293	1995	10251	2717	1998.0	2400	2488	1555	1
88	5358	3299	1997	10256	2716	1996.0	2400	2488	1555	1
88	5363	3292	1994	10250	2718	2005.0	2400	2488	1555	1
88	5365	3297	1997	10261	2715	1995.0	2400	2488	1555	1
88	5358	3295	1996	10250	2717	2000.0	2400	2488	1555	1
88	5360	3297	1996	10255	2718	2000.0	2400	2488	1555	1
88	5362	3295	1996	10254	2717	2002.0	2400	2488	1555	1
88	5359	3294	1994	10248	2717	1999.0	2400	2488	1555	1
88	5358	3298	1997	10256	2716	1999.0	2400	2488	1555	1
88	5361	3292	1994	10247	2719	2004.0	2400	2488	1555	1
88	5356	3299	1997	10255	2715	1996.0	2400	2488	1555	1
88	5357	3293	1994	10246	2719	2006.0	2400	2488	1555	1
88	5358	3296	1996	10253	2716	1998.0	2400	2488	1555	1
88	5351	3296	1995	10245	2718	2001.0	2400	2488	1555	1
88	5359	3294	1996	10251	2719	2004.0	2400	2488	1555	1
88	5352	3294	1994	10243	2717	1998.0	2400	2488	1555	1
88	5355	3296	1996	10249	2718	2002.0	2400	2488	1555	1
88	5354	3290	1992	10238	2718	2002.0	2400	2488	1555	1
88	5350	3298	1996	10247	2716	1996.0	2400	2488	1555	1
88	5353	3290	1992	10237	2720	2007.0	2400	2488	1555	1
88	5351	3296	1996	10246	2716	1996.0	2400	2488	1555	0
88	4508	2812	1722	8718	2720	2004.0	2400	2488	1555	0
88	328	441	386	1192	2758	1714.0	2400	2488	1555	0
88	328	441	386	1192	5874	307.0	2400	2488	1555	0
88	326	438	383	1185	5874	307.0	2400	2488	1555	0
88	328	441	386	1192	5867	305.0	2400	2488	1555	0
88	326	438	383	1184	5874	307.0	2400	2488	1555	0
89	328	441	385	1191	5867	305.0	2400	2844	1333	1
89	6016	2898	1885	10312	5863	307.0	2400	2844	1333	1
89	6034	2909	1892	10348	2474	1241.0	2400	2844	1333	1
89	6031	2907	1890	10340	2475	1247.0	2400	2844	1333	1
89	6035	2906	1891	10343	2474	1246.0	2400	2844	1333	1
89	6031	2909	1891	10342	2474	1243.0	2400	2844	1333	1
89	6038	2907	1891	10347	2475	1249.0	2400	2844	1333	1
89	6032	2907	1890	10340	2474	1243.0	2400	2844	1333	1
89	6033	2909	1892	10346	2474	1246.0	2400	2844	1333	1
89	6038	2905	1890	10343	2475	1248.0	2400	2844	1333	1
89	6031	2910	1893	10346	2472	1241.0	2400	2844	1333	1
89	6035	2905	1890	10340	2476	1249.0	2400	2844	1333	1
89	6031	2909	1892	10343	2473	1242.0	2400	2844	1333	1
89	6033	2907	1891	10342	2475	1248.0	2400	2844	1333	1
89	6023	2909	1891	10335	2474	1245.0	2400	2844	1333	1
89	6031	2906	1890	10339	2476	1252.0	2400	2844	1333	1
89	6027	2909	1891	10340	2474	1245.0	2400	2844	1333	1
89	6029	2908	1891	10341	2476	1250.0	2400	2844	1333	1
89	6030	2906	1891	10339	2476	1248.0	2400	2844	1333	1
89	6026	2910	1892	10340	2475	1245.0	2400	2844	1333	1
89	6030	2906	1891	10339	2476	1251.0	2400	2844	1333	1
89	6026	2909	1891	10338	2475	1245.0	2400	2844	1333	1
89	6027	2910	1892	10341	2476	1251.0	2400	2844	1333	1
89	6027	2907	1891	10336	2476	1251.0	2400	2844	1333	1
89	6023	2912	1893	10341	2476	1247.0	2400	2844	1333	1
89	6028	2905	1890	10335	2478	1255.0	2400	2844	1333	1
89	6023	2910	1892	10337	2475	1244.0	2400	2844	1333	1
89	6023	2907	1890	10331	2477	1252.0	2400	2844	1333	0
89	5065	2490	1636	8792	2476	1249.0	2400	2844	1333	0
89	327	440	384	1188	2516	1088.0	2400	2844	1333	0
89	329	442	386	1194	5865	307.0	2400	2844	1333	0
89	328	440	385	1189	5861	308.0	2400	2844	1333	0
89	328	441	385	1190	5863	306.0	2400	2844	1333	0
89	330	444	388	1199	5863	307.0	2400	2844	1333	0
90	328	441	386	1192	5870	309.0	2400	3200	1111	1
90	6687	2520	1786	10415	5874	307.0	2400	3200	1111	1
90	6713	2528	1790	10451	2282	499.0	2400	3200	1111	1
90	6716	2528	1792	10455	2280	500.0	2400	3200	1111	1
90	6708	2529	1790	10447	2281	498.0	2400	3200	1111	1
90	6712	2528	1791	10451	2281	503.0	2400	3200	1111	1
90	6707	2528	1790	10445	2281	500.0	2400	3200	1111	1
90	6709	2530	1792	10450	2281	502.0	2400	3200	1111	1
90	6706	2525	1788	10439	2282	503.0	2400	3200	1111	1
90	6706	2531	1792	10449	2280	499.0	2400	3200	1111	1
90	6705	2524	1788	10437	2282	506.0	2400	3200	1111	1
90	6700	2531	1791	10443	2280	498.0	2400	3200	1111	1
90	6701	2526	1788	10434	2283	508.0	2400	3200	1111	1
90	6701	2528	1790	10440	2281	502.0	2400	3200	1111	1
90	6697	2528	1789	10434	2282	504.0	2400	3200	1111	1
90	6702	2527	1790	10441	2282	506.0	2400	3200	1111	1
90	6698	2529	1791	10435	2282	502.0	2400	3200	1111	1
90	6698	2525	1788	10432	2282	506.0	2400	3200	1111	1
90	6696	2530	1791	10439	2282	502.0	2400	3200	1111	1
90	6698	2524	1788	10431	2284	508.0	2400	3200	1111	1
90	6697	2530	1791	10439	2282	500.0	2400	3200	1111	1
90	6696	2525	1788	10429	2284	508.0	2400	3200	1111	1
90	6695	2527	1789	10433	2281	502.0	2400	3200	1111	1
90	6692	2528	1789	10429	2283	505.0	2400	3200	1111	1
90	6695	2526	1789	10431	2283	508.0	2400	3200	1111	1
90	6689	2528	1788	10427	2283	503.0	2400	3200	1111	1
90	6695	2527	1789	10433	2283	509.0	2400	3200	1111	1
90	6707	2526	1789	10443	2283	505.0	2400	3200	1111	0
90	5391	2097	1501	8536	2281	500.0	2400	3200	1111	0
90	330	444	388	1200	2331	461.0	2400	3200	1111	0
90	331	445	389	1202	5870	309.0	2400	3200	1111	0
90	331	445	388	1202	5868	310.0	2400	3200	1111	0
90	331	445	388	1202	5857	310.0	2400	3200	1111	0
90	331	445	389	1202	5857	310.0	2400	3200	1111	0
91	331	445	388	1202	5868	310.0	2400	2133	2000	1
91	4457	3843	2149	10175	5857	310.0	2400	2133	2000	1
91	4742	4069	2267	10782	3165	3045.0	2400	2133	2000	1
91	4737	4070	2267	10778	3148	3223.0	2400	2133	2000	1
91	4737	4073	2268	10783	3150	3226.0	2400	2133	2000	1
91	4740	4067	2266	10777	3151	3230.0	2400	2133	2000	1
91	4735	4075	2269	10783	3148	3221.0	2400	2133	2000	1
91	4739	4069	2266	10778	3152	3233.0	2400	2133	2000	1
91	4739	4072	2268	10783	3148	3225.0	2400	2133	2000	1
91	4735	4072	2267	10779	3150	3228.0	2400	2133	2000	1
91	4742	4069	2267	10782	3151	3230.0	2400	2133	2000	1
91	4734	4071	2267	10777	3148	3223.0	2400	2133	2000	1
91	4739	4073	2269	10786	3151	3229.0	2400	2133	2000	1
91	4739	4068	2266	10777	3151	3229.0	2400	2133	2000	1
91	4735	4076	2270	10787	3148	3223.0	2400	2133	2000	1
91	4732	4067	2265	10769	3153	3234.0	2400	2133	2000	1
91	4707	4070	2265	10750	3150	3225.0	2400	2133	2000	1
91	4693	4068	2262	10732	3161	3238.0	2400	2133	2000	1
91	4699	4066	2263	10737	3164	3241.0	2400	2133	2000	1
91	4697	4069	2264	10739	3162	3235.0	2400	2133	2000	1
91	4695	4065	2261	10730	3164	3240.0	2400	2133	2000	1
91	4690	4072	2265	10738	3162	3236.0	2400	2133	2000	1
91	4694	4064	2260	10727	3168	3246.0	2400	2133	2000	1
91	4722	4073	2268	10770	3162	3236.0	2400	2133	2000	1
91	4739	4072	2268	10782	3157	3235.0	2400	2133	2000	1
91	4743	4071	2269	10788	3150	3228.0	2400	2133	2000	1
91	4735	4074	2268	10781	3150	3224.0	2400	2133	2000	1
91	4742	4072	2269	10787	3151	3233.0	2400	2133	2000	0
91	4092	3536	1990	9371	3150	3226.0	2400	2133	2000	0
91	336	452	394	1220	3183	2796.0	2400	2133	2000	0
91	334	449	391	1212	5858	315.0	2400	2133	2000	0
91	336	452	394	1220	5851	314.0	2400	2133	2000	0
91	334	449	391	1212	5858	315.0	2400	2133	2000	0
91	336	452	393	1219	5851	314.0	2400	2133	2000	0
92	334	449	391	1213	5847	316.0	2400	2488	1777	1
92	336	452	393	1219	5851	314.0	2400	2488	1777	1
92	5271	3597	2115	10609	5847	316.0	2400	2488	1777	1
92	5407	3679	2160	10859	2835	2418.0	2400	2488	1777	1
92	5402	3686	2163	10867	2828	2470.0	2400	2488	1777	1
92	5406	3679	2161	10861	2832	2480.0	2400	2488	1777	1
92	5404	3682	2162	10863	2829	2470.0	2400	2488	1777	1
92	5402	3683	2162	10861	2831	2474.0	2400	2488	1777	1
92	5407	3679	2161	10861	2831	2476.0	2400	2488	1777	1
92	5400	3683	2162	10859	2829	2469.0	2400	2488	1777	1
92	5404	3681	2161	10860	2831	2477.0	2400	2488	1777	1
92	5401	3680	2160	10856	2829	2473.0	2400	2488	1777	1
92	5401	3684	2162	10862	2830	2473.0	2400	2488	1777	1
92	5405	3678	2160	10857	2831	2478.0	2400	2488	1777	1
92	5398	3683	2162	10858	2828	2469.0	2400	2488	1777	1
92	5404	3681	2161	10860	2832	2478.0	2400	2488	1777	1
92	5402	3680	2161	10857	2829	2473.0	2400	2488	1777	1
92	5399	3684	2162	10860	2830	2472.0	2400	2488	1777	1
92	5404	3677	2160	10855	2832	2479.0	2400	2488	1777	1
92	5399	3683	2162	10858	2829	2468.0	2400	2488	1777	1
92	5400	3680	2160	10855	2832	2477.0	2400	2488	1777	1
92	5397	3683	2161	10856	2830	2474.0	2400	2488	1777	1
92	5403	3679	2161	10857	2832	2479.0	2400	2488	1777	1
92	5398	3680	2160	10853	2830	2471.0	2400	2488	1777	1
92	5399	3683	2162	10860	2831	2474.0	2400	2488	1777	1
92	5402	3677	2159	10852	2832	2477.0	2400	2488	1777	1
92	5397	3684	2163	10860	2828	2469.0	2400	2488	1777	1
92	5401	3678	2159	10853	2833	2479.0	2400	2488	1777	0
92	4667	3211	1905	9460	2829	2471.0	2400	2488	1777	0
92	334	449	391	1212	2865	2158.0	2400	2488	1777	0
92	336	452	393	1220	5851	314.0	2400	2488	1777	0
92	334	449	391	1213	5847	316.0	2400	2488	1777	0
92	336	452	394	1220	5851	314.0	2400	2488	1777	0
92	334	449	391	1212	5858	315.0	2400	2488	1777	0
93	336	452	394	1220	5851	314.0	2400	2844	1555	1
93	334	449	391	1212	5858	315.0	2400	2844	1555	1
93	5921	3222	2014	10696	5851	314.0	2400	2844	1555	1
93	6084	3292	2056	10954	2585	1689.0	2400	2844	1555	1
93	6084	3294	2058	10959	2575	1715.0	2400	2844	1555	1
93	6079	3293	2057	10953	2577	1717.0	2400	2844	1555	1
93	6080	3293	2056	10952	2577	1718.0	2400	2844	1555	1
93	6083	3296	2059	10962	2576	1718.0	2400	2844	1555	1
93	6083	3290	2055	10950	2577	1720.0	2400	2844	1555	1
93	6080	3298	2059	10961	2574	1713.0	2400	2844	1555	1
93	6082	3290	2055	10950	2578	1724.0	2400	2844	1555	1
93	6079	3296	2058	10957	2575	1714.0	2400	2844	1555	1
93	6078	3292	2055	10949	2578	1722.0	2400	2844	1555	1
93	6080	3294	2057	10955	2576	1718.0	2400	2844	1555	1
93	6076	3295	2056	10951	2577	1719.0	2400	2844	1555	1
93	6081	3292	2057	10952	2577	1723.0	2400	2844	1555	1
93	6073	3295	2056	10947	2576	1716.0	2400	2844	1555	1
93	6080	3293	2057	10954	2578	1724.0	2400	2844	1555	1
93	6076	3293	2056	10948	2577	1718.0	2400	2844	1555	1
93	6078	3295	2058	10954	2577	1720.0	2400	2844	1555	1
93	6076	3290	2054	10944	2578	1721.0	2400	2844	1555	1
93	6074	3296	2057	10952	2576	1716.0	2400	2844	1555	1
93	6077	3290	2054	10945	2578	1724.0	2400	2844	1555	1
93	6073	3296	2057	10950	2575	1716.0	2400	2844	1555	1
93	6075	3293	2056	10948	2578	1725.0	2400	2844	1555	1
93	6075	3294	2056	10949	2577	1720.0	2400	2844	1555	1
93	6077	3291	2055	10946	2577	1722.0	2400	2844	1555	1
93	6072	3295	2056	10949	2576	1717.0	2400	2844	1555	0
93	5009	2761	1745	9135	2578	1724.0	2400	2844	1555	0
93	335	450	392	1215	2620	1454.0	2400	2844	1555	0
93	335	450	392	1215	5849	314.0	2400	2844	1555	0
93	335	450	392	1216	5849	314.0	2400	2844	1555	0
93	335	450	392	1215	5849	314.0	2400	2844	1555	0
93	335	451	393	1217	5849	314.0	2400	2844	1555	0
94	335	450	392	1215	5860	315.0	2400	3200	1333	1
94	336	451	393	1218	5849	314.0	2400	3200	1333	1
94	6199	2698	1818	10199	5847	315.0	2400	3200	1333	1
94	6751	2908	1952	11044	2391	915.0	2400	3200	1333	1
94	6747	2904	1949	11033	2374	969.0	2400	3200	1333	1
94	6747	2910	1953	11042	2372	966.0	2400	3200	1333	1
94	6748	2903	1949	11033	2374	973.0	2400	3200	1333	1
94	6745	2909	1952	11039	2372	964.0	2400	3200	1333	1
94	6745	2906	1951	11034	2375	972.0	2400	3200	1333	1
94	6741	2907	1950	11030	2374	968.0	2400	3200	1333	1
94	6746	2905	1951	11035	2374	972.0	2400	3200	1333	1
94	6739	2907	1950	11029	2374	967.0	2400	3200	1333	1
94	6745	2907	1951	11035	2374	973.0	2400	3200	1333	1
94	6740	2904	1948	11025	2374	970.0	2400	3200	1333	1
94	6741	2910	1952	11036	2373	969.0	2400	3200	1333	1
94	6741	2902	1948	11024	2375	975.0	2400	3200	1333	1
94	6739	2910	1952	11034	2373	966.0	2400	3200	1333	1
94	6740	2904	1948	11025	2375	976.0	2400	3200	1333	1
94	6740	2906	1950	11029	2373	969.0	2400	3200	1333	1
94	6735	2906	1949	11024	2374	971.0	2400	3200	1333	1
94	6740	2905	1950	11028	2374	973.0	2400	3200	1333	1
94	6736	2905	1948	11022	2374	969.0	2400	3200	1333	1
94	6741	2908	1951	11033	2374	972.0	2400	3200	1333	1
94	6738	2902	1947	11021	2375	973.0	2400	3200	1333	1
94	6736	2909	1952	11031	2373	967.0	2400	3200	1333	1
94	6737	2902	1947	11019	2376	975.0	2400	3200	1333	1
94	6735	2904	1948	11021	2373	968.0	2400	3200	1333	1
94	6738	2905	1950	11026	2374	971.0	2400	3200	1333	1
94	5920	2594	1751	9775	2374	970.0	2400	3200	1333	0
94	336	451	393	1218	2402	890.0	2400	3200	1333	0
94	334	449	391	1211	5847	315.0	2400	3200	1333	0
94	336	451	393	1218	5851	314.0	2400	3200	1333	0
94	334	449	391	1212	5847	315.0	2400	3200	1333	0
94	336	451	393	1219	5851	314.0	2400	3200	1333	0
95	334	449	391	1213	5847	315.0	2400	2488	2000	1
95	336	451	393	1219	5851	314.0	2400	2488	2000	1
95	5179	3887	2226	10939	5847	315.0	2400	2488	2000	1
95	5419	4055	2317	11417	2952	2824.0	2400	2488	2000	1
95	5412	4058	2316	11414	2942	2945.0	2400	2488	2000	1
95	5415	4058	2317	11418	2943	2952.0	2400	2488	2000	1
95	5412	4054	2315	11410	2943	2951.0	2400	2488	2000	1
95	5421	4061	2319	11429	2943	2947.0	2400	2488	2000	1
95	5428	4054	2316	11425	2943	2952.0	2400	2488	2000	1
95	5422	4059	2318	11427	2939	2941.0	2400	2488	2000	1
95	5425	4055	2317	11427	2942	2949.0	2400	2488	2000	1
95	5422	4059	2318	11428	2941	2943.0	2400	2488	2000	1
95	5427	4054	2316	11424	2942	2949.0	2400	2488	2000	1
95	5417	4057	2316	11418	2939	2941.0	2400	2488	2000	1
95	5416	4056	2316	11417	2942	2949.0	2400	2488	2000	1
95	5415	4053	2315	11411	2943	2948.0	2400	2488	2000	1
95	5411	4058	2316	11414	2942	2944.0	2400	2488	2000	1
95	5418	4053	2315	11414	2944	2953.0	2400	2488	2000	1
95	5412	4055	2315	11412	2941	2943.0	2400	2488	2000	1
95	5416	4056	2316	11416	2943	2948.0	2400	2488	2000	1
95	5415	4051	2314	11408	2942	2948.0	2400	2488	2000	1
95	5411	4058	2317	11415	2941	2942.0	2400	2488	2000	1
95	5414	4051	2313	11406	2945	2952.0	2400	2488	2000	1
95	5417	4055	2316	11416	2941	2943.0	2400	2488	2000	1
95	5420	4053	2315	11415	2942	2946.0	2400	2488	2000	1
95	5422	4051	2314	11414	2940	2943.0	2400	2488	2000	1
95	5416	4055	2315	11414	2939	2940.0	2400	2488	2000	1
95	5424	4051	2315	11416	2941	2947.0	2400	2488	2000	1
95	5417	4052	2313	11409	2939	2938.0	2400	2488	2000	0
95	331	445	389	1203	2940	2943.0	2400	2488	2000	0
95	333	448	391	1209	5868	310.0	2400	2488	2000	0
95	331	445	388	1202	5864	312.0	2400	2488	2000	0
95	333	448	391	1209	5857	310.0	2400	2488	2000	0
95	331	445	388	1201	5864	312.0	2400	2488	2000	0
95	333	448	391	1209	5857	310.0	2400	2488	2000	0
96	331	445	388	1201	5864	312.0	2400	2844	1777	1
96	5811	3513	2123	11007	5857	310.0	2400	2844	1777	1
96	6080	3661	2205	11483	2687	2104.0	2400	2844	1777	1
96	6083	3665	2209	11494	2676	2190.0	2400	2844	1777	1
96	6081	3657	2204	11479	2678	2193.0	2400	2844	1777	1
96	6073	3665	2208	11484	2675	2184.0	2400	2844	1777	1
96	6072	3658	2204	11471	2680	2197.0	2400	2844	1777	1
96	6070	3661	2206	11476	2677	2189.0	2400	2844	1777	1
96	6067	3661	2205	11471	2680	2193.0	2400	2844	1777	1
96	6070	3659	2205	11472	2679	2194.0	2400	2844	1777	1
96	6060	3660	2204	11463	2679	2190.0	2400	2844	1777	1
96	6062	3661	2205	11468	2681	2196.0	2400	2844	1777	1
96	6057	3664	2206	11467	2681	2196.0	2400	2844	1777	1
96	6058	3656	2201	11455	2683	2202.0	2400	2844	1777	1
96	6064	3662	2206	11470	2679	2192.0	2400	2844	1777	1
96	6075	3661	2205	11479	2681	2196.0	2400	2844	1777	1
96	6078	3660	2206	11482	2677	2192.0	2400	2844	1777	1
96	6072	3662	2205	11477	2677	2188.0	2400	2844	1777	1
96	6079	3661	2207	11484	2678	2194.0	2400	2844	1777	1
96	6074	3659	2204	11474	2678	2189.0	2400	2844	1777	1
96	6074	3665	2208	11484	2677	2190.0	2400	2844	1777	1
96	6076	3656	2203	11472	2680	2196.0	2400	2844	1777	1
96	6072	3662	2206	11478	2676	2185.0	2400	2844	1777	1
96	6074	3660	2205	11476	2679	2194.0	2400	2844	1777	1
96	6076	3659	2205	11478	2678	2190.0	2400	2844	1777	1
96	6070	3663	2206	11477	2677	2188.0	2400	2844	1777	1
96	6077	3661	2206	11483	2679	2196.0	2400	2844	1777	1
96	6072	3660	2205	11475	2678	2190.0	2400	2844	1777	0
96	5138	3137	1910	9804	2678	2191.0	2400	2844	1777	0
96	332	447	390	1206	2715	1885.0	2400	2844	1777	0
96	332	447	390	1207	5866	312.0	2400	2844	1777	0
96	333	448	391	1210	5866	312.0	2400	2844	1777	0
96	332	447	390	1207	5864	312.0	2400	2844	1777	0
96	333	448	391	1209	5866	312.0	2400	2844	1777	0
97	333	447	390	1208	5864	312.0	2400	3200	1555	1
97	6050	2974	1918	10454	5853	311.0	2400	3200	1555	1
97	6749	3272	2101	11568	2489	1326.0	2400	3200	1555	1
97	6743	3277	2102	11569	2464	1435.0	2400	3200	1555	1
97	6745	3274	2101	11567	2466	1444.0	2400	3200	1555	1
97	6742	3273	2100	11562	2465	1440.0	2400	3200	1555	1
97	6741	3277	2102	11567	2465	1440.0	2400	3200	1555	1
97	6742	3271	2100	11560	2467	1445.0	2400	3200	1555	1
97	6738	3276	2101	11563	2465	1436.0	2400	3200	1555	1
97	6741	3274	2100	11562	2467	1445.0	2400	3200	1555	1
97	6741	3273	2100	11562	2465	1442.0	2400	3200	1555	1
97	6738	3276	2101	11563	2465	1440.0	2400	3200	1555	1
97	6742	3272	2100	11562	2467	1445.0	2400	3200	1555	1
97	6736	3274	2100	11558	2465	1438.0	2400	3200	1555	1
97	6738	3270	2098	11554	2466	1443.0	2400	3200	1555	1
97	6737	3277	2102	11564	2465	1438.0	2400	3200	1555	1
97	6739	3270	2099	11555	2467	1446.0	2400	3200	1555	1
97	6736	3275	2101	11561	2465	1437.0	2400	3200	1555	1
97	6736	3273	2099	11556	2467	1444.0	2400	3200	1555	1
97	6737	3272	2100	11558	2466	1442.0	2400	3200	1555	1
97	6734	3274	2099	11557	2467	1440.0	2400	3200	1555	1
97	6739	3272	2100	11559	2466	1445.0	2400	3200	1555	1
97	6733	3273	2099	11553	2466	1439.0	2400	3200	1555	1
97	6739	3275	2101	11563	2466	1443.0	2400	3200	1555	1
97	6735	3270	2098	11551	2466	1443.0	2400	3200	1555	1
97	6735	3277	2102	11563	2465	1439.0	2400	3200	1555	1
97	6736	3269	2097	11550	2468	1447.0	2400	3200	1555	1
97	6735	3276	2101	11561	2464	1437.0	2400	3200	1555	0
97	6067	2974	1919	10470	2467	1446.0	2400	3200	1555	0
97	334	450	392	1214	2486	1319.0	2400	3200	1555	0
97	332	446	389	1205	5862	314.0	2400	3200	1555	0
97	334	450	392	1214	5855	311.0	2400	3200	1555	0
97	332	450	392	1206	5862	314.0	2400	3200	1555	0
97	332	446	389	1205	5889	315.0	2400	3200	1555	0
98	334	449	392	1214	5855	311.0	2400	2844	2000	1
98	5690	3790	2225	11292	5862	313.0	2400	2844	2000	1
98	6083	4042	2364	12042	2793	2506.0	2400	2844	2000	1
98	6084	4037	2361	12035	2783	2674.0	2400	2844	2000	1
98	6083	4038	2362	12036	2780	2668.0	2400	2844	2000	1
98	6079	4039	2361	12033	2781	2669.0	2400	2844	2000	1
98	6084	4036	2361	12035	2782	2673.0	2400	2844	2000	1
98	6076	4037	2360	12027	2780	2667.0	2400	2844	2000	1
98	6082	4039	2362	12037	2782	2671.0	2400	2844	2000	1
98	6079	4034	2359	12025	2781	2671.0	2400	2844	2000	1
98	6078	4042	2363	12037	2780	2666.0	2400	2844	2000	1
98	6080	4034	2359	12027	2783	2676.0	2400	2844	2000	1
98	6077	4039	2362	12031	2780	2666.0	2400	2844	2000	1
98	6078	4037	2360	12029	2783	2673.0	2400	2844	2000	1
98	6079	4035	2360	12028	2781	2671.0	2400	2844	2000	1
98	6074	4039	2361	12027	2781	2667.0	2400	2844	2000	1
98	6080	4034	2360	12026	2783	2675.0	2400	2844	2000	1
98	6078	4036	2360	12026	2780	2665.0	2400	2844	2000	1
98	6075	4032	2357	12017	2781	2669.0	2400	2844	2000	1
98	6073	4037	2359	12024	2780	2666.0	2400	2844	2000	1
98	6077	4031	2357	12016	2782	2673.0	2400	2844	2000	1
98	6072	4034	2358	12017	2779	2664.0	2400	2844	2000	1
98	6075	4033	2357	12017	2781	2669.0	2400	2844	2000	1
98	6073	4030	2356	12011	2779	2668.0	2400	2844	2000	1
98	6070	4035	2357	12016	2779	2664.0	2400	2844	2000	1
98	6074	4028	2355	12010	2781	2672.0	2400	2844	2000	1
98	6069	4032	2356	12009	2779	2662.0	2400	2844	2000	1
98	6071	4030	2355	12009	2780	2669.0	2400	2844	2000	0
98	5478	3657	2151	10889	2780	2666.0	2400	2844	2000	0
98	327	440	385	1189	2800	2419.0	2400	2844	2000	0
98	328	441	386	1192	5876	306.0	2400	2844	2000	0
98	327	440	384	1187	5874	307.0	2400	2844	2000	0
98	328	441	385	1191	5865	307.0	2400	2844	2000	0
98	327	439	384	1187	5863	307.0	2400	2844	2000	0
99	328	441	385	1191	5865	305.0	2400	3200	1777	1
99	6291	3416	2118	11328	5863	307.0	2400	3200	1777	1
99	6741	3638	2247	12089	2570	1799.0	2400	3200	1777	1
99	6740	3637	2247	12087	2555	1908.0	2400	3200	1777	1
99	6735	3640	2247	12084	2556	1907.0	2400	3200	1777	1
99	6741	3638	2248	12089	2556	1914.0	2400	3200	1777	1
99	6735	3637	2246	12080	2556	1908.0	2400	3200	1777	1
99	6738	3641	2249	12090	2555	1910.0	2400	3200	1777	1
99	6736	3633	2245	12076	2557	1913.0	2400	3200	1777	1
99	6734	3642	2249	12088	2555	1904.0	2400	3200	1777	1
99	6736	3634	2245	12077	2558	1916.0	2400	3200	1777	1
99	6734	3639	2248	12083	2555	1905.0	2400	3200	1777	1
99	6733	3637	2246	12078	2557	1912.0	2400	3200	1777	1
99	6735	3635	2246	12079	2556	1910.0	2400	3200	1777	1
99	6729	3638	2246	12075	2556	1906.0	2400	3200	1777	1
99	6737	3638	2247	12083	2557	1913.0	2400	3200	1777	1
99	6731	3634	2244	12071	2556	1910.0	2400	3200	1777	1
99	6734	3641	2248	12085	2555	1908.0	2400	3200	1777	1
99	6734	3632	2244	12072	2557	1915.0	2400	3200	1777	1
99	6733	3636	2245	12076	2554	1903.0	2400	3200	1777	1
99	6733	3636	2247	12078	2555	1909.0	2400	3200	1777	1
99	6728	3638	2246	12075	2556	1908.0	2400	3200	1777	1
99	6733	3635	2246	12077	2557	1913.0	2400	3200	1777	1
99	6727	3635	2244	12068	2556	1907.0	2400	3200	1777	1
99	6732	3638	2247	12079	2556	1910.0	2400	3200	1777	1
99	6729	3631	2243	12065	2557	1911.0	2400	3200	1777	1
99	6728	3640	2247	12077	2555	1904.0	2400	3200	1777	1
99	6730	3633	2244	12068	2557	1916.0	2400	3200	1777	0
99	5828	3179	1981	10533	2555	1906.0	2400	3200	1777	0
99	326	439	383	1185	2584	1675.0	2400	3200	1777	0
99	328	441	385	1191	5867	306.0	2400	3200	1777	0
99	327	439	384	1186	5863	307.0	2400	3200	1777	0
99	328	441	385	1191	5865	305.0	2400	3200	1777	0
99	327	439	384	1187	5863	307.0	2400	3200	1777	0
100	328	441	385	1191	5865	305.0	2400	3200	2000	1
100	327	439	384	1187	5863	307.0	2400	3200	2000	1
100	5913	3552	2141	11157	5865	305.0	2400	3200	2000	1
100	6741	4010	2400	12635	2674	2119.0	2400	3200	2000	1
100	6738	4015	2401	12632	2649	2384.0	2400	3200	2000	1
100	6741	4010	2400	12627	2649	2392.0	2400	3200	2000	1
100	6736	4012	2400	12626	2648	2384.0	2400	3200	2000	1
100	6740	4013	2401	12630	2649	2388.0	2400	3200	2000	1
100	6738	4008	2399	12622	2649	2388.0	2400	3200	2000	1
100	6735	4014	2401	12628	2648	2382.0	2400	3200	2000	1
100	6738	4010	2400	12625	2650	2391.0	2400	3200	2000	1
100	6734	4010	2399	12620	2649	2385.0	2400	3200	2000	1
100	6737	4014	2401	12629	2649	2387.0	2400	3200	2000	1
100	6738	4008	2398	12621	2650	2391.0	2400	3200	2000	1
100	6735	4013	2401	12626	2648	2383.0	2400	3200	2000	1
100	6737	4011	2400	12624	2650	2390.0	2400	3200	2000	1
100	6735	4011	2400	12623	2649	2387.0	2400	3200	2000	1
100	6734	4013	2400	12625	2649	2387.0	2400	3200	2000	1
100	6738	4009	2399	12622	2650	2391.0	2400	3200	2000	1
100	6733	4013	2400	12623	2648	2384.0	2400	3200	2000	1
100	6738	4011	2400	12626	2650	2391.0	2400	3200	2000	1
100	6732	4010	2401	12617	2649	2386.0	2400	3200	2000	1
100	6733	4006	2397	12614	2650	2386.0	2400	3200	2000	1
100	6732	4015	2401	12626	2648	2382.0	2400	3200	2000	1
100	6733	4007	2397	12614	2650	2394.0	2400	3200	2000	1
100	6730	4012	2400	12621	2648	2384.0	2400	3200	2000	1
100	6732	4009	2398	12616	2651	2390.0	2400	3200	2000	1
100	6733	4010	2399	12620	2649	2386.0	2400	3200	2000	0
100	6205	3715	2232	11675	2649	2387.0	2400	3200	2000	0
100	328	441	386	1192	2664	2215.0	2400	3200	2000	0
100	326	438	383	1184	5874	307.0	2400	3200	2000	0
100	328	441	386	1192	5867	305.0	2400	3200	2000	0
100	326	438	383	1184	5874	307.0	2400	3200	2000	0
100	328	441	386	1192	5867	305.0	2400	3200	2000	0
999	326	438	383	1184	5874	307.0	2400	3200	2000	1
999	328	441	386	1192	5867	305.0	2400	3200	2000	1
999	3015	1441	792	5382	5874	307.0	2400	3200	2000	1
999	3271	1538	833	5786	2391	715.0	2400	3200	2000	1
999	3267	1534	830	5774	2361	755.0	2400	3200	2000	1
999	3272	1538	833	5786	2358	753.0	2400	3200	2000	1
999	3270	1537	833	5783	2360	755.0	2400	3200	2000	1
999	3267	1534	830	5775	2361	754.0	2400	3200	2000	1
999	3267	1536	832	5777	2358	753.0	2400	3200	2000	1
999	3269	1535	830	5777	2361	754.0	2400	3200	2000	1
999	3267	1536	832	5778	2358	753.0	2400	3200	2000	1
999	3266	1534	830	5773	2361	754.0	2400	3200	2000	1
999	3270	1537	833	5783	2359	753.0	2400	3200	2000	1
999	3264	1534	830	5771	2361	754.0	2400	3200	2000	1
999	3270	1537	833	5784	2359	754.0	2400	3200	2000	1
999	3266	1534	830	5774	2361	754.0	2400	3200	2000	1
999	3268	1537	832	5780	2359	753.0	2400	3200	2000	1
999	3268	1535	831	5777	2360	756.0	2400	3200	2000	1
999	3266	1535	832	5776	2359	753.0	2400	3200	2000	1
999	3268	1535	831	5778	2361	753.0	2400	3200	2000	1
999	3266	1535	832	5777	2359	753.0	2400	3200	2000	1
999	3266	1534	830	5774	2361	753.0	2400	3200	2000	1
999	3269	1536	832	5780	2359	753.0	2400	3200	2000	1
999	3264	1533	830	5771	2360	754.0	2400	3200	2000	1
999	3265	1534	830	5772	2359	752.0	2400	3200	2000	1
999	3267	1535	831	5777	2359	753.0	2400	3200	2000	1
999	3267	1535	831	5775	2360	753.0	2400	3200	2000	1
999	3265	1534	831	5772	2360	753.0	2400	3200	2000	1
999	3024	1444	794	5396	2360	752.0	2400	3200	2000	0
999	327	439	384	1186	2391	716.0	2400	3200	2000	0
999	327	439	384	1187	5865	305.0	2400	3200	2000	0
999	327	439	384	1186	5865	305.0	2400	3200	2000	0
999	327	440	384	1187	5865	305.0	2400	3200	2000	0
999	327	439	384	1186	5865	307.0	2400	3200	2000	0
999	327	440	384	1188	5865	305.0	2400	3200	2000	1
999	326	439	384	1185	5865	307.0	2400	3200	2000	1
999	3005	1439	792	5370	5878	306.0	2400	3200	2000	1
999	3265	1534	830	5772	2395	715.0	2400	3200	2000	1
999	3270	1536	832	5781	2359	753.0	2400	3200	2000	1
999	3264	1533	830	5770	2360	753.0	2400	3200	2000	1
999	3269	1536	832	5780	2359	752.0	2400	3200	2000	1
999	3266	1534	830	5773	2360	754.0	2400	3200	2000	1
999	3267	1534	830	5775	2359	753.0	2400	3200	2000	1
999	3265	1535	832	5775	2358	753.0	2400	3200	2000	1
999	3267	1534	830	5774	2361	753.0	2400	3200	2000	1
999	3267	1536	832	5779	2358	753.0	2400	3200	2000	1
999	3264	1533	830	5770	2361	754.0	2400	3200	2000	1
999	3269	1537	833	5783	2359	752.0	2400	3200	2000	1
999	3263	1533	829	5768	2361	754.0	2400	3200	2000	1
999	3269	1537	832	5781	2358	753.0	2400	3200	2000	1
999	3265	1533	830	5770	2360	755.0	2400	3200	2000	1
999	3266	1536	832	5777	2359	752.0	2400	3200	2000	1
999	3267	1534	830	5774	2361	755.0	2400	3200	2000	1
999	3265	1535	832	5775	2358	753.0	2400	3200	2000	1
999	3266	1534	830	5773	2361	753.0	2400	3200	2000	1
999	3266	1536	832	5778	2359	753.0	2400	3200	2000	1
999	3265	1533	830	5771	2361	755.0	2400	3200	2000	1
999	3268	1536	832	5780	2359	752.0	2400	3200	2000	1
999	3263	1532	829	5767	2360	754.0	2400	3200	2000	1
999	3269	1537	833	5782	2358	751.0	2400	3200	2000	1
999	3263	1536	832	5768	2361	754.0	2400	3200	2000	1
999	3265	1534	830	5772	2362	756.0	2400	3200	2000	1
999	2909	1403	778	5221	2359	753.0	2400	3200	2000	0
999	326	438	383	1185	2409	700.0	2400	3200	2000	0
999	328	441	386	1192	5867	305.0	2400	3200	2000	0
999	326	439	383	1185	5874	307.0	2400	3200	2000	0
999	328	441	385	1191	5867	306.0	2400	3200	2000	0
999	326	439	383	1185	5863	307.0	2400	3200	2000	0
999	328	441	385	1191	5867	306.0	2400	3200	2000	0
999	327	439	384	1186	5863	307.0	2400	3200	2000	1
999	2829	1374	766	5097	5865	305.0	2400	3200	2000	1
999	3265	1534	830	5773	2422	689.0	2400	3200	2000	1
999	3267	1536	832	5778	2359	753.0	2400	3200	2000	1
999	3268	1536	831	5777	2361	754.0	2400	3200	2000	1
999	3264	1536	832	5775	2359	755.0	2400	3200	2000	1
999	3268	1536	832	5778	2362	755.0	2400	3200	2000	1
999	3266	1537	832	5779	2360	754.0	2400	3200	2000	1
999	3266	1536	832	5776	2361	756.0	2400	3200	2000	1
999	3268	1537	833	5782	2361	755.0	2400	3200	2000	1
999	3268	1537	833	5782	2362	755.0	2400	3200	2000	1
999	3266	1536	832	5777	2362	755.0	2400	3200	2000	1
999	3266	1536	832	5777	2361	755.0	2400	3200	2000	1
999	3268	1537	832	5780	2361	755.0	2400	3200	2000	1
999	3263	1535	831	5772	2360	756.0	2400	3200	2000	1
999	3267	1536	832	5779	2361	755.0	2400	3200	2000	1
999	3265	1535	831	5774	2361	754.0	2400	3200	2000	1
999	3265	1535	831	5775	2360	754.0	2400	3200	2000	1
999	3267	1535	831	5776	2360	754.0	2400	3200	2000	1
999	3263	1534	831	5772	2360	753.0	2400	3200	2000	1
999	3266	1535	831	5774	2361	753.0	2400	3200	2000	1
999	3265	1535	832	5776	2360	754.0	2400	3200	2000	1
999	3264	1534	830	5771	2361	753.0	2400	3200	2000	1
999	3268	1536	832	5779	2359	754.0	2400	3200	2000	1
999	3262	1533	830	5767	2360	754.0	2400	3200	2000	1
999	3268	1537	832	5780	2360	753.0	2400	3200	2000	1
999	3264	1534	830	5770	2360	756.0	2400	3200	2000	1
999	3265	1536	832	5776	2359	754.0	2400	3200	2000	0
999	328	442	386	1193	2361	755.0	2400	3200	2000	0
999	326	439	384	1186	5874	308.0	2400	3200	2000	0
999	328	442	386	1193	5878	306.0	2400	3200	2000	0
999	326	439	384	1186	5874	308.0	2400	3200	2000	0
999	329	442	386	1194	5878	306.0	2400	3200	2000	0
999	327	439	384	1186	5861	308.0	2400	3200	2000	0
